passage,label
the complextype sugar chains bearing bisecting beta 14 nacetylglucosamine which bound to phae increased in the early stage of cervical cancer and tri and tetraantennary complex type sugar chains also increased in the advanced stages,0
robenidine treatment of rabbits naturally infected with coccidia,0
the inhibition of nuclear dna replication in the lower eukaryote chlamydomonas reinhardi strain 21gr was examined after growth of cells with a series of antibiotics streptomycin neamine spectinomycin cleocin chloramphenicol and rifampicin each of which has a known effect upon chloroplast rna or protein synthesis in this organism,0
this prolinerich region was shown to possess strong homology to the product of the prgc gene from pcf10 in enterococcus faecalis which encodes a pheromoneresponsive protein of unknown function as well as homology to the human prolinerich salivary protein prp4,0
antibodies against 15s15methyl prostaglandin f2alpha 15mf were produced in rabbits immunized with a 15mf bovine serum albumin conjugate,0
membrane localization of protein s100 in grape snail helix pomatia neurons and glia in vitro,0
color agglutination test wellcolex for rapid group identification of salmonella and shigella species was evaluated,0
expression of somatostatin and gaba immunoreactivity in cultures of rat hippocampus,0
the majority of the adult filariae was obtained from the testes 489 of b malayi and 532 of b pahangi from the heartlungsystem 261 and 456 and additional in b malayi from the tail 193,0
two groups of lambs were fed either a codeficient or a cosufficient whole barleybased diet for 28 wk to induce a severe covitamin b12 deficiency,0
a quantitative comparison of immunoradiographic response showed that bovine kidney alr2 was about sevenfold more reactive with a alphabkalr2 compared to the human muscle enzyme,0
an in vitro organ culture system was established to support growth of corpora allata from the cockroach diploptera punctata,0
as far as banked dog blood develops less microaggregates during storage than human blood the sem pictures reported are a plea for banked blood microfiltration in any transfusion to human beings,0
dexamethasone and antibody therapy produced a marked attenuation of all indices of meningeal inflammation and reduction of brain water accumulation after h influenzaeinduced meningitis in rabbits compared with results of each agent given alone and of untreated animals,0
it is concluded that use of the same preparation of good quality is mandatory for human sperm penetration tests using zonafree hamster eggs to evaluate the results with reproducibility and accuracy,0
we have used tightseal wholecell recording techniques to study the peptides effects on the electrical properties of tumor pituitary cells derived from rat gh3b6 and human adenomas that secrete human prl in a srifsensitive manner,0
we collected tears from normal and vitamin a deficient rabbits and from humans and analyzed them by high pressure liquid chromatography,0
endocrine characterization of a human ovarian carcinoma bg1 established in nude mice,0
human peripheral blood lymphocytes were irradiated for 24 h in vitro with plutonium239 citrate,0
dermatophytes and other keratinophilic fungi recovered from small mammals in india,0
however the responses of patients with hendersonula and scytalidium infections as well as those with subcutaneous mycoses such as eumycetoma were disappointing,0
lithium inhibits human sperm motility in vitro in concentrations comparable with those reported to be achieved in semen after oral administration,0
three transgenic mice lines secreted kappa light chains encoded by the foreign rabbit gene,0
effect of pseudomonas aeruginosa on interleukin8 release from human phagocytes,0
synthesis of type i and type iii collagen by rabbit and human lung cells in culture,0
the electrophoretic profile of s sonnei lps considerably differs from the profiles of escherichia coli and s flexneri lps but coincides with the lps profiles of other strains with different virulence,0
susceptibility of different species of lymnaea snails to miracidia of fasciola gigantica and f hepatica in iran,0
surprisingly the archaebacterial protein shares a larger number of identical amino acid residues with homologous polypeptides from higher eukaryotes than with those from unicellular eukaryotes and eubacteria,0
two species of mosquitoes mansonia dyari and orthopodomyia alba are reported for the first time in south carolina,0
field trials of bacillus thuringiensis h14 and bacillus sphaericus strain 2362 formulations against anopheles arabiensis in the central highlands of madagascar,0
implementation of picture archiving communication systems pacs at ucla began with the evaluation of the systems in pediatric radiology one of the 11 sections of the department and the coronary care unit one of the 14 icus in the hospital,0
1 isolated blastomeres and pairs of blastomeres from 8cell embryos of halocynthia roretzi and halocynthia aurantium were cleavagearrested with cytochalasin b and cultured,0
the effects of ginsenosides rg1 and rb1 of panax ginseng on mitosis in the onion root tip cells as well as on the rate of dna synthesis in onion seedlings were studied,0
actions of bovine skin washings and sera on the motile zoospores of dermatophilus congolensis,0
nerve endings dotlike rattus and bulblike suncus were occasionally recorded,0
an infective dose experiment using 5 x 101 to 5 x 105 viable g lamblia cysts collected by fluorescenceactivated cell sorting demonstrated that doses of between less than 50 and less than 500 viable cysts were required to produce infection in beavers,0
polyclonal antisera raised to purified betagalactosidase fusion proteins from two of the most highly reactive clones identified a protein of mr 70000 in all stages examined microfilariae l3 and adults of both b malayi and brugia pahangi,0
it has been determined that the thromboplastic agents from the inflorescence of the birch betula pendula roth blossoms of the willow salix daphnoides vill seeds of the pea pisum sativum l provoke protective reaction of the animals anticoagulation system though weaker expressed than the reaction of thromboplastin from brain,0
cloning of the hsp70 dnak genes from rhizobium meliloti and pseudomonas cepacia phylogenetic analyses of mitochondrial origin based on a highly conserved protein sequence,0
human serum sensitivities of trypanozoon isolates from naturally infected hosts in the luangwa valley zambia,0
a study was conducted in ten human volunteers to determine if activated charcoal prevents the emetic effect of syrup of ipecac when a temporal separation exists between administration of the two substances,0
dietary requirements for amino acids and fatty acids have been reported for channel catfish ictalurus punctatus salmonids oncorhynchus spp common carp cyprinus carpio tilapias oreochromis spp and eel anguilla japonicus,0
to evaluate the commonly available tests for detection of campylobacter pylori infection in the human stomach we prospectively performed endoscopy and biopsy from the antrum of the stomach in 121 consecutive patients,0
method a published double blind randomized controlled trial in which intralipid kabi vitrum toronto ontario was used as a control versus trophoblast membrane vesicles was reviewed,0
to elucidate a rational treatment of the breast cancer in the dormant stage we have developed a new treatment model using human breast carcinoma xenografts mcf7 r27 and br10 in nude mice,0
the indices range from 178 in saimiri to 048 in gorilla and the distributions by families overlap partially or completely,0
according to previous investigations ricin the toxic protein of castor oil seeds ricinus communis euphorbiaceae given in subtoxic dose evokes a parathyroid lesion with a consecutive parathormone mobilization in the rat,0
it is conceivable therefore that the sfo plays an important role in elicitation of drinking by aii in birds as suggested in mammals,0
the standard curves for bovine lpl and human adipose lpl were parallel and lpl activity correlated strongly with lpl immunoreactive mass,0
the mechanism of renal excretion of fk027 a new oral cephalosporin was investigated in dogs and rabbits,0
the use of endosseous implants as intraoral anchorage to facilitate orthodontic treatment has been reported in the literature for some years first in rabbits and dogs and then in adult human patients,0
mpb 64 was shown to induce strong delayed type hypersensitivity dth reactions in outbred guinea pigs immunized with m tuberculosis and m bovis bacille calmetteguérin bcg,0
the effect of ph on the growth and proteolytic activity of the type strain and fresh isolates of porphyromonas gingivalis and bacteroides intermedius was investigated,0
a reduced responsiveness was also found in cat h2 with partial hydrocephalus but not in the other partial hydrocephalic cats,0
some studies on sporulation and cellwall composition of chainia ochracea kuznetsov of the order actinomycetales,0
the antitumor and antimetastatic activities of the watersoluble peptidoglycan monomer glnnacmurnaclaladisoglnmesodiamminopimelic acid omeganh2daladala pgm which has immunostimulant effects have been evaluated in cba mice bearing mca mammary carcinoma,0
a total of 640 s pneumoniae isolates from different clinical samples obtained from patients not including carriers over a 10 years period were studied,0
gband patterns of the bharal pseudois nayaur 2n  54 were compared with those of wild sheep ovis dalli stonei 2n  54 and the persian wild goat capra hircus 2n  60,0
the behaviour of the enzyme from candida utilis and from bakers yeast on columns of these and of blue sepharose cl6b was examined together with the behaviour of the contaminating enzyme ribulose 5phosphate 3epimerase ec 5131,0
in crayfish muscle fibers studied with intracellular microelectrodes the proteinbinding agent picrate 246trinitrophenolate 1052 x 104 m was found to have a specific and dosedependent inhibitory effect on the chloride conductance activated by bathapplied gammaaminobutyric acid gaba,0
mycoplasma virus type 2 was shown to adsorb specifically to intact cells membranes and lipoglycan of acholeplasma laidlawii strain ja1 but not to these components of acholeplasma oculi,0
on two species of eumegacetes trematoda lecithodendriidae from the common myna acridotheres tristis linaeus in india with a note on the systematic position of the genus,0
levels in reindeer moss cladonia spp were significantly p less than 001 lower in species that formed deep entangled tufts with abundant slender branches,0
clinical isolates of haemophilus spp pathogenic neisseria spp and branhamella catarrhalis were inhibited by less than or equal to 025 microgramsml of ro 236240,0
cytologic and bacteriologic responses and changes in cytokine activity were evaluated in secretions of staphylococcus aureusinfected mammary glands after treatment of heifers with recombinant bovine interferon gamma rbifn gamma or interleukin 2 rbil2,0
the search for sesquiterpene lactones in the species of genera ursinia venidium and arctotis,0
second stage larvae of onchocerca lienalis and o gutturosa were induced to moult successfully to the third stage in vitro,0
immunostained serial sections and crossabsorption experiments with related peptides including avian and bovine pancreatic polypeptide and peptide tyrosine tyrosine excluded any crossreactivity,0
the purified protein agglutinated rabbit erythrocytes and rebound to melibiose but did not bind to murine nor human laminin,0
the specificity of the antibodies was confirmed by the lack of cross reactivity between samples with high titres to neospora and toxoplasma antigen in a direct agglutination test and by the absence of reactivity at  or  1640 in the ifat of convalescent sera from cattle infected experimentally with toxoplasma gondii sarcocystis cruzi eimeria bovis e alabamensis cryptosporidium parvum and babesia divergens,0
a possible association of borrelia burgdorferi with localized scleroderma is currently the focus of intense research and discussion,0
the heparin treatment of these systems effected following changes in their response towards irradiation with co60 gammarays a more sensitization of e coli br in hypoxic than in oxic condition b no significant modification for ha cells in oxic condition but their sensitization under hypoxia c larger recovery of anodic electrophoretic mobility of irradiated ha cells d increased life span and smaller reduction in the splenic and thymus weights of irradiated swiss mice,0
scarce immunoreactive terminals in asymmetric synaptic contact with unlabelled dendritic profiles were also detected in portions of sn compacta with no chatpositive cells,0
one group would be formed by the bacillus neisseria and lactobacillus enzymes and the other by enzymes such as the aeromonas pap,0
high leucine absorbing chickens were found to be more effective in absorbing lysine and glycine were more effectively stimulated by na had greater erythrocyte na katpase activity and their erythrocytes contained about 20 less na than low line erythrocytes,0
binding of bacteria from the genus brucella to human b lymphocytes,0
cell mediated immunofunction as expressed by total lymphocyte count b and t cell count in vitro blastogenic response to unspecific mitogens phytohaemagglutinin and poke weed mitogen and microbial antigens candida albicans purified protein derivative staphylococcus aureus and escherichia coli was assessed in 8 otherwise normal patients undergoing elective uncomplicated gastric surgery,0
membrane glycoproteins of human polymorphonuclear leukocytes that act as receptors for mannosespecific escherichia coli,0
the analytical model is based on the published data of shingai and christensen describing steadystate iv characteristics of horizontal cells isolated from catfish ictalurus punctatus retina,0
however a distinctive alkaline phosphatase resembling it occurs in substantial amounts in lungs from old world monkeys but not new world monkeys,0
there was a significant p less than 001 difference in possession of t gondii antibodies between adult greater than or equal to 1 year of age tasmanian pademelons and bennetts wallabies,0
leaf material from both rape and arabidopsis have an enoyl reductase with a similar electrophoretic mobility to the rape seed enzyme when analyzed on sdspage,0
possibly the arginine codon agg was replaced by the lysine codon aag in the g gammagene of a common ancestor of homo and gorilla and then was transferred to the a gammagene by subsequent conversions in the human lineage,0
the response waveform of rabbit horizontal cells to diffuse white light stimulation was correlated with their anatomy by intracellular injection of horseradish peroxidase,0
complete amino acid sequences for four mammalian muscle actins are reported bovine skeletal muscle actin bovine cardiac actin the major component of bovine aorta actin and rabbit slow skeletal muscle actin,0
potential for rat plague from nonencapsulated variants of the plague bacillus yersinia pestis,0
we examined the effect of posttreatment formation of bifunctional lesions on dna synthesis by escherichia coli dna polymerase i and highly purified eukaryotic dna polymerase alpha from drosophila melanogaster and calf thymus,0
the sequences of salmonella typhimurium and klebsiella aerogenes were remarkably similar to that of e coli and identical in that part of the leader region that specified the putative 32aminoacid peptide,0
infection and transformation of cells of the bovine immune system by theileria annulata and t parva were compared,0
effects of the zona pellucida agar embedding and culture on the survival of micromanipulated bovine embryos after freezing and thawing,0
therefore the histamine content of commercial johnson grass allergen did not appear to cause falsepositive skin test results for this group of johnson grass allergic dogs,0
transferrin tf acidification has been shown to be limited to ph 6 in murine balbc 3t3 fibroblasts human a549 epidermoid carcinoma cells and chinese hamster ovary cells and is followed by alkalinization during recycling,0
the complete amino acid sequence of notexin a presynaptic neurotoxin from the venom of notechis scutatus scutatus australian tiger snake has been elucidated,0
ganja marijuana,0
these studies indicated that clearance behavior was more complex than observed with avian or human homologues since it involved not only specific receptors for the complex but also carbohydrate recognition,0
in 19 cases gramnegative enteric bacteria were the etiologic agents most commonly members of the klebsiellaenterobacterserratia group,0
comparative studies on the role of anopheles anthropophagus and anopheles sinensis in malaria transmission in china,0
the parents had zetaalpha thalassemia 1 and nondeletion alpha thalassemia respectively and a previous hydrops was missed using the conventional method of gene detection,0
among the collection of 63 strains representing the different species and genera of members of the family rhizobiaceae homology to isrl2 was found within strains belonging to sinorhizobium meliloti and s fredii within four of the six recognized rhizobium species,0
isolation of campylobacter from livers of broiler chickens with and without necrotic hepatitis lesions,0
permanent transplantable human tumors in nude mice offer the possibility of studying the impact of different endocrine treatment regimens on human cancer tissue,0
no hydrolysis of wheatstraw beta14xylan lupinus albus beta14galactan pneumococcal type iii polysaccharide chitin hyaluronic acid laminarin pachydextrins carboxymethylpachyman or beta13oligoglucosides was detected,0
the mortality for meningitis due to staphylococcus aureus or listeria monocytogenes remains high ranging from 32 to 77,0
rotating seals offer sites of thrombus formation and infection,0
pulmonary paragonimiasis in dogs and cats a review,0
intraperitoneal injection of 50 mgkg of plumbago extract pe for 10 days starting from 24 hr after intradermal inoculation of s180 cells in balbc mice produced about 16 complete response cr,0
we used established mac values for rats dogs and humans for all but sevoflurane and desflurane for which we determined mac in rats to be 280  024 mean  standard deviation and 771  065 respectively,0
the induction by xrays of double mosaics involving the ychromosome supporting first cleavage segregation in drosophila melanogaster,0
clostridium novyi alphatoxin and c difficile toxins a and b all 200 to 300 kda and c botulinum c2i toxin 50 kda caused a delayed and persistent retraction and rounding of microinjected cells,0
monoinfections confirmed in 40 patients were caused in majority of cases by pyogenic staphylococci 29 cases and rarely by gramnegative bacteria klebsiella escherichia proteus and pseudomonas 11 cases,0
the transgenic plants cp showed significant delays in systemic disease development after inoculation with tomato mosaic virus or tobacco mild green mosaic virus compared to the control cp plants but showed no resistance against infection by ribgrass mosaic virus,0
structure and histochemistry of the epidermis in the red piranha serrasalmus nattereri kner 1860 characidae teleostei,0
we have developed an in vitro assay to study the intramacrophage replication of mycobacterium tuberculosis or mycobacterium bovis bcg,0
a comparison of the physical maps of these plasmids revealed little similarity among them although plasmids encoding type 1 fimbriae of escherichia coli and klebsiella pneumoniae appeared similar with respect to restriction enzyme sites,0
this was followed by infusion of either of three test meals extract of raw soybeans rs a low inhibitor soy protein isolate spi or bovine serum albumin bsa 10 gh for 60 min,0
smallsubunit ribosomal dna sequences were determined for 17 strains belonging to the genera alteromonas shewanella vibrio and pseudomonas and these sequences were analyzed by phylogenetic methods,0
of the isolates 41 102 were identified as vibrio cholerae 33 82 as v fluvialis and 118 294 as motile aeromonas species,0
a monoclonal antibody generated against synthetic peptides patterned on amino acids 542555 of human band 3 designated 1f4 specifically immunostained plasmodium falciparuminfected erythrocytes and inhibited the cytoadherence of p falciparuminfected erythrocytes to c32 amelanotic melanoma cells,0
dogs and guinea pigs were fed with chloditan in doses of 50 and 150 mgkg body weight respectively for 20 days,0
experimental models to represent the surgical methods of bladder transection in humans were performed on dogs and rabbits,0
thonningia sanguinea used prophylactically against bronchial asthma is antianaphylactic and antiasthmatic in guinea pigs when given orally,0
antigen was prepared from plasmodium brasilianum harvested from an infected spider monkey,0
recent studies have shown that thymosin fraction 5 tf5 enhances production of interleukin2 il2 by phytohemagglutinin phastimulated normal human peripheral blood mononuclear leukocytes pbl,0
the uptake of horseradish peroxidase tracer injected into the uterine lumen of the cow was studied during the period of conceptus attachment days 1821 day 0  oestrus and also in cyclic animals,0
the gene encoding a betagalactosidase from enterobacter cloacae gao was cloned and expressed in escherichia coli,0
mice raised on the maizebased glutenfree diet responded well to parenteral immunization with each of six glutenderived protein preparations whole gliadin two omegagliadin fractions wheat saltsoluble proteins a peptictryptic digest and a subtilisin digest of gluten as serum antibody levels increased at least 300fold in each case,0
we used magnetic resonance spectroscopy to examine endophthalmitis in rabbits inoculated with a virulent strain of streptococcus pneumoniae,0
giardia lamblia was detected in 12 of patients rotavirus in 8 and cryptosporidium and entamoeba histolytica each in 5,0
ii drosophila melanogaster and drosophila simulans,0
human enteric infection with yersinia enterocolitica or yersinia pseudotuberculosis may masquerade clinically as acute appendicitis but it is unusual for the appendix to be histologically inflamed,0
the evidence for a causal association between h pylori and peptic ulcer disease stems primarily from the observation that eradication therapy with bismuth and various antibiotics may produce normalization of gastritis and possible cure of ulcer disease,0
findings indicate that current and future exposurerelated databases should include 1 standardized procedures for the collection storage analysis and reporting of data 2 an enhanced ability to compare data over time ie conduct comparison studies of old and new methods 3 mechanisms for coordination and cooperation among public and privatesector organizations with respect to the design maintenance exchange and review of information systems 4 measurements of actual exposures and dose for relevant human populations and 5 data collection storage and retrieval methods that permit easy manipulation of information for both model building and testing,0
pure cultures of campylobacter fetus subspecies jejuni of bovine origin were used to inoculate three ruminating calves in each of two experiments and three milkfed calves in another,0
active u maydis kp6 toxin was secreted from s cerevisiae transformants expressing the kp6 preprotoxin,0
i pathogenesis and pathology in pigs horses bulls turkeys and broilers with comparative aspects on osteochondritis dissecans in man,0
modification of the environment to reduce social pressure was successful in preventing nervousness and hysteria eg adding nests and perches to community cages and moving flocks to less crowded housing,0
for this reason these avian species were used to assess those changes in the distribution and catabolism of human asialotransferrin which takes place in the absence of the asialoglycoprotein receptor of the liver,0
the erythrocytes employed were fresh human red blood cell rbc fresh sheep rbc srbc and tanned srbc coated with bovine albumin or with bovine gammaglobulin,0
changes in threshold latency and amplitude of the auditory middle latency response mlr with anesthesia and neuromuscular paralysis were studied in guinea pigs,0
we have used a monoclonal antibody to human ngfr to study cellsurface expression of the receptor on a panel of mousehuman neuroblastoma hybrids and the serological typing results permit assignment of the gene coding for ngfr ngfr to chromosome 17q21qter,0
whereas the ceftriaxonenetilmicin combination showed a higher rate of synergy against pseudomonas aeruginosa the rate of synergy against enterobacteriaceae was the same for the two combinations,0
lungs were perfused for 3 min with oxygen equilibrated buffer with or without 60 min prior warm anoxia induced by initial perfusion with argon sparged buffer,0
letter lithium in huntingtons chorea,0
dogs with polycythemia vera pv n  8 had a median serum epo concentration in the normal range 17 muml cats with pv n  7 also had a median serum epo concentration that was within the normal range 10 muml,0
the immune response to streptococcus mutans antigen tgal bovine insulin bi and pork insulin pi in the rat was studied by the double antibody method andor the in vitro antigeninduced lymphocyte proliferation assay,0
various epithets used to describe this illness include gi trots aden gut barsa belly turkey trot delhi belly hongkong dog montezumas revenge gyppsy tummy and turista,0
aspergillus species are ubiquitous fungi and have been implicated as the causative agents of a variety of lung disorders in humans,0
occurrences of antibodies against streptococcus pneumoniae haemophilus influenzae and branhamella catarrhalis in middle ear effusion and serum during the course of acute otitis media,0
our results suggest that the specialized role of gata1 in erythroid gene expression was derived after separation of the nematodes and the line that led to the vertebrates since c elegans lacks an erythroid lineage,0
the strains produced a unique rosepink pigment and were nonpathogenic for mice guinea pigs and rabbits but they provoked a nonspecific hypersensitivity reaction to bovine tuberculin in guinea pigs and cattle,0
the 22 kd gene restriction fragment length polymorphisms rflp observed in pcr amplicands from five rickettsial isolates obtained from the infected chigger colony over a 26yr period were identical to those of pcr amplicands derived directly from infected chiggers taken from the same colony,0
spontaneous cancers in praomys mastomys natalesnis,0
patterns of cell heredity in vertebrates and possibility of its alteration i e artificial tissue metaplasia are considered,0
since the interrenal of the frog is the homolog of mammalian adrenal zona glomerulosa the effect of synthetic srif on perifused dice of rana ridibunda was tested,0
transgenic mice that express human metallothioneiniii hmtiii were generated,0
studies of phytophthora citricola isolated from persea americana,0
1 defined jejunal segments were perfused with solutions of bile salts and of ricinoleic acid during fasting and after feeding in two groups of conscious dogs one with the segment in continuity and the other with a thirtyvella loop,0
under aerobic conditions both alphahemolytic streptococcus mitis and hemolytic bacillus cereus formed co from all of the heme compounds tested whereas nonhemolytic streptococcus mitis did not evolve co from any of the substrates,0
the vana gene was also detected in the e raffinosus isolate for which the vm mic was 16 microgramsml and the tei mic was 1 microgramml,0
an immunogenic mr 23000 integral membrane protein of schistosoma mansoni worms that closely resembles a human tumorassociated antigen,0
carp vldl and ldl but not hdl nor its major apolipoprotein complexed to lalphaphosphatidylcholine dimyristoyl apoaidmpc competed with the specific binding of human ldl to this receptor,0
lithium chloride was administered orally to swine and two different types of sheep hk and lk,0
the ratio of substrates and products mass action ratio for the reaction catalyzed by the enzyme pyruvate kinase is measured under the constraint of constant reaction rate for pyruvate kinase ec 27140 from brewers yeast and escherichia coli,0
adult males of melanoplus sanguinipes fabricius the migratory grasshopper were starved for 18 h and were placed one per arena into arenas containing treated glassfibre discs,0
in this study we characterize from saccharomyces cerevisiae 1 a protein that has immunological similarities to human chorionic gonadotropin hcg and 2 a binding site for this hcglike protein which also binds hcg and human luteinizing hormone hlh,0
the decrease in thermostability of chromatin from hl60 cells after dmso treatment is similar to the shift in thermostability of chromatin from human lymphocytes after stimulation with phytohemagglutinin pha,0
nematodes have been considered the chief paradigm for determinate and cellautonomous development but recent experiments on the early development of caenorhabditis elegans suggest that most blastomeres of this nematode are in fact determined by interactions,0
the types of distribution of keratin in cells of lesions were classified into five categories 1 regional as found in normal squamous epithelia and benign hyperkeratinized lesions and papilloma and keratinized squamous cell carcinoma 2 total as seen in intensely keratinized lesions such as verruca vulgaris and highly keratinized squamous cell carcinoma 3 negative as displayed by basal cell carcinoma 4 scattered as in the most poorly differentiated squamous cell carcinomas and 5 mixed cellular as found in both poorly and moderately differentiated squamous cell carcinomas,0
a method of rocket immunoelectrophoresis based on the use of avian antiglobulin antibodies is described which permits the quantitation of igg and igm in human serum,0
isolation of leishmania braziliensis from lutzomyia ovallesi dipterapsychodidae in guatemala,0
the lysa gene specifying an endolysin of lactobacillus delbrueckii subsp bulgaricus bacteriophage mv1 was cloned and expressed in escherichia coli,0
water extract of fc fll bft shell of water chestnut with a pedicle chinese chives juice and solution of 5fluorouracil and tannic acid could intracellularly inhibit sos responses induced by mmc in e coli pq35 and acetone extract of grifola frondosa gf could extracellularly inhibit sos responses in e coli pq37 and intracellularly in pq35 induced by 4nqo or mmc,0
immunopathogenesis of virus diseases of cats and dogs,0
fruit vegetables and fruit and vegetable product were artificially infected with penicillium expansum p urticae and byssochlamys nivea patulin was subsequently found in peaches apricots greengages bananas strawberries honeydew melons tomatoes red and green paprika cucumbers and carrots in several kinds of compot in tomato juice and tomato pulp but not in ketchup,0
campylobacter fetus subspecies jejuni was isolated from all hamsters showing clinical signs of proliferative ileitis,0
glycoproteins were isolated from the particulate fraction of four nasal polyps and three nasal papillomas by affinity chromatography on lectins conjugated with agarose concanavalin a con a wheat germ agglutinin wga ricinus communis agglutinin rca peanut agglutinin pna and dolichos biflorus agglutinin dba,0
outcome of surgery for laryngeal paralysis in four cats,0
infant rabbits were used as a model to study the diarrhogenicity of verocytotoxinproducing escherichia coli vtec isolated from bovine,0
seven species of the willistoni group of drosophila were comparatively analysed for their response to heat shock and anoxia both at the transcriptional induced puff and translational induced protein levels,0
oxygen uptake and dehydrogenase activity are studied with lac kcpminus hybrids of shigella flexneri being avirulent to the eyes of guinea pigs because of having lost ability for penetration in epithelial cells,0
ketoconazole an oral antifungal agent was used prophylactically in guinea pigs to see if this would prevent candida sepsis,0
biting rhythm of the vectors of malayan filariasis mansonia annulifera m uniformis  m indiana in shertallai kerala state india,0
the cellular immune response to toxoplasma gondii has been studied in 23 patients with acute toxoplasma infection,0
pulmonary histologic abnormalities resolve despite continuing intratracheal injections of micropolyspora faeni in a rabbit model of hypersensitivity pneumonitis,0
the absorption disposition and excretion of  3isobutyl5methyl 14dihydro26dimethyl42nitrophenylpyridine35dicarboxylate nisoldipine bay k 5552 have been studied following a single administration of the 14clabelled compound to rats dogs monkey and swine via different routes intravenous oral intraduodenal in the dose range of 00510 mgkg1,0
the high level of infection by nematodes in the communal land cattle was thought to be due to overstocking overgrazing and poor pasture quality,0
the occurrence of setaria in reindeer,0
this paper describes acetylcholinesterase ache activity in the dorsal thalamus of several rodents including rat mouse gerbil hamster and guinea pig,0
a new species of enterobacteria found in medical bacteriology enterobacter agglomerans exerwinia herbicola,0
inhibition of growth of ls174t human colon cancer xenografts in athymic nude mice due to 131ilabeled moab 171a treatment was compared to inhibition due to different single doses of 60co external radiation,0
electrical field stimulation of musclestripped segments of guinea pig distal colonic mucosa set up in ussing flux chambers evoked an increase in shortcircuit current isc of 371  31 microacm2,0
this evidence suggests that r tsutsugamushi should be excluded taxonomically from the genus rickettsia,0
the authors recall the pathogenic role of this yeastlike fungus closely related to candida albicans which mainly causes severe opportunistic infections,0
antigenic polypeptide fragments of a receptor related to the fab fragment of human immunoglobulin from thymusderived lymphocytes,0
because of their ability to display yeastlike growth forms in various environmental conditions dematiaceous melanized hyphomycetes of the formgenera exophiala rhinocladiella and wangiella have been informally termed black yeasts,0
the cdna clone of restrictocin was placed under the control of the glucoamylase promoter from aspergillus awamori and was transformed into aspergillus nidulans and aspergillus niger,0
thus an enzyme with a high degree of homology to rodent inos is inducible by stimulation of bovine macrophages with bacteria but induction and regulation by cytokines occur under more restricted conditions than in rodent macrophages,0
hplc analysis of beet pulp hydrolyzate showed that hexoses especially glucose serve as the most suitable sugars with regard to s cerevisiae activity,0
cat fleas however are also a growing allergen problem for humans,0
the specificity of this quantitation method for human dna will be useful for the analysis of samples that may also contain bacterial or other nonhuman dna for example forensic evidence samples ancient dna samples or clinical samples,0
data generated through 17 clinical cases indicated that the minimum inhibitory concentration for tylosin in pasteurella spp tested was about 625 mcsml and for hemolytic staphylococcus spp tested greater than or equal to 04 mugml,0
on the basis of their properties human gastric cancers were classified into four types a intestinal type b gastric type c intestinal plus gastric type and d unclassified type showing no gastric or intestinaltype properties,0
peptide 600611 which reportedly reacts with nearly all sera from hivinfected humans was reactive with less than onehalf of sera from hiv1infected chimpanzees,0
antibodies to heatlabile escherichia coli enterotoxins in human milk and sera,0
of the three routes of infection used guinea pigs were most susceptible to listeria injected via the intracardial route,0
we studied the efficacy of a single topical administration of tobramycin incorporated in large multivesicular liposomes and enmeshed in a fibrin sealant on rabbit corneas infected with pseudomonas aeruginosa,0
characteristics of the dna of astasia longa and euglena gracilis phytoflagellates,0
analogs 16 of diaminopimelic acid have been synthesized and tested for inhibition of mesodiaminopimelate decarboxylases from bacillus sphaericus ifo 3525 and from wheat germ triticum vulgaris,0
it is based on the release of histamine from isolated mast cells of actively sensitized guinea pigs outbred animals receive one sc,0
the control of bovine tuberculosis remains a significant problem in the united kingdom especially in the south west of england where the rising prevalence of the disease is attributed to a reservoir of mycobacterium bovis infection in badgers,0
lectins have been used to investigate species specific differences in carbohydrate moieties on the surface of the infective larvae of two onchocerca species following their development in simulium ornatum,0
these viruses designated ambe ixcanal mariquita armero and durania were isolated from sand flies diptera psychodidae collected in brazil colombia and guatemala,0
some studies of l3hnicotine binding to rodent and human brain tissue have detected two binding sites as evidenced by nonlinear scatchard plots,0
ginsengrhizome is the rhizome of panax ginseng and popularly named shenlu,0
on gel filtration of extracts of the guinea pig rabbit and dog thyroids the major peak of sli 16 k sli coeluted with synthetic srif14 s14,0
these findings suggested that a the region 1170 of oa seemed not to encompass continuous epitopes b the antigenicity of this region was convincing for peptides 3446 and 4755 c the allergenicity though dependent on the patient serum used was distributed over the whole of region 1170 d peptide 1119 although weak antigenically was capable of specific ige inhibition e human and rabbit polyclonal antibodies did not show analogous affinities to the present peptides,0
since the a deltamuhbearing cytoplasmic membrane of cyanobacteria and the inner mitochondrial membrane and b deltamunabearing outer animal cell membrane were found to be competent in such an effect one may assume that the power transmission is a fundamental function of extended membrane systems,0
furthermore a rabbit antiserum directed against the mast cell activating nterminal part of sp was capable of impeding sebinduced skin reactions totally,0
presentation of documents concerning the thinking activities and accomplishments of wanda de aguiar horta,0
micronuclei were studied in mussels mytilus edulis and sister chromatid exchange in fish nothobranchius rachowi,0
induction of sensitivity to ganciclovir in human hepatocellular carcinoma cells by adenovirusmediated gene transfer of herpes simplex virus thymidine kinase,0
functional and evolutionary implications of a 3fe4s cluster of the diclustertype ferredoxin from the thermoacidophilic archaeon sulfolobus sp strain 7,0
a direct connection between visual wulst and tectum opticum in the pigeon columba livia demonstrated by horseradish peroxidase,0
occurrence of hymenolepis citelli mcleod 1933 in the rodent genus dipodomys gray 1841,0
in all three muscles the density of varicosities is higher in the rat than in the hamster and guinea pig,0
an association was found between sensitivity to compositae pollen and sensitivity to several fruits and vegetables compositae fagaceae brassica betulaceae and leguminoseae,0
a highmolecularweight form of ctype natriuretic peptide cnp was isolated from both cardiac atria and ventricles of european dogfish scyliorhinus canicula and its primary structure was determined,0
efficacy of two older anthelmintics levamisole and thiabendazole was compared with a newer benzimidazole fenbendazole against naturally acquired gastrointestinal nematode infections in cattle superimposed with experimental infections of bunostomum phlebotomum and dictyocaulus viviparus,0
responses to gaba glycine and betaalanine induced in xenopus oocytes by messenger rna from chick and rat brain,0
identification by starch gel electrophoresis of the species of lizards lacerta muralis laurenti 1768 and lacerta hispanica steindachner 1870 in the sympatric populations of spain and languedocroussillon,0
chocolatesupplemented sheep bloodmha chocmha was compared with haemophilus test medium htm wca with added nad and thya with added hematin and nad against haemophilus influenzae strains atcc 35056 and atcc 49247,0
human alcohol dehydrogenase adh1 adh2 and adh3 loci in a mixed population of bahia brazil,0
in addition xenotransplants into nude mice from a long passaged cell line from a human pharyngeal squamous cell carcinoma fadu was investigated,0
twentytwo gentamicinresistant urinary isolates of escherichia coli and five gentamicinresistant urinary isolates of klebsiella pneumoniae from a dublin hospital were examined for resistance to the veterinary aminoglycoside antibiotic apramycin,0
pure rat chicken and kidney bean ribosomal proteins are immunogenic in the rabbit as tested by the ouchterlony double diffusion technique,0
the parasitic yeastlike cells of the fungus were seen in pus and tissue sections and blastomyces dermatitidis cultured from pathological specimens,0
characterization of the histamine receptors in rabbit left atria,0
a new arbovirus was isolated from texas usa populations of the cliff swallow parasits argas argas cooleyi kohls and hoogstraal 1960,0
it is proposed that the tcell precursor that will further differentiate in the thymus already expresses a low density of theta and in tl strains tl antigen,0
conserved sequences thought to play roles in transcription rna processing and translation are found in beta 4 rabbit gene beta 4 shows substantial homology to the human embryonic epsilonglobin gene not only in messagecoding blocks but also in the 5 and 3 flanking regions and in the two intervening sequences,0
compounds 510 were tested as inhibitors of dihydrofolate reductase from pneumocystis carinii toxoplasma gondii and rat liver as a part of a larger effort directed toward the discovery of lipophilic nonclassical antifolates combining high enzyme selectivity and high potency,0
our previous phylogenetic analysis based on cdna sequences of chloroplast and cytosolic glyceraldehyde3phosphate dehydrogenases gapdh genes gapa and gapc respectively of the red alga chondrus crispus suggested that rhodophytes and green plants are sister groups with respect to plastids and mitochondria and diverged at about the same time or somewhat later than animals and fungi,0
homologization of the cerebeal neocortex of the cetaceans was performed by comparison of macro and microsigns of the structural organization of the cerebral cortex of cetaceanson the one hand and comparison with the same data on the cerebral cortex of ungulates carnivores and primates,0
transmission of equine infectious anaemia virus from a horse negative to agar gel immunodiffusion testing,0
nterminal analysis showed a close similarity to the rat human and bovine orthologues,0
stimulation of apoedependent binding to lrp was blocked by the inclusion of a mixture of human apoc proteins but not apoai or aii in the preincubation reaction,0
recent use of the isolated perfused human placental cotyledon has begun to delineate the pathophysiology of ethanolinduced placental injury,0
intrinsic clearance of the previously characterized mutagenic metabolites 3oh1naap kdhd 10oh1np 1amp and phenols 6 or 8oh1np produced by tracheal epithelial cells at their approximate km values also indicated that rabbit tracheal cells were more active in the production of these metabolites than either hamster or rat tracheal cells,0
on necropsy of the jirds four months after feeding of the mosquitoes a total of 88 adult filariae of b malayi and 143 of b pahangi were recovered in 20 and 13 jirds respectively,0
the intracellular fate of liposomes administered intracardially was examined in the liver and spleen of hamsters experimentally infected with leishmania donovani,0
effect of incubation temperature ageing and bisulfite content of unsupplemented brucella agar on aerotolerance of campylobacter jejuni,0
data are derived from scanning electron microscopy sem studies conducted on rhesus monkey eyes maintained at an intraocular pressure iop of either 8 or 15 mmhg and on human eyes either untreated controls or treated with pilocarpine,0
cats were anaesthetized with pentobarbital sodium and the anterior hypothalamus was superfused with artificial cerebrospinal fluid through a pushpull cannula,0
characteristics of experimental candida albicans infection of the central nervous system in rabbits,0
four imaging examinationsgallium citrate ga 67 scintigraphy liverspleen scans lymphangiography and computed tomographywere used in the initial staging of mycosis fungoides and sézary syndrome in 62 patients 85 with stage i or ii disease,0
eightytwo major histocompatibility complex mhc swine leukocyte antigen sla defined miniature pigs from 16 litters were examined for serum agglutinating antibody titer and opolysaccharide ops specific peripheral blood lymphocyte blastogenesis following two parenteral vaccinations with 1 x 108 aromaticdependent aroa salmonella typhimurium and following oral challenge with 1 x 1012 virulent parent s typhimurium,0
firststage larvae l1 of the human hookworms ancylostoma duodenale and necator americanus were frozen over liquid nitrogen after a 1hr incubation in a cryoprotectant 10 dmso and 10 dextran,0
the cerebella of the three chimaeras examined were intermediate or normal in size compared to lc and wildtype cerebella,0
the gene encoding the gametocyte specific cytoplasmic protein pfg2725 of the human malaria parasite plasmodium falciparum has been cloned,0
the chemiluminescent cl associated phagocytic response of peripheral blood monocytes to two serovars of chlamydia trachomatis shigella flexneri and zymosan was assessed in a group of 26 patients with anterior uveitis au,0
by hydrophobic interaction chromatography on octylsepharose lipopolysaccharide lps of escherichia coli re mutant and of wildtype smoothform sform salmonella typhimurium and salmonella abortus equi is fractionated according to increasing amount of fatty acids,0
thus only one patient out of 90 with chronic atrophic gastritis and sulphomucin positive intestinal metaplasia developed gastric cancer when followedup for 89 years,0
fluorescein isothiocyanate conjugatewheat germ agglutinin staining of human spermatozoa and fertilization in vitro,0
channels from bovine retina were expressed in xenopus laevis oocytes and currents were measured using tightseal patch recording methods,0
metabolites of the anterior eye segment after argon laser radiation of the rabbit retina,0
we found the 3bgm3 in osteoarthritic fibrillated grossly intact and osteophytic human cartilage but it was undetectable in pig and bovine cartilage bone synovium synovial fluid white cells erythrocytes and various extracellular tissues,0
comparative study of the olfactory epithelium of the threespined stickleback gasterosteus aculeatus and the ninespined stickleback pungitius pungitius,0
simulium dieguerense has been identified from senegal mali and guinea in the western zone of the world health organizationonchocerciasis control programme thus considerably extending its known distribution and indicating the need to reassess its possible importance as a vector of human onchocerciasis,0
polypeptide composition of fraction i protein from nicotiana glauca and from cultivars of nicotiana tabacum including a male sterile line,0
collections of mosquitoes in vermont during 1980 and 1989 have resulted in 9 new state records including species of psorophora and wyeomyia for the first time,0
in order to investigate the availability and release of enzymes from eosinophilic granulocytes in response to a variety of stimuli guinea pig peritoneal eosinophils were obtained after repeated intraperitoneal injections of freezedried trichinella spiralis larvae,0
pseudomonas aeruginosa in human diseases,0
encephalitozoon sp in the bluemasked lovebird agapornis personata reichenow first confirmed report of microsporidan infection in birds,0
intestinal handling of water and electrolytes and motility were monitored in conscious dogs with chronic 25cm thiryvella loops of proximal jejunum,0
identification of glucitol sorbitol and ribitol in a rust fungus puccinia graminis f sp tritici,0
these results suggested that human ril1 might hypersensitize dtc receptors distributed on plasma membrane of rat mast cells,0
the effect on inflammation of the bovine mammary gland of vaccination with a cell wall extract of staphylococcus aureus,0
in this study we have examined the effects of k ions and membrane potential on the kinetics of naca and caca exchange in rod outer segments isolated from bovine retinas,0
biochemical and immunological properties of structural and nonstructural polypeptides of the human simplex viruses hsv1 and hsv2 and four related herpesviruses of nonhuman primates herpesvirus simiae b virus h cercopithicus sa8 h saimiri 1 hvs 1 and h ateles 1 hva 1 were compared,0
the accumulation of myoglobin in the muscles was studied in the ontogenesis of rabbits and chickens,0
contribution to the study of trematodes in amphibians from the cameroon authors transl,0
chaetogaster limnaei limnaei oligochaeta naididae inhabiting the mantle cavity of the pill clam sphaerium,0
sputum cultures revealed p aeruginosa serratia and klebsiella and those from decubital pus grew proteus showing to be a mixed infection due to gramnegative bacilli which brings on medical discussion at present,0
sensitivity to tuberculin rt23 and to sensitins in children excreting human type of tubercle bacilli,0
in order to express uteroglobin in escherichia coli we have constructed a dna coding for complete mature rabbit uteroglobin by fusing genomic sequences from the second exon of the gene to an incomplete cdna,0
this study describes an enzyme horseradish peroxidaselinked immunosorbent assay using nitrocellulose nc paper dotelisa for the detection of antibodies against dirofilaria immitis in dogs,0
the lightharvesting complex of cyanobacteria and red algae the phycobilisome has two structural domains the core and the rods,0
the cytotoxicity and complementfixation activity of rabbit antisera against rat and human brain cortex and white matter was tested against mouse and rat thymocytes and bone marrow cells,0
the latter is observed in mixed infection dysentery bacteria lamblia gonococci and trichomonas,0
rearing improvements for the german cockroach dictyoptera blattellidae,0
characterisation of cdna clones for hypoxanthineguanine phosphoribosyltransferase from the human malarial parasite plasmodium falciparum comparisons to the mammalian gene and protein,0
highly purified radioiodinated human fg containing no detectable fibronectin interacted with cultured human and bovine ec in suspension in a timedependent and specific manner,0
the functional organization within the ommatidium of the lateral eye of limulus,0
in inflamed ampulla seminal vesicle bulbourethral gland and colliculus seminalis igg containing cells were the most frequent icc with values of 662 830 690 and 535 respectively iga containing cells were the second in prevalence with values of 215 103 193 and 405 respectively,0
in syrian hamster eggs the block to interspecies fertilization seems to exist at the level of the zona pellucida while in chinese hamster eggs the block is at the level of the egg plasma membrane,0
eimeria sinaitae n sp apicomplexa eimeriidae from the rock agama agama sinaita in saudi arabia,0
this lightinduced avian glaucoma liag is presented as an animal model system for human openangle glaucoma,0
the absorption of two kinds of insulin from porcine or bovine pancreas from the rectum of rabbits after the administration of hollowtype suppositories containing insulin and glyceryl1monooctanoate gmo as an absorptionenhancing agent was investigated,0
the size of igg aggregate effective in the inhibition or arming of human effector cells for antibodydependent cellmediated cytotoxicity adcc was investigated using heat and alkalipolymerized rabbit igg or purified antibody fractionated by gel filtration,0
toxoplasma gondii was not isolated either by mouse inoculation or by feeding cats tissues from 2 cows killed 132 and 190 dpi,0
the antigenic relationship between human igm and igm from other species has been utilized in isolating rat and rabbit igm from normal sera by means of an antihuman mupolyacrylamide beads immunoadsorbent,0
previous studies have demonstrated that high levels of epidermal growth factor egf occur in human and rodent milk and that oral administration of this polypeptide stimulates rodent gastrointestinal development,0
a less virulent strain downs was more temperature sensitive but it showed a similar irreversible effect at 34 degrees c therefore the myceliumtoyeast transition of h capsulatum is not required for the adaptation of mycelia to elevated temperatures but probably results from the temperaturedependent activation of yeastspecific genes,0
the gabaergic innervation of the goldfish pituitary was studied at the light and electron microscope levels by means of radioautography after in vitro incubation in tritiated gammaaminobutyric acid gaba and immunocytochemistry using antibodies against gaba,0
bordetella avium is the etiological agent of an upper respiratory disease in birds which symptomatically and pathologically resembles bordetellosis in humans,0
furthermore a good correlation was obtained between the effects of prochloraz on the microsomal formation of benzoapyrene metabolites and on the mutagenic activity of benzoapyrene in the salmonella typhimurium test,0
the infected mice developed a complex neurological syndrome consisting of hyperirritability jumping circling and ataxia followed by coma and death or by apparent recovery,0
stingrays found predominantly in warm coastal waters are responsible for at least 1500 human injuries in this country each year,0
in addition selected horses were treated successfully by packing the rectal tear with gauze sponges,0
rabbits were immunized with viable spirochaeta aurantia a freeliving facultative anaerobic spirochete that is similar in some biochemical characteristics to treponema pallidum a parasitic microaerophilic spirochete,0
a positive clone against pea pisum sativum l chloroplast fructose16bisphosphatase fbpase ec 31311 antibodies was obtained from a copy dna cdna library in lambda gt11,0
the development of leishmania infantum in phlebotomus langeroni nitzulescu diptera psychodidae,0
studies in isolated guineapig atrial preparations and in anaesthetized rabbits and dogs revealed no consistent peripheral action of vasopressin on the action of the vagus at the heart,0
in dogs with chronic renal failure clinical haematological and biochemical responses to the combination of low protein 1316 me and low phosphorus 04 dm were positive in one clinical trial but not in three others,0
the effects of four diploptera punctata allatostatin peptides on the stomatogastric nervous system of the crab cancer borealis were studied,0
respiratory tract tumors in hamsters induced by benzoapyrene and 210po alpharadiation,0
the acidsoluble sulfhydryl was significantly elevated only by the essential oils of cardamom p  005 nutmeg p  005 and zanthoxylum p  001,0
electrostimulation of erection and ejaculation and collection of semen in spinal cord injured humans,0
to assess the possible role of cytotoxic t lymphocytes ctls in containing the spread of human immunodeficiency virus in acutely infected individuals the temporal evolution of the virusspecific cd8 lymphocyte response was defined in simian immunodeficiency virus of macaques sivmacinfected rhesus monkeys,0
a poxvirus was isolated from a wild gerbil tatera kempii caught in northern dahomey africa at the time of an epidemic of human smallpox,0
antisera were produced in individual rabbits against three strains ca cj and hb1 of pathogenic naegleria and the eg strain of n gruberi,0
slightly alkaline mixtures of both ethanolwater and ethanoldiethyletherwater at elevated temperatures were shown to effectively extract these lipids from intact saccharomyces cerevisiae and neurospora crassa,0
to date spontaneous infection of t spiralis in wildlife in japan has been reported in sables in hokkaido 1963 japanese black bear in aomori 1974 1975 brown bear in hokkaido 1980 and raccoon dog in yamagata 1984,0
free clusterin immobilized on the antibodysepharose selectively retains apoai from total human plasma,0
the black flies were attracted with human bait inside the houses outside and around the houses and at 500 meters far from the house near a creek,0
increased microsatellite variability in macaca mulatta compared to humans due to a large scale deletioninsertion event during primate evolution,0
the early events in the infection of human rectal tumor cells by bovine coronavirus were investigated by colloidal goldmediated immunoelectron microscopy and by analysis of the effect of lysosomotropic weak bases on virus yield,0
certain strains of streptococcus sanguis adhere adh selectively to human platelets and in plasma induce them to aggregate agg into in vitro thrombi,0
quarters with corynebacterium bovis infections were more resistant to infection by staphylococcus aureus than bacteriologically negative quarters,0
electron paramagnetic resonance and other properties of hydrogenases isolated from desulfovibrio vulgaris strain hildenborough and megasphaera elsdenii,0
cell surface topography of candida and leucosporidium yeasts as revealed by scanning electron microscopy,0
innervation of the corpus allatum in the colorado potato beetle as revealed by retrograde diffusion with horseradish peroxidase,0
the gammaaminobutyric acid gaba concentration of pancreatic islets in rats treated with streptozotocin stz and of human insulinoma tissue was studied,0
the occurrence of nymphs of the family linguatulidae pentastomidae in african ungulates and their parasitism,0
in six patients angiography showed a small nidus less than 1 cm in diameter with a shunt at the site of the hematoma and in four only an earlyfilling vein was evident,0
when lymphocytes from humans with serological immunity against rubella were incubated with live rubella virus supernatants were obtained which when added to noninfected lymphocytes gave a significant inhibition of phytohaemagglutinin phainduced proliferation,0
no fsh activity could be detected in the white rhinoceros pituitary fsh fraction but was readily detected in the black rhinoceros fraction ria 02 x equine fsh rra 08 x equine fsh,0
taken together these results indicate that brimonidine stimulates an ocular alpha2 adrenoceptor to decrease iop in the rabbit and a cns imidazoline receptor to decrease iop blood pressure and heart rate in the cynomolgus monkey,0
rhipicephalus pravus and r pulchellus were the dominant tick species with fewer amblyomma gemma hyalomma truncatum and small numbers of boophilus decoloratus and r evertsi,0
enterobacter cloacae enterobacter aerogenes and serratia spp,0
immunoelectron microscopy localizes the immune deposits in the lamina densa and sublamina densa zone and serves to distinguish this disease from diseases with lamina lucida antibodies such as bullous pemphigoid and mucosal pemphigoid,0
to investigate whether formaldehydetreated casein exerts this hypocholesterolemic effect in the same manner as soybean protein rabbits were fed high or low cholesterol diets containing soybean protein casein formaldehydetreated casein or a mixture of casein and formaldehydetreated casein,0
herpes simplex 2 nonvirion antigen exhibited the same properties as type 1 ie its activity was lost on storage at 4 degrees for 15 days it was sedimented by centrifugation at 33360 x g for 1 hr and the maximum concentration was found at 3 hr in guinea pig kidney culture cells but at 24 hr in hep 2 and rabbit kidney culture cells,0
mycoplasmas were detected in the external ear canal of goats by swabbing and culture,0
as the rabbit is known to have a high methaemoglobinreduction capacity human and rabbit erythrocytes were compared,0
there were three cases of entamoeba histolytica infection of the female genital tract and one each of hydatid cyst of the brain strongyloides stercoralis infection of the lung and filarial infection of the urinary bladder,0
adults of nasonia vitripennis were not sensitive to their own venom ld50   533 vreg although adults of another hymenopteran apis mellifera were suceptible 462 vreg,0
twentyfive percent of the 85 csf specimens positive for haemophilus influenzae type b neisseria meningitidis streptococcus pneumoniae escherichia coli k1 and group b streptococci had counts of 107 cfuml or higher,0
the second illustrative case is the prospect of designing anticholera drugs based on detailed analysis of the structure of cholera toxin and the closely related escherichia coli heatlabile enterotoxin,0
gaba immunostaining was compared with glutamate decarboxylase gad immunoreactivity in the cerebellar cortex and in normal and colchicineinjected neocortex and hippocampus of cat,0
the mutagenic activity of several nnitrosamines related to the potent hamster pancreatic carcinogen nnitrosobis2oxopropylamine bop has been investigated using the ames salmonellamicrosomal mutagenicity test system,0
morphology of the larval stages of onchocerca volvulus in simulium damnosum and redescription of the microfilaria,0
digestion and energy metabolism trials were conducted in 2 groups of 4 steer calves each experimentally infected with cooperia and ostertagia larvae,0
determination of kinetic parameters with three different substrates gave kmvalues of 7 microm 17 microm and 2 mm and vmaxvalues of 0095 micrommin1 0325 micrommin1 and 56 micrommin1 for torpedo ache bovine erythrocyte ache and phosphatidylinositol respectively,0
species difference in the secretory response to dopamine in the pancreas of dogs cats rabbits and rats,0
using peroxidase conjugates of monoclonal antibodies mabs six isolates were identified as hog cholera viruses hcv while one isolate was of ruminant origin possibly bovine viral diarrhea virus,0
three piperidine alkaloid containing plants conium maculatum poisonhemlock nicotiana glauca tree tobacco and lupinus formosus lunara lupine induced multiple congenital contractures mcc and palatoschisis in goat kids when their dams were gavaged with the plant during gestation days 3060,0
a survey of other cell lines showed the protein to be present on murine fibroblastic and other rodent neuroblastoma cell lines but rarely on human neural or nonneural cell lines,0
the most promising candidate today is a possible new herpesvirus similar to but distinct from herpesvirus saimiri and epsteinbarr virus,0
using ultrasound scanning in 24 47 of 51 oestrus cycles of 12 heifers a cavity greater than or equal to 7 mm in their corpora lutea could be detected at least at one day of the cycle,0
rats mice and hamsters were fed iotacarrageenan incorporated in a fiberfree purified diet for 30 days and the activities of a number of cecal microbial enzymes were determined in vitro,0
more ro 246778resistant strains mic90 16 greater than 32 microgramsml were usually found among the enterococci xanthomonas hydrophila pseudomonas spp and achromobacter xyloxidans isolates,0
diets rich in omega3 fatty acids derived from fish oils lower the plasma concentrations of low density lipoproteins ldl and very low density lipoproteins in humans,0
escherichia coli and pseudomonas aeruginosa were unaffected by any of the drugs,0
inosinate formed from guanylate was metabolized only by dephosphorylation in human erythrocytes but in rabbit erythrocytes it was also converted to xanthylate,0
incidence of anoplocephala perfoliata in horses examined at an irish abattoir,0
blood ammonia levels following total hepatectomy were examined using five dogs,0
respiratory function between the two species was similar except for a significantly higher mean ventilation rate for brook trout 84  14min than for rainbow trout 65  4min,0
scanning electron microscopy study of membrane modification of blastomeres in the first stages of ovum development in trout salmo irideus gibb,0
in spirodinium equi and tetratoxum unifasciculatum the ciliary zone revolved counterclockwise in an en face view,0
plasma from cattle highly resistant to the tick boophilus microplus conferred some resistance to unexposed calves,0
suppression of antigen and mitogeninduced proliferation of bovine lymphocytes by excretorysecretory products of oesophagostomum radiatum,0
this disease in baboons was compared with various human retinomaculopathies,0
neisseria gonorrhoeae candida albicans trichomonas vaginalis,0
results of in vitro studies using skin samples from human cadavers and domestic pigs demonstrated that the two formulations equally penetrate all layers of the stratum corneum and inhibit the growth of trichophyton mentagrophytes and candida albicans,0
the objective of this study was to assess the effects of endophyteinfected tall fescue g1307 seed 80 infected by acremonium coenophialum on the estrous cycle in cd1 mice,0
the effects of streptokinase and urokinase on haemostasis accumulation of platelets radiolabelled with phosphorus 32p and patency were studied after arteriotomy and deep vessel wall trauma of the central arteries of rabbits ears,0
we have constructed a plasmid that when introduced into escherichia coli induces the synthesis of large quantities of a protein with an apparent molecular mass of 66 kda that differs from human immunodeficiency virus hiv rnadependent dna polymerase deoxynucleosidetriphosphatedna deoxynucleotidyltransferase or reverse transcriptase ec 27749 only in that it has two additional aminoterminal amino acids,0
mycoplasma and its role in human diseases,0
both these cytoplasmic and surface mu are disulfidelinked to omega lambda 5 surrogate light chains and are noncovalently associated with iota vpreb variable regionlike proteins,0
human hepatitis b virus vaccine was prepared using antigen produced by recombinant technology in yeast saccharomyces cerevisiae,0
a recombinant plasmid pmk57 was constructed by cloning the bacillus stearothermophilus alphaamylase gene into puc8 plasmid pmk79 was then derived from pmk57 by inserting the bacterial vitreoscilla hemoglobin gene into the latter plasmid,0
the gene encoding the principal voltagedependent sodium channel expressed in adult human skeletal muscle scn4a has recently been linked to the pathogenesis of human hyperkalemic periodic paralysis and paramyotonia congenita,0
interaction of halobacteria and cyanobacteria in a halophilic cyanobacterial community,0
the apparent similarities of the da d1 receptor pharmacology between the goldfish and the mammals also indicate that d1 receptor is highly conserved during vertebrate evolution,0
experimental reactivation of bovine herpesvirus 1 bhv1 by means of corticosteroids in an intranasal rabbit model,0
the antigenically active glycoproteins aagp released by leishmania donovani strain 3s promatigotes into growth media and by amastigotes of this strain into the tissue eg blood of infected hamsters was found to consist of 6 to 7 antigenically distinct components,0
cryptosporidium rotavirus paramyxovirus and salmonella were identified in the exposed poults and paramyxovirus and salmonella were identified in the controls,0
studies of the removal of sialic acids from bovine submandibular mucin and rat colonic epithelial glycoproteins indicated that i the faecal enzymes removed a greater proportion of the sialic acid of both the deoacetylated and native glycoproteins than was removed with vibrio cholera neuraminidase ii sialic acids were removed more rapidly from deoacetylated glycoproteins and iii the resistance to removal of sialic acids was apparently dependent at least in part upon the oacetyl sialic acid content of the substrate,0
the immunocytochemical localization of the enzyme choline acetyltransferase chat was examined in the guinea pig organ of corti to determine if both lateral and medial systems of efferents would show immunoreactive labeling for this specific enzyme marker of cholinergic neurons,0
rotaviral infections in cynomolgus monkeys macaca fasicularis were studied to ascertain its suitability as a model of infection and diarrhea caused by group a human rotaviruses,0
lb solution was more effective in killing salmonella c jejuni and e coli o157h7 than l monocytogenes and s aureus,0
in general the metabolic profiles for animal microsomes are simpler hamster mouse and guinea pig show only 6 betahydroxylase and 11 betadehydrogenase activity although male rat shows both of these and 20 betareductase activity while the female rat possesses all of the above as well as the ability to reduce the aring delta 4reductase and 3oxidoreductase activities,0
ngfstimulated differentiated and unstimulated undifferentiated cells were studied by cytochemical techniques for the localization of the enzymes acid phosphatase acpase and thiamine pyrophosphatase tppase and by a morphometric analysis of the distribution of endocytosed wheatgerm agglutinin labelled with horseradish peroxidase wgahrp,0
groups i and ii according to shewan hobbs and hodgkiss 1960 the above mentioned nondefined group and by only some of the typical shrimp spoilers whereas moraxellalike bacteria and photobacterium spp,0
nine dogs were fed hepatozoon canisexposed rhipicephalus sanguineus ticks 6 showed clinical signs suggestive of canine hepatozoonosis and the parasite was found in sections of muscle tissue from 2 of the dogs,0
b migonei p whitmani pintomyia pessoai pintomyia fischeri and psychodopygus intermedius are highly significant vectors of american cutaneous leishmaniasis and represented 938 of all phlebotomines captured with 10 falcão light traps,0
survival of d silvarum ticks infected by various concentrations of the r sibirica microbial bodies was found to exceed that of o papillipes,0
binding of p fimbriae of uropathogenic escherichia coli to purified human fibronectin and human placental type iv collagen was studied,0
the epidemiology of 39 case reports of infection with mycobacterium ulcerans published during the past 25 years in australia is presented,0
the metabolism of methylenedioxymethamphetamine mdma ecstasy was examined in a microsomal preparation of the yeast saccharomyces cerevisiae expressing human debrisoquine hydroxylase cyp2d6,0
our data are also consistent with a possible role for trh in affective regulation in the hippocampus amygdala pyriform and other cortical regions,0
homology was previously detected between the dna restriction fragments containing rhizobium meliloti nodulation genes and the 90mda plasmid p90 of azospirillum brasilense sp7,0
the secretory characteristics of mast cells isolated from the human large intestinal mucosa and muscle,0
human botulinic intoxication due to clostridium botulinum b,0
thromboxane a2 txa2  detected by its action on rabbit arteries  was released from human monkey and rat am upon addition of 05 mm aa,0
from human hypothalamus and intestine a substance was isolated which has the same physicochemical and biological properties as the head activator from hydra,0
the metacercariae were experimentally fed to rats and hamsters and a total of 1624 metagonimus worms were recovered from their small intestine,0
in order to elucidate the functional significance of accessory cells in freshwater fishes such as the rainbow trout which displays a poor adaptability to seawater life a search for such cells was performed in two stenohaline freshwater fishes the loach and the gudgeon,0
the components of this diagonal ventral forebrain continuum dvfc are the central nucleus of the amygdala the sublenticular portion of the substantia innominata and the lateral bed nucleus of the stria terminalis,0
it has been shown in experiments on rats mice and rabbits that 6 alphamethyl16 alpha 17 alphacyclohexanopregna4en3 20dion and 6methyl16 alpha 17 alphacyclohexanopregna46dien320dion belonging to the series of d6pentaranes exhibit high contraceptive activity when combined with mestranol,0
polypeptides specified by the mutant plasmids in escherichia coli minicells correlated with the mer genes as follows mert 17 and 16kda polypeptides merp 98 and 95kda polypeptides merc a 14kda polypeptide mera 65 and 62kda polypeptides,0
some strains of coagulasenegative staphylococci all oxacillinresistant staphylococcus spp enterococci and bacteroides fragilis group strains were resistant to e1040 mic90 greater than 64 microgramsml,0
fluoride and bovine bone extract influence cell proliferation and phosphatase activities in human bone cell cultures,0
in studies on the membranlytic action of various saponins on mycelium of botrytis cinerea and rhizoctonia solani digitonin alphahederin and tomatin caused considerable leakage of free amino acids while aescin and theasaponin were less effective,0
organization of tactile thalamus and related behavior in the agouti dasyprocta aguti,0
the secretion leader of mucor pusillus rennin which possesses an artificial lysarg sequence directs the secretion of mature human growth hormone by saccharomyces cerevisiae,0
however 22 of 54 brazilian dogs that were culturehamster inoculationnegative were positive by pcr,0
serological diagnosis of antipseudomonas antiklebsiella and antie,0
in addition each of the following helminth ova was found respectively in each of the playgrounds trichuris vulpis 4 percent toxocara canis 8 percent and strongyloides stercoralis 6 percent,0
about 45 of dogs and 41 of cats were acquired from pet owners,0
the color of the skin of the palms and soles as a possible clue to the pathogenesis of acrallentiginous melanoma,0
study of wild type and genetically modified reaction centers from rhodobacter capsulatus structural comparison with rhodopseudomonas viridis and rhodobacter sphaeroides,0
cleomiscosin a 1 has been isolated from simaba multiflora and soulamea soulameoides in the simaroubaceae through bioactivitydirected fractionation and from matayba arborescens in the sapindaceae,0
recently grimaldi and singer reported an african green monkey alphasatellite sequence that was interrupted by an alu element,0
the system which consists of cannula heplock and plastic fixation disc has been inserted into 53 canine kidneys 48 dogs and percutaneous needle passage into the subcutaneously placed heplock was used to gain access to the renal pelvis,0
m hyopneumoniae pasteurella multocida and mycoplasma hyorhinis were detected in 83 43 and 37 of the pneumonic lungs respectively,0
the efficiency of visual inspection for collecting immatures of these ticks from p maniculatus ranged from 45 to 69 in spring and summer whereas the efficiency of a dropoff technique appeared to be 100,0
highly larvicidal strains of bacillus sphaericus produce a binary toxin composed of 51 and 42 kda proteins which binds to sharply delineated regions of the gastric caecum and posterior midgut of susceptible larvae of the mosquito culex quinquefasciatus,0
of the 22 fungal species isolated a flavus and a parasiticus were the predominant species 638 during the rainy season followed by other species of aspergillus penicillium fusarium rhizopus helminthosporium and curvularia,0
two methods digestion and elution were used to recover parasitic nematodes from 470 flatfish belonging to species in the family pleuronectidae,0
a mycobacterial dna probe designated x was recently developed to help identify mycobacterium avium complex mac isolates that are nonreactive with probes specific for m avium or mycobacterium intracellulare,0
postmitochondrial supernatant extracts prepared from bloodstream forms of trypanosoma brucei brucei t cruzi epimastigotes leishmania donovani promastigotes and crithidia fasciculata have been found to catalyse cytochrome p450dependent reactions,0
populations of l monocytogenes inoculated into commercially processed tomato juice and sauce and held at 5 degrees c remained constant for 14 days,0
specific rabbit and goat antibodies to tobacco mosaic virus bovine serum albumin and human gamma globulin have been isolated by acid dissociation from the antigen in the absence of salt,0
of the patients with aids alone who had serum antibodies to t gondii none had toxoplasma antibodies in cerebrospinal fluid,0
the betaglucuronidase gus reporter gene driven by the rd29a promoter was induced at significant levels by desiccation cold highsalt conditions and aba in both transgenic arabidopsis and tobacco,0
some other species including man dog rabbit guinea pig and mouse also had a multiple composition of epididymal acid phosphatases,0
immunocytochemical mapping of fmrfamidelike peptides in the argasid tick ornithodoros parkeri and the ixodid tick dermacentor variabilis,0
here we describe the cloning and determine the sequence of the structural gene for the putative adhesin of m genitalium and compare its sequence to the counterpart p1 gene of m pneumoniae,0
we injected the anterograde tracer phaseolus vulgaris leucoagglutinin phal into the nrm and traced the arborization of single dlf axons in the spinal gray matter,0
antibody response and protection against challenge in mice vaccinated intraperitoneally with a live aroa o4o9 hybrid salmonella dublin strain,0
104 cockroaches were caught consisting of periplaneta americana 673 blattella germanica 26 p brunnea 48 and supella longipalpa 19,0
afferent auditory fibers of the guinea pig cochlea were electrically stimulated with current introduced through electrodes in the scala tympani,0
the five copies sequenced were approximately 75 similar to a mariner element peach of drosophila mauritiana,0
the organisms compared are mus musculus aspergillus nidulans neurospora crassa kluyveromyces lactis saccharomyces cerevisiae schizosaccharomyces pombe escherichia coli and salmonella typhimurium,0
cosmocephalus obvelatus creplin 1825 nematoda acuariidae collected from the esophagus of rockhopper penguin eudyptes crestatus,0
treatment of pigeons with pargyline 100 mgkg 17 hr before decapitation did not significantly increase the da content of the nucleus basalis but it prevented to some extent the loss in da caused by reserpine6,0
in march 1994 a medical team assembled by physicians for human rights phr conducted household surveys in the province of manica and in the subdistrict of metuchira province of sofala,0
the predominant iron chelates or siderochromes produced by the fungus fusarium roseum during culture periods up to seven days are the ester type fusarinine compounds,0
both zeta and theta gene expression appears erythroid specific in that neither mrna species is detected in rna isolated from brain tissue peripheral blood mononuclear cells or three nonerythroid cell lines blymphocyte tlymphocyte and hepatoma cell lines,0
both the unique pbp produced by primary mycelia and pbp3 of secondary mycelia had the same affinity for penicillin which was higher than that of pbp2 and 3 the role of these proteins in the cell life cycle of micromonospora is discussed,0
the effect of human lymphoblastoid interferon on the growth of human tumors heterotransplanted into nude mice was examined,0
these results show that patients with diabetes can be safely and effectively transferred from semisynthetic human insulin to human insulin produced by rdna technology from bakers yeast with no change expected in the insulin dose,0
epidemiological study of trichomonas vaginitis in umbria,0
ro 144767002 showed the highest effect against dermatophytes and cryptococcus neoformans followed by candida spp whereas its activity against aspergillus spp,0
immunodeficient scid and immunocompetent mice were infected with helicobacter felis to address the role of autoimmunity in helicobacterassociated gastritis,0
the occurrence and localization of molecular components of proopiocortin in the pituitary and brain of two species of adult lamprey petromyzon marinus and entosphenus tridentatus were studied immunocytochemically using antisera generated against human progammamsh nterminal fragment 1trp to 71gly of proopiocortin porcine acth alphamsh human betaendorphin gammaendorphin and methionine enkephalin,0
for human transferrin human calcitonin 184 bovine parathyrin fibrinopeptidea human thyrotropin and fcb3 a cyanogen bromide cleavage peptide of human fibrinogen the quality of tracer produced by the iodogen method was better,0
bog asphodel narthecium ossifragum poisoning in cattle,0
the rna from chloroplasts of young spinach plants contains mrnas which are translated in a cellfree protein synthesizing system from lysed rabbit reticulocytes,0
the human neurokinin1 receptor expressed in infected baby hamster kidney cos7 and chinese hamster ovary cells was able to stimulate ca2 mobilization indicating functional coupling to guaninenucleotidebinding proteins,0
we found that 1 li influx via nak pump increased 23 fold in the order human  eel  chicken 2 by the countertransport exchange system lithium influx increases its variance between 15 and 35 when saline medium is replaced by choline cl 3 the anion exchange system band 3 protein shows very little interindividual variability on the lithium influx 4 the lithium leak pathway for human and eel red blood cells is the major contribution whereas it is negligible for chicken erythrocytes,0
the escherichia coli reca gene increases resistance of the yeast saccharomyces cerevisiae to ionizing and ultraviolet radiation,0
three isolates of moraxella bovis recovered from cattle with signs of infectious bovine keratoconjunctivitis were tested for autoagglutinating activity hemagglutinating activity and pathogenicity in young calves,0
the bacteriological characteristics and susceptibility to antimicrobial agents of 108 clinical isolates of staphylococcus lugdunensis and staphylococcus schleiferi are described,0
an enzyme linked immunosorbent assay elisa using antiserum to bovine santigen raised in guineapigs was employed to detect santigen in the chromatographic fractions,0
trachea from hamster was more efficient in activating afb1 to mutagens than lung while rabbit lung was over 4 times more active in converting afb1 to mutagens than that from trachea,0
three antisera were elicited in rabbits against the hapten conjugated with bovine serum albumin and their specificity was examined by crossreaction study,0
a plasmid containing the betagalactosidase betagal reporter gene was modified with either of the two platinum compounds and transfected into human or hamster cell lines,0
the human liver gp enzyme has been modelled on the basis of the rabbit muscle structure and together with comparison of structures of muscle gpa and gpb has provided some insights into possible explanations for the different properties of the two isoenzymes,0
phenotypic effects in saccharomyces cerevisiae after regulated expression of beta13glucanase from nicotiana plumbaginifolia,0
direct spectrophotometric determination of thebaine in arya ii population capsules of papaver bracteatum lindl,0
the results concerning analysis of the mutagenic activity of analogues of nitrogen bases are given for saccharomyces cerevisiae streptomyces antibioticus bacillus subtilis,0
recently we were able to establish the immunologic surface marker profile of human basophils and mast cells,0
bonnet monkey macaque radiata dna contains a predominant family of 300 nucleotide repeats which has nearly the same restriction map as the human alu family and which hybridizes to human alu family repeats under southern blotting conditions,0
distinguishing this rare fungus from pneumocystis carinii is important because these two diseases require different forms of treatment,0
the possible pathogenesis of p multocida infection in ducks is discussed,0
in contrast to most vertebrate species that possess one oxytocinlike hormone and one vasopressinlike hormone a few groups such as marsupials or cartilaginous fishes are endowed with two peptides of either or both types suggesting possible gene duplications,0
four groups of male golden syrian hamsters were treated as follows group i received 50 opisthorchis viverrini metacercariae followed 41 days later by a single oral dose of 16 mg nnitrosodimethylamine ndma,0
comparative pathologic features and development of sphaeridiotrema globulus trematoda infections in the mute swan and domestic chicken and chicken chorioallantois,0
for both strains of hamsters the highest rate of dna synthesis in response to endogenous gonadotropins was on the morning of estruswhen the second surge of fsh was in progressand harlan follicles in vitro also showed maximal stimulation by fsh on this day,0
this report describes atypical basal bodies observed in the oviductal mucosa ampulla of two gilts suffering from immotile cilia syndrome,0
changes in the l7 and s1 segments of the spinal cord and the corresponding dorsal root ganglia drg spinal roots and sciatic nerves of guinea pigs immunized with whole rabbit sciatic nerve in complete freunds adjuvant have been studied and compared with the changes found in guinea pigs immunized with purified pns,0
at present human intervention protocols with a randomized drugplacebo method are underway under the supervision of the centro tumori of pavia to chemoprevent with betacarotene second primary lung or bladder cancer after radical surgery,0
four serotypes of salmonella sp isolated by a certifying laboratory in 1988 and 20 salmonella isolates obtained from hatchling turtles were all resistant to gentamicin,0
iii nematodes of the mountain zebra from the farm kelpie and the namibnaukluft park south west africanamibia,0
alternaria alternata and aspergillus terreus were isolated from cutaneous nodules in a 5yearold girl with agranulocytosis of unknown origin,0
oxidative metabolism in nonculturable helicobacter pylori and vibrio vulnificus cells studied by substrateenhanced tetrazolium reduction and digital image processing,0
hsp70 proteins similar to escherichia coli dnak in chloroplasts and mitochondria of euglena gracilis,0
female crania in each sample showed fewer acellular processes than male but the differences were statistically significant only in the whites eskimos and total sex samples,0
flagellates were first observed in the esophagus at 35 days in the posterior armature region of the pharynx at 5 days and in the anterior pharynx at 7 days but they were not detected in the cibarium or proboscis,0
the intermediate hosts infected with cestode larvae can live for 36 weeks copepoda and 47 weeks ostracoda and after invagination of cysticercoids for 2025 days on the average,0
the wellknown defense response of a crab laterus merus display lmd was easily evoked in carcinus mediterraneus by striking the cephalothoraxic protogastric region between the eyestalks,0
protein fv produced during vital hepatitis is a novel activator of human basophils and mast cells,0
herpes zoster ophthalmicus is a form of herpes zoster,0
the nucleotide sequence of the single pgic from arabidopsis thaliana was also determined for comparison to the clarkia genes,0
using a previously developed filter adsorption technique the inactivation of a human rotavirus a coxsackievirus b5 and a bovine parvovirus was monitored during sludge treatment processes,0
erythrocyte lithiumsodium countertransport a mode of ouabaininsensitive monovalent cation metabolism is increased in human essential hypertension but no pathophysiological link to hypertension has yet been established,0
antitumor effect of natural human tumor necrosis factoralpha and natural human interferonalpha in combination against human cancer transplanted into nude mice,0
reciprocal responses of eight species of galliform birds and three parasites heterakis gallinarum histomonas meleagridis and parahistomonas wenrichi,0
because v vulnificus colonies resembled those of lactosefermenting strains of the family enterobacteriaceae however isolation of this vibrio from mixed specimens or stools may require the use of thiosulfatecitratebile saltssucrose agar,0
the transplantation of human adenocarcinomas of the gastrointestinal tract into nude mice is described,0
the products of trpe trpg and trpc from s solfataricus were compared to the homologous products from a eukaryote a eubacterium and two archaebacteria namely a methanogen and an extreme halophile,0
nearly twice as many male owners agreed that desexing male dogs removed maleness and also more males agreed with the question do you equate dog sexuality with human sexuality,0
fatal cerebral haemorrhage after tiger snake notechis scutatus envenomation,0
evidence that dimers remaining in preinduced escherichia coli br hcr become insensitive after dna replication to the extract from micrococcus luteus,0
in experiments on 126 rabbits and 156 guinea pigs a study was made of specific activity subacute and chronic toxicity of a new hemostatic feracrylbased plaster,0
comparison of leishmania infections in sandflies fed with two types of feeders,0
moreover activity was significantly enhanced by the supernatant of sonicated capnocytophaga suputigena at 40 microgramsml and 160 microgramsml and suppressed by the supernatant of fusobacterium nucleatum at a low concentration of protein 5 microgramsml,0
we also determined the expression of ganglioside lactones on human melanoma cells grown in athymic nude mice by means of an immunofluorescence technique,0
the immunization of rabbits with the haptenbovine serum albumin conjugate resulted in the production of highly specific antibodies showing no significant crossreactivities with existing drugs,0
the interaction of atrial natriuretic factor anf with the diuretic amiloride was studied in bovine adrenal zona glomerulosa,0
human antibodies affinity purified on an adsorbent prepared from a cdna clone ag44 expressing a portion of a rhoptry antigen were used to characterize the synthesis and fate of the antigen in the asexual blood stages of plasmodium falciparum,0
gambiae and two other dipterans the yellow fever mosquito aedes aegypti and the fruitfly drosophila melanogaster show that while there are similarities particularly between an,0
longterm efficacy of tubercidin against schistosomiasis japonica and mansoni in primates,0
in the present study concentrations of pilocarpine in the cornea aqueous humour irisciliary body lens and vitreous humour were determined in both 20day old and 60day old rabbits following the topical administration of identical doses of drug,0
the microbiota of two young adult patients with generalized extensive bone loss extensive clinical inflammation and suppuration was dominated by bacteroides asaccharolyticus and an organism with characteristics consistent with actinobacillus actinomycetemcomitans,0
human lymphocytes displayed a frequent natural cytotoxicity nk in vitro against normal equine dermal fibroblasts ed and against equine tumour cells of a viruscontaining cell line mc1,0
in contrast to klebsiella and azotobacter vinelandii the b japonicum nifen genes are linked to the nifdk genes in the same operon,0
ultrastructural study of choroid plexus of normal and kaolin induced hydrocephalic guineapigs showed clusters of cilia arising from the apical part of some of the epithelial cells,0
strikingly like hap2 in s cerevisiae the s pombe gene is specifically involved in mitochondrial function,0
deoxymannojirimycin dmm or swainsonine sw which block conversion of highmannose to complextype nlinked glycans strongly inhibited the production of immunoglobulin ig when added to cultures of human lymphocytes together with the polyclonal b cell activators pokeweed mitogen pwm and staphylococcus aureus sac,0
in extracts from anacystis and anabaena 7119 h2evolution and uptake activities were strongly inhibited by cu2 pchloromercuribenzoate and hgcl2 suggesting that at least one functional shgroup is involved in catalysis by hydrogenase,0
the influence of extracellular ca2 on the contraction produced by noradrenaline na 3 x 106 m kcl 60 mm and bacl2 30 mm on human uterine arteries auh and aortic strips from rats rabbits and guineapigs have been studied,0
the preservation in liquid nitrogen of tsetse flies and phlebotomine sandflies naturally infected with trypanosomatid flagellates,0
the animals positive for ureaplasmas included 9 common squirrel monkeys 9 green monkeys 164 cynomolgus monkeys 58 chimpanzees 73 goats 11 sheep 102 dogs 116 cats 64 cattle 290 chickens 3 red jungle fowls and 5 japanese bantams,0
the interaction of human and bovine serum albumin with cibacron blue and blue dextran in aqueous solution was studied by means of difference spectroscopy,0
corticotropinreleasing factor mrna is expressed in the inferior olives of rodents and primates,0
this study compares over 70 recognition sites for restriction endonucleases on mtdnas from various control versus malignant cells derived from syrian hamster chick embryo viper and human cells exhibiting a wide spectrum of cellular transformation and tumor histories,0
lymphocyte responsiveness to phytohemagglutinin and to worm and egg antigens in human schistosomiasis japonica,0
to compare the tube agglutination test and the microtiter plate agglutination procedure 207 human sera were tested for agglutinins to salmonella and 267 sera for agglutinins to brucella by both methods,0
in vivo phosphorus 31 magnetic resonance spectroscopy of human uveal melanomas and other intraocular tumors,0
metabolism and evaporative heat loss in the dikdik antelope rhynchotragus kirki,0
the essential microflora streptococcus salivarius subsp thermophilus and lactobacillus delbrueckii subsp bulgaricus and contaminants coliform bacteria yeasts and molds were checked,0
karyotype analysis of xenopus muelleri peters and xenopus laevis daudin pipidae,0
similarly solaster dna contains sequences homologous to approximately 18 of dermasterias unique dna,0
pathology of dual mycobacterium leprae and simian immunodeficiency virus infection in rhesus monkeys,0
the zeta isoform of protein kinase c pkc zeta was purified to near homogeneity from the cytosolic fraction of bovine kidney by successive chromatography on deaesephacel heparinsepharose phenyl5pw hydroxyapatite and mono q the purified enzyme had a molecular mass of 78 kda on sodium dodecyl sulfatepolyacrylamide gel electrophoresis,0
bacteroides gingivalis and bacteroides intermedius recognize different sites on human fibrinogen,0
endolymphatic hydrops in guinea pigs after cauterizing the sac with silver nitrate,0
much lower toxicity has been demonstrated toward bacteria fungi earthworms plants and birds,0
low passaged colon and rectal carcinoma cells hct8 and hrt18 as well as normal rectal colon and foreskin fibroblasts were positive for fibrinolytic activity while long established greater than 100 passages cultures of malignant cells colon carcinoma hela hep2 kb as well as normal cells hei av3 were negative,0
complement c3 levels and activation in rabbits experimentally infected with trypanosoma evansi,0
the nterminal domain of clostridium perfringens alphatoxin homologous with the nontoxic phospholipase c of bacillus cereus was expressed in escherichia coli and shown to retain all of the phosphatidylcholine hydrolyzing activity of the alphatoxin but not the sphingomyelinase hemolytic or lethal activities,0
tumour resistance in ovum fusion derived tetraparental akr mouse chimaeras,0
the clostridium acetobutylicum egla gene encoding a beta14endoglucanase eg was shown to be a useful reporter gene for the study of gene expression in bacteroides fragilis,0
in vitro activities of tmp were seen to correspond to the activity at the enzymatic level in b fragilis and p acnes but correspond to a much lesser extent to the activity at the enzymatic level in clostridia where a poor penetration is assumed to be involved,0
adolescent guinea pigs agps demonstrate dry gas hyperpneainduced bronchoconstriction hib that shares key features with hib in humans with asthma,0
these first ecosystems probably consisted entirely of eubacteria archaebacteria and eukaryotes arose much later,0
strains of shigella dysenteriae type 1 and shigella flexneri type 5b were isolated from a bulgarian traveller who visited vietnam and developed dysentery which was treated with trimethoprimsulfamethoxazole tmpsmz for a short time,0
depletion of glutathione in chinese hamster ovary cells in vitro by diethyl maleate resulted in enhancement of the effect of xrays on cell survival under hypoxic conditions but not under oxygenated conditions,0
these isolates were identified as micrococcus luteus staphylococcus gallinarum streptococcus epidermidis pseudomonas cepacei and bacillus cereus,0
the enterococcus faecalis extracellular metalloendopeptidase ec 342430 coccolysin inactivates human endothelin at bonds involving hydrophobic amino acid residues,0
sanbi rebao contain 32 components such as radix aconiti rhizoma chuanxiong semen strychni radix glycyrrhizae radix angelicae sinensis radix ledebouriellae fructus evodiae borneolum syntheticum etc had antagonistic action on the ear swollen response induced by croton oil and on the ear inflammation reaction caused by dimethylphenylene in mice,0
to elucidate a possible role of the beta subunit the alpha and beta subunits of torpedo californica na katpase were expressed in the xenopus oocytes system which allows the specific programmed synthesis of different subunits in a cell by alternately injecting individual mrna,0
we made an apc conjugate of monoclonal antibody 4f2 which reacts with an antigen abundant on the surfaces of activated human tlymphocytes apc4f2 was used to stain blood mononuclear cells that had been cultured with and without phytohemagglutinin pha,0
clinical and laboratory tests were used to evaluate fourteen patients with senile erythroderma following eczema and the results were compared with those from four patients with psoriatic erythroderma two with sézary syndrome and twelve with prurigo chronica multiformis or nummular dermatitis,0
interactions of malignant or nonmalignant human and rodent cells with the vascular wall were studied using perfused human umbilical cord veins,0
etiologies based on triggering by bacteria are also considered homologies between the shared epitope sequences of hladr1 and dr4 beta chains escherichia coli dnaj and proteus haemolysin do not indicate any feasible mechanisms for the development of ra and cannot explain the many cases in which such dr sequences do not occur though new data from man and animals enhance interest in the role of bowel flora,0
azelaic acid is a naturally occurring saturated dicarboxylic acid which on topical application usually as a 20 cream has been shown to be effective in the treatment of comedonal acne and inflammatory papulopustular nodular and nodulocystic acne as well as various cutaneous hyperpigmentary disorders characterised by hyperactiveabnormal melanocyte function including melasma and possibly lentigo maligna,0
the ief profiles were classified into four groups 1 cynops pyrrhogaster pyrrhogaster onychodactylus japonicus 2 x laevis 3 rana japonica bufo japonicus formosus 4 rana nigromaculata hyla arborea japonica rana catesbeiana,0
morphology and development of cowdria ruminantium in amblyomma ticks,0
use of xenopus laevis frog egg extract in diagnosing human male unexplained infertility,0
the hybrid splake which is produced artificially by fertilizing lake trout eggs with speckled trout sperm contains nine isozymes,0
antibody profiles by eitb and elisa of cattle and sheep infected with fasciola hepatica,0
characterization of human dna from bloodfeeding arthropods has been advanced substantially by preparation techniques such as the polymerase chain reaction pcr,0
ultrastructural muscle changes resulting from temporary anoxia and their evolution were studied in dogs,0
the results suggest that bonnet macaques like rats have taste receptors for starchderived polysaccharides whereas the squirrel monkeys like humans may lack such receptors,0
the tomato nia gene complements a nicotiana plumbaginifolia nitrate reductasedeficient mutant and is properly regulated,0
fumigation with methyl bromide yielding a concentrationtime product of 3000 mg h l1 or with propylene oxide giving a concentrationtime product of 2400 mg h l1 eliminated all filamentous fungi but bacillus spp,0
synthesis of moraprenylpyrophosphate derivatives of 3oalphalrhamnopyranosyl4oalphadglucopyranosylalphad galactopyranose and 3oalphalrhamnopyranosyl4obetad glucopyranosylalphadgalactopyranose and study of their substrate properties in reactions of the biosynthesis of oantigenic polysaccharides of salmonella typhimurium and salmonella anatum,0
background identification of the ninebanded armadillo as a potential source of massive numbers of mycobacterium leprae led to the development of a candidate bacterin vaccine for possible immunoprophylaxis,0
we report here the construction of several broadhostrange vectors that can be utilized in either pseudomonas or escherichia coli and that rely on easily selectable antibiotic resistance markers with multiple cloning sites,0
the effect of experimental anaemia on red cell glutathione reductase gr was investigated in rabbits guineapigs and cattle,0
the antiviral nucleoside analogue 23dideoxycytidine ddc is a dna chain terminator andor inhibitor of human immunodeficiency virus hiv reverse transcriptase,0
five strains of theileria annulata from three geographically different areas and one strain of t parva were grown in bovine lymphoblastoid cell lines,0
because heavy t cells from the thymus bound more peanut lectin than did light cells it is speculated that the differences between t cells of high and low specific gravity might reflect differences in maturation level,0
pleomorphic vesicles in two different classes of flatvesiclecontaining profilesfprofiles from the superficial layers of the superior colliculus of galago and chimpanzee were found to be disklike in shape as revealed by tilt analysis,0
to eliminate trailing endpoints however further studies need to be performed to evaluate additional broth media for the susceptibility testing of h influenzae and s pneumoniae in the api panels,0
the mycobacterium mineralized pyrene when grown in a mineral salts medium supplemented with nutrients but was unable to utilize pyrene as a sole source of carbon and energy,0
african swine fever virus in ticks ornithodoros moubata murray collected from animal burrows in tanzania,0
the replication of unselected strains of herpesvirus saimiri hvs was sensitive to bromodeoxyuridine and bromovinyldeoxyuridine bvdu but insensitive to acycloguanosine acg in contrast to the growth of herpes simplex virus hsv which was sensitive to all three analogues,0
a few broilers immunized with chicken coccidia showed dh to an oocyst antigen from e bovis a cattle pathogen,0
peptidoglycans pg from campylobacter coli campylobacter jejuni and campylobacter fetus were composed of muramic acid glucosamine alanine glutamic acid and diaminopimelic acid in a molar ratio of 111171109,0
difference thresholds for frequency and intensity were greater in chimpanzees than in humans,0
the carbon monoxide dehydrogenase of acinetobacter sp strain jc1 was found to have no immunological relationship with enzymes of pseudomonas carboxydohydrogena and pseudomonas carboxydovorans,0
developments in surgical treatment for spina bifida and hydrocephalus during the 60s means that there is now a large group of severely disabled young people and adults with increasing and special problems,0
additionally developmental stages of c bigenetica were found in connective tissue components of the following tissues examined from some cotton rats tongue lung testicle epididymis rectum base of the tail footpad and bone marrow,0
typhimurium shigella sonnei and enterotoxigenic escherichia coli,0
isolation and characterization of elasnin a new human granulocyte elastase inhibitor produced by a strain of streptomyces,0
the exotoxins of bordetella pertussis and vibrio cholera have been used to investigate signal transduction in the human tcell lymphoma jurkat,0
the staphylococcal transposon tn4001 was introduced into mycoplasma pulmonis using an escherichia coliderived vector by polyethylene glycolmediated transformation,0
the responses of the neurons to the putative excitatory neurotransmitter glutamate and inhibitory transmitters gaba and glycine were also relatively resistant to alcohol exposure,0
the fine structure of the hypothalamic secretory neurons of the whitecrowned sparrow zonotrichia leucophrys gambelii passeriformes fringillidae,0
the maninfecting hookworm species ancylostoma ceylanicum was not found at all and a braziliense was only found in dogs in aruba in light infections,0
the high degree of satisfaction of patients 83 with the outcome of this surgical method suggest its application in cases of medium metatarsus primus varus within hallux valgus deformations when the metatarsophalangeal joint is not affected,0
these data are consistent with the possibility that the receptor present on both rhesus monkey erythrocytes and human lymphocytes has similar specificities and biochemical composition,0
large quantitative individual variations were found but in most cases th urine collected from both rabbits and humans contained more iodide than had been injected,0
comparison of the hydroxylation of zoxazolamine and benzoapyrene in human placenta effect of cigarette smoking,0
tests were conducted on small samples of sclera taken from cattle eyes and human eyes to determine the mechanical properties of the tissue in compression,0
filth flies caught with nets in various localities of varying sanitary conditions in ibadan city were predominantly musca domestica and a few fannia cannicularis,0
each human a gammaallele shares specific sequence features with the gorilla a gammagene one such distinctive allelic feature involves the simple repeated sequence in ivs 2 this suggests that early in the human lineage the a gammagenes may have undergone a crossingover event mediated by this simple repeated sequence,0
since each of the viruses retained the general tissue tropism that it exhibits in humans these data suggest that transgenic mice harboring human viruses will be useful as animal models for viralinduced diseases,0
the splice junctions of the four known rhodophyte introns comply well with the corresponding consensus sequences of higher plants in agreement with previous suggestions from phylogenetic inference that red algae and green plants may be sister groups,0
human umbilical cord endothelium or bovine capillary endothelium were cultivated on the bm surface,0
seroepidemiological studies of bovine babesiosis on pemba island tanzania,0
an electron microscopic study of two types of muscle fibers in the pharyngeal pad of crussian carp carassius carassius,0
proteins human immunoglobulin g and protein a of staphylococcus aureus coupled to the surface of erythrocytes sheep mice man and chicken and to mouse spleen lymphocytes by chromic chloride technique acquire electrondense properties and may be visualized in electron microscopy,0
two formulations of chicken summer sausages 100 hand deboned chicken meat hdcm and 85 hdcm and 15 chicken hearts hdcmch were prepared with a nonpediocinproducing ped pediococcus acidilactici starter culture and inoculated with 104 or 107 cfu of a fivestrain mixture of listeria monocytogenesg of batter,0
immunomodulation in cattle immunized with brucella abortus strain 19,0
dna species from all oxidasepositive strains of moraxella and from a variety of common bacteria are unable to transform the competent acinetobacter,0
this was done by sequential addition to the hsvinfected cells of a human antihsv b rabbit antihuman globulin c guinea pig antirabbit globulin the bridging reagent and d rabbit pap,0
in flatmounts of the carp retina among 368 coneconnected horizontal cells which were singly marked by intracellular lucifer yellow under various experimental conditions 15 cells 41 were found to possess a bifurcate axon and two terminals,0
determination of the dna content in cell nuclei of the nerve tissue of helix pomatia l and planorbarius corneus l atylomatophora and basommatophora gastropoda,0
as gamma rays or xrays cannot be detected directly they must be converted into photo or compton scatter electrons,0
adipokinetic hormones akh i pgluleuasnphethrproasntrpglythrnh2 and akh ii pgluleuasnphesertrpglythrnh2 are synthesized by neurosecretory cells nsc of the corpora cardiaca cc in the locust schistocerca gregaria,0
background and design after the chance of observation of an elevated parathyroid hormone pth value in a patient with pityriasis rubra pilaris the serum pth level was measured in the next 14 patients seen with disorders of keratinization,0
it was found that although resting human t cells cannot respond effectively to resting murine apc they can respond to activated murine stimulator populations,0
the powdered seeds of acacia arabica and roots of caralluma edulis were administered in doses of 2 3 and 4 gmkg bodyweight to normal and alloxandiabetic rabbits,0
mucociliary transport of human ear secretions in otitis media with effusion,0
the pattern of connections between the nucleus basalis neostriatum hyperstriatum ventrale paleostriatum complex and archistriatum in the mallard has been analysed using nissl material and a combination of neuroanatomical tracing procedures autoradiography horseradish peroxidase and horseradish peroxidasewheat germ agglutinin histochemistry lesiondegeneration technique,0
23 species of 3 genera are reported from central siberia as follows anopheles maculipennis culiseta alaskaensis aedes beklemishevi a cantans a caspius dorsalis a cataphylla a communis a cyprius a diantaeus a excrucians a fitchii a flavescens a hexodontus a impiger a intrudens a leucomelas a nigripes a pionips a pullatus a punctor a rempeli a stricticus a cinereus,0
expression of the heterodimeric form of human immunodeficiency virus type 2 reverse transcriptase in escherichia coli and characterization of the enzyme,0
the distribution of presumptive glutamatergic andor aspartatergic neurons retrogradely labeled following injections of 3hdaspartate into the magnocellular basal forebrain of the rat was compared with the distribution of neurons labeled by comparable injections of the nonspecific retrograde axonal tracer wheat germ agglutinin conjugated to horseradish peroxidase,0
responses to gaba homotaurine taurine betaalanine 5aminovaleric acid  and gammaaminobetahydroxybutyric acid and muscimol were equally enhanced by pentobarbitone though its action on glycineinduced icl was less effective,0
contribution to the cytotaxonomy of shrews mammalia insectivora from west africa,0
the effects of mci225 on amnesia the cerebral glucose metabolism and choline acetyltransferase chat activity in basal forebrain bflesioned rats were studied in comparison with those of tacrine,0
these pale cells are preferentially concentrated in the nodulus the ventral uvula the lingula the flocculus and parts of the paraflocculus,0
according to the received data trichinella nelsoni and t nativa occupied different areas,0
the distribution of the neuroactive amino acids glutamate gaba and glycine in the human retina was examined in consecutive semithin sections treated with antisera specific for fixed glutamate gaba and glycine respectively,0
the tracers used were unconjugated horseradish peroxidase hrp horseradish peroxidase conjugated to wheat germ agglutinin wgahrp and rhodaminelabeled fluorescent latex microspheres rfm,0
two hundred and thirtyfour histological specimens from 117 of the patients as well as 100 specimens from 50 controls were analyzed for villous obliteration brunners gland dilatation and mucus depletion erosion mucosal hemorrhage and edema atypia of the surface epithelium and gastric surface epithelial metaplasia,0
resistance of young lambs to haemonchus contortus infection and its loss following anthelmintic treatment,0
the sensitivities of deia and radioisotopic liquid hybridization were similar in five sets of experiments performed with a known number of human wbc,0
restoration of the name aedes o mercurator dyar for the mosquito known in the ussr as aedes riparius ater gutsevich diptera culcidae,0
hot aqueous and methanol extracts of the rhizomes of woodwardia orientalis were tested for their in vitro antiviral activity against herpes simplex virus type 1 hsv1 poliovirus type 1 and measles virus by plaque reduction assay,0
the most common organism isolated was streptococcus viridans 14 percent followed by staphylococcus aureus 7 percent,0
direct immunoelectron microscopy demonstrated thick deposits of igg overlying the lamina lucida and the lamina densa in a unique pattern,0
the relationship between kappa opioidinduced movement and output stations of the substantia nigra pars reticulata snpr was examined using the rodent circling model,0
oedipus on colona attempt to bring psychoanalysis and literary criticism on a common denominator,0
we conclude that lgd lamination and the segregation of retinal inputs to the lgd in marsupials are likely to be the result of evolutionary factors which differ from those which have produced ocular segregation and complex lamination in several lines of placental mammals,0
the sensitivity of guinea pig mesenteric and pulmonary mast cells to some histamine releasers,0
assessment of cytosine arabinoside in the management of herpes zoster ophthalmicus,0
feline peripheralblood lymphocyte populations n  22 were examined for the following markers rosette formation with guinea pig erythrocytes gpet cells rosette formation with human rbc hrbct cells rosette formation with sheep rbc mixed rosette formation with gpet cells and hrbct cells total t cells erythrocyte antibodycomplement rosettes and surface immunoglobulin,0
we investigated several methods for the rapid diagnosis of herpes simplex virus induced encephalitis in a rabbit model,0
in addition the three previously recognized species ureaplasma urealyticum human ureaplasma diversum bovine and ureaplasma gallorale avian which were established on the basis of phenotypic properties were also shown to be genomically distinct,0
i the lens proteins of the agnatha and chondrichthyes,0
we have investigated the presenceabsence of two types of retroposed sequences found in human ribosomal dna in equivalent positions in chimpanzee gorilla orangutan gibbon and rhesus monkey rdna,0
the infusion of two enzymes that degrade hyaluronic acidtesticular hyaluronidase and streptomyces hyaluronidasewas evaluated by quantitative aqueous perfusion of rabbit eyes and by analyses of glycosaminoglycans gags isolated from the enzymetreated eyes,0
effects of concanavaline a on fecondation and development of the ovum of the seaurchin paracentrotus lividus,0
copiamycin an antibiotic agent has shown in vitro activity against candida albicans torulopsis glabrata and trichomonas vaginalis,0
elongation of the murein sacculus of escherichia coli,0
we extracted the outer cell wall from nontypable h influenzae using zollingers method and inoculated extracts into the middle ears of guinea pigs that had previously received three injections of nonviable h influenzae in freunds complete adjuvant,0
adcc using antiserum directed against virulent s sonnei was demonstrated against virulent s sonnei but not against virulent s sonnei or virulent s flexneri,0
crystalline lhistidine ammonialyase of achromobacter liquidum was prepared with a 24 recovery of the activity,0
from neurointermediate lobe nil extracts of two species of cyprinidae carassius auratus and cyprinus carpio several peptides were separated by highperformance liquid chromatography hplc on a c18 mubondapak column eluted with a methanolacetic acidtriethylamine mixture,0
after a control period of 2 months five male marmosets on their usual sodiumpoor diet were immunized against pure human renin by three subcutaneous injections of 30 micrograms each with complete and then incomplete freunds adjuvant,0
c study of 53 strains of moraxella lwoffi and moraxella glucidolytica isolated during the epidemic,0
relationship between plasma 17beta estradiol on the day of estrus and number of viable embryos in bos indicus nellore cows superovulated with fsh,0
biological characteristics of salmonella strains isolated in 1980 from slaughter bulls and slaughter cows in bavaria,0
in addition one of the dogs had recurrent paralysis of nerves v vii ix and x leading to dysphagia and total bilateral paralysis of the mandibular muscles,0
fluorescence in situ hybridization on banded chromosomes under high stringency conditions revealed that pg39 identifies homologous sequences at the centromeric region of ten gorilla chromosomes and with few exceptions also recognizes the homologous chromosomes in human,0
the effects of the components of the reninangiotensin system on the isolated perfused human placental cotyledon,0
although most infected individuals remain well h pylori is involved in the pathogenesis of type b gastritis and peptic ulcer disease,0
the fishes assessed were herbivores including ctenochaetus strigosus kole ctenochaetus hawaiiensis acanthurus sandvicensis manini and mugil cephalus mullet and the carnivores cephalopholis argus roi and cheilinus rhodochrous poou,0
other metabolic changes associated with kainic acid seizures also predominate in the hippocampus were decreases in the levels of aspartate glutamate taurine and glutamine and an increase in the level of gaba are observed after 20 minutes of seizure activity,0
apparently the type of nod gene inducers secreted by the plants is the major basis for the separation of phaseolus and lotus into different cross inoculation groups,0
a total of 69 rats aged 6 to 8 wk were sensitized to subcutaneous ovalbumin oa 1 mg and intraperitoneal bordetella pertussis vaccine 6 x 109 bacilli,0
the immunological basis for the differences between sensitized and tolerant rabbits is discussed together with its possible bearing on human onchocerciasis,0
skewed secondary sex ratios and investment patterns in galagos and red deer appear to be consistent with this hypothesis,0
the mic50 of cefotaxime to bacteroides fragilis and b vulgatus was lowered from 6 and 4 mgl respectively to 2 and 1 mgl respectively when 4 mgl desacetylcefotaxime was added to the medium,0
a patient is described who had three consecutive fetuses with cystic hygroma and hydrops two of which had documentation of normal karyotype,0
longipalpis captures in santarém and in another focus of visceral leishmaniasis on the island of marajó pará have been shown to be biologically and biochemically indistinguishable from the parasite infecting man dogs and foxes in pará and from stocks obtained from man elsewhere in brazil bahia and ceará states,0
expression of human hypoxanthine phosphoribosyl transferase in chinese hamster cells treated with isolated human chromosomes,0
the cellular fatty acid composition of brucella ovis and brucella abortus strains was determined by gasliquid chromatography,0
a series of 2092 cultures of salmonella typhimurium isolated from human animal and other sources in 57 countries were differentiated into 204 phage types and 19 primary and 147 full biotypes,0
depleting normal human serum of antibodies to p6 by affinity chromatography resulted in reduced bactericidal activity of that serum for nontypeable h influenzae,0
in view of the fact that according to earlier studies of the authors based on a bacteriological test human duodenal juice also exhibits an intrinsic factor activity it is suggested that the duodenal intrinsic factor may be involved in the pathogenesis of pernicious anaemia,0
cloning characterization and expression in escherichia coli of the streptomyces clavuligerus gene encoding deacetoxycephalosporin c synthetase,0
two new foci of transmission of schistosoma mansoni in the state of pará are recorded with the finding of naturally infected biomphalaria glabrata in the municipalities of viseu and belém,0
transformation of an slp1 s lividans strain with such plasmids results in chromosomal integration of the slp1 sequence at the same site at which it is integrated in s lividans cells that acquire the sequence by mating with s coelicolor,0
expression and characterization of recombinant human ciliary neurotrophic factor from escherichia coli,0
frap was specifically localized to small and mediumdiameter primary afferent neurons and inner substantia gelatinosa of all nonrodent animals studied including rabbit cat dog monkey cow and human,0
among the few proteins of the eukaryotic nucleolus that have been characterized four proteins nucleolin fibrillarin ssb1 and nsr1 possess a common structural motif the gar domain which is rich in glycine and arginine residues,0
this injury was reduced to 21  2 by treatment with the highly specific free radical scavengers superoxide dismutase and catalase together either before anoxia or after anoxia but just before reoxygenation,0
histological changes elicited in schistosoma japonicum infected rabbits following curative chemotherapy with 4isothiocyano4nitrodiphenylamine c9333gocgp 4540,0
a local shwartzman response was elicited in rabbits by an intradermal injection of the salmonella typhosa endotoxin lipopolysaccharide lps followed 24 hours later by an intravenous challenge injection with zymosan,0
strongyloides stercoralis hyperinfection in a malnourished 6yearold boy was characterized by severe diarrhea dehydration and marked hypokalemia followed by acute respiratory failure due to respiratory muscle paralysis and cardiac arrest,0
infectivity growth and development of echinostoma revolutum digenea echinostomatidae in the golden hamster mesocricetus auratus,0
in behaving hermissenda a preparatory conditioned response developed across repeated pairings of light conditioned stimulus cs and rotation unconditioned stimulus us with intertrial intervals itis of 60 and 120 s but not 30 s likewise contiguous in vitro stimulation of the visual and vestibular receptors an analog of behavioral conditioning resulted in an increase in the input resistance ie excitability a correlate of conditioning of the b photoreceptors of the hermissendas eye but only with itis greater than 60 s calcium signaling in the b cell critical to the induction of this neuronal plasticity was attenuated with shorter itis owing to a a reduction of the lightinduced generator potential and hence voltagedependent ca2 influx during the light cs b a depression of the ca2 current that persisted throughout shorter itis and c a steadystate inactivation of the ca2 current as a result of a sustained depolarization persisting from the previous trial,0
inhibition of xenograft rejection reaction in the bug triatoma infestans during infection with a protozoan trypanosoma cruzi,0
the youngest rings and young trophozoites erythrocytic stages of plasmodium yoelii nigeriensis and p yoelii killicki two rodent malaria subspecies developing very asynchronously in the blood were separated from the other stages using a discontinuous percollglucose gradient,0
sem has also contributed to the study of the physiologically important basallateral surfaces of human dog rat rabbit and frog renal tubules and in particular allowed the elucidation of patterns of processes on the basallateral surfaces of proximal s1 s2 and s3 tubular segments thin limbs distal ascending and convoluted limbs and collecting ducts in human tubules,0
cytotoxicity of the bacterium actinobacillus actinomycetemcomitans extracts in human gingival fibroblasts,0
we report the first successful culture of 8cellmorula stage rat embryos in a fully synthetic medium supplemented with 3 crystalline bovine serum albumin,0
a prospective study in two small subgroups of lora and eora revealed a progression of xray erosions despite second line drug treatment in both groups especially in lora,0
the relative allergenicities of parietaria judaica and parietaria officinalis have been studied by in vivo and in vitro techniques and a strong resemblance has been shown with common allergenic polypeptides though they differ in a group of anodic proteins,0
this element shares significant structural similarities with a class of transposons that includes tc1 from caenorhabditis elegans and therefore represents a new class of transposable elements in fungi,0
on the origin of islet parencymal cells in a cyclostome myxine glutinosa,0
3hach also bound specifically to human cerebral cortical tissue and this binding was approximately three times lower than in rodent brain when a low 3hach concentration was used,0
different ammonia toxicity induced by ammonium acetate administration in frogs lead to variable excretion of ammonia and urea into the medium,0
enterobacter agglomerans strains differ from other enterobacter species with respect to their siderophore pattern,0
the lectin pha and con a induced agglutination of a human tumour cell line lung adenocarcinoma and osteosarcoma was estimated by the spectrophotometric method,0
investigating overdispersion moniliformis acanthocephala and rats,0
organisms of the mycobacterium avium m intracellulare and m scrofulaceum mais group were recovered in significant numbers from 63 soil samples collected from the floodplains of 4 major rivers in the eastern united states hudson ny james va savannah ga sc and tombigbee al ms,0
indigenous and crossbred cattlea comparison of resistance to ticks and implications for their strategic control in zimbabwe,0
other changes included mass loss normocytic hyperchromic anaemia leukocytosis with neutrophilia reductions in plasma proteins creatinine calcium and cholesterol elevated serum enzymes hepatosis nephrosis and mycoplasmalike interstitial pneumonia,0
z1 was predominantly isolated from arboreal mammals especially didelphis marsupialis z3 was mainly found in terrestrial or burrowing mammals particularly dasypus novemcinctus and monodelphis brevicaudata,0
the minimum inhibitory concentration for 90 of isolates mic90 of the enterobacteriaceae was 05 mgl or less while for campylobacter neisseria haemophilus mic90s were 025 mgl or less,0
two of them vernonia brasiliana and eupatorium squalidum were tested in a randomic approach among 273 crude extracts from plants four acanthospermum australe esenbeckia febrifuga lisianthus speciosus and tachia guianensis were selected after screening 22 crude extracts from different medicinal plants used in brazil against fever andor malaria,0
in vivo formation of metabolites of prostaglandins i2 and i3 in the marmoset monkey callithrix jacchus following dietary supplementation with tuna fish oil,0
2 although the tentacles of the polyp and the rhopalia of the medusa are probably homologous the development of pacemaker activity during strobilation is not a smooth transition from tentacle contraction potentials tcps to marginal ganglion potentials mgps,0
nuclear and chloroplast control of chloroplast structure and function in chlamydomonas reinhardi,0
however the other components of the bovine satellites were amplified after the divergence of the cattle and the caprinae sheep and goat,0
the subunit structure of sweet potato betaamylase crystallized in the absence of alphacyclodextrin is very similar to that of soybean betaamylase complexed with alphacyclodextrin,0
tnc was also observed in muscle from dogs with muscular dystrophy and in human boys with dmd,0
protamineinduced histamine release in human skin mast cells,0
in five conscious dogs prepared with a gastric cannula and platinum monopolar electrodes in the antrum duodenum and jejunum the effect of dopamine or copper sulfate on the myoelectric activity was studied,0
human dna polymerase alpha as well as dna polymerase beta rat liver terminal deoxynucleotidyltransferase calf thymus or hsv1 and cmv dna polymerases did not incorporate nittp into a growing dna chain,0
the cellmediated immune response of lymphocytes to rubella measles parainfluenza types 1 2 and 3 varicellazoster and herpes virus type 1 virus antigens was evaluated in 15 sle patients and 15 matched controls by incorporating 3hthymidine in whole blood cultures as a measure of blastic transformation,0
ethanol at physiologically tolerable concentrations did not affect the primary phase of adpinduced aggregation of human or rabbit platelets which is not associated with the secretion of granule contents,0
initial rates of trichloroacetic acidsoluble 3hrelease were linear over 1030 min of incubation of factor ix 88 nm with cacl2 5 mm and with pure greater than 98 factor xia 00613 nm which was prepared by incubating human factor xi with bovine factor xiia,0
inhibitory effects of mycotoxins on nadependent transport of glycine in rabbit reticulocytes,0
two types of mtdna molecule were detected in yunnan native cattle five individuals showed the type of yellow cattle bos taurus the other ten showed that of zebu cattle bos indicus suggesting their european and zebu origins,0
pimelea neoanglica poisoning of cattle,0
2 using formalinized platelets to avoid possible complications of the platelet release reaction wheat germ agglutinin showed a marked increase 5fold in the binding of active thrombin peanut agglutinin had no effect while ricinus communis and bandieria simplicifolia showed marginal increases 2fold,0
comparison of the 5upstream region of the hatp1 gene with those of the genes for bovine atp synthase alpha human beta and human gamma subunits indicated three common sequences suggesting that putative ciselements coordinate the expressions of the three subunit genes for the atp synthase,0
reciprocal in vitro actions of streptococcus mutans actinomyces and veillonella a simplified model for carbohydrate metabolism in plaque,0
as an aid to the identification of children at high risk for s pneumoniae or h influenzae type b bacteremia it appears that wbc and pmn counts may be interpreted without regard to race,0
susceptibility of larvae of culex fatigans wiedmann anopheles stephensi liston and aedes aegypti linn to insecticides in pondicherry,0
five were infected four with staphylococcus epidermidis and one with staphylococcus aureus,0
identification of ecdysonoic acid and 20hydroxyecdysonoic acid isolated from developing eggs of schistocerca gregaria and pupae of spodoptera littoralis,0
bartonella bacilliformis is a member of the order rickettsiales family bartonellaceae,0
ldopa stimulated the kinduced 3hgaba gammaaminobutyric acid release from slices of substantia nigra pars reticulata entopeduncular nucleus globus pallidus and caudateputamen isolated from the ipsilateral side of 6hydroxydopaminelesioned rats but the release from ipsilateral subthalamic slices was not affected,0
borrelia burgdorferi is the new great imitator,0
the incidence of aberrant innervation of the lateral geniculate nucleus by ascending somatic sensory axons was examined following injections of wheat germ agglutinin conjugated with horseradish peroxidase into the dorsal column nuclei of adult mice which were 1 normal 2 normal but bilaterally enucleated on the day of birth 3 normal but received a large unilateral lesion of the rostral cortex on the day of birth 4 normal bilaterally enucleated as well as unilaterally lesioned in the rostral cortex on the day of birth 5 homozygous for an ocular retardation mutation orjorj or 6 homozygous for the orj mutation and received a large unilateral lesion of the rostral cerebral cortex on the day of birth,0
permeability and selectivity of canine and human jejunum during cholera,0
using pyrolysis gas chromatography it was possible to identify each of a series of eleven penicillium species and the related species aspergillus niger cmi 31821 and neurospora crassa cmi 75723 based on relative peak heights and retention times of the most reproducible peaks in each pyrogram,0
an immunofluorescence study on the occurrence of endogenous lectins in the differentiating oocytes of silver carp hypophthalmichthys molitrix valenc and tench tinca tinca l,0
phlebotominae sandflies as the key link of leishmania parasitic systems,0
replication with escherichia coli dna polymerase i pol i and transcription with dnadependent rna polymerase from escherichia coli or calf thymus using as templates synthesized ribo or deoxyribopolynucleotides containing 1n6ethenoadenine epsilon a or 3n4ethenocytosine epsilon c showed that only epsilon c could direct significant misincorporation,0
in al 942 sousliks were caught in the experimental areas and 2624 specimens of fleas of different species and 2305 ticks of r schulzei collected,0
the same individual mosquitos were caught biting cattle and man on different occasions and the numbers caught demonstrated an overall preference for the cattle,0
development of onchocerca lienalis and o volvulus from the third to fourth larval stage in vitro,0
a schistosoma mansoni cdna library was constructed from the mrna of adult worms in the expression vector lambda gt11 and screened with a rabbit antiserum raised against the 26kda s mansoni glutathione stransferase isoforms sm gst 26,0
relationship between skinsensitizing antibody production in the eastern cottontail sylvilagus floridanus and infestations by the rabbit tick haemaphysalis leporispalustris and the american dog tick dermacentor variabilis acari ixodidae,0
transgenic mice exhibiting inducible supranormal liver expression of human epo were used to identify epoproducing cells in the liver,0
a human small cell undifferentiated carcinoma of the prostate xenografted in nude mice was analyzed both cytogenetically and by dna flow cytometry,0
lectins from canavalia ensiformis phaseolus vulgaris and triticum vulgare react with arylamidase alkaline phosphatase gammaglutamyltransferase and cholinesterase of human sera by formation of enzymatically active mostly insoluble complexes,0
paramyosins from taenia solium schistosoma mansoni and the mussel mytilus edulis bind polymeric collagen and can be isolated from crude extracts of tissues by collagen affinity,0
leucocytozoon caulleryi sporozoites that had been stored at 196 degrees c or 80 degrees c for 6 or 12 months in eagles minimum essential medium or medium 199 supplemented with 5 glycerol and 10 chicken serum showed infectivity to chickens,0
the coupled processes blockade of the triggering da stimulating system and activation of the inhibitory gabaergic system with the predominant value of postsynaptic d2 receptors are a neurochemical basis for development of amnesia,0
both species exhibit less compliant chest walls than would be predicted for animals this size 45 and 5 kg and the coati lung compliance is greater than that of the woodchuck or the prediction,0
to examine alterations in lung structure that may relate to this stressbearing role the lungs of mice hamsters rats rabbits rhesus monkeys baboons and humans were preserved by vascular perfusion of fixative,0
the only tick found argas persicus was on a few semiwild stock while lice of genus damalinia were found only on wild birds,0
diarrhea caused by vibrio cholerae and salmonella muenchen,0
in this study 20 strains of escherichia coli isolated from infected urinarytract were screened for the occurrence of haemagglutinating ha activity and for the possible relationship between a fimbriate surface structure and adhesion ability to the surface of a human cell line,0
we have constructed a pair of broad host range expression vectors pjff224nx and pjff224xn based on plasmid rsf1010 which enable cloning and efficient expression of genes in actinobacillus pleuropneumoniae and pasteurella haemolytica and in escherichia coli,0
with the aid of affinity chromatography on sepharose4b activized by cnbr from the blood serum of rabbits who were previously immunized by general phospate protein extract of the human brain the author identified antibodies to brainspecific antigens,0
it would therefore appear that salmonella adheres to the wall of s intercalatum as to that of other schistosoma species and that both infections must be treated concomitantly,0
the cerebellorubromotor pathway impinging on both spinal and facial motor nuclei has been traced in the rat using the bidirectional transport of horseradish peroxidasewheat germ agglutinin conjugate,0
enhanced resistance to listeria monocytogenes in mice injected with either whole cells or fractions of the aerobic corynebacterium corynebacterium catarrhalis,0
baseline conditions are described and control values for plasma mhpg of human volunteers rhesus monkeys and rats are presented,0
plasmidcured y enterocolitica and y pseudotuberculosis strains did not react in the eia nor did nonpathogenic y enterocolitica strains or y frederiksenii y intermedia and y kristensenii strains,0
we studied the adherence of human erythrocytes to larvae of the intravascular parasite schistosoma mansoni by transmission microscopy freeze fracture and fluorescence techniques,0
streptococcus suis type 2 in swine,0
the synthetic peptide wlgredgse showed chemotactic activity against guinea pig macrophages and human monocytes at the concentration of about 108 m,0
amino terminal sequence analysis up to the 40th residue showed close homology between the badger dog and human proteins badger and dog apoai differed only at residue 24 at which serine in the dog was substituted by glycine in the badger,0
although the prevalence rates varied in each of the 3 study locations both species of amoeba were found in baboons from all of them,0
this study demonstrates that epi may act on hepatocytes isolated from the american eel and black bullhead through both signal transduction pathways inducing changes in glucose production and ca2 mobilization previously reported in these species,0
while more larvae and nymphs of amblyomma hebraeum and amblyomma marmoreaum were found on the birds than larvae of an argas sp it is believed that the latter are the vectors of a botuliformis n sp in addition to the kruger national park positive blood smears were obtained from guineafowls at other localities in the transvaal,0
hematology serum chemistry and urinalysis values of vesper mice calomys musculinus,0
gentle subcellular fractionation reveals transhydrogenase activity only in the cytosolic fraction of both saccharomyces cerevisiae and candida utilis while intact mitochondria and microsomes are without activity,0
the use of rodent antihuman antibody combined with immunoprecipitation aided by staphylococcibearing protein a may find general application in mapping human enzyme genes when human and rodent geneproducts are not distinguishable by other means,0
in these cases no growth of p stuartii was found on repeated urine culture but escherichia coli and morganella morganii were concomitantly isolated during the blue bags,0
leukocytes of the earthworm lumbricus terrestris secrete agglutinins in vitro as shown by measuring agglutinin titers of the culture medium and by observing secretory rosette formation by leukocytes with erythrocytes,0
among selected strains of mycobacterial nocardial and corynebacterial species corynebacterium sp 2628 lb isolated from a human leprosy patient showed the highest dna homology with m leprae,0
the impact of rape on the male victims was similar to that on female victims disrupting their biopsychosocial functioning however male rape appears to be underreported due to the stigma associated with it,0
3 in mediating electron transfer from chloroplast membranes to clostridium pasteurianum hydrogenase the flavodoxin from anacystis nidulans proved the most active with nostoc strain mac flavodoxin and porphyra umbilicalis ferredoxin also being appreciably more active than other cyanobacterial and higher plant ferredoxins,0
chronic gastritis and intestinal metaplasia,0
a resistance gene carb originally isolated from the carbomycinproducing organism streptomyces thermotolerans confers on streptomyces lividans highlevel resistance to the drug,0
nineteen untreated patients with hereditary ataxia hereditary spastic paraplegia and charcotmarietooths syndrome were investigated for immunological in vitro parameters lymphocyte transformation with pha con a pwm antigens determination of t and blymphocytes and hlatyping,0
by all the other recommended criteria for btotype identification it was found to be similar to brucella suis biotype 5 best known as brucella canis,0
an infant rat model of bacteremia with brazilian purpuric fever isolates of haemophilus influenzae biogroup aegyptius haemophilus aegyptius,0
experimental effect of rehmannia glutinosa on the pituitary and adrenal cortex in a glucocorticoid inhibition model using rabbits,0
topical superfusion by pafacether over a branch of the mesenteric artery of the guinea pig invariably results in the formation of a platelet thrombus adhering onto a denuded area of the vessel wall or at sites where local retraction of the endothelial cells has occurred,0
entamoeba histolytica adheres to human colonic mucins and colonic epithelial cells via a galactosebinding adhesin,0
a new species of beamerella acari trombiculidae from the leafchinned bat mormoops megalophylla in colombia,0
identification of allergens in dermatophagoides pteronyssinus mite body extract by crossed radioimmunoelectrophoresis with two different rabbit antibody pools,0
defects in the genes encoding tap1 or tap2 account for impaired class i assembly and antigen presentation in several human and rodent cell lines,0
the association between colonization of the antrum mucosa by campylobacter pylori and antrum gastritis as well as peptic ulcers has been documented in a number of studies,0
morphological abnormalities in myelinated nerve fibres caused by leiurus centruroides and phoneutria venoms and their prevention by tetrodotoxin,0
comparison of the regulatory and catalytic subunits of camp dependent protein kinase from dictyostelium discoideum and bovine heart using polyclonal antibodies,0
we report the production in escherichia coli of a murine antibody igg2b a murinehuman chimeric antibody igg3 and the corresponding fab2 fragments all directed against human placental alkaline phosphatase a tumor marker,0
facial swelling in cattle probably due to adder bites,0
in neighbourhoods with cholera infection 44 of surface water sources were positive for v cholerae whereas only 2 of surface sources were positive in control neighbourhoods,0
the possible role of gabasystems in affective disorders and in organic types of psychoses egporphyriapsychosis delirium tremens is discussed on the basis of pharmacopsychiatric considerations,0
however by 6 weeks these rats recognized most of the same m arthritidis surface antigens by western blot and radioimmunoprecipitation as were recognized by immunized rabbits,0
human urinary kallikrein and an antiserum to it raised in the rabbit were used to detect and quantitate immunoreactive tissue kallikrein in human serum,0
the patient reported a series of highly plastic and rapidly changing sensations of various insects such as spiders beetles and ticks without any equivalent in reality which to the patient seemed absolutely real throughout the psychotic episode,0
the results indicate that the hoatzin is most closely related to the typical cuckoos and that the divergence occurred at or near the base of the cuculiform phylogenetic tree,0
their poudomains are strikingly similar to class iii poudomains in mammals frog insects and nematode,0
coagulant and anticoagulant action of vipera berus venom on human blood,0
the effect of varying levels of beta 2adrenergic receptor beta ar expression on the capacity of the receptor to activate adenylyl cyclase through regulatory g proteins has been systematically explored in this paper using differential expression of hamster and human beta ar in l cells,0
the capacity to avoid phagocytosis and the activation of bovine alveolar macrophages bam by encapsulated mycoplasma dispar or purified m dispar capsule was investigated,0
working either with v79 hamster lung fibroblasts or chinese hamster embryo fibroblasts chef18 we treated cells for 30 min under conditions that expanded one or more pools of deoxyribonucleoside triphosphates,0
ureolytic bacteria were detected in the plaque flora of six subjects and included members of the genera actinomyces bifidobacterium staphylococcus and streptococcus,0
furthermore the growth of several cell lines derived from rodents l chl and ah109a cells was suppressed by mii these results suggested a possibility that the different effects of mii on the growth of hsf and msf might be due partly to differences in the effect of mii on fatty acid synthesis between human and rodent cells,0
we investigated the physiological and pharmacokinetic properties of plasma prorenin and its plasma conversion to active renin by bolus infusions of human recombinant prorenin 05 2 20 micrograms n  4dose into anesthetized male cynomolgus monkeys,0
the accuracy and precision of drug measurements made by different analytical techniques of a range of eight antiepileptic drugs four tricyclic antidepressants theophylline and digoxin in three different matrices human bovine and newborn calf serum were compared using data reported to the heathcontrol external quality assurance scheme over 18 months,0
quinidine 1100 micrometer exerted negative inotropic effects in papillary muscles from guinea pigs and cats,0
specific detection of campylobacter jejuni and campylobacter coli by using polymerase chain reaction,0
on the other hand these studies permit a better understanding of factors which aggravate human asthma,0
ii a critique of the literature on the squamata and rhynchocephalia,0
simultaneous transfer to escherichia coli k12 of shigella flexneri f6s hfr antigenic determinants and resistance to t phages authors transl,0
alphascaseins were isolated from buffalos and cows milk and hydrolyzed with rennet bovine pepsin microbial proteases from mucor miebei mucor pusillus lindt and endotbia parasitica,0
conversely salmonellainfected mice were totally resistant to intravenous challenge with l monocytogenes,0
the mutants do not display crossresistance for cona but are slightly crossresistant to pha,0
astragalus membranaceus and cinnamomum cassia that tone the blood and vital energy and strengthen health and immunity,0
pthrp concentrations in bovine ovine and human milk were 592  185 741  350 and 366  207 microgramsl mean  sd respectively in pooled samples collected at various stages of lactation,0
against providencia spp proteus spp and haemophilus influenzae sy5555 was less active than cefixime or cefteram,0
increased survival after treatments with anticancer agents of chinese hamster cells expressing the human mr 27000 heat shock protein,0
ataxiatelangiectasia a human mutation giving highfrequency misrepair of dna doublestranded scissions,0
opidn is characterized clinically by an initial postexposure delay period of 814 days after which signs of progressively developing ataxia and paralysis of the hindlimbs are observed,0
we have studied the count evolutions of total aerobic mesophilic microorganisms psychotrophic microorganisms enterobacteria faecal coliforms sulphitereducing bacteria and vibrio in spanish semipreserved anchovies,0
2 new phlebotomi from french guyana  lutzomyia yuilli pajoti n s sp and lutzomyia claustrei n sp,0
infections of leucocytozon simondi occurred more frequently 86 than haemoproteus nettionis 22 in the infected birds,0
the effects of bovine tick resistance on the susceptibility of hyalomma anatolicum anatolicum to infection with theileria annulata ankara,0
studies on ascaridoid nematodes in pythons speciation of ophidascaris in the oriental and australian regions,0
the regulation by cryptococcus neoformans encapsulation of interleukin 1 beta il1 beta and tumor necrosis factor alpha tnfalpha production by human monocytes was investigated,0
the hybrid vaccine strains were two lots of salmonella typhishigella sonnei vaccine two lots of escherichia colishigella flexneri vaccine and their parental strains,0
in rodent and nonhuman primate tissue 99mtcbicisate was rapidly metabolized to a monoacid ester 99mtcnn12ethylenediylbislcysteine monoethyl ester,0
median serum bactericidal titers expressed as reciprocal values percentage of the sera with a titer greater than or equal to 8 were measured against 25 test organisms in samples collected 6 h after the administration of netilmicin and were for the qd group 16 82 against members of the family enterobacteriaceae and less than 2 8 against pseudomonas aeruginosa and for the tid group 4 57 against members of the enterobacteriaceae and less than 2 0 against p aeruginosa,0
2 a model for the degradation of hyaline cartilage by frustrated phagocytosis was developed in which human polymorphonuclear leucocytes cause a release of glycosaminoglycan peptides from hyaline cartilage slices bovine nasal septum,0
the phytopathogenic fungus alternaria eichorniae attacks water hyacinth an economically significant aquatic weed,0
nicotiana tabacum protoplasts have been transformed by agrobacterium tumefaciens containing a tdna in which the gene cyp51a1 encoding lanosterol14demethylase lan14dm from saccharomyces cerevisiae is under the control of a cauliflower mosaic virus camv 35s promoter,0
group b streptococcus gbs a common neonatal grampositive pathogen causes similar pathophysiology in human newborns and neonatal animal models of sepsis,0
the following were examined suspension cultures of soybean glycine max tubers of potato solanum tuberosum florets of cauliflower brassica oleracea developing endosperm of maize and of sweet corn zea mays roots of pea pisum sativum and the developing embryos of round and wrinkled varieties of pea,0
comparative study of enzymes produced by 2 kinds of mycelium composing the thallus of corticium rolfsii sacc curzi,0
the gross topographic features of a freshly prepared brain of the felis jaguarondi yagouaroundi indigenous to central and south america but rare in north america was compared with an endocast from the philippine f minuta bengalensis and brains of the american f domestica catus,0
five lineages were studied represented by neisseria gonorrhoeae nitrosomonas europaea alcaligenes faecalis rrna groupiii pseudomonadsrubrivivax gelatinosus and rrna groupii pseudomonadsrhodocyclus tenuis,0
no correlation could be found between the isolation of campylobacter fetus ssp jejuni and the diagnosed disease condition of the birds examined,0
trichinella pseudospiralis in humans description of a case and its treatment,0
protective immunity against ancylostoma caninum in dogs vaccinated with freeliving soil nematodes,0
this organism specifically induced endothelial cell phagocytosis because neither candida tropicalis nor torulopsis glabrata was ingested,0
root end resections to orthograde guttapercha obturations were performed on the mandibular premolars of six mongrel dogs,0
transfer of episome flac and chromosomal trp genes from erwinia amylovora to salmonella typhimurium,0
1nitropyrene 1nitrosopyrene and 1aminopyrene were investigated for their ability to induce covalently bound dna adducts in calf thymus dna and chinese hamster lung fibroblasts,0
choleralike toxic effect of culture filtrates of escherichia coli,0
the lucké renal adenocarcinoma is a herpesviruscaused malignancy that afflicts some northern leopard frogs rana pipiens,0
opisthorchis viverrini liver changes in golden hamsters maintained on high and low protein diets,0
immunelectrophoretic studies of the action of bacteroides fusobacterium leptotrichia and sphaerophorus species on human plasma proteins,0
purulent specimens were cultured when obtainable and pathogenic organisms identified were staphylococcus aureus betahaemolytic streptococcal group a pseudomonas aeruginosa pseudococcus species and klebsiella pneumoniae infections of which 457 were betalactamaseproducing and 543 were ampicillinsusceptible,0
intracellular location of vacuoles with acid phosphatase activity in trophozoites of entamoeba histolytica adhered to guinea pig cecal epithelium,0
the celluloseutilizing capability of the fungus cultured by the attine ant atta colombica tonsipes,0
in seven dogs two successive 10 min periods of lad occlusion did not modify peak myocardial na overflow from the predominantly ischaemic i or nonischaemic ni areas at either low 1 hz or high 10 hz frequency ansa stimulation,0
the monoclonal antibodies 1 specifically stained the cytoplasm of unfixed and formalinfixed dog gastric parietal cells 2 specifically reacted by elisa with gastric tubulovesicular membranes 3 recognised epitopes located on the luminal face of parietal cell tubulovesicular membranes the site of the proton pump by immunogold electron microscopy 4 immunoblotted a 6090kda molecule from tubulovesicular membranes and a 35kda component from peptide nglycosidaseftreated membrane extracts 5 immunoblotted the 6090kda parietal cell autoantigen associated with autoimmune gastritis and pernicious anemia purified by chromatography on parietal cell autoantibody or tomatolectinsepharose 4b affinity columns and the 35kda protein core of this autoantigen this autoantigen has amino acid sequence similarity to the betasubunit of the related naktransporting adenosine triphosphatase nak atpase toh et al 1990 proc,0
when virgin syrian hamsters aged 6 to 8 wk were mated during estrus and anesthetized with sodium pentobarbital nembutal 4 to 5 hr before estimated ovulation pregnancy wastage in the newly conceived litter was observed,0
surgical stabilization and bone grafting of the injured spine may effect correction of the kyphosis or scoliosis and permit healing of the vertebral fractures,0
a case of metastatic lung cancer healed clinically with an extract from human tubercle bacilli maruyama vaccinessm,0
the procedure was effective in young growing animals but did not afford any cross protection against either ostertagia circumcincta or nematodirus battus,0
bovine scleral fibroblasts bsf retinal pigment epithelium brpe and retinal glia brg were suspended in a rapidly polymerizing floating type i collagen matrix,0
in contrast wheat germ agglutinin wga and phytohemagglutinin pha had no effect on nitric oxide release,0
we examined the putative production of acid labile interferon in vitro from human peripheral blood mononuclear cells induced with corynebacterium parvum or poly i poly c both agents induced up to 1200 iuml interferon and the interferon was 80 to 90 acid labile,0
thirtyfive strongyle species 8 large strongyles and 27 small strongyles cyathostominae were recorded of which 9 species are reported from australia for the first time,0
electronmicroscopic evaluation of the gaba immunoreactivity revealed a heavy labelling of the basal bodies kinetosomes and a moderate staining of the cilia,0
or iv of human equivalent doses 525 mgsq m of corynebacterium parvum cp in mice have been compared,0
the cytotoxic activity of nine terpenoids and flavonoids isolated from artemisia annua was tested in vitro on several human tumor cell lines,0
spores typical of penicillium and aspergillus form species were not sought in spore trap deposits,0
however dysplasia and enterocolic metaplasia which can appear in the course of chronic atrophic gastritis should be payed special attention because of a possible increased frequency of malignancy,0
these mcabs inhibited reverse erosette formation and enhanced or depressed lymphocyte proliferation induced by pha or cona,0
statistically significant differences p less than 005 were found among the slopes of apricot and that of grape guava apple and orange,0
results of this analysis suggest that developmental changes in latency of responses arising within the auditory periphery are similar between humans and cats when appropriately normalized and that more central changes show less correspondence,0
we investigated the role of bacterial mannoseresistant fimbriation of s fimbriae fim mannoseresistant hemagglutination smrh and hemolysin hly production by an escherichia coli parent and genetically cloned strains as regards their effect on histamine release from rat mast cells and generation of the chemiluminescence response leukotriene and enzyme release from human polymorphonuclear granulocytes,0
there was no difference in the incidence of side effects including hypoprothrombinemia superinfections or colonization of the oropharynx with yeast enterococcus staphylococcus aureus or resistant gramnegative bacilli,0
nucleoside mimg was also detected by lcms in hydrolysates of the thermophiles thermoproteus neutrophilus and pyrodictium occultum,0
to quantify the neutralization of bacterial lipopolysaccharide lps by human plasma dilutions of escherichia coli o113 lps were incubated with plasma followed by the addition of limulus amebocyte lysate lal,0
infection of these leaves with the pathogenic fungus phytophthora infestans resulted in a large transient induction of pal mrna,0
they induce hepatocellular carcinoma in rats and birds and are suspected of being carcinogenic to humans,0
half the laboratories reported the serum sample positive for human immunodeficiency virus antibodies as indeterminate one laboratory rendered a final positive report without supplemental testing,0
cerebellar ataxia and unilateral asterixis caused by thalamic hematoma,0
mhc class ii restriction specificity of cloned human t lymphocytes reactive with dermatophagoides farinae house dust mite,0
of 111 strains isolated from throat swabs 86 775 per cent were classified as staphylococcus aureus and 25 strains 225 per cent as staphylococcus intermedius,0
organization of the thylakoid membrane from the heterotrophic cyanobacterium aphanocapsa 6714,0
therefore this study was undertaken by using wholemount immunofluorescent staining by two antisera that recognize different types of vasopressinlike immunoreactive groups of neurons in the cockroaches periplaneta americana leucophaea maderae nauphoeta cinerea diploptera punctata and blaberus discoidalis and in the mantids litaneuria minor and tenodera aridifolia sinensis,0
the diet of kloss gibbons appears to differ from that of other gibbons in that it contained no tree leaves and arthropods were a major part of the diet,0
data from studies of human airways although not explicit suggest that the rhesus monkey epithelial cell pattern resembles the pattern in the human terminal airways,0
eimeria zapi sp n from the meadow jumping mouse zapus hudsonius zimmerman in southwestern michigan,0
nucleotide sequence of the mgpa mgp operon of mycoplasma genitalium and comparison to the p1 mpp operon of mycoplasma pneumoniae,0
taxonomic studies confirmed that these new armadilloderived mycobacteria adm are different from all presently known species of mycobacteria including m leprae,0
micronucleus indication in vicia faba roots has been evaluated after irradiation with 60co gammarays,0
a hemolymph test for the detection of african swine fever virus in ornithodoros coriaceus acari argasidae,0
the cerebellar nuclear projection from the lateral reticular nucleus nrl was studied in 29 cats by means of retrograde axonal transport after implantation of the crystalline wheat germ agglutininhorseradish peroxidase wgahrp complex in the cerebellar nuclei,0
the isolates were identified as enterococcus avium two strains of enterococcus faecalis designated a and b lactococcus lactis lactobacillus animalis a lactobacillus that could not be identified to species level designated strain cms citrobacter freundii escherichia coli e fergusonii bifidobacterium animals and propionibacterium acidipropionici,0
the bone marrows of two female acute lymphoblastic leukemic cats were studied cytogenetically with the conventional and one also with the gbanding techniques,0
ponies were less uniformly infected with habronema sp larvae g nasalis larvae parascaris equorum o equi adults anoplocephala perfoliata s equinus and 11 small strongyle species and statistical analysis was not possible to do,0
beginning at 312 nt downstream from flge was a partial orf of 486 nt with a deduced amino acid sequence that was 33 identical to that of mota of bacillus subtilis a polypeptide that enables flagellar rotation,0
coupling of methyl 2346tetraobenzyl1thiobetad glucopyranoside and methyl 2obenzyl46obenzylidene3o2346tetraobenzylalphad galactopyranosyl1thiobetadglucopyranoside to a triheptoside derivative with a free ho3 using dimethylmethylthiosulfonium triflate and niodosuccinimidesilver triflate as promoters gave the protected tetra and pentasaccharide respectively,0
this paper gives a review of these studiesfrom the early work on mutation induction in barley to the development of procedures for dosimetry and risk estimation for humans,0
the use of cholodnystrugger combination method was helpful in ascertaining the decaying nature of a soil nematode and also fungal mycelium which during the process of decomposition served there as a substrate for bacterial multiplication,0
babesia bovis transmission by ixodes ricinus ixodoidea on the rhone plain,0
chromatin from ammonia activated sea urchin eggs contains a proteolytic activity capable of hydrolyzing urea denatured casein at ph 80,0
smokeless tobacco use by hispanics was comparable to that by whites,0
bovine babesiosis on nevisimplications for tick control,0
herpes simplex virus type 1 hsv1 infection of human fibroblast cells grown in culture induces reorganization of the cytoskeleton fibrillar structures,0
metronidazole was effective against b fragilis bacteroides and fusobacterium,0
time course of reorganization of patterns of the thalamic dorsomedial nucleus dmn focal potentials evoked by periamygdaloid cortex pc stimulation before and 290 days after the basolateral amygdala destruction was studied in semichronic experiments on anesthetized rats,0
antigenic crossreactivity between necator americanus and ascaris lumbricoides in a community in papua new guinea infected predominantly with hookworm,0
these glycosylated materials are probably of cg origin although they have not been directly localized to the cg in rabbit mice and humans,0
protozoa exhibited differential rates of engulfment 150 b megaterium gw1 and 4290 e coli w7m5 organisms per protozoan per h and they extensively degraded 3hdaplabeled b megaterium gw1 at rates up to nine times greater than those of ruminal bacteria,0
5 the lactonizing enzymes of rhodotorula and neurospora crassa had a ph optimum near 55 and approximate molecular weights of 19000 and 190000 respectively,0
in single equal doses 1  1 of 510 20 and 40 mgkg body wt to icr mice chinese hamsters and wistar rats,0
helicobacter pylori formerly campylobacter pylori is the causative agent of gastritis in man,0
the binding of 1anilino8naphthalenesulfonate ans to bovine serum albumin bsa human serum albumin hsa and human plasma has been studied by potentiometric titration utilizing a laboratory constructed ion selective electrode ise of ans,0
therefore host cell protein synthesis is required for the bacterium to infect the amoeba but not human macrophages,0
the pathogenicity of a strain of conidiobulus coronatus isolated from aenolamia postica was investigated in 152 mice 42 guinea pigs and 47 hamsters,0
the inhibition by diamine of the uptake of glycine and gaba can provide an explanation of the depressant effects of diamines seen after ventricular administration however the excitotoxic effects of the diamines 13diaminopropane through to 17diaminoheptane could not be explained by the present results,0
a thrombinindependent enzyme indistinguishable from the guinea pig liver transglutaminase with regard toi electrophoretic mobility was found in the choroidpigment epithelium and ciliary body of the human eye while the lens retina iris and vitreous humour did not contain detectable amounts,0
infection with cryptococcus neoformans occurs with increased frequency in patients with the human immunodeficiency virus hiv,0
the liver and kidneys were the major sites of apoai degradation but in the wham chickens the kidney made a twofold larger contribution to apoai degradation than in normal chickens,0
the marker tests included the e and earosette test immunofluorescence with rabbitpolyclonal antisera against human ig kappa and lambda light chains thymocytes granulocytes erythrocytes platelets lysozyme leukemic myeloblasts the common all antigen sb cellline cells antiia and a mouse antiia serum,0
mice were wholebodyirradiated with 5 fractions of roentgen rays in 5 days 5 fractions of cyclotron neutrons in 5 days or with mixed neutronphoton fractionated radiation in the sequence nnxxx or nxxxn,0
when rabbit igg sensitized sheep erythrocytes ea were preincubated with increasing amounts of fragment b a dose dependent inhibition of rosette formation between the human granulocytes and the treated ea was observed,0
survey of bacillus thuringiensis and bacillus sphaericus from soils of four provinces of china and their principal biological properties,0
in chronic otitis media these organisms plus staphylococcus aureus escherichia coli klebsiella pneumoniae pseudomonas aeruginosa and anaerobic bacteria are all prevalent,0
fatty acid synthesis from 114cacetate by chloroplasts isolated from peas and amaranthus was linear for at least 15 min whereas incorporation of the tracer into longchain acylacyl carrier protein acp did not increase after 23 min,0
neuropeptide yimmunoreactive neurons and nerves were observed in reptiles birds and mammals only,0
several immunoreactive proteins were identified using a rabbit serum spontaneously reacting with human centrosomes,0
an interesting observation was the significant occurrence of aeromonas hydrophilia and klebsiella pneumoniae in urine samples,0
a high level of p102 cosegregated with resistance to mvmp in cell hybrids between normal human and transformed mouse fibroblasts,0
the m genitalium homologs are designated p32 and p69 and correspond to p30 and hmw3 of m pneumoniae respectively j,0
a functional assay for protein c in plasma is described in which barium eluates of plasma are incubated with bovine thrombin and rabbit thrombomodulin to activate protein c the activated protein c solution is added to an activated partial thromboplastin time aptt system containing normal plasma and an aptt reagent dade actinr,0
studies on the life cycle of phaneropsolus bonnei and prosthodendrium molenkampi in thailand,0
the results indicate that the major carbohydrate sugar meal of lutzomyia peruensis is aphid honeydew,0
metronidazole tinidazole and dimetridazole were administered in the drinking water for 5 days to mice experimentally infected with tritrichomonas muris and tetratrichomonas microta,0
the induced sputum smear was examined for acidfast bacilli and cultured for mycobacteria,0
we conclude that rabbits perpetuate the agent of lyme disease in an enzootic cycle where rabbitfeeding ixodes are abundant that intensity of transmission is independent of the zoonotic cycle in mice but that infection may occasionally be exchanged between these cycles,0
intensity of schistosoma mansoni infection in a human population is inversely correlated with antibody response to smw68 a protective parasite antigen,0
seventeen of sixty distal extremities of the thoracic aortas of 12weekold control male turkeys and 37 of 40 distal extremities of the aortas of turkeys fed 007 betaaminopropionitrile bapn from 4 to 12 weeks of age contained areas of cartilaginous metaplasia when examined by light microscopy,0
acute intraocular injection of morphine or dalametenkephalinamide dalae in rabbits caused a sustained decrease in intraocular pressure,0
the expression of a major surface antigen of the intestinal protozoal parasite entamoeba histolytica in an attenuated salmonella typhimurium vaccine strain is described,0
we report a case of ureteral triplication as part of an autosomal dominant syndrome comprising bilateral amastia pectus excavatum umbilical hernia patent ductus arteriosus dysmorphic low set ears ptosis epicanthic folds with an antimongoloid slant to the eyes hypertelorism high arched palate flat broad nasal bridge tapered digits cubitus valgus and syndactyly,0
since ivomec is registered for use in cattle sheep and pig its use in horses has to be regarded as off label use,0
effect of dopamine on ecto5nucleotidase expression in human glomerular mesangial cells,0
the fine structure of developmental stages of babesia caballi in the salivary glands of hyalomma truncatum,0
after birth it undergoes involution at rates varying at different sitesin the medial wall of the lateral ventricle a matrix occurs only in cats aged 15 days in a region rostral to the lamina terminalis,0
regulation and kinetics of spermatogonial proliferation in arenicola marina annelida polychaeta,0
a low molecular weight protein of about 17 000 as determined by sdspolyacrylamide gel electrophoresis has been isolated from cilia and cell bodies respectively from paramecium tetraurelia wildtyp 51s,0
the extracts of fruits of phyllanthus emblica quercus pedunculata rumex cyprius terminalia bellerica terminalia chebula and terminalia horrida showed significant inhibitory activity with ic50  or  50 microgramsml,0
expression of the hut operons of salmonella typhimurium in klebsiella aerogenes and in escherichia coli,0
motorius n trigemini has bilaterally an ideal fresh volume of 080 mm3 in tupaia belangeri and 343 mm3 in spfcats,0
when superficial glomeruli in anesthetized munichwistar rats were rapidly fixed in situ by dripping glutaraldehyde onto the renal surface igg and catalase were largely confined to the glomerular capillary lumen with only small amounts in the lamina rara interna immediately beneath the endothelial fenestrae and none deeper in the basement membrane gbm or in the urinary space,0
gorgoderina alobata spnovtrematoda gorgoderidae from the toad bombina variegata,0
there are two potential nlinked carbohydrate addition sites one of which is glycosylated in human bovine and porcine plasminogens,0
functional differences between human cutaneous mast cells and basophils a comparison of morphineinduced histamine release,0
a study of the metabolic fate of human chorionic gonadotropin in rabbits,0
as a comparison we measured antibodies of 2 other gut associated bacteria escherichia coli and proteus mirabilis,0
the inhibition of squalene epoxidase by the allylamine antimycotic agents naftifine and compound sf 86327 was investigated with particulate enzyme preparations from the pathogenic yeasts candida albicans and candida parapsilosis and from rat liver,0
sequential silver staining and hybridization in situ on nucleolus organizing regions in human cells,0
eclosion of s nigritarse reaches a peak after sunrise then the rate declines towards sunset,0
fibrobacter succinogenes s85 and selenomonas ruminantium hd4 and d produced cmcase but these enzymes were smaller and did not crossreact with the b14 cmcase antiserum,0
the expression of cfos cjun and jun b protooncogenes was studied in phytohemagglutinin pha activated peripheral blood lymphocytes pbl from young and aged humans,0
thymus dependence of connective tissue mast cells a quantitative cytofluorometric study of the growth of peritoneal mast cells in normal and athymic rats,0
in the present study we assayed protein iodination in human granulocytes after interaction of the cells with mannosespecific ms type 1 fimbriated ms and nonfimbriated ms phenotypes of escherichia coli pretreated with various amounts of antie,0
cellular suspensions of microflora isolated from human feces and from intestinal contents of rat and chicken transformed the triphenylmethane dye gentian violet under anaerobic conditions,0
in order for the plasmodium malarial parasite to replicate in the human erythrocyte it requires metabolic pathways which are not operative in the host erythrocyte,0
the atria were subjected to three consecutive periods control anoxia and postanoxic recovery in medium containing tracers of 114ccreatine,0
morphologic responses to fsh were observed in gcm in rat granulosa and granulosathecastroma cell cultures macaque and human granulosalutein cells and human granulosathecastroma cell cultures,0
in conditions of glucose starvation the maximum velocity of the mediated transport of nonmetabolized and metabolized amino acids uridine adenosine and sucrose across the plasma membrane is stimulated by a factor of two by the addition of 1 mm adenosine 35monophosphate to schizosaccharomyces pombe 972h wild strain to the glucosesuperrepressed and derepressed mutants cob5 and cob6 and to saccharomyces cerevisiae strain il 216ia,0
a large fraction of sera from sheep naturally infected with brucella melitensis were reactive with these proteins in an enzymelinked immunosorbent assay whereas sera from b abortusinfected cattle were almost completely unreactive in this assay,0
groups of five pigs were vaccinated at three to four weeks old with either formolised treponema hyodysenteriae in oil adjuvant alone formolised t hyodysenteriae in oil adjuvant plus formolised campylobacter coli in oil adjuvant or sterile medium in oil adjuvant as a control,0
rabbit trypsin was the most sensitive to all inhibitor preparations while the human trypsin was the most resistant except to the black bean extract,0
when hrp was injected iv in rabbits and guinea pigs a rapid fall in the number of circulating platelets and the concentration of 5 ht occurred,0
as predicted by the interactions of mouse agouti with the extension gene which encodes the melanocyte receptor for alphamelanocyte stimulating hormone alphamsh expression of asp in transgenic mice produces a yellow coat and expression of asp in cell culture blocks the alphamshstimulated accumulation of camp in mouse melanoma cells,0
maintenance of toxoplasma gondii in primary human amniotic cell culture,0
cloning sequencing and expression of the pprotein gene phea of pseudomonas stutzeri in escherichia coli implications for evolutionary relationships in phenylalanine biosynthesis,0
vapor phase water sorption isotherms were obtained for specimens of bovine sturgeon and shark cartilage and for membranes composed of collagen and various proportions of cartilage proteoglycan,0
radiation therapy for human renal cell carcinoma transplantable to the nude mice,0
a series of 3quinolinediamines 1g 2c and 3e structurally related to primaquine and 4methylprimaquine have been prepared and tested for antimalarial activity against plasmodium berghei in mice and antileishmanial activity against leishmania donovani in the hamster,0
the ace activity varied with chloride ion cl concentrations the maximum activities in dog human monkey and rabbit tissues were obtained at the concentrations of 800 600 600 and 300 mmoll respectively,0
in recent years several laboratories have used recombinant dna tools to determine at the molecular level the organization expression and regulation of genes involved in lps biosynthesis in salmonella and escherichia coli,0
dactylaria infection of a human being pulmonary disease in a heart transplant recipient,0
the injection of these extracts into mice has been found to enhance their resistance to infection with staphylococcus aureus and bordetella pertussis virulent cultures to decrease the enzymatic activity of 5nucleotidase in the peritoneal exudate macrophages of mice and to increase the level of lysozyme in their blood,0
synthetic oligonucleotides which were designed according to amino acid sequences conserved between rhodospirillum rubrum and azospirillum brasilense drat and drag respectively were used to identify the corresponding genes of rhodobacter capsulatus,0
liver changes in hamsters infected with a liver fluke of man opisthorchis viverrini,0
this paper describes patterns of infection with opisthorchis viverrini within a human community assessed by egg count parasitespecific antibody levels and worm burden determined by expulsion chemotherapy,0
the positively reacted patients were regarded as concomitant infections of sparganum because immunized or hyperinfected rabbit serum of the nematodes did not react crossly to the antigen,0
in the region of the alveolar basement membrane the lamina rara externa associated with type i cells was observed to contain an abundance of regularly disposed cytochemically detectable sulfate esters while the lamina densa and lamina rara interna were diffusely and sparsely reactive by comparison,0
the 188 remaining organisms included 158 members of the family enterobacteriaceae 20 pseudomonas spp 5 acinetobacter sp 3 aeromonas spp and 2 vibrio spp,0
because the disease induced by the parental sivmac239 clone in rhesus monkeys has been well characterized and is remarkably similar to aids in humans this collection of mutants will be useful for relating in vitro properties and gene function with in vivo pathogenic potential,0
a number of human intraspecific hybrids were produced by fusing the 8azaguanineresistant cell line d98ah2 with phastimulated lymphocytes from a normal human male followed by selection in hat medium,0
cryotherapy of stromal herpes simplex keratitis in rabbits,0
the time course of change as well as the quasi steadystate levels reached during fructose infusion for phosphomonoesters pme atp and inorganic phosphate pi provided the following results during fructose infusion atp and pi reached a steadystate level of 740  59 and 546  33 of control respectively in the human volunteers,0
mycobacterium branderi sp nov a new potential human pathogen,0
for example isolates of the opportunistic human pathogen candida albicans were generally very sensitive to williopsis mrakii killer yeast activity whilst killer strains of saccharomyces cerevisiae and pichia anomala markedly inhibited the growth of certain wood decay basidiomycetes and plant pathogenic fungi,0
there is strong evidence of genetic control of lipemic responsiveness to dietary fat and cholesterol in several animal species rabbit swine mouse marsupial squirrel monkey rhesus monkey cynomolgus monkey and baboon,0
by using univariate thinlayer chromatography on silicagel ic254 of the company chamapod széchoslovakia the qualitative and quantitative composition of the muscular tissue lipids in new oceanic fishseriolella and epigonus was determined,0
tracheal mucus transport rate in normal turkeys and in turkeys infected with bordetella avium alcaligenes faecalis,0
the states least favoured in resource sharing were oaxaca puebla hidalgo and méxico,0
Characterization of two circular plasmids from the marine diatom Cylindrotheca fusiformis: plasmids hybridize to chloroplast and nuclear DNA.,0
"Insights from the Complete Genome Sequence of Bacillus circulans GN03, a Plant Growth-Promoting Bacterium Isolated from Pak Choi Cabbage (Brassica chinensis L.) Root Surface.",0
"This study was performed to verify the occurrence of anti-Toxoplasma gondii antibodies in swine raised and slaughtered in the state of Bahia, Brazil.",0
"Specifically, the abundance of Helicobacteraceae increased after treatment with high-dose ISL, while the abundance of Lachnospiraceae and Rikenellaceae decreased.",0
Comparison of prevalence factors in horses with and without seropositivity to Neospora hughesi and/or Sarcocystis neurona.,0
"TAXONOMY
Rhynchosporium commune is an anamorphic Ascomycete closely related to the teleomorph Helotiales genera Oculimacula and Pyrenopeziza.",0
"Some of these compounds including the sulfinamides were also released by the Roseobacter-group bacteria Roseovarius pelophilus G5II, Pseudoruegeria sp. SK021, and Phaeobacter gallaeciensis BS107, although generally fewer compounds were detected.",0
"Immunocytochemistry was used to examine gamma-aminobutyric acid beta (GABA)(B)R1a-b protein expression in the human hippocampal formation (including dentate gyrus, hippocampus proper, subicular complex, and entorhinal cortex) and perirhinal cortex.",0
"Germinated seeds of the cultivated sorghum and sesame, of the invasive brachiaria and of the native purple ipê, were disposed in the pots to grow for five to seven days at 30°C within a photoperiod of 12 h. Seedlings of all the species presented a reduction in their initial growth in a dose-dependent way.",0
"We have identified brainstem and other subcortical afferents to the superior colliculus (SC) in the ferret, by examining the pattern of retrograde labelling that resulted from unilateral injections of red and green fluorescent latex microspheres or of wheat germ agglutinin conjugated to horseradish peroxidase into different regions of this midbrain nucleus.",0
"This study aimed to (1) monitor the stability of total phenolic content (TPC) in four-grain puree with banana and blueberry (FGBB), mango-carrot-sea buckthorn puree (MCB), and fruit and yogurt puree with biscuit (FYB); (2) study the effect of aluminum-layered vs.",0
"The synthesis and in-vitro biological evaluation of antifungal activities of a series of 1,2-trans glycosphingolipids (GSL) against Candida albicans, Candida parapsilosis, and Candida tropicalis were described.",0
"Maximum divergences measured among the four species were as follows: Ascidia virginea (96%), Ascidiella aspersa (96%), Clavelina oblonga (94%) and Aplidium fuscum (97%).",0
"16S rRNA gene-based DGGE analysis of DNA extracted directly from both layers indicated that although both layers harboured phylotypes most similar to the Cyanobacterial genera Nostoc, Chroococcidiopsis, and Microcoleus, and the Chlorophyte Stichococcus bacillaris, the two layers also harboured unique genera such as Scytonema, and Symploca (red, external layer of dolomite) and Chlorella (green, internal layer of dolomite).",0
"Three new species of chigger mites, Eutrombicula costaricensis sp. n., Eutrombicula passerinoruni sp. n., and Eutrombicula hectochaeta sp. n. are described from wild birds from Costa Rica.",0
In the present studies we analyzed the antigenic epitopes recognized by monoclonal antibodies against avian influenza A/Duck/Novosibirsk/56/05 (H5N1) virus isolated in western Siberia and belonging to subclade 2.2 of the H5N1 viruses.,0
"In vitro growth of Toxoplasma gondii, Plasmodium falciparum (malaria) and Cryptosporidium parvum was inhibited by the herbicide glyphosate, a well-characterized inhibitor of the shikimate pathway enzyme 5-enolpyruvyl shikimate 3-phosphate synthase.",0
"Micromonas is a unicellular motile alga within the Prasinophyceae, a green algal group that is related to land plants.",0
"Echinococcosis, caused by the zoonotic cestodes Echinococcus granulosus (sensu lato) and Echinococcus multilocularis, is highly endemic in the Central Asian Republic of Kyrgyzstan, and is being identified increasingly as a public health problem, especially amongst pastoral communities.",0
"Avian influenza (AI) is a zoonotic disease significant to both public and animal health, caused by influenza virus A, and affects domestic poultry, wild birds, and mammals including humans.",0
"Citronella oil, extracted from Cymbopogon species (winterianus and nardus) is a commercially valuable essential oil used in personal-care products and insect repellents.",0
"21 new species are described: Cedestis nathani, Kessleria africana, Swammerdamia tobii, Xyrosaris louisae, X. lucae, Yponomeuta alexi, Y. atricatoa, Y. capensis, Y. dhofarensis, Y. gnophera, Y. griseomacula, Y. ioni, Y, malagasella, Y. melanephos, Y. nephella, Y. onyxella, Y. orocola, Y. oromiensis, Y. staudei, Y. superplumbella and Y. zambesica.",0
"In this study, we investigated (68)Ge-traced Si uptake by four crop species differing widely in uptake capacity for Si, including rice (Oryza sativa), barley (Hordeum vulgare), cucumber (Cucumis sativus), and tomato (Lycopersicon esculentum).",0
"On a subject level, pooled data from A. actinomycetemcomitans-positive subjects who remained healthy had higher prevalences of Streptococcus and Actinomyces species, while A. actinomycetemcomitans-positive subjects with BL had higher prevalences of Parvimonas micra, Filifactor alocis, A. actinomycetemcomitans, and Peptostreptococcus sp. human oral taxon 113 (HOT-113).",0
"Experimentally, doses of 30 mg/kg, 15 mg/kg, 7.5 mg/kg or 3.75 mg/kg of xenogeneic I-RNA extracted from lymphoid tissues of rabbits sensitized with 105,000 Xg sediments of human gastric carcinoma tissue were injected intraperitoneally into Wistar rats once a day for 30 days.",0
Immunogenicity of zona pellucida glycoprotein-3 and spermatozoa YLP(12) peptides presented on Johnson grass mosaic virus-like particles.,0
"A cyaA gene, encoding an adenylate cyclase, was isolated from a filamentous cyanobacterium, Spirulina platensis, by functional complementation of a cya mutant of Escherichia coli, defective in adenylate cyclase activity.",0
"To help reduce the resulting confusion, we propose here a new phylogeny-based CesA nomenclature that aligns the Populus CesA gene family with the established Arabidopsis thaliana CesA family structure.",0
Quality and Consumer Acceptance of Meat from Rabbits Fed Diets in Which Soybean Oil is Replaced with Black Soldier Fly and Yellow Mealworm Fats.,0
We investigated the transmission of the fishborne trematodes Centrocestus formosanus and Haplorchis pumilio by Melanoides tuberculata snails in Peru.,0
Heavy pure growth of a Mannheimia species most closely aligned with the unnamed cluster V strains on the basis of 16S ribosomal RNA sequencing was detected in the lungs of both calves in association with Bovine respiratory syncytial virus infection.,0
"At long-term administration (7 days, 10 mg/kg daily intramuscularly) lithium hydroxybutyrate prevented the influence of stimulation on the electrogram (EG) of this structure and the motor cortex but enhanced it with respect to EG of the amygdala, hippocampus, thalamus and caudate nucleus.",0
"In situ hybridisation of adult human kidney tissue and zebrafish larvae showed OCRL expression in the glomerulus, supporting a role for OCRL in glomerular function.",0
"Moreover, bacterial diversity on the carriers was significantly altered, and the enrichment of genera such as Aridibacter, Hyphomicrobium and Gemmobacter promoted denitrification processes.",0
It was shown that the antibiotics which proved active against the tularemia microbe in albino mice when studied by the rapid and routine methods were highly efficient in the treatment and prevention of experimental tularemia in rabbits and baboons (hamadryas).,0
"Methods
Overall, 421 individual ticks in the genera Amblyomma, Haemaphysalis, and Ixodes were recorded from 28 songbird species, of which Amblyomma and Amblyomma longirostre were the most abundant tick genera and species, respectively.",0
"Antimicrobial Resistance as Risk Factor for Recurrent Bacteremia after Staphylococcus aureus, Escherichia coli, or Klebsiella spp.",0
"Flos Lonicerae, a traditional herbal medicine, has been used in China to treat some inflammatory disease.",0
"Two common species (depleted Klebsiella pneumoniae and enriched Streptococcus parasanguinis; P ≤ 0.002) and three rare species (depleted Weissella confusa, enriched Granulicatella adiacens and Erysipelotrichaceae bacterium 6_1_45; P ≤ 0.005) were associated with UA.",0
"We examined the selective inhibitory potential of rice straw on four cyanobacterial strains(toxic and non-toxic Microcystis aeruginosa, toxic Anabaena flos-aquae, and Microcystis ichthyoblabe), in comparison with inhibitory effects on three common freshwater green algae(Selenastrum capricornutum, Chlorella pyrenoidosa, and Scenedesmus obliqnus).",0
"Correlation analysis between microbiota and DEGs showed that changes in Pseudomonas, Ralstonia, Colwellia, and Cohaesibacter were positively correlated with immune-related genes such as peritrophin-1-like and mucin-2-like, and negatively correlated with caspase-1-like genes.",0
"Telavancin produced dose-dependent reduction of thigh titers of several organisms, including methicillin-susceptible Staphylococcus aureus (MSSA) and methicillin-resistant Staphylococcus aureus (MRSA), penicillin-susceptible and -resistant strains of Streptococcus pneumoniae, and vancomycin-resistant Enterococcus faecalis.",0
"Four species of Neosilba are recorded in the State of Bahia: Neosilba pendula (Bezzi), Neosilba certa (Walker), Neosilba parva (Hennig) and Neosilba glaberrima (Wiedemann).",0
"The taxonomic profiling of individual stages of remediation revealed that, biostimulation of the investigated soil favored the growth of Proteobacteria, Alphaprotobacteria, Chloroflexi, Chlorobi, and Acidobacteria groups.",0
Specific outcomes were: patient acceptability; whether a rapid nucleic acid amplification test (NAAT) for Chlamydia trachomatis/Neisseria gonorrhoeae (CT/NG) could be used as a POCT in practice; feasibility of non-NAAT POCT implementation for Trichomonas vaginalis (TV) and bacterial vaginosis (BV); impact on patient diagnosis and treatment.,0
"In this study, three chemical actions of vetiver oil and five constituents (terpinen-4-ol, α-terpineol, valencene, vetiverol and vetivone) were characterized against Aedes aegypti, Aedes albopictus and Culex quinquefasciatus by using the high-throughput screening assay system (HITSS).",0
"To investigate the contributions of parasitism and sexual selection in explaining among-species variation in MHC diversity, we applied comparative methods and meta-analysis across 112 mammal species, including carnivores, bats, primates, rodents and ungulates.",0
We present a genome assembly from an individual male Mimas tiliae (the lime hawk-moth; Arthropoda; Insecta; Lepidoptera; Sphingidae).,0
"Characteristics of Mycoplasma bovis, Mycoplasma arginini, and Mycoplasma californicum on immunological response of bovine synovial cells.",0
"Rainbow trout, Oncorhynchus mykiss (Walbaum), sea trout, Salmo trutta L., and Atlantic salmon, Salmo salar L., were experimentally infected with Flavobacterium psychrophilum in order to evaluate any species differences in susceptibility to the bacterium.",0
River Warnow was dominated among others by Cytophaga/Flavobacteria and Actinobacteria which are typical for organic rich waters because of their ability to degrade high molecular weight compounds.,0
"The avian influenza A risk map for the mountain hawk-eagle showed that most regions of Japan had a low risk for avian influenza A. In contrast, the maps for the northern goshawk and peregrine falcon showed that their high-risk areas were distributed on the plains along the Sea of Japan and Pacific coast.",0
All genes are strongly expressed in syncytia induced by the beet cyst nematode Heterodera schachtii in Arabidopsis roots.,0
"We performed a proteome analysis of S. fumaroxidans growing with propionate axenically with sulfate or fumarate, and in syntrophy with Methanospirillum hungatei, Methanobacterium formicicum or Desulfovibrio desulfuricans.",0
"The filamentous fungus Aspergillus fumigatus is the major cause of life threatening invasive aspergillosis, and its small hydrophobic asexual spores (conidia) are the major infection agent.",0
"In this review we discuss the methods and media that are most widely used for the establishment and maintenance of the following organisms in culture: Entamoeba histolytica, Giardia intestinalis, Trichomonas vaginalis, Dientamoeba fragilis, Blastocystis hominis, and Balantidium coli.",0
"Five species of these Bacillus were identified by gyrA polyphase taxonomy, including Bacillus subtilis (76% of all Bacillus), Bacillus licheniformis (9%), Bacillus amyloliquefaciens (6%), Bacillus velezensis (6%) and Bacillus mojavensi (3%), and the RAPD showed these Bacillus are no signs of stable passage.",0
"Cysts did not develop on roots of common hop (Humulus lupulus L.) and hemp (Cannabis sativa L.), but in common nettle there was an increase in nematode populations, with all plants severely stunted and yellowing, which confirmed the nematodes' pathogenicity.",0
"In addition, HF01-Y altered the composition of the gut microbiota in obese mice, significantly upregulated norank_f__Muribaculaceae, unclassified_c__Clostridia, Blautia, unclassified_o__Bacteroidales, and Rikenellaceae_RC9_gut_group, while downregulating unclassified_f__Desulfovibrionaceae, Colidextribacter, and unclassified_f__Oscillospiraceae.",0
"Here, saturated and unsaturated homologues, including the oxidized forms 5-(2'-oxo) AR and their plant metabolites, were profiled by ultrahigh-performance liquid chromatography-ion mobility separation-high-resolution mass spectrometry in 18 cultivars of einkorn, emmer, spelt, common wheat, and tritordeum, cultivated in two consecutive years under uniform agronomic conditions.",0
"We sequenced and assembled eight complete plastid genomes from three closely related pleurocarpous moss families: Amblystegium serpens, Campyliadelphus stellatus, Cratoneuron filicinum, Drepanocladus aduncus, and Leptodictyum humile (Amblystegiaceae), Calliergon sarmentosum and Warnstorfia exannulata (Calliergonaceae), and Calliergonella cuspidata (Pylaisiaceae).",0
"Triple retinal infection with human immunodeficiency virus type 1, cytomegalovirus, and herpes simplex virus type 1. Light and electron microscopy, immunohistochemistry, and in situ hybridization.",0
"The feed extract solution promoted the proliferation of Bacteroidales, Vibrio, Desulfobulbaceae, Desulfobacteraceae, Pseudoalteromonas, Paludibacter, Marinomonas, and Pseudomonas in the leaves and root of T. hemprichii, which can effectively improve the digestibility of eutrophication.",0
Repassage of prions from transgenic mice or Chinese hamsters into Syrian hamsters revealed that the original properties of the prion isolates are retained.,0
Efficacy and pharmacokinetics of bacteriophage therapy in treatment of subclinical Staphylococcus aureus mastitis in lactating dairy cattle.,0
"Of the 15 species examined, 8 species including Clinelymus dahuricus, Cleistogenes squarrosa, Pappophorum boreale, Spodiopogon sibiricus, Phragmites communis, Chloris virgata, Arundinella hirta, Pennisetum alopecuroides had a germination rate of over 80%, but 4 species including Echinochloa hispidula, Hemarthria compressa, Tragus berteronianus and Setaria viridis had a value of less than 10%.",0
A cDNA coding for a gene necessary for synthesis of ketocarotenoids was cloned from the alga Haematococcus pluvialis and expressed in the seed of Arabidopsis thaliana.,0
"Soil bacterial communities were mainly composed of Proteobacteria, Chloroflexi, Actinobacteria and Firmicutes, and archaeal communities were dominated by Thaumarchaeota and unclassified Archaea.",0
"As Vannella has priority, we formally transferred Platyamoeba species into Vannella, except for the non-vannellid P. stenopodia, here renamed Stenamoeba stenopodia gen.",0
"These changes included significant increases in the relative abundance of Paracoccus and Rhodococcus, and significant decreases in that of Pseudomonas, Exiguobacterium, an unclassified genus of Pseudomonadaceae, and an unclassified genus of Enterobacteriaceae.",0
"Most frequently, this has been reported in patients infected with Plasmodium falciparum and Plasmodium vivax, while other parasitic agents are less likely to be the cause.We report a 29-year-old British Caucasian, who after returning from a business trip in Democratic Republic Congo was diagnosed with tertian malaria caused by Plasmodium ovale.During his in-patient stay, the patient suffered a splenic rupture requiring immediate surgical intervention and splenectomy.",0
"In this study, we use five SDM algorithms (independently and in ensemble) and two accuracy measures (TSS, AUC), combined with a null modelling approach, to assess the predictive performance of the models and to quantify which predictors (environmental and anthropogenic from the native and introduced regions) best explain the distribution of nine freshwater invasive species (including fish, arthropods, molluscs, amphibians and reptiles) in a large island (Great Britain), and which species characteristics affect model performance.",0
"(36.3%), Alaria alata (25.0%), Echinococcus multilocularis (26.3%) and Uncinaria stenocephala (25.0%).",0
"The prevalence in questing ticks was 18.2% for Rickettsia spp., 7.3% for CNM, 6.4% for B. burgdorferi (s.l.) and 1.4% for Babesia spp.",0
"A novel GoldNano Carb test for rapid phenotypic detection of carbapenemases, particularly OXA type, in Enterobacteriaceae, Pseudomonas aeruginosa and Acinetobacter spp.",0
"We tested our model separately on three measures of benthic macroinvertebrate assemblage condition: ratio of observed-to-expected taxonomic richness (O/E); a multimetric index (MMI); and richness of Ephemeroptera, Plecoptera, and Trichoptera taxa (EPT).",0
"Twenty-four 3- and/or 4-alkyl-substituted 1-aminonaphthalene-2-carbonitriles and their analogues were prepared and evaluated for growth-inhibiting activity against four phytopathogenic fungi: Fusarium culmorum, Alternaria brassicicola, Botrytis cinerea and Penicillium expansum.",0
"Well-known examples include coccidiosis in poultry, salmonellosis in pigs and mice, colibacillosis in pigs, necrotic enteritis in poultry, enteric septicemia of catfish, swine respiratory disease, aspergillosis in poultry and rabbits, reovirus infection in mice and Porcine Reproductive and Respiratory Syndrome Virus infection in pigs.",0
"Newcastle disease virus (NDV), an avian pathogenic virus, is one of the most promising oncolytic viruses that can replicate selectively in human cancer cells.",0
Cathetocephalus badilloi n. sp. has a soft scolex transversely positioned to the long axis of the strobila.,0
"Bark and aerial seed pods were gathered from Cercis canadensis, follicles and stems from Asclepias syriaca, dried composite inflorescences and stems from Echinacea angustifolia, E. pallida, and E. paradoxa var.",0
"Additionally, the abundances of Chloroflexi, Dependentiae, Fusobacteriota, and Margulisbacteria were the highest in autumn and the lowest in winter.",0
"The intestinal microbiome in dogs and cats with diarrhoea as detected by a faecal polymerase chain reaction-based panel in Perth, Western Australia.",0
"However, the relative density of Escherichia coli (TRM_Escherichia) showed 9.36-fold higher on tomato than on eggplant and chili.",0
"We studied two lecithotrophic species, Gambusia affinis and Xiphophorus couchianus, where embryos feed exclusively on yolk stored in the eggs, and one matrotrophic species, Heterandria formosa, which actively transfers nutrients to embryos through a follicular placenta.",0
"The effect of high hydrostatic pressure (HHP) treatment on dried soybean, adzuki bean, and kintoki kidney bean, which are low-moisture-content cellular biological materials, was investigated from the viewpoint of water absorption.",0
Local mast cell tumor (MCT) recurrence and percentage survival were evaluated in 12 cats (21 MCT) and 54 dogs (85 MCT) subjected to surgery alone or local infiltration of deionized water as an adjunct to surgery.,0
"Furthermore, oral administration of sulfur dioxide-free wine supplemented with resveratrol demonstrates an increase in the relative abundance of beneficial intestinal microflora, such as Turicibacter, Allobaculum, Bacteroides, and Macellibacteroides, while decreasing the Firmicutes/Bacteroidetes ratio.",0
"Usnea CO2-extract effectively inhibited the growth of several Gram-positive bacteria like Staphylococcus aureus (including methicillin-resistant strains - MRSA), Propionibacterium acnes and Corynebacterium species.",0
"We isolated endophytic fungi from the leaves of A. compressus and molecularly identified them as Fusarium parceramosum, Colletotrichum siamense, C. gigasporum, C. endophyticum, Curvularia lunata, Stagonospora bicolor, Calonectria gracilis, and Albifimbria verrucari.",0
"Illumina sequencing showed that Pseudomonas, Aeromonas, Shewanella and Thauera became dominant genera.",0
Tomato yellow leaf curl virus (TYLCV) (Geminiviridae: Begomovirus) is exclusively vectored by the whitefly Bemisia tabaci (Gennadius) (Hemiptera: Aleyrodidae).,0
"The species is so far restricted to marinas (Horta, Faial Island; Vila Franca do Campo, São Miguel Island) and a natural coastal pool located near a secondary harbour (Lajes do Pico, Pico Island).",0
"The chemical composition of the essential oils obtained from the aerial parts of four Apiaceae species, namely Elaeosticta allioides (EA), E. polycarpa (EP), Ferula clematidifolia (FC), and Hyalolaena intermedia (HI), were determined using gas chromatography.",0
All six MAbs recognized human subtype A and B viruses as well as bovine RS virus.,0
"Among the 17 NTDs recognized by the World Health Organization (WHO), protozoal infections caused by Plasmodium, Entamoeba, Leishmania, and Trypanosoma are particularly prominent and pose significant public health.",0
"The shikimate pathway is an attractive target for herbicides and antimicrobial agents because it is essential in algae, higher plants, bacteria and fungi, but absent from mammals.",0
"We document an extensive percussive technology used to process termite mounds of Cubitermes sp. and Thoracotermes macrothorax and hard-shelled fruits such as Strychnos, along with evidence of the pounding open of African giant snails and tortoises.",0
"Khan was conducted at the Zoology lab of Ghazi University on four tree plants, i.e., neem (Azadirachta indica), mango (Mangifera indica), guava (Psidium guajava), and phalsa (Grewia asiatica).",0
The zeta potentials of Cryptosporidium oocysts in different water samples were more negative than Chlorella.,0
"Rumen fluke from imported and home-bred cattle and sheep in Scotland belonged to the species Calicophoron daubneyi, rather than Paramphistomum cervi, the species presumed to be most common in Great Britain.",0
"OBJECTIVE
Roles for Chlamydia trachomatis and Neisseria gonorrhoeae infections in pelvic inflammatory disease pathogenesis are well delineated; however, the etiologic contributions of herpes simplex virus type 2 (HSV-2) and Trichomonas vaginalis have been underexplored.",0
"The ELISA has a working range from 10 to 500 pmol l-1, and can be applied to plasma samples from humans, dogs, pigs, minipigs, cats, rabbits, and rats.",0
"An analysis is made of: physico-chemical indicators (water turbidity, residual chlorine, some products of the bacterial metabolism in the intestine), bacterial indicators (total and faecal coliforms, Escherichia coli, faecal streptococci, clostridia and other intestinal anaerobic bacteria, saprophytic mycobacteria, Pseudomonas aeruginosa) and some bacteriophages.",0
"RESULTS
Metagenomic analysis identified 'm3' from a Lachnoclostridium sp., Fusobacterium nucleatum (Fn) and Clostridium hathewayi (Ch) to be significantly enriched in adenoma.",0
"It is shown by tracer experiments with DL-[2-3H,5-14C]- and DL-[(RS)-5-3H,5-14C]rnithine, that the metabolic conversion of ornithine into proline, in three plant species (Nicotiana tabacum, Datura stramonium, and Lupinus angustifolius), takes place with maintenance of the delta-hydrogen atoms but with loss of the alpha-hydrogen atom.",0
"By using the techniques of tissue culture, bio-assay and laboratory analysis, this paper studied the effects of the allelopathic chemicals from pumpkin (Cucurbita moschata) roots on the seed germination and seedling growth of pumpkin, wheat (Triticum aestivum), and radish (Raphanus sativus).",0
The highest cellulases production from Daldinia caldariorum 263 (D-263) was found among Daldinia eschscholzii and Daldinia childiae.,0
"Moreover, P. altmani completed its life cycle in four seagulls, Chroicocephalus maculipennis, Leucopheus pipixcan, Larus modestus and L. dominicanus, while P. antarcticus, on the other hand, completed its life cycle in the kelp gull L. dominicanus.",0
"Additionally, Fe3O4-NPF displayed excellent antimicrobial activity against Bacillus cereus, Salmonella enteritidis, and Vibrio cholerae with zones of inhibition of 13, 15, and 25 mm, respectively.",0
"A total of 16 strains of influenza A virus isolated in 1965-66 from quail, ducks, turkeys, pheasants and chickens bred in poultry farms situated in Pavia and surrounding districts in northern Italy were investigated from the point of view of antigenic grouping by the complement-fixation test.All strains were antigenically related but not identical to each other.",0
"RESULTS
Three species were represented in the collection: Citrobacter koseri (one isolate), Escherichia coli (one isolate) and Klebsiella pneumoniae (16 isolates).",0
"These species included Streptococcus pneumoniae, Staphylococcus aureus, Haemophilus influenzae, Escherichia coli, Klebsiella pneumoniae, Pseudomonas aeruginosa, Acinetobacter baumannii, Mycoplasma pneumoniae, Enterococcus faecalis, Enterococcus faecium, Enterobacter cloacae, Stenotrophomonas maltophilia, Burkholderia cepacia, Legionella pneumophila and Chlamydia pneumoniae.",0
"METHODS
Sunflower (Helianthus annuus), beech (Fagus sylvatica), arabidopsis (Arabidopsis thaliana) and garden cress (Lepidium sativum) were grown under contrasting environmental conditions that affected Ci while Ca was kept constant.",0
"Diverse parasites such as Toxoplasma gondii, Leishmania donovani, Leishmania major, and Trichuris muris have been reported to activate NF-κB signaling cascades, and a number of distinct parasite-derived molecules may actively interfere with the pathways that lead to NF-κB activation.",0
"Clinical symptoms include not only coma, dysarthria, and astasia-abasia as initial symptom but also dementia as clinical outcomes.",0
"The zona glomerulosa, zona fasciculata, zona reticularis, and medulla were separated from bovine adrenal glands and cytochromes P-450 and related enzymes in each zone were investigated immunochemically by Western blotting using antisera from chickens or rabbits against cytochromes P-450scc, P-450(11)beta, P-450s21, and b5, NADH-cytochrome b5 reductase, NADPH-cytochrome P-450 reductase, NADPH-adrenodoxin reductase, and adrenodoxin.",0
The genus Meira currently contains three recently described species of mite-associated basidiomycete yeasts from Israel and Japan and is placed in the Exobasidiomycetes (Ustilaginomycotina) Incertae sedis.,0
"The supercritical CO₂ and ethanol extracts of Illicium verum showed substantial antibacterial activity against 67 clinical drug-resistant isolates, including 27 Acinetobacter baumannii, 20 Pseudomonas aeruginosa, and 20 methicillin-resistant Staphylococcus aureus.",0
Here a rodent model of human infection with Opisthorchis viverrini was utilized to further investigate relationships of apparent co-infections with O. viverrini and H. pylori.,0
Frequent emergence of low pathogenic avian influenza H3N2 viruses in the wild birds has caused concern for human health.,0
"INS is ubiquitously present not only in humans but also in unicellular eukaryotes, fungi, worms, and Drosophila.",0
"In conclusion, HiCrome Bacillus agar in combination with simple microbiological tests was highly useful for rapid and reliable identification of most Bacillus, Brevibacillus, Lysinibacillus and Paenibacillus species commonly found in honey samples facilitating isolation from polymicrobial honey.",0
"Finally, the inhibiting capacities of two strains (one Leuconostoc gelidum strain and one Lactococcus piscium strain) were tested against three pathogenic bacteria (Vibrio cholerae, Listeria monocytogenes, and Staphylococcus aureus) by challenge tests in shrimp.",0
"Early vat bacterial biofilms developed spontaneously through contact with whey have been characterized on seven wood types (Castanea sativa Miller, Cedrus libani, A. Rich., Prunus avium L., Fraxinus ornus L., Juglans regia L., Pinus nigra J.F.",0
"Transcriptional Inhibition of Sp-IAG by Crustacean Female Sex Hormone in the Mud Crab, Scylla paramamosain.",0
"For the current study WBs were produced with strains PKa2 (Borrelia burgdorferi sensu stricto), PKo (Borrelia afzelii), and PBi (Borrelia garinii).",0
"The erythrocytes from dogs with Babesia canis (group 3), concurrent hookworm and B canis (group 4) and Ehrlichia canis infections (group 5) had minimum haemolysis in 0.75 per cent NaCl and maximum haemolysis at between 0.20 per cent and 0.35 per cent NaCl solutions.",0
This highlights the potential role of dogs and cats as a reservoir of resistant Klebsiella spp.,0
"Seasonality was demonstrated for infections, mostly bloodstream infections (BSIs), caused by Acinetobacter spp., Escherichia coli, Enterobacter cloacae, Klebsiella spp., and Pseudomonas aeruginosa, with higher rates of infection during the summer months in North America, Europe, the Middle East, Australia, and Asia.",0
"We identified the organic volatile compounds produced by six cacao endophytic bacteria (CEB) strains (Bacillus amyloliquefaciens CFFSUR-B35, Bacillus megaterium CFFSUR-B32, Bacillus muralis CFFSUR-B39, Bacillus pumilus CFFSUR-B34, Bacillus subtilis CFFSUR-B31, and Novosphingobium lindaniclasticum CFFSUR-B36).",0
"In comparison with solid wood and the untreated wood-HDPE composites, 3% CCC-treated wood-HDPE composites significantly improved the decay resistance against white rot fungus Trametes versicolor and brown rot fungus Gloeophyllum trabeum.",0
"Interestingly, we also observed a significantly lower GK expression in common carp (a glucose-tolerant fish) than in rainbow trout and gilthead seabream, which are generally considered as glucose intolerant.",0
The essentiality of alpha-2-macroglobulin in human salivary innate immunity against new H1N1 swine origin influenza A virus.,0
"In the C. lasiocarpa marsh, archaeal family Methanobacteriaceae, Rice Cluster II, and Methanosaetaceae co-dominated in the bulk soil, while Methanobacteriaceae was the exclusively dominant methanogen in the rhizosphere soil and roots.",0
"Selected aspects of helminth infections Schistosoma sp., Ascaris lumbricoides, Strongyloides stercoralis in individuals diagnosed with human immunodeficiency virus (HIV) infection",0
"The work shows the ability of cultured Basidiomycetes of different taxonomic groups-Lentinus edodes, Pleurotus ostreatus, Ganoderma lucidum, and Grifola frondosa-to recover gold, silver, selenium, and silicon, to elemental state with nanoparticles formation.",0
"Wild and domestic carnivores are final hosts, while rodents and rabbits are primarily intermediate hosts, although many other mammals may harbour the larval stage, Cysticercus longicollis.",0
"BACKGROUND
Pneumocystis jirovecii, formerly known as P. carinii, is an opportunistic fungus causing Pneumocystis carinii pneumonia especially in immunocompromised patients.",0
"We did a systematic review (PROSPERO CRD42019157473; Jan 1, 2000, to May 22, 2020) adhering to PRISMA guidelines, to identify studies on vaccine-preventable disease outbreaks (measles, mumps, rubella, diphtheria, pertussis, polio, hepatitis A, varicella, Neisseria meningitidis, and Haemophilus influenzae) involving migrants residing in the EU/EEA and Switzerland.",0
"Adenovirus hemorrhagic disease affects primarily mule deer (Odocoileus hemionus), white-tailed deer (Odocoileus virginianus), Rocky Mountain elk (Cervus canadensis nelsoni), and moose (Alces alces) in their first year of life.",0
"These extracts were screened using cell-based assays against Plasmodium falciparum (Pf), Entamoeba histolytica (Eh), Leishmania donovani (Ld), Trypanosoma brucei rhodesiense (Tbr), and Trypanosoma cruzi (Tc).",0
"Results
2 weeks after treatment, the contents of Bifidobacterium, Bacteroides, and Lactobacillus in the intestinal tract of Group A decreased, while the amounts of Enterococcus and Enterobacter increased.",0
The applicability of this approach to biological data is also illustrated by successfully mapping the behavior of cilia in the alga Chlamydomonas onto the coarse-grained model.,0
"Escherichia coli, Salmonella typhimurium, bacteriophage MS-2 and poliovirus were added to the waters collected from the wetlands and controls.",0
"The main fungal species verified in this equipment belonged to the genera Aspergillus spp., Fusarium spp., Candida spp., and Rhodotorula spp.",0
"Previous records of Zammara calochroma Walker, 1858a, Dorisiana semilata (Walker, 1850), Carineta bilineosa Walker, 1858b, Carineta fasciculata (Germar, 1821), and Selymbria stigmatica (Germar, 1834) are considered to be misidentifications of Dorisiana metcalfi Sanborn Heath, 2014 (= Cicada viridis Olivier, 1790), C. maculosa Torres, 1848, C. pilifera Walker, 1858a, and S. ecuadorensis Sanborn, 2019a, respectively, so that Z. calochroma, D. semilata, C. bilineosa, C. fasciculata, and S. stigmatica are removed from the cicada fauna of Ecuador.",0
"Anaerobes, mainly Clostridium perfringens, Bacteroides fragilis and Bacteroides oralis, were only recovered on enrichment media and were isolated more frequently from the right lung than the left.",0
"Three edible mealworm species (Tenebrio molitor, Zophobas atratus and Alphitobius diaperinus) subjected to processing and in vitro digestion were analysed for IgE cross-reactivity.",0
The most common pathogen was Streptococcus pneumoniae (43.9%) followed by Mycoplasma pneumoniae (19.4%); a low percentage were Proteus spp.,0
"The sphyranurid Sphyranura, ectoparasitic on the external gills of the mud puppy Necturus, resembles the two-sucker larva of P. integerrimum in possessing a single pair of haptorial suckers in place of the 6 suckers of adult polystomes, and is probably a neotenic parasite associated with a neotenic host.",0
"Dinoflagellates were represented by the highest species number (77 OTUs comprising 31.8% of protist species), with dominant genera Gyrodinium and Heterocapsa.",0
Genetic transformation of cotyledon explants of cowpea (Vigna unguiculata L. Walp) using Agrobacterium tumefaciens.,0
"OBJECTIVE
To evaluate the safety and the synergistic effects of tea tree, lavender, eucalyptus and tangerine essential oils in combination on the skin using in vitro, ex vivo and clinical studies.",0
"Solirubrobacter phytolaccae sp. nov., an endophytic bacterium isolated from roots of Phytolacca acinosa Roxb.",0
"Piperacillin/tazobactam versus cefepime or carbapenems for cefoxitin-non-susceptible Enterobacter cloacae, Klebsiella aerogenes, Citrobacter freundii, Serratia marcescens and Morganella morganii bacteraemia in immunocompromised patients.",0
"Hot-water extracts of the herbs basil, rosemary, parsley, anise, and oregano were used.",0
"INTRODUCTION
Sindbis virus (SINV) is a mosquito-borne Alphavirus known to infect birds and cause intermittent outbreaks among humans in Fenno-Scandia.",0
"Laboratory cultures of the green algae Nannochloris oculata and Nannochloris eucaryotum are known to cause lysis of Gymnodinium breve, which is Florida's red tide organism.",0
"Antimicrobial screening of S. intermedia EO demonstrated slight antibacterial and antifungal activities against Streptococcus mutants, S. salivarius, Enterococcus faecalis, Staphylococcus aureus, Candida albicans and C. glabrata.",0
"Here, we generated mouse-adapted strains of a wild waterfowl-origin low pathogenic avian influenza H3N2 virus to identify adaptive mutations that confer enhanced virulence in mammals.",0
"RESULTS
Conjugation and electroporation methods for the efficient and stable genetic transformation of selected Roseobacter clade bacteria including Dinoroseobacter shibae, Oceanibulbus indolifex, Phaeobacter gallaeciensis, Phaeobacter inhibens, Roseobacter denitrificans and Roseobacter litoralis were tested.",0
"A biosynthetic gene cluster containing five genes, alt1-5, was cloned from Alternaria solani, a causal fungus of early blight disease to tomato and potato.",0
"isolates from human brucellosis were subjected to HRM analysis using 4 sets of primers, which identified 40 isolates as Brucella melitensis and 1 as Brucella canis.",0
"Neutral and acidic oligosaccharides were isolated from the milk or colostrum of four great ape species (chimpanzee (Pan troglodytes), bonobo (Pan paniscus), gorilla (Gorilla gorilla), and orangutan (Pongo pygmaeus)) and one lesser ape species (siamang (Symphalangus syndactylus)), and their chemical structures were characterized by (1)H-NMR spectroscopy.",0
"Among other secured cases was Plesiomonas shigelloides isolated in pig (Sus scrofa domestica), mouse Mus musculus), binturong (Arctictis binturong) and raccoon (Pocyon lotor).",0
Infections with Anaplasma and co-infections with Babesia-Anaplasma and Theileria-Anaplasma were significantly higher in native than cross-breeds cattle.,0
"The phylogeny of the genus is outlined and seven tentative species groups, the parcus group, the truncatus group, the tupinamba group, the triangulatus group, the bucephalus group, the xylophilus group, and the roquei group, are proposed.",0
Experimental infection of hamadryas baboons Papio hamadryas with a human isolate of Schistosoma mansoni from Saudi Arabia.,0
The knowns and unknowns of the efficacy of neem oil (Azadirachta indica) used as a preventative measure against Leishmania sand fly vectors (Phlebotomus genus).,0
"RESULTS
A total of 165 rodents (Apodemus agrarius, n = 1; A. flavicollis, n = 59; Arvicola terrestris, n = 1; Myodes glareolus, n = 104), 1256 attached ticks (Ixodes ricinus, n = 1164; Dermacentor reticulatus, n = 92) and 577 questing ticks (I.",0
"All bannerfish (Forcipiger, Heniochus, and Hemitaurichthys) and Chaetodon species studied thus far produce several sound types at frequencies of <1 to >1000 Hz.",0
"The fine fibrillar content of these cisternal regions demonstrated high-affinity binding with lectins from wheat germ, Helix pomatia, Griffonia simplicifolia I-A4 and -B4, and Ricinus communis I, although not with the sialic acid-specific Limax flavus lectin and the fucose-binding Ulex europaeus I lectin.",0
"Due to their symbiotic association with the fungus Leucoagaricus gongylophorus (Möller) Singer (Agaricaceae), the species of Atta and Acromyrmex have exhaustive foraging activity which has intensified as deforestation and monoculture farming have increased.",0
"Rhizopus stolonifer endopolygalacturonase, an elicitor of casbene synthetase activity in castor bean seedlings, was found to be a potent elicitor of the phytoalexin pisatin in pea pods and of proteinase Inhibitor I in tomato leaves.",0
"Horseradish peroxidase and hydrogen peroxide activate DEA, but not CDEPA or alachlor, for formation of adducts with calf thymus DNA, which probably involves 2,6-diethylnitrosobenzene (ArNO) as an intermediate.",0
"Prion diseases or transmissible spongiform encephalopathies (TSEs) are fatal neurological diseases that include Creutzfeldt-Jakob disease (CJD) in humans, scrapie in sheep and goats, bovine spongiform encephalopathy (BSE) in cattle, camel spongiform encephalopathy (CSE) in camels and chronic wasting disease (CWD) in cervids.",0
"It is highly susceptible to Plasmopara viticola and Erysiphe necator, the causal agents of downy mildew (DM) and powdery mildew (PM), respectively.",0
"The content of podophyllotoxin and 6-methoxypodophyllotoxin in Linum mucronatum subsp. mucronatum Bertol, Linum arboreum L., and the endemic Turkey species of Linum flavum subsp. scabrinerve Davis were determined.",0
"Mexican mammal diversity includes several species related to those in which evidence for OPXV infections has been found (Oryzomys, Peromyscus, Microtus, and Procyonidae).",0
"In the eastern part of Germany, previous investigations revealed Tula virus (TULV) and Dobrava-Belgrade virus (DOBV) infections in the respective rodent reservoirs.",0
"Bacterial vaginosis results from the synergistic interaction of Gardnerella vaginalis and obligate anaerobes, including Bacteroides and Mobiluncus species.",0
"It was found to inhibit, in vitro, the growth of all the 123 strains tested; the strains belonging to the genera Aspergillus, Cryptococcus, Candida, Trichophyton, Epidermophyton, Microsporum, Penicillium and Mucor.",0
Only recently PHA(MCL) synthases from Pseudomonas oleovorans and Pseudomonas aeruginosa were purified and in vitro activity was achieved.,0
"﻿Morpho-molecular characterisation of Arecophila, with A.australis and A.clypeata sp. nov.",0
"Microbial community studies show the prevalence of novel microbial strains with the predominance of 3 distinct phyla, namely Betaproteobacteria, Gammaproteobacteria and Firmicutes.",0
A speculative picture of dental development in Victoriapithecus emerges that is slower than that known for modern vervet monkeys and may have been more similar to that in some smaller modern macaque species.,0
"The lack of pulses within notes distinguishes C. (Syncope) carvalhoi from all congeneric species except C. (Syncope) antenori, C. (Syncope) parkeri and C. (Chiasmocleis) mantiqueira, which can be distinguished by the shorter duration of their notes and silent intervals (in C. (Syncope) antenori and C. (Syncope) parkeri) and by the lower dominant frequency (in C. (Syncope) parkeri and C. (Chiasmocleis) mantiqueira).",0
"Pigments also showed significant antimicrobial activity against Bacillus subtilis, Bacillus pumilus, Enterococcus faecalis, Bacillus cereus, Klebsiella pneumoniae, Alcaligenes faecalis, Pseudomonas geniculata, Enterococcus faecium, Aspergillus fumigatus, Aspergillus flavus, Fusarium solani, and Mucor spp., suggesting potential biomedical applications.",0
Uptake rates of nitrogen and phosphorus in the water by Eichhornia crassipes and Salvinia auriculata.,0
"Intermediate densities were found in the amygdala, nucleus accumbens, caudate-putamen, septum, bed nucleus of the stria terminalis, CA1 to CA4 fields of the hippocampus and central gray.",0
"Similarly, 36-day-old (immature adult) Necator americanus given in a drench to hamsters also produced patent infections with fertile ova.",0
"RESULTS
In RBC suspensions containing DP, TP photoinactivated vesicular stomatitis virus, pseudorabies virus, duck hepatitis B virus, bovine virus diarrhea virus, extracellular human immunodeficiency virus (HIV) to the limit of detection and 6.2 log intracellular HIV. More than 5 log inactivation of 6 bacterial species was demonstrated.",0
"Unlike Anaplasma and Ehrlichia, Wolbachia two-component genes were more consistently found clustered with metabolic genes.",0
"Çemen pastes were produced by using different combination doses of fenugreek seed flour, sweet red pepper, and garlic powder.",0
"Vetiver grass (Vetiveria zizanioides), bahia grass (Paspalum notatum), St. Augustine grass (Stenotaphrum secundatum), and bana grass (Pennisetum glaucumxP.",0
"TGGE and phylogenetic analysis of the 16S rRNA gene fragment revealed that the uranium removal consortia are composed by strains affiliated to Clostridium genus, Caulobacteraceae and Rhodocyclaceae families.",0
"Characterization of hybrid proteins consisting of the catalytic domains of Clostridium and Ruminococcus endoglucanases, fused to Pseudomonas non-catalytic cellulose-binding domains.",0
"Most of the new taxa have been associated with dying Banksia spp., while P.sp.2 and P.sp.4 have also been isolated from dying Eucalyptus marginata (jarrah).",0
"Water samples were collected for microbiological analysis (Legionella species, Pseudomonas aeruginosa, Stenotrophomonas maltophilia, Acinetobacter species, nitrifying bacteria, heterotrophic plate count [HPC] bacteria, and nontuberculous mycobacteria).",0
"We conclude that restoring less flammable native Q. ilex and O. europaea forest communities would markedly reduce fire risk and erodibility compared to recent forest plantations with flammable non-native trees (e.g. Pinus, Eucalyptus) and xerophytic shrubland (e.g. Cistus, Erica).",0
"In order to test and validate the system, images of three bacterial species (Escherichia coli, Pseudomonas aeruginosa, and Staphylococcus aureus) cultured in Petri plates were used.",0
"Data on the activity pattern of a group of red colobus monkeys (Colobus badius rufomitratus) living along the Tana river, Kenya, were collected during monthly 5-day observation periods between October 1973 and December 1974.",0
"OBJECTIVES
The present study aimed to investigate the antimicrobial and biofilm inhibition activity of synthetic antimicrobial peptides (AMPs) against microbes such as Enterococcus faecalis, Staphylococcus aureus, and Candida albicans which are involved in endodontic infections.",0
"The molecular machinery involved in the dioxin response has been clarified chiefly in mammals, although fish models, such as zebrafish (Danio rerio), medaka (Oryzias latipes), and Fundulus, are excellent candidates for examining the mechanisms of developmental dioxin toxicity.",0
"We report that an aqueous solution containing 10(-3) M adenosine triphosphate (ATP) and citrate-phosphate-dextrose-adenine (CPDA-1) can effectively replace transfusable human red blood cells in an in vitro Klun and Debboun bioassay system for evaluating chemicals for mosquito feeding-deterrent activity, using either Aedes aegypti or Anopheles stephensi.",0
"We used ethylenediamine tetra-acetic acid (EDTA) to decalcify the bony walls of the cochlea and investigated the inner structures by deep penetration of light into the cochlear tissue using OCT on a guinea pig model of endolymphatic hydrops (EH), induced by surgical obliteration of the endolymphatic duct.",0
"Phylotypes of Enterobacteriales, Lactobacillales, Saccharomycetales and Mucorales dominated the whole fermentation process.",0
"Utility of host-delivered RNAi has been demonstrated in several plants (Arabidopsis, tobacco, and soybean) that exhibited resistance against root-knot and cyst nematodes.",0
"The spiralian lophotrochozoans (which include molluscs, annelids, nemerteans, gnathostomulids, dicyemid mesozoans, entoprocts, and platyhelminthes) exhibit a highly conserved pattern of early development that involves stereotypical, asymmetric cell divisions (termed ""spiral cleavage"").",0
"BACKGROUND
Tsetse flies (Glossina sp.) are vectors of Trypanosoma brucei subspecies that cause human African trypanosomiasis (HAT).",0
Evaluating the Effects of Viruses on Eastern Indigo Snakes (Drymarchon couperi) with Gastric Cryptosporidiosis.,0
"The following results were found: a) Protozoa: Entamoeba coli, 43.0%; Iodamoeba buetschlii, 9.0%; Giardia intestinalis, 8.8%; Endolimax nana, 7.0%; E. histolytica, 5.5%; E. hartmanni, 2.5%; Chilomastix mesnili, 2.3%; Trichomonas intestinalis, 0.2%; Balantidium coli, 0.1%.",0
"The in vitro biological actions of synthetic chum salmon melanin concentrating hormone (MCH) on melanophores of the blue damselfish (a teleost), Chrysiptera cyanea, were studied.",0
Colchicine-specific antibodies were produced in either goats or rabbits immunized with three different colchicine haptens conjugated to bovine serum albumin (BSA) at different coupling sites on the three rings of colchicine.,0
"The results reported herein indicate that GABA(B) receptors, acting in concert with GABA(A) and glycine receptors, play a role in mediating REM sleep atonia.",0
"Here we describe the flow cytometric parameters of stage-specific promastigotes of Leishmania major, Leishmania donovani, Leishmania amazonensis, and Leishmania braziliensis.",0
"Antihypertensive effects of the combined extract of Sorghum bicolor, Vigna angularis, and Eleusine coracana in spontaneously hypertensive rats.",0
"Reply: ""Erosive oral lichen planus as a sign of paraneoplastic pemphigus"".",0
"Age-related changes at neuronal population, single cell, and synaptic levels have been well documented in macaques and marmosets, while age-related and Alzheimer's disease-like neuropathology has been characterized in additional species including lemurs as well as great apes.",0
"The immunomodulary drug Setarud, which is composed of herbal extracts including Rosa canina, Urtica dioica and Tanacetum vulgare, supplemented with selenium exhibits anti-inflammatory and anti-oxidant properties.",0
"Maseria vespertilionis n. g., n. sp. (Dorylaimina : Muspiceidae) is described from nearctic bats (Vespertilionidae).",0
"This antiserum specifically reacted with recombinant N protein as well as TSWV infected hosts, but not with groundnut bud necrosis orthotospovirus (GBNV) as well as capsicum chlorosis orthotospovirus (CaCV) infecting tomato and chilli plants.",0
"One putative causative agent, Candidatus Liberibacter asiaticus (CLas), is vectored by Diaphorina citri, known as the Asian citrus psyllid (ACP).",0
"The participation of the sarcocyst surface apparatus (SSA) of two sarcosporidian species, Sarcocystis muris and S. ovifelis (Coccidia, Sporozoa, Apicomplexa), in degradation of disrupted host cell substances was investigated.",0
"Effects were not as marked on the closely related nematodes, Haemonchus contortus and Ostertagia circumcincta.",0
Adherence of Bordetella bronchiseptica and Pasteurella multocida to swine nasal ciliated epithelial cells in vitro.,0
"The two most prevalent human malaria parasites, Plasmodium falciparum and Plasmodium vivax, cause the majority of malaria-related morbidity and mortality.",0
"The results indicated that the absorption characteristics of the five alkaloids from Coptidis Rhizoma would be influenced by the compatibility of Astragali Radix or Lonicerae Japonicae Flos from JQJT tablets, such that absorption was inhibited and elimination was accelerated.",0
"Reactive arthritis may develop within a period of some days until upto 3 weeks after infections with Yersinia enterocolitica, Yersinia pseudotuberculosis, Campylobacter jejuni/coli, Shigella and Salmonella.",0
"This article highlights techniques and equipment needed to successfully restrain, diagnose, and treat gastropods (including snails and slugs) and arthropods (including spiders, scorpions, honey-bees, cockroaches, silkworms, phasmids, centipedes, and millipedes).",0
"The findings in this study indicated that sika deer as potential natural host and may spread Lyme disease pathogen to animals, ticks, and even humans.",0
"Interdental supragingival plaque--a natural habitat of Actinobacillus actinomycetemcomitans, Bacteroides forsythus, Campylobacter rectus, and Prevotella nigrescens.",0
"The bone structure of the animals examined becomes more similar to the human structure from mouse, hamster, rat, guinea pig, rabbit, and cat to dog.",0
"The variable components were Absidia, Alternaria, Aureobasidium, Bipolaris, Fusarium, Geotrichum, Mucor, Nigrospora, Paecilomyces, Scopulariopsis, and Trichoderma.",0
"The microbial community of Ru/Fe-modified-biocathode was dominated with Nitrosomonas at genus level, and enriched with various APA-degraders, nitrifiers, and denitrifiers such as Pseudomonas, Nitrospira, Nitrobacter, Paracoccus, Thermomonas, Dechloromonas, and Clostridium_Sutra_stricto_1.",0
"Phylogenetic analysis based on 16S rRNA gene sequences indicated that the two strains belonged to the family Flavobacteriaceae; and that strain KYW371(T) was most closely related to Algibacter mikhailovii LMG 23988(T) (96.7 % sequence similarity), Pontirhabdus pectinivorans JC2675(T) (96.3 %), Postechiella marina M091(T) (95.6 %) and Hyunsoonleella jejuensis CNU004(T) (95.3 %).",0
"Overall karyological affinity was highlighted between E.lobulata and E.stellata, on one side, and between E.byunsanensis and E.pinnatifida, on the other side.",0
"This review discusses the whole genome sequencing reports of Malus, Pyrus, Fragaria, Prunus, and Rosa and status of functional genomics of representative traits in individual crops.",0
2. The lytic effect of camel milk lysozyme was assayed using Escherichia coli and Micrococcus lysodeikticus and its activity was compared with that of lysozyme from human milk and egg white.,0
"A field-scale study of the spatially explicit interaction between the carabid Poecilus cupreus Linnaeus, and two common aphid species (Sitobion avenae (Fabricius) and Metopolophium dirhodum (Walker)) in winter wheat was conducted.",0
Intracameral Bacteriophage Injection as Postoperative Prophylaxis for Enterococcus faecalis-Induced Endophthalmitis After Cataract Surgery in Rabbits.,0
"Therefore, this study evaluated the cytotoxicity of crude ethyl extracts of six marine-derived fungi - Neosartorya tsunodae KUFC 9213 (E1), Neosartorya laciniosa KUFC 7896 (E2), Neosartorya fischeri KUFC 6344 (E3), Aspergillus similanensis KUFA 0013 (E4), Neosartorya paulistensis KUFC 7894 (E5), and Talaromyces trachyspermum KUFC 0021 (E6) - when combined with doxorubicin (Dox), in seven human cancer cell lines.",0
"Under the influent condition of ozonation pretreatment and 0.6 mg/L phosphate, the gene copy numbers of living Legionella spp., Mycobacterium spp., and Acanthamoeba spp.",0
"To investigate the effect of these two residues on the acceptor preference and the AA-2G yield, five single mutants Bs F191Y, Bs F255Y, Bc Y195F, Pm Y195F and Pm Y260F of three CGTases from Bacillus stearothermophilus NO2 (Bs), Bacillus circulans 251 (Bc) and Paenibacillus macerans (Pm) were designed for AA-2G synthesis.",0
"Sulcascaris sulcata (Anisakidae), a pathogenic nematode of sea turtles, may cause ulcerous gastritis with different degrees of severity.",0
"Secondary analyses identified several other significant associations showing lower risk for COVID-19 outcomes: 2 vaccines (acellular pertussis, Streptococcus pneumoniae), 3 dietary supplements (turmeric extract, flaxseed extract, omega-3 fatty acids), methylprednisolone acetate, pseudoephedrine, ethinyl estradiol, estradiol, ibuprofen, and fluticasone.",0
Intercontinental movements of northern pintail (Anas acuta) ducks wintering in Japan create a high-risk of both incursion and dispersion of avian influenza viruses (AIVs) that circulate in the ducks' breeding grounds in Siberia and Alaska.,0
"These reefs appear to be exhibiting shifts in species assemblages, with replacement of M. annularis (complex) by shorter-lived brooding species and other massive and plating corals (Agaricia, Porites, Meandrina, Eusmilia, Diploria, and Siderastrea spp.).",0
"PCR analysis of Ixodes scapularis ticks collected in New Jersey identified infections with Borrelia burgdorferi (33.6%), Babesia microti (8.4%), Anaplasma phagocytophila (1.9%), and Bartonella spp.",0
"Leuconostoc mesenteroides (LM), Bacillus atrophaeus (BA) or Pseudomonas aeruginosa (PA) aliquots were exposed on nutrient agar plates to Array 1 (AR1, 0·2 mW cm(-2)) or Array 2 (AR2, 80 mW cm(-2)), which emitted impure or pure blue light (0-300 J cm(-2)), respectively.",0
"To assess the risk of acquiring such an infection from rabbits or guinea pigs, this study investigated the prevalence of the fungus Trichophyton mentagrophytes and the fur mite Cheyletiella parasitovorax in asymptomatic rabbits and guinea pigs in Dutch pet shops.",0
"A high-accuracy LightGBM model was developed, identifying six core genera-Fusobacterium, Solobacterium, Actinomyces, Porphyromonas, Atopobium, and Peptostreptococcus-as pPNs biomarkers.",0
"To assess this, magnetic resonance imaging (MRI) was used to examine volume differences of major subcortical structures: thalamus, nucleus accumbens, caudate, putamen, globus pallidus, amygdala and hippocampus.",0
"Of these fish species, 22 chondrichthyan fish, 14 Anguilliformes species, and 15 Serranidae species were respectively associated with smoked sharks, braised moray eels, and grouper fish soups.",0
Erratum to: Ammonia Toxicity to the Freshwater Planarian Polycelis felina: Contrasting Effects of Continuous Versus Discontinuous Exposures.,0
"The sensitivity of the Spirotox test was compared to four bioassay systems used worldwide: Tetrahymena pyriformis, Microtox, Daphnia magna, and Pimephales promelas.",0
"RESULTS
Analysis of 16S ribosomal RNA of 4 representative bacterial genera Lactobacillus, Bifidobacterium, Bacteroides, and Clostridium showed that the gut microbiota in infants had higher relative abundances of Bifidobacterium and Lactobacillus than that in adults, which was dominated by Bacteroides and Clostridium.",0
"The crop residues investigated were the grasses, sorghum straw (Sorghum bichlor) and millet straw (Pennisetum typhodium) and the legumes Stylosanthes flavicans and Cajanus cajana.",0
"Gold UCLA (vertical gap: 2.15 microm, horizontal gap: 11.30 microm) and castable rotational UCLA (vertical gap: 14.91 microm, horizontal gap: 59.41 microm) groups showed the lowest and highest mean values, respectively (Neodent, Curitiba, Parana, Brazil).",0
"The antibacterial activity of the rPDA coatings was evaluated by a shake flask test with gram-positive Staphylococcus aureus, and gram-negative Escherichia coli and Pseudomonas aeruginosa as bacteria models.",0
"No multiple forms of choline acetyltransferase were found in extracts of human, mouse, rabbit, guinea pig, cat, and rat brain.",0
"Trypanotolerance, which refers to the inherent ability of some African livestock breeds, notably Djallonke sheep, N'Dama cattle and West African Dwarf goats, to withstand a trypanosomiasis challenge and still remain productive without any form of therapy, is an economically sustainable option for combatting this disease.",0
Sixteen compounds were identified in the essential oils of both Calocedrus decurrens and Cupressus sempervirens L. and fifteen compounds were identified in the essential oil of Tetraclinis articulata.,0
Main deficiencies are in variety of Macrotermitinae and Trinervitermes; Termitinae are broadly comparable.Most of the species occur in the flatter areas of broad-leaved savanna; three are restricted to open land bordering a marsh.,0
"Included are: placement of pacing wire in the left atrial appendage, access to re-canalized left superior vena cava via the coronary sinus for device occlusion eliminating cyanosis, access with subsequent device closure of a dormant pulmonary valve thought to be the nidus of an embolic event, and access to the atria for ablation of an atrial tachycardia.",0
"A. zelkovae consists of a chlorococcoid alga, which differs from related Arthonia species such as A. punctiformis, Arthonia pinastri, and Arthonia glaucella.",0
Comparative trial of different anti-bacterial combinations with propolis and ciprofloxacin on Pseudomonas keratitis in rabbits.,0
"The aim of this study was to investigate the larvicidal activities of synthesized cobalt nanoparticles (Co NPs) using bio control agent, Bacillus thuringiensis against malaria vector, Anopheles subpictus and dengue vector, Aedes aegypti (Diptera: Culicidae).",0
"The highest DNA binding values were found with Pseudomonas veronii CIP 104663T (52%), Pseudomonas rhodesiae CIP 104664T (56%), Pseudomonas marginalis ATCC 10844T (56%), Pseudomonas gessardii CIP 105469T (53%) and Pseudomonas cedrella CIP 105541T (52%).",0
"For the present work, eight species from the Neoarius genus were selected: Neoarius utarus, Neoarius midgleyi, Neoarius graeffei, Neoarius leptaspis, Neoarius berenyi, Neoarius paucus, Neoarius pectoralis, and Neoarius aff.",0
"The break period in monsoon altered the phytoplankton community leading to mixed species bloom of large-sized diatoms and harmful dinoflagellates (Gymnodinium catenatum and Cochlodinium polykrikoides) under high-saline, nutrient-poor, non-stratified, and transparent water column.",0
The cloned NADP-specific glutamate dehydrogenase (GDH) genes of Aspergillus nidulans (gdhA) and Neurospora crassa (am) have been shown to hybridize under reduced stringency conditions to genomic sequences of the yeast Schwanniomyces occidentalis.,0
"Furthermore, we provide the first DNA barcodes for two species (Cerodontha milleri and Phytoliriomyza praecellens) from the Agromyzidae and one species (Scaptomyza australis) from the Drosophilidae.",0
"In this work, we provide evidence that structurally important protein constituents of the Bacillus megaterium exosporium are different from those in the Bacillus cereus family.",0
"Moreover, complex 3 surpasses the inhibitory activity of tetracycline toward Enterobacter cloacae and the inhibitory activity of fluconazole toward Candida parapsilosis and Cryptococcus neoformans.",0
"Overall, the microbial communities in all samples were dominated by bacteria, in which Proteobacteria was the largest phylum, followed by Chloroflexi, Firmicutes, Acidobacteria, Actinobacteria, Gemmatimonadetes, and Nitrospirae, which together accounted for 64.6% of the total taxon tags.",0
"Moreover, three pretilachlor-degrading bacterial strains (Pseudomonas sp. Pr1, Proteiniclasticum sp. Pr2 and Paracoccus denitrificans Pr3) and two fenclorim-degrading strains (Dechloromonas sp. Fe1 and Ralstonia pickettii Fe2) isolated from a slurry of paddy soil utilized the substrates as sole carbon and energy sources under anaerobic conditions.",0
"The organism penetrates the human body through interrupted skin or mucous membranes, via animal contact or bites from ticks, deer-flies and mosquitoes.",0
The formation of incomplete transendothelial channels is reported in four cases of traumatic human brain injury complicated with subdural or epidural hematoma or hygroma.,0
"HPS has been reported in humans, dogs, cats, and cattle, and it is infrequent and poorly characterized in animals.",0
"We assessed here the applicability of four housekeeping genes recA, rplB, pyrG and leuS in combination with the mle gene in multi-loci sequence typing (MLST) of Pediococcus parvulus and Pediococcus damnosus.",0
The present study evaluated the possible role of alpha-adrenergic receptors of the dorsal hippocampus on scopolamine-induced amnesia and scopolamine state-dependent memory in adult male Wistar rats.,0
"The magneto-hydrodynamics model study shows that ultrahigh SMF can induce reduction in the volume flow rate of the blood in human arota more than 10%, thus may lead to anoxia condition of acute ischemia.",0
Operational Taxonomic Units (OTUs) that were lowest in participants who used antimicrobial drug belonged to Lactobacillus and Finegoldia.,0
"Using a recombinant phage containing the mouse beta-Globin gene with lambda gtWES bacteriophage DNA, transcription initiation sites for Escherichia coli RNA polymerase and calf thymus RNA polymerase B were mapped at the 5' and 3' ends of the mouse beta-Globin gene.",0
"Operational taxonomic units (OTUs) 421, 502 (Clostridium IV) and 141 (Megasphaera) were unique to B-CS.",0
"TD-1792, dosed subcutaneously (SC), produced dose-dependent reduction in the thigh bacterial burden of several organisms, including methicillin-susceptible and -resistant strains of Staphylococcus aureus and Staphylococcus epidermidis (MSSA, MRSA, MSSE, MRSE, respectively), penicillin-susceptible strains of Streptococcus pneumoniae (PSSP), Streptococcus pyogenes, and vancomycin-intermediate-susceptible Staphylococcus aureus (VISA).",0
This symbiotic association evolved with the nonaggressive fungus Pestalotiopsis funerea within the natural range of the cypress.,0
"When the antimicrobial activity of the extracts and compounds was tested by the paper disc method, the extracts and compounds were highly active against Gram-positive bacteria, such as methicillin-resistant Staphylococcus aureus KCTC 1928 (a MRSA bacterium), Streptococcus mutans and Bacillus subtilis.",0
"Honeybee viruses (brood queen cell virus BQCV, deformed wing virus DWV, and Israeli acute paralysis virus IAPV) and the brain specific expression of a biomarker of host physiological stress, the Acetylcholinesterase gene AChE, were investigated using RT-qPCR.",0
"infection among host-seeking Dermacentor occidentalis, Ixodes pacificus, and Ornithodoros coriaceus ticks in northwestern California.",0
"SIGNIFICANCE AND IMPACT OF THE STUDY
Light from two arrays of different blue LEDs significantly reduced bacterial (Leuconostoc mesenteroides, Bacillus atrophaeus and Pseudomonas aeruginosa) viabilities.",0
"The loci reported in MSY and PAR were respectively: 18 and 25 in Bos taurus, 5 and 7 in Bubalus bubalis, 5 and 24 in Ovis aries, 5 and 19 in Capra hircus, 10 and 16 in Sus scrofa, 46 and 18 in Equus caballus.",0
"Acute alloxan diabetic rabbits were used in a survey of the potential ability of Absidia, Cunninghamella, Mucor, Rhizopus, Syncephalastrum, and Thamnidium species to cause cerebral zygomycosis (phycomycosis, mucormycosis).",0
"Besides P-ser-HPr of S. faecalis, the phosphatase was also able to hydrolyze the phosphoryl bond in P-ser-HPr of Streptococcus lactis, Staphylococcus aureus, Bacillus subtilis, Streptococcus pyogenes, and Lactobacillus casei.",0
"Immune challenge with Gram-negative (Escherichia coli, Klebsiella pneumoniae) and Gram-positive (Micrococcus luteus) bacteria led to an increase in the level of apoLp-III in G. mellonella hemolymph, 0.5-2h and 8h after treatment, respectively.",0
"The aim of this study was to assess whether Neisseria meningitidis, Listeria monocytogenes, Streptococcus pneumoniae and Haemophilus influenzae can be identified using the polymerase chain reaction technique in the cerebrospinal fluid of severely decomposed bodies with known, noninfectious causes of death or whether postmortem changes can lead to false positive results and thus erroneous diagnostic information.",0
"In this article, we investigated salt stress tolerance of three tetraploid rootstock genotypes when compared to their respective diploid rootstocks (Poncirus trifoliata, Carrizo citrange, Cleopatra mandarin).",0
"Seven species were studied as planktonic cells, including Streptococcus oralis, Streptococcus mitis, Propionibacterium acnes, Actinomyces naeslundii, and the species mentioned above.",0
"Spleen cells from germfree rats, conventionally reared rats, and gnotobiotic rats associated with two Pseudomonas species gave no positive blastogenic response when incubated with each of four lipopolysaccharide (LPS) preparations from Escherichia coli, with glycolipid extracted from Salmonella minnesota R595 or with S. minnesota R595 lipid A. However, spleen cell preparations from athymic mice demonstrated a positive blastogenic response when incubated with E. coli LPS.",0
"gymnoascus demonbreunii, Ophiostoma piceae, Penicillium vulpinum, Phialophora mustea, Rhinocladiella pedrosoi, Scopulariopsis croci, S. komngii and Sesquiallium candelabrum.",0
Temporal dynamics of infection of cockles Cerastoderma edule with the protistan parasite Minchinia tapetis (Rhizaria: Haplosporida) in Galicia (NW Spain).,0
"BACKGROUND
Species of Macroponema Mawson, 1978 are strongyloid nematodes which occur in the stomachs of macropodid marsupials in Australia.",0
"After the second dose, goats were artificially inseminated (AI) with frozen-thawed semen at 18-24h (Trial 1) or at 10-24h (adjusted according to the time of estrus onset in Trial 2) after estrus detection.",0
"To demonstrate the impact of the different pharmacokinetics of moxifloxacin and levofloxacin on their antimicrobial effects (AMEs), killing and regrowth kinetics of two clinical isolates of Staphylococcus aureus and one each of Escherichia coli and Klebsiella pneumoniae were studied.",0
"The effect of extracts and individual constituents of goldenseal, Ginkgo biloba (and its hydrolyzate), grape seed, milk thistle, and ginseng on the activities of cytochrome P450 enzymes CYP1A2, CYP2C8, CYP2C9, CYP2C19, CYP2D6, CYP2E1, and CYP3A4 in human liver microsomes were determined using enzyme-selective probe substrates, and their effect on human P-glycoprotein (Pgp) was determined using a baculovirus expression system by measuring the verapamil-stimulated, vanadate-sensitive ATPase activity.",0
"The identified medically important parasites were Entamoeba histolytica/dispar, Giardia intestinalis, Ascaris lumbricoides, Hymenolepis nana, Toxocara spp, Hymenolepis diminuta, and Cystoisospora belli.",0
"It has previously been shown that matrix metalloproteinase-9 (MMP-9) levels, originating from macrophages, are considerably increased in human Helicobacter pylori-associated gastritis.",0
"In addition, we designed new degenerate primers of aerobic cyclase gene acsF, which serves as a convenient marker for both phototrophic Gemmatimonadetes and phototrophic Proteobacteria Our results showed that most of the phototrophic species in Lake Taihu belong to Alpha- and Betaproteobacteria Sequences of green sulfur and green nonsulfur bacteria (phototrophic Chlorobi and Chloroflexi, respectively) were found in the sediment.",0
"Changes in the photochemical activities, influenced by variation in the growth light intensity, were followed in typical C3 (Phaseolus, Ipomoea) and C4 (Amaranthus, Sorghum) plants.",0
"Among the hospital isolates, methicillin-resistant Staphylococcus aureus (MRSA), penicillin G-non-susceptible Streptococcus pneumoniae, and ampicillin-resistant Enterococcus faecium remained as prevalent as they were in 2009.",0
"Actinobacteria/Firmicutes ratio and the abundance of Christensenellaceae R7 group, norank_flachnospiraceae and Roseburia may serve as potential biomarkers for detecting alcoholic heart disease.",0
This study was conducted to explore the mechanism of dewaterability improvement of waste activated sludge by the filamentous fungus Talaromyces flavus S1.,0
"Its phylogenetic characterization from Glossina morsitans morsitans had shown that it is a member of the family Enterobacteriaceae within the gamma-3 subdivision of the Proteobacteria, closely related to enteric bacteria.",0
"Blood specimens from wild dogs (n=301) were obtained from De Wildt Cheetah and Wildlife Centre (Pretoria) and five game reserves (4 in the North-West Province and 1 in Limpopo Province), South Africa.",0
"PURPOSE
To investigate the ocular complications of herpes zoster ophthalmicus in patients with human immunodeficiency virus (HIV) infection.",0
"The extract demonstrated significant antibacterial activity against Staphylococcus aureus, Bacillus subtilis, and Gram-negative bacterial species, such as Escherichia coli, Agrobacterium tumefaciens, Xanthomonas campestris, Xanthomonas citri, and CLas.",0
I. Comparisons of adult Pacific lamprey (Entosphenus tridentata) and the Pacific hagfish (Eptatretus stouti).,0
"Mayssam Nehme, Pauline Vetter, Olivia Braillard, Frederic Assal, Frederic Lador, Ivan Guerreiro, Matteo Coen, Thomas Agoritsas, Jean-Luc Reny, Christophe Graf, Delphine S. Courvoisier, Lamyae Benzakour, Stéphane Genevay, Kim Lauper, Julien Salamun, Hervé Spechbach, Frederique Jacquerioz, Marwène Grira, Riccardo Favale, Guido Bondolfi, Aglaé Tardin, Paola M. Soccal, Dina Zekry, Silvia Stringhini, Philippe Meyer, Nana Kwabena Poku, Basile N. Landis, José Sandoval, Julien Ehrsam, Simon Regard, Camille Genecand, Garance Kopp, Gilles Allali, Samuel Cordey, Keith Harshman, Ioannis Xenarios, Lorenzo Cerutti, Cedric Howald, Henri Pegeot, Melyssa Elies, Deborah Penet, Pietro Cattaneo, Fosca Gattoni, Michael Bel, Damir Perisa, François Chappuis, Laurent Kaiser, Idris Guessous.",0
"Exorchis sp. in the catfish Silurus asotus and Oncomelania hupensis in marshlands of Poyang Lake, China: A potential biological control tool for Schistosoma japonicum.",0
"RESULTS
Four endophytic fungi were isolated from the tender shoot of A. grossedentata; they were identified as Fusarium graminearum TC-1, Phomopsis mali TC-3, Pestalotiopsis maculans TC-5 and Alternaria alternata TC-11.",0
We have previously demonstrated that 1131 base pairs (bp) of the human gonadotropin-releasing hormone (hGnRH) gene promoter can target simian virus 40 T antigen expression to GnRH neurons in transgenic mice.,0
Rhopalodiaceae diatoms Epithemia pelagica sp. nov.,0
"On a new species of Stephanonympha (protozoa, mastigophora) from the intestine of the Brazilian termite, Neotermes hirtellus.",0
The present studies show the effect of the Venetin-1 protein-polysaccharide complex obtained from the coelomic fluid of the earthworm Dendrobaena veneta on Candida albicans cells.,0
"The horizontal transfer of Bov-B LINE elements in vertebrates has been confirmed by their discontinuous phylogenetic distribution in Squamata (Serpentes and two lizard infra-orders) as well as in Ruminantia, by the high level of nucleotide identity, and by their phylogenetic relationships.",0
"Seasonal occurrence of Gyrodactylus derjavini (Monogenea) on brown trout, Salmo trutta, and Atlantic salmon, S. salar, in the Sandvikselva river, Norway.",0
"In general, sulbactam, clavulanate, and tazobactam are all potent inhibitors of staphylococcal penicillinase; chromosomal beta-lactamases produced by Bacteroides species, Proteus vulgaris, Haemophilus influenzae, Neisseria gonorrhoeae; and type IV enzymes of Klebsiella species.",0
"Candida species were the most frequent (isolated from 75% of participants), followed by Cladosporium (65%), Aureobasidium, Saccharomycetales (50% for both), Aspergillus (35%), Fusarium (30%), and Cryptococcus (20%).",0
"Improvement of Selected Morphological, Physiological, and Biochemical Parameters of Roselle (Hibiscus sabdariffa L.) Grown under Different Salinity Levels Using Potassium Silicate and Aloe saponaria Extract.",0
"In fact, current classification of some taxa belonging to Habronematoidea, Physalopteroidea and Thelazioidea need to be re-evaluated, mainly based on molecular data from different genes.",0
"Corn flea beetles, Chaetocnema pulicaria, vector Erwinia stewartii (synamorph Pantoea stewartii), which causes Stewart's bacterial wilt of corn (Zea mays).",0
"This work, which is part of a program to understand the reasons for the success of the African grasses, specifically investigates whether introduced and native grasses differ in some photosynthetic characteristics.The responses to photon flux density, leaf temperature, leaf-air vapour pressure difference and leaf water potential of leaf photosynthetic rate of two introduced African C4 grasses (Hyparrhenia rufa and Melinis minutiflora) and of a lowland and a highland population of a native Venezuelan grass (Trachypogon plumosus) grown under controlled conditions were compared.",0
"A radiometric procedure was compared with the Minitek and Cystine Trypticase Agar sugar degradation methods for identification of 113 Neisseria species (58 Neisseria meningitidis, 51 Neisseria gonorrhoeae, 2 Neisseria lactamica, 2 Neisseria sicca).",0
"In all species tested, Bombyx mori (silkmoth), Samia cynthia ricini (Ailanthus moth).",0
"In the present study, we used Escherichia coli to produce recombinant Hainantoxin-III (rHNTX-III), a 33-amino acid peptic toxin from the tarantula spider Haplopelma hainanum.",0
"A field litterbag experiment was conducted to investigate dynamics of total phenols and condensed tannin in the mixed leaf litter of Pinus massoniana (P) with other three broad-leaved species, i.e., Sassafras trumu (S), Cinnamomum camphora (C), Toona sinensis (T) during decomposition in low hilly lands, Sichuan Province, China.",0
"As part of those efforts, we sampled synanthropic birds and mammals at five infected and five uninfected poultry farms in northwest Iowa for exposure to avian influenza viruses.",0
"The creek chub genome is highly syntenic to the zebrafish and fathead minnow genomes, and while our assembly does not resolve into the expected 25 chromosomes, synteny with zebrafish suggests that each creek chub chromosome is likely represented by 1-4 large contigs in our assembly.",0
"We used a well-studied plant--herbivore system, Arabidopsis thaliana and the cabbage white butterfly Pieris brassicae, testing the effects of naturally laid eggs (rather than egg extracts) and allowing larvae to feed gregariously as they do naturally (rather than placing single larvae on plants).",0
"The species Barnettozyma californica, Candida azymoides and Pichia cecembensis were reported in grapes or wine-associated environments for the first time.",0
"The aims of this study were to assess the genetic variability in the exon 1 of the κ-casein gene in four Italian horse populations (Italian Saddle horse, Italian Trotter, Italian Heavy Draught horse, and Murgese horse) and in a sample of Martina Franca donkey by estimating genotype, allele and haplotype frequencies, as well as several population genetic indices.",0
On the relationship of Vibrio parahaemolyticus to Pasteurella-Yersinia genera--a preliminary study.,0
The cytotoxic effect of venoms from six crotalinae Peruvian snakes (Bothrops atrox; B. brazili; B. pictus; B. barnetti; Lachesis m. muta y Crotalus durissus terrificus) was studied in an in vitro system of BALB/c 3T3 fibroblasts grown in Dulbecco modified minimal essential medium at 37 degrees C in a humidified atmosphere of 5% CO2-95% air.,0
"The most conspicuous features are: 1) although no protein casts are found in the tubular lumina, epithelial cells of the proximal convoluted tubule (PCT) have numerous electron-dense vesicles as in human nephrotic kidneys; and 2) the platypus Henle's loop consists of the thick epithelial cells similar to the mammalian type nephron of birds.",0
"Animals investigated in electron paramagnetic resonance studies included cows, rats, mice, dogs, pigs, rhesus monkeys, goats, reindeer, walruses, bison, polar foxes, moose, and polar bears.",0
"The zona pellucida is composed of three proteins in both mice and humans: ZP1, ZP2 and ZP3.",0
"The results suggest that Starksia atlantica, Starksia lepicoelia, and Starksia sluiteri are species complexes, and each comprises three or more species.",0
"Two DNA probes were used for the detection of CNF1- and CNF2-positive E coli strains in a collection of 553 E coli isolates from cattle, sheep, goats, pigs, horses, dogs, cats and poultry.",0
"Long-Term Temperature Stress in the Coral Model Aiptasia Supports the ""Anna Karenina Principle"" for Bacterial Microbiomes.",0
Influence of Maturation Stages in Different Varieties of Wine Grapes ( Vitis vinifera) on the Production of Ochratoxin A and Its Modified Forms by Aspergillus carbonarius and Aspergillus niger.,0
"Phenotypic, biochemical tests and species-specific PCR assay permitted identification of four isolates of Gluconacetobacter diazotrophicus from root tissues of carrot (Daucus carota L.), raddish (Raphanus sativus L.), beetroot (Beta vulgaris L.) and coffee (Coffea arabica L.).",0
"Actinobacteria, Betaproteobacteria, Deltaproteobacteria, Planctomycetes, and Verrucomicrobia were also implicated in DIC assimilation.",0
"RESULT
ANOVA showed that among six of the 10 traditional Chinese medicines with neutral property, including Typhae Pollen, Sarcandrae Herba and Sappan lignum, could obviously increase the hemorheological indicators of both heat stagnation and blood stasis syndrome and cold stagnation and blood stasis syndrome rats; five traditional Chinese medicines with cold property, such as Salviae Miltiorrhizae Radix et Rhizoma, Leonuri Herba, Rhei Radix et Rhizoma, could significantly ameliorate the hemorheological indicators of heat stagnation and blood stasis syndrome rats (P < 0.01 or P < 0.05), and Salvia Miltiorrhiza Radix et Rhizoma alone could ameliorate the hemorheological indicators of cold stagnation and blood stasis syndrome rats (P < 0.05); all of the five traditional Chinese medicines with heat property could significantly ameliorate the hemorheological indicators of cold stagnation and blood stasis syndrome rats (P < 0.01), among which Carthami Flos and Notoginseng Radix et Rhizoma could significantly ameliorate the hemorheological indicators of cold stagnation and blood stasis syndrome rats.",0
"Dietary fibres (inulin, pectin, psyllium, pyrodextrin, wheat bran, cellulose-three doses) were fermented in vitro with human faeces (n = 10) with and without rutin (20 µg/mL), a common dietary flavonol glycoside.",0
"Pastured horses from both groups had low levels of fungi in BALF, and there was a significant increase in some specific fungi, most notably for Eurotium amstelodami, Wallemia sebi, and Aspergillus niger after stabling.",0
"This human gene exhibits sequence homology to MHC DNA of rabbit and chicken, but not to an MHC sequence of nematode.",0
Rabbit hepatitis E virus (HEV3-ra) is widely distributed in rabbits worldwide and several recent reports found that HEV3-ra can infect humans.,0
"The first records of Fidicinoides besti Boulard Martinelli, 1996, Fidicinoides brunnea Boulard Martinelli, 1996, Fidicinoides descampsi Boulard Martinelli, 1996, Fidicinoides ptychodiropeda Sanborn 2020b, Ariasa bilaqueata (Uhler, 1903), Guyalna bicolor (Olivier, 1790), Guyalna dyticamazona Sanborn, 2020b, Calyria fenestrata (Fabricius, 1803), Taphura boulardi Sanborn, 2011a, Carineta lichiana Boulard, 1986a, Carineta peruviana Distant, 1905c, Carineta producta Walker, 1858b, Carineta rufescens (Fabricius, 1803), Herrera concolor Sanborn, 2019b and Toulgoetalna tavakiliani Boulard, 1982 are provided.",0
"A new species of Scalithrium Healy & Reyda, 2016, Scalithrium australiense n. sp., is described from the reticulate whipray, Himantura australis Last, Naylor & Manjaji-Matsumoto, from off northern Western Australia.",0
"There were no infections with nematodes, cestodes or trematodes in the study participants.",0
"Barley yellow dwarf virus is a widespread viral pathogen that systemically infects cereal crops including wheat, barley and oats.",0
"The microbial community from heated sediments surrounding the plants was enriched in members of the Firmicutes including potentially (hemi)cellulolytic bacteria from the genera Clostridium, Anaerobacter, Caloramator, Caldicellulosiruptor, and Thermoanaerobacter.",0
Mycobacterium tuberculosis and Actinomyces israelii are common causes but Gram negative bacilli could be a rare cause.,0
"Here, we show via petrological modeling that hydrous Archean mafic crust metamorphosed in a non-plate tectonic regime produces individual pulses of magma with major-, minor-, and trace-element signatures resembling-but not always matching-natural Archean TTGs.",0
The Rhizobium rhizogene-transformed root culture from Physalis peruviana L. (P.,0
"Additionally, we describe a new species, Schikhobalotrema minutum n. sp., from Strongylura notata and Strongylura marina (Belonidae) from La Carbonera coastal lagoon, northern Yucatán, GoM.",0
"From the pellicle formed on top of brewing coconut water vinegar in Sri Lanka, three Acetobacter strains (SL13E-2, SL13E-3, and SL13E-4) that grow at 42 °C and four Gluconobacter strains (SL13-5, SL13-6, SL13-7, and SL13-8) grow at 37 °C were identified as Acetobacter pasteurianus and Gluconobacter frateurii, respectively.",0
"On leaflets, the tenuipalpids Brevipalpus phoenicis (Geijsks) and Tenuipalpus coyacus De Leon and the tetranychid Oligonychus modestus (Banks) were the predominant phytophagous mites.",0
"There were no differences in the minimal inhibitory concentration of the different samples with Staphylococcus aureus, Enterococcus faecalis, Escherichia coli and Pseudomonas aeruginosa as test organisms.",0
"By RT-PCR, mimecan mRNA was detected in human cornea, lens, iris, and retina.",0
"Here, we compare the dental microwear textures of Pleistocene cougars with sympatric felids from the La Brea Tar Pits in southern California that went extinct at the LPE (Panthera atrox and Smilodon fatalis), to clarify potential dietary factors that led to the cougar's persistence through the LPE.",0
"Determination of the nucleotide sequence of the gene encoding for 16S rRNA shows that these isolated strains belong to these genera: Shewanella, Salegentibacter, Halomonas, Marinobacter, Oceanicola, Idiomarina and Thalassospira.",0
"New Zealand, Amorocoelophoma neoregeliae from leaf spots of Neoregelia sp., Aquilomyces metrosideri and Septoriella callistemonis from stem discolouration and leaf spots of Metrosideros sp., Cadophora neoregeliae from leaf spots of Neoregelia sp., Flexuomyces asteliae (incl.",0
"Filariae were detected in six dogs (0.6%), two were positive for DNA from D. repens, two from Dirofilaria immitis and two from Acanthocheilonema reconditum.",0
"Based on light and scanning electron microscopical studies, two new gonad-infecting species of Philometra Costa, 1845 (Nematoda: Philometridae) are described from marine fishes of the genus Lutjanus Bloch (Lutjanidae, Perciformes) in the Bay of Bengal, off the eastern coast of India: Philometra argentimaculati sp. n. and Philometra fulvi sp. n. from the mangrove red snapper Lutjanus argentimaculatus (Forsskål) and blacktail snapper Lutjanus fulvus (Foerster), respectively.",0
"In conclusion, MR deletion along the nephron fully recapitulates the features of severe human PHA-1.",0
"Additionally, it was found that Tetraphidales, Polytrichales, Buxbaumiales, and Diphysciales are closely related.",0
"The most proportionally abundant microbial genera were Mycobacterium and Achromobacter at 10,000 ft; Stenotrophomonas and Achromobacter at 20,000 ft; Delftia and Pseudoperonospora at 30,000 ft; and Alcaligenes and Penicillium at 40,000 ft. Culture-based detections also identified viable Bacillus zhangzhouensis, Bacillus pumilus, and Bacillus spp.",0
"TaUBA, a UBA domain-containing protein in wheat (Triticum aestivum L.), is a negative regulator of salt and drought stress response in transgenic Arabidopsis.",0
"Analysis of key bacteria showed that LicA could significantly promote the growth of beneficial bacteria, such as Bifidobacterium, Turicibacter, Blautia, and Faecococcus, and inhibit the growth of harmful bacteria, such as Enterococcus, Dorea, and Arachnococcus.",0
Our laboratory adapted two LDTs on Fusion; a multiplex real-time PCR for Anaplasma phagocytophilum and Ehrlichia chaffeensis (AP/EC) and a Babesia microti (BM) PCR.,0
"Rats were the most frequent model (38 of 57 articles), followed by mice (9 of 57), rabbits (4 of 57), guinea pigs (2 of 57), dogs (2 of 57), cats (1 of 57), and monkeys (1 of 57).",0
"The New World alphaviruses Venezuelan equine encephalitis virus (VEEV), eastern equine encephalitis virus (EEEV), and western equine encephalitis virus (WEEV) pose a significant threat to human health as the etiological agents of serious viral encephalitis through natural infection as well as through their potential use as a biological weapon.",0
"The microbial analysis illustrated that AcoD increased the relative abundance of hydrolytic bacteria such as Firmicutes, Patescibacteria, and Bacteroidetes.",0
Extracellular perception of multiple novel core effectors from the broad host-range pear anthracnose pathogen Colletotrichum fructicola in the nonhost Nicotiana benthamiana.,0
A novel species of mastrevirus (family Geminiviridae) isolated from Digitaria didactyla grass from Australia.,0
"The process included a pretreatment step followed by an enzyme hydrolysis using crude enzyme system composed of cellulase, amylase and hemicellulase, produced by a mixed culture of Aspergillus niger and Trichoderma reesei.",0
"[Secondary metabolites from Epicoccum nigrum 14one,an endophytic fungus isolated from plant Leptogium masiaticum].",0
"The great white shark remains the most likely candidate given it consumes marine mammals with some regularity, but seems unlikely to host five species of Clistobothrium.",0
"Several proteins (e.g. PUB4, OXI1, EX1) are proposed to play signaling roles across three Arabidopsis thaliana mutants that conditionally accumulate chloroplast 1O2 (fluorescent in blue light (flu), chlorina 1 (ch1), and plastid ferrochelatase 2 (fc2)).",0
"In the final stage sample, bacteria were found belonging to Proteobacteria, Bacteroidetes, and Firmicutes, and some were unclassified bacteria.",0
"For all sites combined and species with a sample size ≥8, mean THg concentrations (μg/g dry weight) were greatest in tri-colored bats (Perimyotis subflavus; 6.04), followed by evening bats (Nycticeius humeralis; 5.89), cave myotis (Myotis velifer; 2.11), northern yellow bats (Lasiurus intermedius; 1.85), Brazilian free-tailed bats (Tadarida brasiliensis; 1.03), and red bats (Lasiurus borealis/blossevillii; 0.974), and lowest in hoary bats (Lasiurus cinereus; 0.809).",0
"Five forage species-white clover, red clover, lucerne, perennial ryegrass, and tall fescue-were cut at four dates during spring and processed in a lab-scale refinery (screw press and subsequent protein precipitation from the green juice).",0
"Although initially developed for virus silencing suppressors, this technique could also prove valuable to characterize the potential for weak silencing suppressors in the effector repertoires of fungi, bacteria, nematodes, and oomycetes.",0
"Muscle samples from blesbok (Damaliscus pygargus phillipsi), mountain reedbuck (Redunca fulvorufula) and greater kudu (Tragelaphus strepsiceros) were collected post mortem from the Vastus lateralis and analysed for myosin heavy chain (MHC) isoform content, citrate synthase (CS), 3-hydroxyacyl Co A dehydrogenase (3-HAD), phosphofructokinase (PFK), lactate dehydrogenase (LDH) and creatine kinase (CK) activities.",0
Human T-lymphotropic viruses (HTLV-I and -II) and bovine leukaemia virus (BLV) express transactivator proteins able to increase long terminal repeat (LTR) directed viral expression.,0
"Blastobotrys, Sporothrix and Trichosporiella: generic delimitation, new species, and a Stephanoascus teleomorph.",0
"Trypanosoma rangeli, the only trypanosome besides Trypanosoma cruzi to infect humans in the Americas, shows an important geographical overlap with the agent of Chagas disease, and its taxonomic position has been the source of some controversy.",0
"He has received in-kind supplies for trials as research support from the Almond Board of California, Walnut Council of California, American Peanut Council, Barilla, Unilever, Unico, Primo, Loblaw Companies, Quaker (Pepsico), Pristine Gourmet, Bunge Limited, Kellogg Canada, WhiteWave Foods.",0
"At the genus level, Roseburia were notably decreased while Staphylococcus, Ureaplasma and Methylobacterium were dramatically increased by AuNCs at 7 d (P < 0.05).",0
"In this review, we outline key aspects of host reprogramming that occur during plant-microbe interactions in early diverging land plants belonging to the bryophytes (liverworts, hornworts and mosses).",0
"Five fungal species are forming a stable base of aetiologic agents of dermatomycoses, i.e. Trichophyton rubrum, T. mentagrophytes, Candida albicans, C. parapsilosis and Trichosporon cutaneum, completed by increasing incidence of Microsporum canis, T. mentagrophytes var.",0
It was observed that Culex quinquefasciatus larvae were the most susceptible species with LC50 13.88 ppm and LC90 70.01 ppm followed by Aedes aegypti and Anopheles stephensi at 24 h of exposure.,0
[Encapsulation in vitro cercaria Himasthla elongata (Trematoda: Echinostomatidae)].,0
"Development and field evaluation in African and Asian countries of an hepatitis B virus PCR on open polyvalent platforms to determine treatment eligibility: results from the ""Agence Nationale de Recherche sur le Sida et les hépatites"" 12327 study.",0
"The analysis strongly supports Melogale as more closely related to a musteline-lutrine clade (containing Mustela and Enhydra) than to Meles or another musteline clade containing Martes and Gulo (causing Melinae and Mustelinae, as traditionally circumscribed, to be nonmonophyletic).",0
"Here, we applied term-seq to comprehensively map RNA 3' termini, with single-base precision, in two phylogenetically distant archaea: Methanosarcina mazei and Sulfolobus acidocaldarius.",0
"Pakistan, Agrocybe auriolus on leaf litter of Eucalyptus camaldulensis, Rhodophana rubrodisca in nutrient-rich loamy soil with Morus alba.",0
"Instead, the unliganded nuclear receptor itself controls metamorphosis in mollusks, echinoderms, and tunicates, whereas the T3 derivative tri-iodothyroacetic acid (TRIAC) acts as a THR ligand in cephalochordates.",0
"The best known example of olfactory enrichment is the use of catnip, a plant that can cause an apparently euphoric reaction in domestic cats and most of the Pantherinae.",0
"Prevalences by rodent species were 18.0% (70/388) in Japanese field mice (Apodemus speciosus), 20% (14/71) in small Japanese field mice (Apodemus argenteus), and 11% (4/38) in gray red-backed vole (Myodes rufocanus bedfordiae), suggesting that these rodent species are important reservoirs of Y. enterocolitica.",0
"The effect of different extenders on post-thaw sperm survival, acrosomal integrity and longevity in cryopreserved semen of Formosan Sika deer and Formosan Sambar deer.",0
Damage to loblolly pine seedlings caused by Longidorus is a previously undescribed problem in southern pine nurseries.,0
"- Occurrence of new infections from randomization to day 28; including infections by Candida, Aspergillus, Adenovirus, Herpes Virus e Cytomegalovirus - Occurrence of new organ dysfunction and grade of dysfunction during ICU stay.",0
Kombucha Fermentation of Olympus Mountain Tea (Sideritis scardica) Sweetened with Thyme Honey: Physicochemical Analysis and Evaluation of Functional Properties.,0
"Sex chromosomes in vertebrates range from highly heteromorphic (as in most birds and mammals) to strictly homomorphic (as in many fishes, amphibians, and nonavian reptiles).",0
A multinested PCR for detection of the equine piroplasmids Babesia caballi and Theileria equi.,0
"High virulence of a fungal strain is a prerequisite to develop a mycoinsecticide, and the present study investigated the potential of hypocrealean fungi from the genera Beauveria, Clonostachys, Cordyceps, Akanthomyces, Metarhizium, and Tolypocladium, isolated from mosquitoes in Central Brazil against M. domestica.",0
"Phylogenetic analyses based on 16S rRNA gene sequences showed that strains NEAU-YY421T and NEAU-YY642T belonged to the genus Streptomyces and strain NEAU-YY421T was most closely related to Streptomyces fumanus CGMCC 4.1732T (97.9 % sequence similarity) and Streptomyces naganishii DSM 40282T (97.8 %), and that of strain NEAU-YY642T to Streptomyces zhaozhouensis LZS-5T (98.0 %) and Streptomyces sedi YIM 65188T (97.5 %).",0
"The most similar sequences for 16S rRNA genes (98-99 % identity over 1444-1461 bp) were found in the Mycobacterium fortuitum group, Mycobacterium septicum and Mycobacterium farcinogenes.",0
"We obtained divergence times of 470-390 million years ago (Mya) in the Ordovician-Silurian-Devonian Periods for the interordinal split between Myxiniformes and Petromyzoniformes; 90-60 Mya in the Cretaceous-Tertiary Periods for the split between the two hagfish subfamilies, Myxininae and Eptatretinae; 280-220 Mya in the Permian-Triassic Periods for the split between the two lamprey subfamilies, Geotriinae and Petromyzoninae; and 30-10 Mya in the Tertiary Period for the split between the two lamprey genera, Petromyzon and Lethenteron.",0
"Nasal samples were collected from camels, horses, cattle, sheep and monkeys, as well as humans in contact with them.",0
"aegypti, Culex pipiens, Anopheles stephensi, Aedes albopictus, and Aedes triseriatus.",0
"This study collected soil and two varieties of wheat samples-Triticum aestivum L. (Jordão/bread wheat), and Triticum durum L. (Marialva/durum wheat) from Elvas area, Portugal and analyzed concentrations of As, Cr, Co, Fe, K, Na, Rb and Zn using Instrumental Neutron Activation Analysis (INAA) to focus on the risk of adverse public health issues.",0
"In peritoneal fluid of patients in both groups, Proteobacteria and Firmicutes were mainly dominated, followed by Actinobacillus, Bacteroidetes, Fusobacteria and Tenericutes, and there was no significant difference in the Eumycota between the two groups (p>0.05).",0
"For a random sample of 127 calves, serum zinc concentrations before and after treatment and a fecal antigen ELISA at diarrhea start and resolution for Escherichia coli K99, rotavirus, coronavirus, and Cryptosporidium parvum were performed.",0
"Thus, a microbial biomarker panel including Fusobacterium, Akkermansia, Escherichia/Shigella, Lachnospira, Agathobacter, and Bifidobacterium was established.",0
The ability of an avian influenza virus HA to bind the human form of the receptor may be one requirement for an avian virus to propagate in the human population.,0
"Emerging yeasts like Kodaemea ohmeri (4.8%), Pichia anomala (2.4%), and Candida auris (1.2%) were also isolated.",0
"(3) All hedgerow patterns increased soil nutrients, with the Morus alba + Buchloe dactyloides hedgerow plot increasing the soil total nitrogen (STN), soil total phosphorus (STP), and soil organic matter (SOM) content by 213.89−282.69%, 55.56−58.15%, and 29.77−56.04%, respectively.",0
Different T cell antigens and receptors for peanut agglutinin and Helix pomatia agglutinin on steroid-sensitive and resistant lymphocytes in the rabbit using double immunofluorescence.,0
"Samples were analysed for human (BacH) and ruminant (BacR) Bacteroidales genetic markers through quantitative polymerase chain reaction (qPCR) and for sorbitol-fermenting bifidobacteria through culturing as a complement to traditional faecal indicator bacteria, somatic coliphages and the parasitic protozoa Cryptosporidium spp.",0
"Accordingly, studies using genome sequencing to decipher resistance determinants in Enterobacteriaceae, Pseudomonas and Acinetobacter species have demonstrated several advantages including, among others: an exhaustive identification of resistance determinants from any clinical, epidemiological or environmental MDR bacterium; identification of the acquisition mechanisms for resistance determinants exchanged between bacterial species through mobile genetic elements and elucidation and understanding, in record time (less than 1 week), of some critical or epidemic events caused by particular pathogenic bacteria.",0
"All mammalian-parasitic stages of a range of nematode species investigated (Brugia pahangi, Acanthocheilonema viteae, Strongyloides ratti, Nippostrongylus brasiliensis, Trichinella spiralis and Ostertagia ostertagi) labelled in a surface-restricted manner with the fluorescent lipid analogues 5-N-(octadecanoyl)aminofluorescein (AF18) or nitrobenzoxadiazole-cholesterol (NBD-chol), but failed to bind other similar probes.",0
"BACKGROUND
Talaromyces marneffei is an invasive, and thermal dimorphic pathogenic fungus, whose infection is life threatening in human.",0
"Acinetobacter, Betaproteobacteria and Gammaproteobacteria were responsible for the phosphorus removal in the present system.",0
"During the 1940s, many articles were published reporting outbreaks probably caused by Rickettsia rickettsii, Rickettsia typhi, and Rickettsia prowazekii, as well as studies on their diagnosis, vaccination, and prophylaxis.",0
"This research analyzed the effect of agriculture (spring onion-Allium fistulosum, potato-Solanum tuberosum, and livestock farming) on water quality in páramo ecosystems.",0
"Using an experimentally induced cooperation task, the authors investigated whether tufted capuchin monkeys (Cebus apella) share the following 3 characteristics of cooperation with humans: division of labor, communication, and reciprocal altruism.",0
Fourier transform infrared spectroscopic analysis of the intact zona pellucida of the mammalian egg: changes in the secondary structure of bovine zona pellucida proteins during fertilization.,0
"Haemophilus ducreyi causes chancroid, a genital ulcer disease that facilitates the transmission of human immunodeficiency virus type 1. In humans, H. ducreyi is surrounded by phagocytes and must adapt to a hostile environment to survive.",0
"A plant growth-promoting rhizobacterium, Bacillus circulans GN03, was isolated from the root surface of pak choi cabbage.",0
"Results obtained from the sequences of cloned genes, especially the Saccharomyces cerevisiae Bar protease, the Candida albicans acid protease, and the Yarrowia lipolytica alkaline protease, have been emphasized.",0
"Human hyalohyphomycoses: a review of human infections due to Acremonium spp., Paecilomyces spp., Penicillium spp., and Scopulariopsis spp.",0
"First record and description of actinospore stages (raabeia, triactinomyxon, and aurantiactinomyxon types) of fish parasitic myxozoans from Malaysia.",0
This was the first case of human infection with avian influenza A(H7N9) virus in Hangzhou.,0
"The inhibitory activities of grapefruit seed extract (GSE) on avian influenza virus (AIV), Newcastle disease virus (NDV), infectious bursal disease virus (IBDV), Salmonella Infantis (SI) and Escherichia coli (EC) were evaluated.",0
"Among the results that were positive for Candida species (N=1,921), Candida albicans was the most common species (39.5%) and was followed by Candida parapsilosis (23.3%), Candida glabrata (13.2%), Candida tropicalis (7.1%), Candida krusei (3.2%), and others (13.7%).",0
"These results indicate that modified KSOM or KSOM plus glycine could not support rabbit embryo development past the morula stage, but this block was overcome by adding Eagle's amino acids.",0
Sticky bottle traps: a simple and effective method for collecting adult phlebotomine sand flies from rodent burrows in a Leishmania-endemic region of Egypt.,0
"The aim of this study was to provide a phytochemical characterisation and antioxidant activity evaluation of Opuntia matudae Scheinvar cv. Rosa by-products (epicarp and endocarp mucilage's), in order to evaluate their interest as sources of functional ingredients for human or animal foods.",0
"In patients with CDI, fidaxomicin allowed the major components to persist, whereas vancomycin was associated with a further 2-4-log(10) CFU reduction of Bacteroides/Prevotella group organisms, which persisted to day 28 of the study, and shorter term and temporary suppression of both Clostridium coccoides and Clostridium leptum group organisms.",0
"Other cell lines, HEp-2, MA 139 (embryonic ferret lung), MA 104 (embryonic rhesus monkey kidney), and Vero (African green monkey kidney) were also susceptible.",0
"Least cost formulations containing grain amaranth, groundnut, iron-rich beans, pumpkin, orange-fleshed sweet potato, carrot, and maize were developed and evaluated by a sensory panel (n = 30) for acceptability using the 9-point hedonic scale.",0
"The two new dihydrochalcones, named erioschalcones A ( 1) and B ( 2), demonstrated significant inhibitory activity against the microbial strains Bacillus megaterium, Escherichia coli, Chlorella fusca and Microbotryum violaceum.",0
"Among other species examined, significant concentrations of CyP were detected in cytosol extracts from sponges (Microciona prolifera), yeast (Saccharomyces cerevisiae), mushrooms, the giant cockroach (Blaberus discoidalis), and a trematode (Schistosoma mansoni).",0
"We have demonstrated the use of these vectors in Escherichia coli, Pseudomonas putida, and Burkholderia cepacia.",0
"Except for its genetic separation by the mid-Atlantic barrier, Diadema seems to have maintained connections through potential barriers to dispersal (including the Isthmus of Panama) more recently than did Eucidaris or Echinometra, two other genera of sea urchins in which phylogeography has been studied.",0
Ten (22 percent) isolates were Pseudomonas aeruginosa; 11 (24 percent) were Proteus or Morganella species; three (7 percent) were Citrobacter; one (2 percent) was Klebsiella pneumoniae; two (4 percent) were Staphylococcus aureus; and two (4 percent) were enterococci.,0
"Evidence for two DNA homology groups among small plasmids in Mycobacterium avium, Mycobacterium intracellulare, and Mycobacterium scrofulaceum.",0
"Mimivirus, or Acanthamoeba polyphaga mimivirus (APMV), a giant double-stranded DNA virus that grows in amoeba, was identified for the first time in 2003.",0
"The DNA G+C content of strain BB-Mw22(T) was 48.9 mol%, and its mean DNA-DNA hybridization values with Kangiella geojedonensis YCS-5(T), Kangiella japonica JCM 16211(T) and Kangiella taiwanensis JCM 17727(T) were 14-28 %.",0
"SIGNIFICANCE AND IMPACT OF THE STUDY
Lemon peel can be used as a substrate to obtain high pectinase titres by Aspergillus flavipes FP-500 and Aspergillus terreus FP-370.",0
"Three recently isolated peptides, whose sequences have been determined--the corticotropin (adrenocorticotropic hormone)-releasing factor of ovine origin, sauvagine, from the skin of the frog Phyllomedusa sauvagei, and urotensin I from the teleost fish, Catostomus commersoni--show high (greater than 50%) sequence homology.",0
"Twelve of the patients developed a pneumonia (four pneumococcus, one klebsiella, one cytomegalovirus), in six cases, a pneumocystis carinii infection was diagnosed in the bronchial lavage.",0
"Yet, most animals in the Sarcopterygii (lobe-finned fish) branch including Tetrapoda, amphibians and amniotes (lizards, crocodiles, birds, and mammals), have four ENaC paralogs.",0
"The highest prevalence of Babesia was found in Microtus oeconomus (14.5%) and Microtus agrestis (7.1%) followed by Clethrionomys glareolus (2.3%), Apodemus flavicollis (2.2%) and Micromys minutus (1.3%).",0
"As the scope of CALLISTO was comprehensive in terms of geographical area, animal species involved and impact of the diseases, the list of prioritized diseases had to accommodate the realities in different European countries and the differences in biology and animal-human relationships in a wide range of species including cats and dogs, pet pigs and sheep as well as captive reptiles.",0
"Compared with controls, untreated asthma group has higher abundance of Wallemia, Mortierella and Fusarium.",0
"BACKGROUND
The aim of this study was to investigate the infection and antimicrobial resistance of Ureaplasma urealyticum and Mycoplasma hominis in patients with genitourinary symptoms among Hakka population in Meizhou, China.",0
Whole-Genome Comparisons of Staphylococcus agnetis Isolates from Cattle and Chickens.,0
"Mean helical rise profiles obtained by using maps of positioned nucleosomes of the Drosophila melanogaster and Plasmodium falciparum genomes, as well as Homo sapiens chromosome 20 confirm that nucleosomes are mainly located where the mean helical rise reaches its largest values.",0
"The genus Phaeomycocentrospora is introduced to accommodate Mycocentrospora cantuariensis, primarily distinguished from Pseudocercospora based on its hyaline hyphae, broad conidiogenous loci and hila.",0
"Pythiosis is caused by Pythium insidiosum, a fungus-like microbe belonging to the kingdom Stramenopila.",0
"RESULTS
White-faced capuchin gut bacterial communities were characterized primarily by Firmicutes (41.6%) and Proteobacteria (39.2%).",0
"Besides Endozoicomonadaceae, bacteria in the families Pasteurellaceae, Alteromonadaceae, and Comamonadaceae were common associates, depending on the tissue queried.",0
"Plant extracts derived from Semen Cannabis, the seeds of the Cannabis sativa L. (hemp) plant, and Oleum Hyperici, the oily macerate of Hypericum perforatum L. (St.",0
"Nosema ceranae is a microsporidium that infects Apis mellifera, causing diverse physiological and behavioral alterations.",0
"Isolated species included Kluyveromyces marxianus, Lodderomyces elongisporus, Lindnera fabianii, Candida dubliniensis, Meyerozyma guilliermondii, Candida intermedia, Pichia kudriavzevii, Yarrowia lipolytica, Clavispora lusitaniae, Candida pararugosa, and Wickerhamomyces anomalus.",0
"Toxocara canis, Toxocara cati and Ascaris suum are roundworms of dogs, cats and pigs, respectively, that can also infect humans.",0
"The gut microbiome was surprisingly well conserved across the diversity of finch species, with one exception-the vampire finch-which harbored bacteria that were either absent or extremely rare in other finches, including Fusobacterium, Cetobacterium, Ureaplasma, Mucispirillum, Campylobacter, and various members of the Clostridia-bacteria known from the guts of carnivorous birds and reptiles.",0
"This study is aimed at offering an overview of the prevalence of Yersinia enterocolitica and related species in San Luis, Argentina, from samples of diverse origin received in our laboratory between 1984 and 2014, and providing an analysis of the distribution of Yersinia isolates according to their isolation sources, highlighting bioserotypes and potential reservoirs and vehicles of transmission to humans.",0
Systemic administration of AAV8/hFIX-FerA complex induced approximate 4-fold more human coagulation factor IX expression and improved hemostasis in hemophilia B mice than that of AAV8/hFIX.,0
"The fibrobullous lungs of 21 (54%) patients were infected with nontuberculous mycobacterium, aspergillus, methicillin-resistant Staphylococcus aureus, and unidentified bacteria in 5, 4, 1, and 11 patients, respectively.",0
"Various Gram-negative (Salmonella enterica serovars, Campylobacter jejuni/coli, E. coli) and Gram-positive (Enterococcus spp., Staphylococcus spp.",0
"Finally, the antibacterial effects of the produced bioactive glasses against Staphylococcus epidermidis (Gram-positive), Pseudomonas aeruginosa and Escherichia coli (both Gram-negative) were investigated.",0
Sequencing during Times of Change: Evaluating SARS-CoV-2 Clinical Samples during the Transition from the Delta to Omicron Wave.,0
"We identified Piper nigrum, Cinnamomum zeylanicum, Cinnamomum cassia as strong repellents.",0
"Bacillus cereus vegetative cells (1 x 10(8) colony-forming units [CFU]/mL) were inoculated in LWE-SM beverages with or without natural antimicrobial supplements: flavonol rich-cocoa powder (cocoanOX 12%, CCX) (700 ppm), vanillin (700 ppm), anise (700 ppm), and cinnamon (700 ppm).",0
"Dietary supplementation with a multi-strain probiotic containing Bacillus subtilis, Enterococcus faecium, Pediococcus acidilactici and Lactobacillus reuteri has been examined for its effects on growth performance, intestinal microbiota, non-specific immune response and antioxidant status of rainbow trout.",0
"in 344 samples of bean sprouts was attempted by pre-enriched in buffered peptone water (BPW) or lactose broth (LB) at 37 degrees C, followed by selective enrichments, selenite cystein broth (SCB) and Rappaport medium (RV) at 43 degrees C. Four selective media, bismuth sulphite agar (BSA), brilliant green agar (BGA), Salmonella-Shigella agar (SSA) and MacConkey agar (MA) were used for isolation.",0
"New taxa of crickets (Orthoptera: Grylloidea: Phaloriinae, Phalangopsinae, Itarinae and Podoscirtinae) from Borneo (Brunei Darussalam and Sandakan).",0
"We conducted a field experiment in a managed grassland and simultaneously tested the effects of elevated atmospheric CO2, temperature, and drought on the abundance of active ammonia-oxidizing bacteria (AOB) and archaea (AOA), comammox (CMX) Nitrospira, and nitrite-oxidizing bacteria (NOB), and on gross mineralization and nitrification rates.",0
"Therefore we performed a 12-week double-blind, placebo-controlled, randomized, clinical trial to evaluate the effect of ginger (Zingiber officinale), cinnamon (Cinnamomum), and black seed (Nigella sativa) consumption on blood glucose, lipid profiles, and body composition in 120 participants with, or at risk of, metabolic syndrome.",0
"Stilestrongylus gracielae n. sp. most closely resembles Stilestrongylus azarai Durette-Desset and Sutton, 1985, parasitic in Akodon azarae and in Graomys griseoflavus, and Stilestrongylus franciscanus Digiani and Durette-Desset, 2003, also parasitic in G. griseoflavus, both from Argentina.",0
"Eight strains of rotaviruses isolated from diarrheal animals (4 from calves and 4 from piglets) in China were compared by serotyping with reference animal rotavirus strains (bovine NCDV, porcine OSU and simian SA-11 and human rotavirus Wa strain).",0
"Phylogenetic analysis revealed that EvDREB2A and DREB2As from Brassica rapa, Eutrema salsugineum, Arabidopsis thaliana, Arabidopsis lyrata, and Arachis hypogaea formed a small subgroup, which clustered with DREB2Bs from A. lyrata, A. thaliana, Camelina sativa, and B. rapa to form a larger subgroup.",0
"Other species collected were Aedes (Howardina) cozumelensis Diaz Najera, Aedes (Ochlerotatus) taeniorhynchus (Wiedemann), Aedes (Ochlerotatus) trivittatus (Coquillett), Culex coronator Dyar and Knab, Culex interrogator Dyar and Knab, Culex lactator Dyar and Knab, Culex nigripalpus Theobald, Culex salinarius Coquillett, Culex tarsalis Coquillett, Culex thriambus Dyar, Haemagogus equinus Theobald, Limatus durhamii Theobald, and Toxorhynchites rutilus (Coquillett).",0
"Three hyperparasitoids of V. turrita emerged from cocoons of A. pullata: Mesochorus ichneutese Uchida (Hymenoptera: Ichneumonidae), Pediobius sp. (Hymenoptera: Eulophidae), and Taeniogonalos maga (Teranishi) (Hymenoptera: Trigonalidae).",0
"Three separate species of trematode (opecoelid sp. A, Acanthoparyphium sp. A and Curtuteria australis) were identified from the limpets, based on molecular evidence.",0
saccharifera Deck.-Dill) and red clover (Trifolium pratense L.) were sown in the soil samples.,0
"It also supports the taxonomic revision of removing several species from Apatura to other genera, namely Mimathyma schrenckii, M. chevana, M. nycteis, Chitoria subcaerulea, C. fasciola, C. pallas, and Helcyra subalba.",0
We conducted no-choice and two-choice bioassays using a selection of Arabidopsis thaliana lines that vary in their defense pathways and repeated the experiments using AY-infected aster leafhoppers to evaluate possible differences associated with phytoplasma infection.,0
Comparison of release mechanisms for botanical oils to control Varroa destructor (Acari: Varroidae) and Acarapis woodi (acari: Tarsonemidae) in colonies of honey bees (Hymenoptera: Apidae).,0
"The efficacy of ivermectin (pour-on) against the eyeworms, Thelazia gulosa and Thelazia skrjabini in naturally infected cattle.",0
"The electroneutral Na+/H+ antiporter NhaP from archaea Pyrococcus abyssi (PaNhaP) is a functional homolog of the human Na+/H+ exchanger NHE1, which is an important drug target.",0
"In conclusion, our findings suggest the different responses to dsRNA delivery methods in Mormon crickets, and further investigations involving dsRNA stability and its uptake mechanism are required to use RNAi as an alternative Mormon cricket population management strategy.",0
Thiocolchicoside inhibited the function of recombinant human strychnine-sensitive glycine receptors composed of the alpha1 subunit with a potency (median inhibitory concentration of 47 microM) lower than that apparent with recombinant GABA(A) receptors.,0
"Herein, we reported the antimicrobial activity of caprine Alpha-S2 Casein (CSN1S2) protein from Ethawah breed goat milk and yoghurt in Gram positive (Listeria monocytogenes, Staphylococcus aureus and Bacillus cereus) and negative pathogen bacteria (Escherichia coli, Salmonella typhi and Shigella flexneri).",0
"Post-storage, variations in pH and temperature modulated the initial bacterial diversity, leading to a reduction in diversity and an increase in LAB such as Lactobacillus, Lactococcus, Leuconostoc, and Carnobacterium.",0
They were tentatively considered as porcine rotavirus serotype 2. All the strains of bovine and porcine rotavirus did not cross-neutralise with simian SA-11 and human Wa strain.,0
Antimalarial effects of C18 fatty acids on Plasmodium falciparum in culture and on Plasmodium vinckei petteri and Plasmodium yoelii nigeriensis in vivo.,0
"Previously, fungal subtilisin-like serine proteases have been identified from Aspergillus-, Penicillium-, and Trichophyton-species having a prevalence of IgE-reactivity between 33% and 80%.",0
"That is the case of Nassauvia subgenus Strongyloma (Asteraceae), a taxon with five putative species distributed in the southern Andes and Patagonian steppe.",0
"Results from the mixed-effects regression model showed that Faecalibacterium and Butyricimonas were more abundant in the nondiarrheic calves, whereas Clostridium and Peptostreptococcus were more abundant in the diarrheic calves.",0
Pets (mostly domestic dogs and cats) play an important role in the daily lives of humans and their health has attracted growing attention from pet owners.,0
"Two new species of furcocercous cercariae, Cercaria sp. XVI Malabar n. sp. and Cercaria sp. XVII Malabar n. sp. were recovered from the freshwater snail, Thiara tuberculata in the Malabar region of Kerala.",0
"Medicinal plants (Cotinus coggygria, Dactylorhiza maculata, Platanthera chlorantha) growing in various territories (Kaliningrad, Moscow, and Minsk regions) were the objects of research.",0
Protection from pulmonary tissue damage associated with infection of cynomolgus macaques by highly pathogenic avian influenza virus (H5N1) by low dose natural human IFN-α administered to the buccal mucosa.,0
Performance of Four New Leaf Rust Resistance Genes Transferred to Common Wheat from Aegilops tauschii and Triticum monococcum.,0
"METHODS
Five groups of 3 (15 total) adult male New Zealand albino rabbits underwent enucleation with placement of a 12-mm HA implant wrapped in high-porosity expanded polytetrafluoroethylene (e-PTFE), processed bovine pericardium, or processed human pericardium, sclera, or fascia lata.",0
The overlap of Vespa velutina with Apis cerana might potentially decrease to 0.51 and 0.56 with Apis mellifera.,0
"Rickettsia massiliae in ticks removed from humans in Castilla y León, Spain.",0
"OBJECTIVE
To determine the prevalence of Chlamydia trachomatis, Human papilloma virus (HPV) and Candida albicans among pregnant women attending child and mother health center in Gaza.",0
"In the UGD group, the abundances of Bifidobacterium and Collinsella were higher than that in the NC group; Bacteroides abundance in the TGD group was higher than that in the NC group, while Prevotella and Dialister abundances were lower than that in the NC group; Prevotella and Collinsella abundances in the UGD group were higher than that in the TGD group.",0
"The following five species were observed in Marmosa paraguayana: Viannaia hamata (58.8%), Gracilioxyuris agilisis (52.9%), Travassostrongylus sextus (17.6%), Oncicola luehei (5.9%), and Pritchardia boliviensis (5.9%).",0
"The different exposure regimens were associated with metagenomic assembled genomes of Nitrosomonas, Nitrospira, and Brocadia, encoding genes related to N-cycling, substrate usage, and osmotic stress response, possibly explaining the three different patterns by niche differentiation.",0
"This is a rare tumor of mesenchymal cell origin, which has been previously reported in cats, dogs, horses, and human beings.",0
"Netherlands, Cytosporella calamagrostidis and Periconia calamagrostidicola on old leaves of Calamagrostis arenaria, Hyaloscypha caricicola on leaves of Carex sp., Neoniesslia phragmiticola (incl.",0
Four juvenile rhesus macaques were inoculated with a mixed inoculum (G1P[8] and G9P[8]) of human rotaviruses.,0
Samples with protozoa were added to mammalian cell culture (HCT-8 cells for Cryptosporidium parvum and MDBK cells for Eimeria tenella).,0
"Czech Republic, Arcopilus navicularis from tea bag with fruit tea, Neosetophoma buxi as endophyte from Buxus sempervirens, Xerochrysium bohemicum on surface of biscuits with chocolate glaze and filled with jam.",0
Streptococcus suis remains a serious threat to the worldwide swine industry and human health.,0
"RESULTS
We reviewed 1585 urine cultures, of which 812 met eligibility criteria including 619 (76.2%) E. coli, 84 (10.3%) Proteus, 55 (6.8%) Klebsiella, 29 (3.6%) Staphylococcus, 13 (1.6%) Enterococcus and 12 (1.5%) Streptococcus.",0
"MATERIALS AND METHODS
Otitis media with effusion was developed in gerbils by infusing Escherichia coli E.coli lipopolysaccaride.",0
"The most common species at sites with R. rosea are: Schulzia crinita, Achillea ledebourii, Doronicum altaicum, Macropodium nivale, Hylotelephium telephium, Rhodiola algida, Carex capillaris, C. aterrima.",0
"Moreover bulbectomy reduced open field-induced cFOS expression in the basal nucleus of the stria terminalis while concurrently increasing expression in the hippocampus, amygdala, paraventricular nucleus of the thalamus, and dorsal raphe nucleus.",0
"In addition, a comparison of the reactivity profiles of self-Ia- and allo-Ia-restricted strain 13 T cells to a series of synthetic B chain peptide fragments revealed that the allo-Ia-restricted populations could be activated by autologous guinea pig insulin.",0
Coxiella burnetii in cattle and their human contacts in a gaushala (cattle shelter) from India and its partial com1 gene sequence-based phylogenetic analysis.,0
"Haemaphysalis bispinosa and Haemaphysalis longicornis, and 55 isolates from Ixodes persulcatus collected from Heilongjiang, Jilin, Liaoning, Nei-Monggol, Hebei and Xinjiang region (province).",0
"Two undescribed letendrones A-B (1-2), along with three known compounds, ZL-6 (3), dankasterone B (4), and minimoidione B (5) were isolated from the Aquilaria-derived fungus Letendraea helminthicola A820.",0
"Inferred derived characters of Styracura and potamotrygonins require homoplasy (they are absent from Paratrygon and Heliotrygon), and ventral lateral-line canal patterns and morphology of the scapular process and pelvic girdle generally reveal an affinity to different dasyatid genera, but one most likely based on plesiomorphies or independent evolution; Styracura is considered more closely related to potamotrygonins.",0
Novel polar lipids of halophilic eubacterium Planococcus H8 and archaeon Haloferax volcanii.,0
"We found that the ""green-like type"" rubisco from the thermophilic cyanobacterium Thermosynechococcus elongatus has an almost 2-fold higher specificity factor compared with rubiscos of mesophilic cyanobacteria, reaching the values of higher plants, and simultaneously revealing an improvement in enzyme thermostability.",0
"The reported reference genome sequences of Arachis, including A. duranensis, A. ipaensis, A. monticola, and A. hypogaea, and its related species Glycine max provide an opportunity to systematically perform a genome-wide identification of FAR1 homologous genes and investigate expression patterns of these members in peanut species.",0
"Within Juglandeae, a discordant position of Pterocarya was detected between nuclear and plastid genome data, and a more likely topology (nuclear), (Juglans, (Pterocarya, Cyclocarya)), was discussed based on evidence from molecular data and fossil records.",0
North American Propolis Extracts From Upstate New York Decrease Nosema ceranae (Microsporidia) Spore Levels in Honey Bees (Apis mellifera).,0
Mite contaminants included Lardoglyphus konoi (Sasa and Asanuma) (Acarina:Acaridae) and house dust mites (Pyroglyphidae).,0
"The two shuttle vectors were grown in Escherichia coli and assayed during transient passage in human cells, whereas the herpes virus was grown and assayed exclusively in mammalian cells.",0
"Animal research suggests that N/NE reflects heightened reactivity to uncertain threat in the bed nucleus of the stria terminalis (BST) and central nucleus of the amygdala (Ce), but the relevance of these discoveries to humans has remained unclear.",0
"Macro mineral contents were estimated in commonly consumed green leafy vegetables in India, namely; Koyyathotakura and Peddathotakura (varieties of Amaranthus species); Erragogu and Tellagogu (variety of Hibiscus species); Gangabayalakura (Portulaca olereceo) and Palak (Spineces olerecea) at three different stages of maturity.",0
"Molecular confirmation of the presumptive vibrios isolates revealed fluvialis (36.5%), as the predominant species, followed by Vibrio vulnificus (34.6%), and Vibrio parahaemolyticus (23.1%); only API 20NE was employed to detect Vibrio metschnikovii (5.8%), suggesting a high incidence of pathogenic Vibrio species in the final effluent of the rural wastewater facility.",0
The purpose of this study was to determine whether granule fractions of human neutrophils differentially kill Actinobacillus actinomycetemcomitans and Capnocytophaga spp.,0
"In the same treatment, bacteria community diversity was high in H. rufa (Chao1, 10310) and the least in S. arundinaceum (Chao 1, 8260) with Proteobacteria, Firmicutes, and Actinobacteria as the dominant phyla.",0
"The birds (n = 10 birds/group) were euthanized for tissue samples after CA supplementation for the last 5 d. Caprylic acid at 0.7 or 1% decreased Salmonella Enteritidis populations in cecum, small intestine, cloaca, liver, and spleen in both 3- and 6-wk trials.",0
"Microbiology data substantially differed from previous studies with 12 Gram-negative rods IA, of which only 3 due to Salmonella spp., 24 Gram-positive cocci IA of which 12 Streptococcus spp., and 18 IA due to intracellular growth and/or fastidious microorganisms, of which 8 Coxiella burnetii, 3 Treponema pallidum, and 5 tuberculosis suspicious cases.",0
"Simulation the potential distribution of Dendrolimus houi and its hosts, Pinus yunnanensis and Cryptomeria fortunei, under climate change in China.",0
"The 5' flanking sequences of ORFs identified in four archaea, Sulfolobus solfataricus, Pyrobaculum aerophilum, Halobacterium sp. NRC-1, and Pyrococcus abyssi, were clustered using the model.",0
"Beta-Proteobacteria was the dominant group that consisted of Azoarcus (25%), Brachymonas (5%), and Thauera (20%).",0
"The established reserve was most effective at protecting the habitat of species that were most similar to the umbrella species (i.e., avian species, those highly associated with sagebrush plant communities, and those with widespread habitat).",0
"pAM373 is a conjugative plasmid in Enterococcus faecalis that confers a mating response to the peptide sex pheromone cAM373 which is produced also by Staphylococcus aureus and Streptococcus gordonii. Unlike other sex pheromone-inducible plasmids, pAM373 does not confer an entry exclusion phenotype.",0
These species consisted of Saccharomyces cerevisiae and Hanseniaspora sp. in the yeast group; Lactobacillus fermentum and L. plantarum in the lactic acid bacteria (LAB) group; Acetobacter tropicalis belonging to the acetic acid bacteria (AAB) group; and Bacillus subtilis in the Bacillaceae family.,0
"RESULTS
The detection limit of CST revealed 1.2 × 104 for Treponema denticola (T.d.) and Tannerella forsythia (T.f.), 2.5 × 104 for Porphyromonas gingivalis (P.g.), 5.3 × 103 for Prevotella intermedia (P.i.), and 5.8 × 104 for Aggregatibacter actinomycetemcomitans (A.a.).",0
"All were infected by common bacteria, such as Gram-negative organisms, Mycobacterium tuberculosis and Campylobacter jejuni, or by opportunistic infections such as Candida or cytomegalovirus (CMV), or by both bacterial and opportunistic organisms.",0
"Cicuta douglasii is found in all of our western states, is extremely toxic and can easily be confused with wild parsnip or carrot.",0
[The seropositivity of Toxoplasma gondii and Listeria monocytogenes in the dogs of Kars and vicinity].,0
"The taxonomy of the family has been revised a number of times in recent years, focusing in particular on genera such as Doryteuthis, Sepioteuthis, Alloteuthis, and Uroteuthis, which are represented by populations in the New World, Oceania, Europe/Africa, and Asia.",0
"[Internal parasites (Cestoda, Trematoda) of small field mammals (Insectivora, Rodentia) in the region of Turwia near Poznań].",0
Clones of the structural gene (designated prcA) for this protease from Anabaena variabilis strain ATCC 29413 and Anabaena sp. strain PCC 7120 were identified via their expression in Escherichia coli.,0
"Among the 71 taxa, 11 were identified as potentially toxic with an emphasis on STX-producing dinoflagellates and cyanobacteria, such as Alexandrium sp., Gymnodinium spp.",0
"Bulimus visendus Hidalgo, 1869 is now placed in the genus Synapterpes Pilsbry, 1896, a new combination.",0
"rotavirus and coronavirus, Salmonella spp., Escherichia coli, Clostridium perfringens and Eimeria spp.",0
"Standard American Type Cell Culture and Microbial Type Culture Collection and Gene Bank strains of Streptococcus mutans, Lactobacillus acidophilus, Candida albicans, Enterococcus faecalis, Porphyromonas gingivalis and Aggregatibacter actinomycetemcomitans were used.",0
Dietary Phosphorus Reduced Hepatic Lipid Deposition by Activating Ampk Pathway and Beclin1 Phosphorylation Levels to Activate Lipophagy in Tilapia Oreochromis niloticus.,0
"The key pests of quinoa in the Andean region are the gelechiid moths Eurysacca melanocampta and Eurysacca quinoae; in other parts of the world, new pest problems have recently been identified limiting quinoa production, including the gelechiid Scrobipalpa atripicella in North America and Europe and the agromyzid fly Amauromyza karli in North America.",0
"Key taxa enriched in TT/ANT compared with HC were Cutibacterium acnes, Malassezia restricta, Human Herpes Virus 6B, and bacteriophage Yuavirus.",0
"The 16S rRNA gene amplicon sequencing analysis showed that the cooperation of denitrifying bacteria (Klebsiella, Petrimonas, Rhodococcus and Ochrobactium) and iron-reducing bacteria (Klebsiella, Geobacter and Petrimonas) in the system was the key to the stable and efficient removal of NOx and the regeneration of Fe(II)EDTA simultaneously.",0
"OBJECTIVE
In order to evaluate the potential zoonotic transmission of Giardia duodenalis, isolates from humans and dogs in the Northwestern region of the São Paulo State, Brazil were characterized based on the β-giardin gene.",0
"The mitochondrial genomes of Muscidifurax similadanacus, M. sinesensilla, Nasonia vitripennis, and Pachycrepoideus vindemmiae were sequenced to better understand the structural evolution of Pteromalidae mitogenomes.",0
"In this study, we compared the effects of prescribed burning and mechanical shredding on the seedling emergence and its relation to the mature vegetation in a fire-prone heathland dominated by Erica australis L. and Pterospartum tridentatum (L.) Willk., in Galicia (NW Spain).",0
"Morphometric and molecular divergence among four butterfly species of the families Nymphalidae and Pieridae from the western Himalaya region were investigated using molecular tools, traditional morphometric measures and a truss network system.",0
"In vivo (31)P-nuclear magnetic resonance (NMR) spectroscopy was used to measure the levels of ATP, phospho-l-arginine (PLA), and inorganic phosphate in the adductor muscle of the Antarctic scallop Adamussium colbecki and two temperate species, Aequipecten opercularis and Pecten maximus.",0
"Apple, peach, and pear as non-citrus fruit fibres were examined, as well as orange peel and flesh, tangerine peel and flesh, and lemon flesh as citrus fruit fibres, and carrot as vegetable fibre.",0
"The other parasites included Toxascaris leonina, Trichuris vulpis, Taenia species eggs, and Isospora canis oocysts.",0
"The influence of some Chinese crude drugs, including Crocus sativus, Carthamus tinctorius, Ginkgo biloba and Bulbus allii macrostemi on Ca(2+) influx in isolated rat aortas was investigated by using (45)Ca as a radioactive tracer, and their calcium antagonistic effects were evaluated.",0
"In recent years, many new Phytophthora species have been described worldwide, often with similar morphology to existing species; thus, as many of the isolates collected in Western Australia have been difficult to identify based on morphology, molecular identification of the morpho-species is required.",0
"On antennal segment IV, species in nearly all Panchaetothripinae genera and more than half of Thripinae genera have two sense cones, but genera of Dendrothripinae and Sericothripinae bear only one on this segment.",0
"Three strains, Nostoc sp. strain Mac, Anabaena cylindrica and Anabaena sp. strain M131, also showed significant similarity to portions of the 55 kb fdxN element.",0
Detection of Borrelia burgdorferi and Borrelia lonestari in birds in Tennessee.,0
"In mid-February 2015, a large number of deaths were observed in the sole extant population of an endangered species of freshwater snapping turtle, Myuchelys georgesi, in a coastal river in New South Wales, Australia.",0
"Soil samples were collected from field plots to assess the impact of treatments on bacteria, fungi, and ammonia oxidizers using molecular methods that targeted 16S RNA, ITS2, and amoA genes, respectively.",0
"The clinical records and follow-up data obtained over 13 years on the results of radiotherapy of spontaneous fibrous connective-tissue sarcomas in dogs, cats, and horses were reviewed.",0
"Plasticity in the decision to disperse is taxonomically widespread and I provide examples for insects, molluscs, polychaetes, vertebrates and flowering plants.",0
"When ELISA was performed using clinical samples of human sera to detect hTPO autoantibodies, results using hTPO-bac correlated well with those using hTPO from Graves' thyroid tissue (r = 0.85, p = 0.02) and those using recombinant hTPO from Chinese hamster ovary cells (hTPO-CHO) (r = 0.85, p = 0.02).(ABSTRACT TRUNCATED AT 250 WORDS)",0
"Six samples were created by combining the flours (Plantain, Breadfruit, and Cinnamon Composite (PBC)) in the following proportions: 100:0:0, 0:100:0, 65:30:5, 70:25:5, 75:20:5, and 80:15:5.",0
Here we directly compared both the testability and the success of companion dogs and cats in relying on human distal pointing gestures.,0
"Rhipicephalus sanguineus and Haemaphysalis formosensis tick species were identified, with Rickettsia hoogstraalii detected in H. formosensis.",0
Enhancing resistance to Sclerotinia minor in peanut by expressing a barley oxalate oxidase gene.,0
"Microbial activity was observed up to 80 °C on all substrates including Avicel, xylan, switchgrass, and Populus sp. Independent of substrate, Caloramator was enriched at lower (<65 °C) temperatures while highly active cellulolytic bacteria Caldicellulosiruptor were dominant at high (>65 °C) temperatures.",0
"The same cellular organelles seen in G. muris were found in Giardia lamblia from human jejunal biopsy material, but no endosymbionts were identified in G. lamblia trophozoites from the seven patients examined.",0
"TWEETABLE ABSTRACT
Review findings show endometriosis associated with increased Proteobacteria, Enterobacteriaceae, Streptococcus and Escherichia coli across various microbiome sites.",0
"The potential distance of highly pathogenic avian influenza virus dispersal by mallard, common teal and Eurasian pochard.",0
"In Ethiopia, dogs are the primary cause of human rabies virus exposure due to their close interaction with humans and other domestic animals.",0
"Analysis of immune responses and serological cross reactivities among Vibrio cholerae O1, Shigella flexneri 2a and Haemophilus influenzae b.",0
NOVEL UNARMORED DINOFLAGELLATES FROM THE TOXIGENIC FAMILY KARENIACEAE (GYMNODINIALES): FIVE NEW SPECIES OF KARLODINIUM AND ONE NEW TAKAYAMA FROM THE AUSTRALIAN SECTOR OF THE SOUTHERN OCEAN(1).,0
The present report gives a comparison of human embryo kidney cells and rhesus monkey kidney cells for the primary isolation of viruses from faecal specimens.,0
Suppression of croton oil-induced rabbit corneal edema by sideritis javalambrensis.,0
"Antimicrobial activity against two Gram-positive strains (methicillin resistant Staphylococcus aureus (MRSA) and vancomycin resistant Enterococcus faecalis (VRE)) and three Gram-negative strains (Salmonella typhimurium, E. coli and Pseudomonas aeruginosa) were determined.",0
"Here, chromosome-scale genome sequences were obtained and assembled for two recently described wild species of tetraploid cotton, Gossypium ekmanianum [(AD)6, Ge] and Gossypium stephensii [(AD)7, Gs], and one early form of domesticated Gossypium hirsutum, race punctatum [(AD)1, Ghp].",0
"Spearman correlation analysis results indicated that Fusobacterium_mortiferum, Fusobacterium, and Gammaproteobacteria were positively correlated with TNF-α (p < 0.05), whereas Ruminococcaceae, Bacteroidales was negatively correlated with TNF-α (p < 0.05).",0
"Canine influenza viruses (CIVs) are the causative agents of canine influenza, a contagious respiratory disease in dogs, and include the equine-origin H3N8 and the avian-origin H3N2 viruses.",0
"Comparative genomics analysis showed that the Phrymaceae and Lamiaceae family split ~62.80 Mya, and the divergence between patchouli and sesame occurred ~52.42 Mya, implying a potentially shared recent whole-genome duplication event.",0
The results indicate that the phytotoxic effect of sulfosulfuron in all the species assayed followed the order: flax > maize > onion > vetch > lepidium sativum > tomato > barley.,0
"3. The increase in albumin transfer induced by hypoxanthine and xanthine oxidase was abolished by catalase (3 u ml-1), reduced by allopurinol (4 mM), but unaffected by superoxide dismutase (6000 u ml-1), the hydroxyl radical scavengers, mannitol (15 mM), dimethylthiourea (10 mM) and N-(2-mercaptopropionyl)-glycine (1 mM), the iron chelator, deferoxamine (0.5 mM), ferric chloride (50 microM), an inhibitor of nitric oxide synthase, NG-nitro-L-arginine (30 microM), or the antioxidant, dithiothreitol (3 mM).",0
"Clostridiales occupied the acidogenic phase, while the predominant bacteria in the methanogenic phase were Bacteroidetes, Chloroflexi, and Synergistetes.",0
An 11.76-kilobase-pair (kb) segment of DNA from Bradyrhizobium sp. (Vigna) strain IRc 78 that hybridizes to nodulation genes of Rhizobium meliloti strain 41 was isolated.,0
"Our data reveal that these sequence-related enzymes from Novosphingobium sp. strain PP1Y, Novosphingobium aromaticivorans strain DSM12444, and Sphingobium sp. strain SYK-6 have conserved functions as β-etherases, catalyzing cleavage of each of the four dimeric α-keto-β-aryl ether-linked substrates (i.e., guaiacyl-β-guaiacyl, guaiacyl-β-syringyl, syringyl-β-guaiacyl, and syringyl-β-syringyl).",0
Twenty-seven of 30 (90%) rabbits inoculated intravenously with Cyno-EBV-producing simian (cynomolgus) lymphocyte cell line (Ts-B6) cells developed ML between 45 and 115 days after inoculation.,0
"The aim of this study was to determine proboscis length of Bombus atratus and B. bellicosus, two Uruguayan bumblebees, and verify the resource exploitation testing two cultivated species, the red clover and the bird's foot trefoil.",0
"House mice were the most common mammal species captured while house sparrows, European starlings, rock pigeons, swallows, and American robins were the most commonly captured birds.",0
"RESULTS
Primer specificity was tested against a panel of Arcobacter spp., related Campylobacter and Helicobacter spp.",0
"The cattle tick, Rhipicephalus (Boophilus) microplus (Bm), and the sand fly, Phlebotomus papatasi (Pp), are disease vectors to cattle and humans, respectively.",0
"Nearly all of the cestodes, or tapeworms (class Cestoda in the phylum Platyhelminthes, the flatworms), are parasitic as adults in the intestinal tract of vertebrates.",0
"The aim of this work was to assess the effect of NaCl at two concentrations on three invasive freshwater species, Elodea canadensis, Myriophyllum aquaticum and Ludwigia grandiflora, by examining morphological and physiological parameters and using metabolic profiling.",0
"We examined siderophore production by Absidia corymbifera, Aspergillus niger, Rhizopus arrhizus, Rhizopus oryzae, Blastomyces dermatitidis, Histoplasma capsulatum, Sporothrix schenickii, Candida albicans, and Trichophyton mentagrophytes.",0
"Previously, a commercial blocking ELISA (FlockChek(™) Avian Influenza Virus MultiS-Screen(®) Antibody Test Kit, IDEXX Laboratories, Inc., Westbrook, ME, USA) designed to detect influenza A nucleoprotein (NP) antibodies in avian serum was shown to accurately detect NP antibodies in swine serum.",0
"For the species such as Digitaria cilliaris, Echinochloa hispidula, Phragmites communis, Eragrostis pilosa and Spodiopogon sibiricus, their germination period was less than 10 days, while Clinelymus dahuricus and Pappophorum boreale had a germination period of more than 20 days.",0
"In the present paper, the possible role of viruses infecting marine eukaryotic microalgae is enlightened, especially summarizing the most up-to-the-minute information of marine viruses infecting bloom-forming dinoflagellates and diatoms.",0
"There was an apparent shift in dominance from Cytophaga-Flavobacterium to the Alphaproteobacteria group in the mesocosm with simultaneous addition of P and N, which positively related to increased abundance of bacterivorous protists.",0
Meloidogyne enterolobii is widely considered to be an aggressive root-knot nematode species that is able to reproduce on root-knot nematode-resistant tomato and pepper cultivars.,0
"In the present study, we prepared GPV from different regions of rat CNS, namely olfactory bulb (Ob), cerebral cortex (Cx), caudatoputamen (Cp), hippocampus (Hp), cerebellum (Ce) and spinal cord (Sc), and analyzed their activities of Na(+)-dependent uptake of following neurotransmitters and a related compound; glutamate, gamma-aminobutyrate (GABA), glycine, dopamine and choline.",0
"A reduction in diversity is also observed in other filarial nematodes with neo-X chromosome fusions in the genera Onchocerca and Wuchereria, but not those without neo-X chromosome fusions in the genera Loa and Dirofilaria.",0
"Finally, to validate the applicability, the new method was applied to four fresh celery, rape, scallion and spinach vegetables from a local market.",0
"The positions of Metanophrys, Pseudocohnilembus and Anophryoides among the philasterids remain poorly resolved.",0
"The sequence of the PCR products from rabbit ciliary epithelium and bovine lens showed 88% and 97% identity, respectively, with the corresponding sequences for human CA III, suggesting that the PCR products corresponded to the rabbit and bovine orthologs.",0
"Despite the dominance of Betaproteobacteria, members of Chloroflexi, Smithella, Syntrophomonas and Methanosaeta groups dominated the [(14)C]glucose-, [(14)C]propionate-, [(14)C]butyrate- and [(14)C]acetate-utilizing microorganism community, and accounted for 27.7+/-4.3%, 29.6+/-7.0%, 34.5+/-7.6% and 18.2+/-9.5%, respectively.",0
"Wild type Listeria monocytogenes 39-2 was sensitive to five bacteriocins produced by 3 genera of LAB: pediocin PA-1 and pediocin Bac3 (Pediococcus), lacticin FS97 and lacticin FS56 (Lactococcus), and curvaticin FS47 (Lactobacillus).",0
"Parsimony analysis grouped the lentil powdery mildew into a clade with Erysiphe baeumleri, E. trifolii, and E. trifolii-like Oidium sp., but indicated a more distant relationship to E. diffusa.",0
"BACKGROUND
Previous studies have proven that the closure of live poultry markets (LPMs) was an effective intervention to reduce human risk of avian influenza A (H7N9) infection, but evidence is limited on the impact of scale and duration of LPMs closure on the transmission of H7N9.",0
"The main genera involved in T30 and T15 were Comamonas, Clostridium, Longilinea, Petrimonas, Phenylobacterium, Pseudoxanthomonas, and Thiobacillus.",0
Survey in Nurseries and Irrigation Water Reservoirs as Sources of Oomycetes Found in Avocado Orchards in the Canary Islands.,0
"In this study, after scrutiny of the appropriate regeneration of cucumber plant (Isfahan variety) on MS medium with naphthalene acetic acid hormone (NAA; 0/1 mg L⁻¹) and benzyl amino purine hormone (BAP; 3 mg L⁻¹) hormones, the cloned human tPA gene under the CaMV 35S promoter and NOS terminator into pBI121 plasmid was transferred into cotyledon explants by Agrobacterium tumefaciens strain LBA4404.",0
"Wheat bulb fly (WBF, Delia coarctata, Fallén, Diptera: Anthomyiidae) is a pest of commercial importance in wheat, barley and rye, with attacked crops failing to produce full potential yields.",0
"Coleoptera, Rove beetle, Staphylinini, Andes, systematics, morphology, Leptopeltus trogloxenus sp. n.",0
"A. agrarius was found to be infected with 3 species of echinostomes (Echinostoma hortense, Echinostoma cinetorchis, and Euparyphium murinum), while C. lasiura was infected with 1 species (Echinochasmus japonicas) of echinostome.",0
"The role of Desmodium intortum, Brachiaria sp. and Phaseolus vulgaris in the management of fall armyworm Spodoptera frugiperda (J.",0
"Xylohypha bantiana is a rare neurotropic fungal infection reported in humans, dogs and cats.",0
"Aspartate aminotransferases have been cloned and expressed from Crithidia fasciculata, Trypanosoma brucei brucei, Giardia intestinalis, and Plasmodium falciparum and have been found to play a role in the final step of methionine regeneration from methylthioadenosine.",0
"In total, we identified 13,872, 5199, 29,582, and 13,478 BPs in Arabidopsis (Arabidopsis thaliana), tomato (Solanum lycopersicum), rice (Oryza sativa), and maize (Zea mays), respectively.",0
"As result, Panax notoginseng (Chinese), Panax japonicus (Japanese) and Panax quinquefolius (American), along with Panax ginseng (Korean) were the only ones amplified.",0
"Here, we describe a robust method for identifying virus-host protein interactions and protein complexes, which we have successfully utilized to characterize spatial-temporal protein interactions during infections with either DNA or RNA viruses, including human cytomegalovirus (HCMV), herpes simplex virus type 1 (HSV-1), pseudorabies virus (PRV), human immunodeficiency virus (HIV-1), Sindbis, and West Nile virus (WNV).",0
"Flea (Siphonaptera:Ceratophyllidae, hystrichopsyllidae) and tick (Acarina:Ixodidae) control on wood rats using host-targeted liquid permethrin in bait tubes.",0
"In addition, in the vegetated area we analyzed the metals content of roots, stems, and foliage in 41-years old plantations of Pinus radiata, Acacia dealbata, and Eucalyptus globulus (the only three species that survived from a total of 34 species planted), and determined height (H), and diameter at breast height (DBH).",0
"Its 19 non-EU member states are Albania, Andorra, Armenia, Azerbaijan, Bosnia and Herzegovina, Republika Srpska, Georgia, Iceland, Liechtenstein, Republic of Moldova, Monaco, Montenegro, Norway, Russian Federation, San Marino, Serbia, Switzerland, FYR of Macedonia, Turkey, and Ukraine (EU-19).",0
"Microsporum canis (zoophilic dermatophyte, belonging to genus Microsporum), responsible for most cases of tinea capitis in children, tinea corporis in adults and dermatophytoses in cats, is very unique in comparison with other dermatophytes.",0
Bacteroides and Prevotella (34.4%) were the major groups in the faunated cattle.,0
"Alpha-, beta-, and gamma-proteobacteria dominated all of the samples along with Actinobacteria, Bacilli, Flavobacteria, and Sphingobacteria.",0
"Furthermore, 20 flavonoids and 10 hydroxycinnamic acids were detected in kale and cabbage, while 17 flavonoids and eight hydroxycinnamic acids were found in leaf rape.",0
Analysis of amoA-gene-based cloning revealed Nitrosomonas marina are chiefly responsible for catalyzing ammonia oxidation in high ALR at high salinity stress.,0
"(Lauraceae) inhibited the growth of MRSA, Enterococcus faecalis, Escherichia coli, Pseudomonas aeruginosa, Klebsiella pneumoniae and Acinetobacter baumannii with MIC values below 100 µg/mL.",0
"Our results showed that bacteria, such as Chryseobacterium and Sphingomonas, and Pleosporales fungi dominated the entire black tea fermentation process.",0
Forty-one (85%) of the 48 OTUs belonged to the Ascomycota and seven OTUs (15%) to the Basidiomycota.,0
"The European species of Leucochloridium perturbatum and Leucochloridium paradoxum were frequently detected from Succinea lauta in Hokkaido, the northernmost island of Japan.",0
Toxocara eggs were found on the hair of 14% of 100 dogs and 22% of 100 cats.,0
"CONCLUSIONS
Thus, using a single antibody with cross-species reactivities, we demonstrate that swine coronary endothelium, unlike rodent coronary arteries, expresses similar basal amounts of class II MHC antigens to human coronary vessels.",0
"Finally, we found the relative abundance of Bacteroides, Lachnospiraceae_NK4A136_group, Escherichia_Shigella, Blautia, Ruminococcus, and Prevotella were closely related to the enrichment of the metabolic signaling pathways, including L-tryptophan, uracil, glucuronic acid, protocatechuic acid, and gamma-Glutamylcysteine.",0
Baccharis boliviensis and Fabiana bryoides were more active than the other plant species on Enterococcus faecalis with different phenotype.,0
"The abscess was drained and the sample grew Streptococcus intermedius, Aggregatibacter aphrophilus and Dermacoccus sp..",0
"It also killed 100% and 97% of adult worms and microfilariae of Dipetalonema viteae and Brugia malayi in Mastomys natalensis respectively, at 150 and 200 mg/kg x 5 days orally.",0
"Primary- and total growth of Cassiope and Empetrum were unaffected by manipulations, whereas growth was substantially reduced under fertilisation and shading (but not warming) for Betula.",0
"Arthonia dokdoensis sp. nov., a lichenicolous fungus from the subcosmopolitan Arthonia molendoi complex growing on crustose thalli of species of the genus Orientophila (subfamily Xanthorioideae, Teloschistaceae), as well as the lichen species Rufoplaca toktoana sp. nov.",0
"Firmicutes was the most abundant bacterial phylum, followed by Bacteroidetes and Verrucomicrobia.",0
"Regarding toxicological evaluation, EO showed moderate toxicity in Artemia salina toxicity bioassay (LC50 =347.41, after 24 h) as well as week toxicity against Drosophila melanogaster with the ability only to moderately delay larval and pupal development.",0
"It is found that highly susceptible plants (Kalanchoë, Lycopersicon and Pinto beans) contain an active tumor initiation enhancer which is clearly similar to the compound(s) found in Helianthus cotyledons.",0
"The overall prevalence of parasites in infected children was 67%, 20%, 30%, and 22%, respectively for Ascaris lumbricoides, Trichuris trichiura, Giardia duodenalis and Entamoeba histolytica in the rural town of La Mano de Leon and 49%, 14%, 15%, and 21%, respectively in the urban town of Santa Maria de Jesus.",0
"Incubation of the core particle with intact apoA-I, obtained from either human or bovine HDL, showed that these proteins could be incorporated to regenerate an HDL(3) of selectively altered protein composition, compared to the original lipoprotein.",0
"To this end, split Petri dish assays of bacterial cultures have been combined with GC-MS measurements with the aim to reveal the identity of the VOCs which inhibit the growth of Pythium ultimum Rhizoctonia solani, and Sclerotinia minor.",0
"The application of the biofertilizer dominated by Lactobacillus (relative abundance 11.90%) or the sterilized biofertilizer changed the relative abundance of a limited number of bacterial groups, i.e. Delftia, Halomonas, Lactobacillus and Stenotrophomonas, without altering significantly the bacterial community structure.",0
"The phylum Bacteroides (~10-22%) was found to be the second most abundant group in the hot-springs followed by Spirocheates (~2-11%), Firmicutes (~6-8%), Chloroflexi (1-5%), etc.",0
"The authors have studied on 20 bacterial strains (5 Pseudomonas aeruginosa, 5 Escherichia coli, 5 Klebsiella and 5 Serratia) the bactericidal kinetics of 4 aminoglycoside antibiotics: amikacin, gentamicin, kanamycin and tobramycin.",0
"Based on hubness score, spreading score, and IVI, the top 10 occurring keystone species in the FDH-228 (resistant) variety include Actinokineospora, Cohnella, Thermobacillus, Clostridium, Desulfofarcimen, and MDD-D21.",0
"The most common isolate was Streptococcus pneumoniae which constituted eight cases (42%), followed by Pseudomonas aeruginosa (15.8%), and Escherichia coli (10.5%).",0
"PATIENTS AND METHODS
Medical records were reviewed of patients who had device closure of an ASD or PFO, who were younger than 35 years, and who had a history of presumed paradoxical embolus between January 1999 and August 2005 at Mayo Clinic, Rochester, Minn, University of Parma, Parma, Italy, and Loyola University Medical Center, Maywood, Ill.",0
"B transporters are specialized proteins involved in the homeostasis of B. In the present study, a total of 29 BOR genes were identified in five major cereals, including three BORs in each Brachypodium distachyon and Sorghum bicolor, four in Oryza sativa, six in Zea mays, and 13 in Triticum aestivum.",0
"Lower lung function, COPD diagnosis, and greater symptoms associated positively with Streptococcus, Neisseria, and Veillonella, together with compounds from several classes (glycosphingolipids, glycerophospholipids, polyamines and xanthine, an adenosine metabolite).",0
"The rate of S. aureus nasal carriage varied between species: camels (53%), humans and monkeys (50%), sheep (44.2%), horses (15.2%) and cattle (15%).",0
"Specifically, marine organisms such as the green turtle Chelonia mydas and hawksbill turtle Eretmochelys imbricata were fatally poisoned by M. producens after consumption of this cyanobacterium.",0
"The predominant genera isolated were Bacteroides, Peptococcus, Fusobacterium and Clostridium.",0
"The present study evaluated the antibacterial activities of the complexes against three Gram-negative strains: Pseudomonas aeruginosa ATCC 15442, Escherichia coli ATCC 25922 and Proteus hauseri ATCC 13315.",0
"Two Nitrosopumilus maritimus-related strains isolated from the northern Adriatic Sea (Nitrosopumilus adriaticus, Nitrosopumilus piranensis), two Nitrosococcus strains, and two fast growing marine Bacteria (Pseudoalteromonas sp. and Marinobacter sp.) were fed to Cafeteria cultures.",0
"The crystal structure of human CRYM's bacterial homolog Pseudomonas putida ornithine cyclodeaminase and Archaeoglobus fulgidus alanine dehydrogenase have been available, but no CRYM structure has been reported.",0
"mycelium, an ectomycorrhizal fungus poorly defined genetically, but known for its generation of edible fruit bodies known as white truffles.",0
"Cultures of isolates of Candida albicans (9 strains), Candida tropicalis (12 strains), Candida parapsilosis (13 strains), Candida krusei (4 strains), Candida pseudotropicalis (3 strains), Torulopsis glabrata (3 strains), and Cryptococcus neoformans (2 strains) were assayed by gas-liquid chromatography.",0
"Demodex folliculorum and D. brevis have been identified in humans and play a role in three facial conditions: Pityriasis folliculorum, rosacea-like demodicidosis and Demodicidosis gravis.",0
"The large and diverse carbonate-producing community resident on the wreck (dominated by bryozoans, corals and sponges) has not had a measurable influence on adjacent bottom sediments (dominated by bivalves and barnacles), even after 21 years.",0
"Here, we evaluated the expression of ten potential reference genes (18S, ACTB, GAPDH, HMBS, HPRT, PPIA, RPL4, RPL32, TFRC, and UBC) in brain, pituitary, ovary, and testis in two species of songbirds: zebra finch and white-throated sparrow.",0
Depletion of Wolbachia endosymbionts of human pathogenic filariae using 4-6 weeks of doxycycline treatment can lead to permanent sterilization and adult filarial death.,0
"Based on our evaluation we propose to categorize Bufo eichwaldi, Paradactylodon persicus, Neurergus derjugini, and N. kaiseri as Vulnerable at National Red List, and to move Bufotes (Calliopersa) luristanicus, B. (C.) surdus, Firouzophrynus olivaceus, and Rana pseudodalmatina from the category of Least Concern (LC) to Near Threatened (NT).",0
"Phylogenetic analysis shows that red drum SL is closely related to seabream SL and is also closely related to lumpfish, flounder, halibut, and sole SLs, whereas SLs of Atlantic cod, chum salmon, rainbow trout, and eel are more distantly related to those of the more advanced teleosts.",0
A collection of reports across human functional neuroimaging analyses and rodent behavioral paradigms points toward the amygdala as a critical node linking emotional regulation to cataplexy.,0
"A dipstick Dot enzyme immuno diagnosis test was standardized to detect rabies viral antigens from brain, of rabies-suspected dogs, cattle, horses, cats and goats.",0
"Coccidioides is a soil-dwelling fungus that causes coccidioidomycosis, a disease also known as Valley fever, which affects humans and a variety of animal species.",0
"The patient was also self-medicating with several natural products, including Chlorella (520 mg/day), Silybum marianum (total of 13.5 mg silymarin/day), zinc sulphate (5.5 mg), selenium (50 μg) and 15 g/day of Curcuma longa.",0
"This study demonstrated a high rate (66%) of oxacillin resistance in Staphylococcus aureus (ORSA), a high rate of nonsusceptibility to penicillin (intermediate, 50% and highly resistant, 8%), and high rates of cefotaxime nonsusceptibility for S. pneumoniae (intermediate, 29% and resistant, 4%), Enterobacter cloacae (57%), Serratia marcescens (34%), and Citrobacter freundii (60%).",0
"By injecting a single spermatozoon into the cytoplasm of the oocyte, ICSI bypasses the zona pellucida and increases the chances of fertilization and subsequent embryo development, independent of semen parameters.",0
We found that bees from tylosin-treated hives had gut microbiomes with depleted overall diversity as well as reduced absolute abundances and strain diversity of the beneficial bee gut bacteria Snodgrassella alvi and Bifidobacterium spp.,0
"In this data article, six underutilized Indonesian fruits were analyzed for the estimated genome size and partial data of genome assembly including Artocarpus nangkadak (Artocarpus heterophyllus x Artocarpus integer), Salacca sumatrana, Flacourtia inermis, Lansium domesticum, Pometia pinnata, and Syzygium samarangense.",0
"A review of Peruvian diving beetles of the genus Hydaticus Leach, 1817,  with description of Hydaticus (Prodaticus) panguana sp. nov.",0
"In this study, the isolated bacteria recovered were Bacillus cereus (8.33%), E. coli (48.14%), Staphylococcus aureus(28.7%), Salmonella (0.92%), Listeria monocytogenes (0.92%), Yersinia entrocolitica(6.48%).",0
The objective of this study was to evaluate a human group A rotavirus assay (ImmunoCardSTAT Rotavirus [ICS-RV]) as an on-site diagnostic test for bovine rotavirus.,0
"and one strain as Vahlkampfia sp. One Allovahlkampfia strain was most closely affiliated with Allovahlkampfia sp. Nl64 and the other strain was affiliated with 'Solumitrus' palustris, which is now named Allovahlkampfia palustris comb.nov.",0
"Department of Agriculture (USDA) card test with 8% cell concentration (8%Card), USDA rapid automated presumptive test (RAP), Mexican rose bengal plate tests with 8 and 3% cell concentrations (8%RB and 3%RB), French rose bengal plate test with 4.5% cell concentration (4.5%RB), USDA standard plate test (SPT), USDA buffered acidified plate agglutination test (BAPA), USDA and Mexican rivanol tests (URIV and MRIV), USDA standard tube tests with Brucella abortus and Brucella melitensis antigens (SATA and SATM), serum enzyme-linked immunosorbent assay (ELISA), USDA cold-fixation complement fixation tests with B. abortus and B. melitensis antigens (CFA and CFM), USDA and Mexican milk ring tests (UBRT and MBRT), and a milk ELISA.",0
"Eight different parts of the brain, namely, the frontal cortex, nucleus accumbens, striatum, hippocampus, amygdala, thalamus, hypothalamus, and cerebellum, of both groups were investigated.",0
"Evaluation of Antioxidant Capacity, Protective Effect on Human Erythrocytes and Phenolic Compound Identification in Two Varieties of Plum Fruit (Spondias spp.) by UPLC-MS.",0
"Consequently, a UHPLC-MS/MS method for the simultaneous detection of alfalfa (Medicago sativa), broad bean (Vicia faba), chickpea (Cicer arietinum), lentil (Lens culinaris), lupine (Lupinus albus and Lupinus angustifolius), pea (Pisum sativum), peanut (Arachis hypogaea), and soy (Glycine max) proteins in meat products was developed.",0
"Three new species of ground beetles belonging to the genera Arsinoe Laporte de Castelnau, 1835, Dontolobus Basilewsky, 1970 and Lasiocera Dejean, 1831 (Coleoptera, Carabidae, Lebiinae), respectively, from Guinea-Bissau are described: Arsinoe aguiari n. sp., Dontolobus bivari n. sp. and Lasiocera schwarzi n. sp., together with illustrations of their habitus and aedeagus.",0
"A two-dimensional simulation matrix predicting the effect of different biostimulants on additional potential indigenous degraders (Pseudomonas, Clostridium, and Geobacter) was crossed with experimental observations.",0
"RESULTS
Of the 21 142 suspected cases of meningitis, 5590 were confirmed: Neisseria meningitidis ([Nm] 85%), Streptococcus pneumoniae ([Sp] 13%), and Haemophilus influenzae ([Hi] 2%).",0
"Early preclinical work with hPSC-CMs employed rodent models, but the field has recently advanced to transplantation studies in more translationally relevant large animal models including non-human primates and swine.",0
"The remaining two isolates, from human and equine infections, respectively, were clearly different from the others and represent a new species proposed here as Candida neorugosa.",0
"Microbiota from multiple kingdoms (e.g., Eubacteria, Fungi, Protista) thrive at temperature optima ranging from 0-20 degrees C (psychrophiles) to 40-85 degrees C (thermophiles).",0
"Computed tomography (CT) scan revealed a C1-C2 hematoma below the dura, blood in the fourth and lateral ventricles, and hydrocephalus.",0
"Out of 40 root nodulating bacteria the better emulsifying abilities were recorded from three strains namely Rhizobium miluonense CC-B-L1, Burkholderia seminalis CC-IDD2w and Ensifer adhaerens CC-GSB4, as can be seen from their emulsification index (E(24)) 66, 64 and 60%, respectively.",0
"Conidia (asexual spores) of the human pathogen Aspergillus fumigatus synthesize several metabolites, including melanin, which has been reported to be important for virulence in this species and to be protective against UV radiation in other fungi.",0
"Escherichia coli, Proteus mirabilis, Klebsiella pneumoniae, and Proteus stuartii were the most common bacterial isolates.",0
Four chick and five poult trials were conducted in order to investigate the anticoccidial efficacy of monensin against Eimeria mitis in chickens and Eimeria dispersa in turkeys.,0
"RESULTS
The prepared microarray is capable of distinguishing Yersinia pestis from Yersinia pseudotuberculosis and Yersinia enterocolitica in the same genus.",0
"This study investigated the in vitro bioaccessibility of aluminum, copper, iron, manganese, lead, selenium, and zinc in three important species of farmed insects: the yellow mealworm (Tenebrio molitor), the house cricket (Acheta domesticus) and the migratory locust (Locusta migratoria).",0
"The aim of this study was firstly to identify active molecules in herbs, that are traditionally used for the treatment of snake bite, such as Curcuma antinaia, Curcuma contravenenum, Andrographis paniculata, and Tanacetum parthenium; secondly to test similar structurally related molecules and finally to prepare and evaluate an efficient formulation against Ophiophagus hannah venom intoxification.",0
"Sparse stunted halophytic plants (Petrosimonia, Frankenia, Puccinellia) occupy open habitats between shrubs.",0
"We surveyed larval development in Agapeta zoegana L. and Cyphocleonus achates (Fahraeus), two species of biological control insects introduced from eastern Europe against spotted knapweed in western North America.",0
"The toxicities of biosolids-borne TCC to Eisenia fetida earthworms and soil microbial communities were characterized using adaptations of the USEPA Office of Prevention, Pesticides, and Toxic Substances (OPPTS) Guidelines 850.6200 (Earthworm Subchronic Toxicity Test) and 850.5100 (Soil Microbial Community Toxicity Test), respectively.",0
The dietary treatment was either a typical nursery diet based on corn and soybean meal (CON) or CON supplemented with 0.01% probiotics containing a mixture of Bacillus subtilis and Bacillus licheniformis (PRO).,0
"Acute and chronic toxicity studies of Kepone (chlordecone) and mirex were conducted with daphnids (Daphnia magna), amphipods (Gammarus pseudolimnaeus), and larvae of a midge (Chironomus plumosus).",0
"In addition to the morphological features, distance analysis and Bayesian inference, based on 5.8s and partial ITS2, support placing the new species in a new genus, and not including it in a cluster of species of Gyrodactylus and near to Gyrodactyloides bychowskii Albova, 1948, Ieredactylus rivuli Schelkle et al., 2011 and Laminiscus gussevi (Bychowsky & Polyansky, 1953) Pálsson & Beverely-Burton, 1983.",0
"Of these isolates, 92 were identified as Arcobacter butzleri, five were Arcobacter skirrowii and two were Arcobacter cryaerophilus.",0
"Department of International Health: Daniel Camprubi Ferrer, Maria Teresa de Alba, Marc Fernandez, Elisabet Ferrer, Berta Grau, Helena Marti, Magdalena Muelas, Maria Jesus Pinazo, Natalia Rodríguez, Montserrat Roldan, Carme Subira, Isabel Vera, Nana Williams, Jose Muñoz, and all the staff members.",0
"For herpes simplex virus type 2, Chlamydia trachomatis, Treponema pallidum, human immunodeficiency virus and candidiasis, the evidence is mixed.",0
"Eleven species (six Phlebotomus and five Sergentomyia) were identified, of which Phlebotomus papatasi Scopoli and Phlebotomus major Annandale were the first (37.4%) and third (11.2%) most common species, respectively.",0
"To study the mechanism of the increases in cytosolic Ca2+ ([Ca2+]i) induced by anoxia, the author examined the effect of removing extracellular Ca2+ on the [Ca2+]i response in cultured nodose ganglion neurons (control) and carotid body glomus cells prepared from newborn rabbits using a fura-2 microfluorimetry.",0
"The secondary endosymbionts Hamiltonella and Cardinium were detected by PCR in the new identified MED species from Brazil, similarly to the Q biotype from Uruguay.",0
"Human ocular onchocerciasis caused by Onchocerca lupi (Spirurida, Onchocercidae) in Iran.",0
Antibacterial and Anti-Biofilm Activities of Cinnamon Oil against Multidrug-Resistant Klebsiella pneumoniae Isolated from Pneumonic Sheep and Goats.,0
"Here, we describe a system for heterologous expression of the Leptospira interrogans genes ligA and ligB in the saprophyte Leptospira biflexa serovar Patoc.",0
"DESIGN
A PRISMA 2020 and MOOSE 2000 compliant umbrella review of published meta-analyses of observational studies evaluating the prevalence of mental health problems in hospital staff during the pandemic.",0
"Ametrodiplosis Rübsaamen (Diptera: Cecidomyiidae: Clinodiplosini) is a mostly Holarctic gall midge genus whose species are associated with a wide range of seed plant families, either as gall-inducers or inquilines.",0
The platform contains searchable databases with selected raw genomic and EST sequence datasets from sponges and cnidarians up to the lower vertebrates.,0
We therefore developed an ADCC assay based on NK cell lines that express human or macaque CD16 and a CD4(+) T-cell line that expresses luciferase from a Tat-inducible promoter upon HIV-1 or simian immunodeficiency virus (SIV) infection.,0
"As horses may serve as an appropriate digestive model for the endangered rhinoceros, we evaluated the potential use of the oral iron chelator N,N-bis(2-hydroxybenzyl)ethylenediamine-N,N-diacetic acid (HBED) in horses for safety and efficacy prior to testing in black rhinoceros.",0
"We have engineered a human adenovirus, ONYX-411, that selectively replicates in human tumor cells, but not normal cells, depending upon the status of their retinoblastoma tumor suppressor protein (pRB) pathway.",0
"A monokaryotic strain of the white-rot fungus Pycnoporus cinnabarinus was shown to produce, in a 2-L bioreactor culture, 100 mg.L-1 benzaldehyde (bitter almond aroma) from L-phenylalanine with a productivity of 33 mg.L-1.day-1.",0
"Additionally, the study recorded three unidentified species - Ctenopoma sp, Malapterurus sp., and Protopterus sp. Analyses showed that individuals belonging to families Cichlidae and Mochokidae dominated the dam.",0
This study investigates the antitumor effects and functional mechanism of resveratrol-bovine serum albumin nanoparticles (RES-BSANP) on human primary ovarian carcinoma cells in nude mice.,0
"Use of experimenter-given cues during object-choice tasks by chimpanzees (Pan troglodytes), an orangutan (Pongo pygmaeus), and human infants (Homo sapiens).",0
Highly pathogenic influenza A viruses (IAV) from avian hosts were first reported to directly infect humans 20 years ago.,0
The bioavailability of dissolved organic phosphorus (DOP) compounds to harmful alga Prorocentrum donghaiense Lu and its alkaline phosphatase activity (APA) were studied.,0
"Nitrospirae, Gemmatimonadetes, Firmicutes, and Chloroflexi were unique to cave sediments, while Actinobacteria and Proteobacteria dominated weathered rocks and drip waters, respectively.",0
"Bovine mastitis-inducing clinical isolates of Escherichia coli, Streptococcus agalactiae, Streptococcus uberis, Serratia liquefaciens, Staphylococcus aureus, and reference cultures of S. aureus and E. coli were used for antibacterial tests.",0
"Enterobacter cloacae HSTU-ABk39 and Enterobacter sp. HSTU-ABk36 displayed inhibition zones of 41.5 ± 1.5 mm, and 29 ± 09 mm against multidrug-resistant human pathogenic bacteria Staphylococcus aureus and Staphylococcus epidermidis, respectively.",0
Gallium-67 citrate scintigraphy in Salmonella infected thrombus of a left ventricular aneurysm.,0
"RESULTS
The minimum inhibitory concentration MIC and MBC values were <2% (v/v) against all MDR strains except Pseudomonas aeruginosa, but the deer musk has bacteriostatic and bactericidal activity against Pseudomonas aeruginosa at >2% (v/v), in addition changes was observed in the morphological form of the bacterial colonies in of most of MDR bacteria such as Staphylococcus aureus, Streptococcus agalactiae, Pseudomonas aeruginosa and Klebsiella baumanni and indicating that the musk had an effect on bacterial cellular membranes.",0
"The aim of this study was to detect the prevalence of Salmonella spp., Listeria monocytogenes, and Yersinia enterocolitica in freshwater fish in Latvia.",0
"We discovered and identified a series of characteristic substances, including one new polyketide, epicorepoxydon B, of the important pathogenic fungus, Epicoccum sorghinum, of sorghum.",0
"The cause of cell death in Escherichia coli, Staphylococcus xylosus, and Zygosaccharomyces bailii was investigated by examining monocaprylate's effect on cell structure, membrane integrity, and its interaction with model membranes.",0
"Some of these derivatives exhibit comparable or better activity against Gram-positive bacteria, Staphylococcus aureus, Staphylococcus epidermidis and Bacillus subtilis, than ciprofloxacin, norfloxacin and enoxacine as reference drugs.",0
"In the set of 132 strains of Trichophyton mentagrophytes isolated from humans (129 strains) and animals (3 strains) with dermatophytosis in Czechoslovakia, 41 strains were classified as Arthroderma benhamiae.",0
"RESULTS
Among all studied peanut components FEIA Ara h 2 sIgE showed the highest area under the curve (AUC, 0.922), followed by ISAC Ara h 6 and Ara h 2 sIgE with AUCs of respectively 0.906 and 0.902.",0
"Comparative genomics provides insights into the phylogeny and environmental adaptations of Peritrichia (Protista, Ciliophora) - A potential resource for environmental pollution control and bioremediation.",0
"angustata Hutton, 1875 (Pisces: Nototheniidae) from two intertidal localities of the Arauco Gulf, Chile].",0
"Lead poisoning was diagnosed in four spectacled eiders (Somateria fischeri) and one common eider (Somateria mollissima) found dead or moribund at the Yukon Delta National Wildlife Refuge, Alaska (USA) in 1992, 1993, and 1994.",0
"New stands of Paramecium tetraurelia (Ciliophora, Protozoa) in Australia and Europe.",0
In vivo studies of human plasmin; intravenous injection in dogs and rabbits.,0
"Magnetic resonance imaging was performed in children between the ages of 4 and 18 years, and volumetric analysis by segmentation was used to evaluate the size of the thalamus, caudate nucleus, putamen, globus pallidus, hippocampus, amygdala, and nucleus accumbens.",0
"Here we revise the species hitherto classified in Chamalycaeus Möllendorff, 1897 (genera Dicharax and Metalycaeus in this study).",0
"Streptococcus, Microbacterium, Delftia, Anaerobacillus and Chloroplast in the cervix were significantly higher in patients with a history of chorioamnionitis compared to the controls.",0
"Finally, we applied the assay to field samples to develop new insight into the species composition of Trypanosoma communities in cattle, camels, buffalo, horses, sheep, and goat in endemically infected regions of Pakistan.",0
Genetic analyses of a hybrid cross between serotypes A and D strains of the human pathogenic fungus Cryptococcus neoformans.,0
"The objective of this study was to evaluate the efficacy of the prebiotics, galactooligosaccharides (GOS) and fructooligosaccharides (FOS), for enhancing the probiotic Lactobacillus acidophilus ATCC 4356, for inhibiting Streptococcus mutans (A32-2) for the prevention of dental caries.",0
"In this study, we investigated the differential regulation and function of lncRNAs during two different stages of tomato infection by the root-knot nematode Meloidogyne incognita.",0
"Globally, vaccination has reduced the prevalence of meningitis caused by Streptococcus pneumoniae Neisseria meningitidis, and Haemophilus influenzae.",0
"Our main objective was to evaluate the production of extracellular DNases by human and bovine Streptococcus agalactiae clinical strains and perform a correlation of genetic lineages and DNase activity with capsular type, genetic determinants, clinical origin (colonization and infection), and host (human or bovine).",0
"The PHA/CA and PHA-g-AA/t-CA composites were more biodegradable than pure PHA, implying a strong connection between cellulose acetate content and biodegradability.",0
"The other isolates were identified as Mycobacterium lentiflavum (0.75%), Mycobacterium novocastrense (0.75%), and a Micrococcus spp.",0
We used Nicotiana benthamiana plants infected by Pseudomonas syringae and Pseudomonas fluorescens strains.,0
"The fourth prion-family gene, PRNT, belongs to the same genomic cluster as PRNP and PRND in humans and bovidae.",0
"Giardia assemblages A and D from dogs and assemblage A from humans, as well as two isolates of Cryptosporidium canis (C.",0
"Eight unique clades are distinguished in the Kickxellomycotina, including the four defined orders (Asellariales, Dimargaritales, Harpellales, Kickxellales) as well as four genera previously placed within two of these orders (Barbatospora, Orphella, Ramicandelaber, Spiromyces).",0
"We compared the apoptotic activity exerted by a recombinant hH1/Apoptin virus with that of a Green Fluorescent Protein (GFP)-transducing recombinant virus, hH1/GFP, in three human tumor cell lines differing in their susceptibility to wild-type parvovirus H1-induced killing.",0
"Ingroup taxa included Australopithecus afarensis, Australopithecus africanus, Australopithecus aethiopicus, Australopithecus robustus, Australopithecus boisei, Homo habilis, Homo rudolfensis, Homo ergaster and Homo sapiens.",0
"While detection of transcripts for a selection of non-NDH, photosynthesis related proteins was independent of the state of NDH, coordinate, lineage-specific loss of plastid NDH genes and expression of nuclear-encoded NDH subunits was documented in Pinaceae, gnetophytes, Orchidaceae and Geraniales confirming the independent and complete loss of NDH in these diverse seed plant taxa.",0
"These extracellular, chromatin structures, which contain histones and neutrophil granule proteins, can trap and kill a broad spectrum of microbes, including Gram-positive and Gram-negative bacteria, fungi, protozoa and viruses.",0
"Persistent species were members of genera such as Aeromonas, Enterobacter or Dechloromonas.",0
"Black rhino diets associated with higher vegetation productivity have less acacia (Fabaceae: Vachellia and Senegalia spp.) and more grass suggesting that acacia are fallback foods, upending conventional assumptions.",0
"Five lichen species used in present-day astrobiological research were compared: Buellia frigida, Circinaria gyrosa, Rhizocarpon geographicum, Xanthoria elegans, and Pleopsidium chlorophanum.",0
We used the type VI trichome-deficient tomato mutant odorless-2 (od-2) and its wild type to investigate the influence of PAR on trichome-associated chemical defenses against thrips (Frankliniella occidentalis).,0
"Strain GH34-4(T) showed highest sequence similarity to Lysobacter yangpyeongensis GH19-3(T) (97.5 %) and Lysobacter koreensis Dae16(T) (96.4 %), and strain GH41-7(T) showed highest sequence similarity to Lysobacter antibioticus DSM 2044(T) (97.5 %), Lysobacter enzymogenes DSM 2043(T) (97.5 %) and Lysobacter gummosus ATCC 29489(T) (97.4 %).",0
A parrot-type Chlamydia psittaci strain is in association with egg production drop in laying ducks.,0
"A total of 58 isolates [(Mycobacterium fortuitum (n= 35), Mycobacterium abscessus (n= 19) and Mycobacterium chelonae (n= 4)], which were isolated in Dokuz Eylül University Hospital between 2013 and 2018, were subjected to in vitro testing for nine antimicrobial agents (amikacin, cefoxitin, ciprofloxacin, clarithromycin, doxycycline, imipenem, linezolid, moxifloxacin and tobramycin) with the broth microdilution method recommended by the Clinical and Laboratory Standards Institute (CLSI).",0
"The present study was undertaken to explore the inhibitory effect of cyanobacterial extracts of Nostoc commune FA-103 against the tomato-wilt pathogen, Fusarium oxysporum f. sp. lycopersici.",0
"Differences in p,p'-DDE bioaccumulation from compost and soil by the plants Cucurbita pepo and Cucurbita maxima and the earthworms Eisenia fetida and Lumbricus terrestris.",0
"Bacillus species (21%) were the most predominant, followed by Pasteurella species (14%), Acinetobacter species (11%), Eikenella species (11%), beta-haemolytic streptococci (11%), coagulase-positive staphylococci (7%), Escherichia coli (7%), coagulase-negative staphylococci (7%), alpha-haemolytic streptococci (3%), Enterococcus species (4%) and Pseudomonas species (4%).",0
"Since the annual production of this crop is high, our study aimed to thoroughly examine the chemical composition and antidiabetes-related bioactivity of Fragaria × ananassa leaf of its popular and productive cultivar Senga Sengana.",0
"Amino-terminal sequence analysis of recombinant sea bass SHBG indicated that its deduced precursor polypeptide includes a 35-residue secretion signal polypeptide, and the 361-residue mature sea bass SHBG sequence exhibits 45-67% sequence identity with SHBGs from other fish species that have been determined directly (for zebrafish) or deduced (for rainbow trout, medaka and fugufish) from sequences within public databases.",0
"The RAG-1 tree is topologically similar to the DNA hybridization tree in depicting three major subordinal clades of shorebirds, the Charadrii (thick-knees, sheathbills, plovers, oystercatchers, and allies), Scolopaci (sandpipers and jacanas) and the Lari (coursers, pratincoles, gulls, terns, skimmers, and skuas).",0
"Mucormycosis is an infection caused by fungi in the Mucorales order, of which the most relevant family is Mucoraceae, which includes the Rhizopus, Mucor and Absidia genera.",0
We investigated the immunomodulatory properties of live Lactobacillus rhamnosus GG and its SpaC pilus adhesin in human fetal intestinal models.,0
"Lesioning of dopamine neurons by injection of 6-hydroxydopamine into the nucleus accumbens blocked the increased rearing activity measured in the open-field and induced by injection into the ventral tegmental area of: [R)-3-(N-hydroxylcarboxamido-2-benzyl-propanoyl)-L-alanine), kelatorphan (complete inhibitor of enkephalin catabolism) or by (Tyr-D-Ser(OtBu)-Gly-Phe-Leu-Thr(OtBu)): BUBU (selective delta agonist) but not the hypolocomotion evoked by the mu agonist (Tyr-D-Ala-Gly-N(Me)-Phe-Glyol): DAMGO.",0
"More effective methods to detect bovine tuberculosis, caused by Mycobacterium bovis, in wildlife, is of paramount importance for preventing disease spread to other wild animals, livestock, and human beings.",0
"Interestingly, three eukaryotic glucose-6-phosphate dehydrogenase (G6PDH) isozymes, from human, rabbit, and Plasmodium falciparum, contain Pgl domains, suggesting that the sequential reactions of G6PDH and Pgl are incorporated in a single protein.",0
"The most frequently encountered taxa from Penicillium genera were Penicillium chrysogenum (found in 22.73 %), Penicillium brevicompactum (13.64 %), Penicillium crustosum (11.36 %) and Penicillium griseofulvum (11.36 %).",0
"For this reason, the objective of this work was to control the pupal stage with a formulation based on the entomopathogenic fungus Beauveria pseudobassiana in urban areas.",0
"The allergenic cross-reactivity between storage mites (Lepidoglyphus destructor, Glycyphagus domesticus, Tyrophagus putrescentiae and Acarus siro) and the house dust mite Dermatophagoides pteronyssinus was studied with the radio-allergo-sorbent test (RAST) and the RAST inhibition technique.",0
"The bacteria were Streptococcus (n = 6) with Enterococcus (n = 5), Staphylococcus (n = 3) and Pseudomonas aeruginosa (n = 2): they were still respectively sensitive to ampicillin, methicillin and ticarcillin.",0
"amoA Gene abundances and nitrification potential rates suggest that benthic ammonia-oxidizing bacteria and not Archaea dominate N cycling in the Colne Estuary, United Kingdom.",0
"Thus, although the phylogenetic and antigenic analyses showed no evidence of interspecies transmission between birds and swine, the results suggest that Korean H1 viruses have the potential to cause disease in mammals.",0
Cutaneous ulcerative lichen planus is usually found on the palmar or plantar surfaces and has only rarely been described elsewhere.,0
The sequences of heat shock protein 40 (DnaJ) homologs provide evidence for a close evolutionary relationship between the Deinococcus-thermus group and cyanobacteria.,0
"Background Molecular phylogeny has resolved the liverworts as the earliest-divergent clade of land plants and mosses as the sister group to hornworts plus tracheophytes, with alternative topologies resolving the hornworts as sister to mosses plus tracheophytes less well supported.",0
SUMMARY The beverage cash crop coffee (Coffea arabica L.) is subject to severe losses caused by the rust fungus Hemileia vastatrix.,0
"In phase 2, 20 autoclave-sterilized eyelid specula were inoculated with a clinically relevant dilution of adenovirus serovar 5 or herpes simplex type 2. Specula were randomized into either a cleaned or a control group, and cell cultures and immunofluorescence assays were used to document and confirm, respectively, viral growth.",0
"Two canine haemoplasma species have been recognised to date; Mycoplasma haemocanis (Mhc), which has been associated with anaemia in splenectomised or immunocompromised dogs, and ""Candidatus Mycoplasma haematoparvum"" (CMhp), recently described in an anaemic splenectomised dog undergoing chemotherapy.",0
"The Firmicutes and Cyanobacteria relative abundances in PPP and CTC (p < 0.05) were lower than those in CON, whereas the Bacteroidetes relative abundances in PPP and CTC were higher than those in CON.",0
"Turicella otitidis, a coryneform bacterium, has been associated with acute otitis media.",0
"Serum testing to detect allergen-specific IgE antibodies has been developed for dogs, cats and horses; this allows for the identification of allergens and determination of appropriate allergen- specific immunotherapies.",0
"The human health burden of foodborne infections caused by Campylobacter, Salmonella, and Vibrio parahaemolyticus in Miyagi Prefecture, Japan.",0
"Namibia, Bezerromyces gobabebensis on leaves of unidentified succulent, Cladosporium stipagrostidicola on leaves of Stipagrostis sp., Cymostachys euphorbiae on leaves of Euphorbia sp., Deniquelata hypolithi from hypolith under a rock, Hysterobrevium walvisbayicola on leaves of unidentified tree, Knufia hypolithi and Knufia walvisbayicola from hypolith under a rock, Lapidomyces stipagrostidicola on leaves of Stipagrostis sp., Nothophaeotheca mirabibensis (incl.",0
"All the revealed characteristics make the alga a new species of the genus Coccomyxa in the class Trebouxiophyceae, which we name Coccomyxa actinabiotis sp. nov.",0
Fermentation of quinoa and wheat slurries by Lactobacillus plantarum CRL 778: proteolytic activity.,0
"Hence, this study concerns the properties and possible application, in chlorotoluene removal, of three newly isolated environmental bacterial strains from the genera Pseudomonas, Raoultella and Rahnella.",0
"The present study is the first to verify the morphological similarities and ecomorphological relationships between three carangids (Oligoplites saurus, Oligoplites palometa and Trachinotus falcatus) and their associated plant models.",0
"Norway, Cuphophyllus flavipesoides on soil in semi-natural grassland, Entoloma coracis on soil in calcareous Pinus and Tilia forests, Entoloma cyaneolilacinum on soil semi-natural grasslands, Inocybe norvegica on gravelly soil.",0
"BACKGROUND
Determine the antibodies prevalence against Coxiella burnetii and Rickettsia conorii in Soria (Spain).",0
"A Quantitative Real-Time PCR Method to Detect the Quinoa Downy Mildew Pathogen, Peronospora variabilis.",0
The detection of Mannheimia haemolytica and Mycoplasma ovipneumoniae or parainfluenza virus type 3 and bovine respiratory syncytial virus antigen in the lavage samples was closely correlated with clinical disease.,0
"SUMMARY
Fungal extracts increase the cytotoxic activity of doxorubicin (Dox) in lung cancer cellsNuclear accumulation of Dox, DNA damage, and cell death as a mechanism of actionFungal extracts may potentiate the anticancer activity of conventional drugs.Abbreviations Used: A375: Human malignant melanoma cell line, A549: Human non small lung cancer cell line, DAPI: 4,6-Diamidino-2-phenylindole, DMEM: Dulbecco's Modified Eagle Medium, DMSO: Dimethylsulfoxide, Dox: Doxorubicin, DSBs: DNA double-strand breaks, E1: Neosartorya tsunodae KUFC 9213, E2: Neosartorya laciniosa KUFC 7896, E3: Neosartorya fischeri KUFC 6344, E4: Aspergillus similanensis KUFA 0013, E5: Neosartorya paulistensis KUFC 7894, E6: Talaromyces trachyspermum KUFC 0021, FBS: Fetal bovine serum, HCT116: Human colorectal carcinoma cell line, HEPES: (N-[2-hydroxyethyl] piperazine-N'- [2-ethane-sulfonic acid]), HepG2: Human hepatocellular carcinoma cell line, HT29: Human Caucasian colon adenocarcinoma Grade II cell line, IC50: Concentration of the extract or Dox that inhibits cell viability by 50%, LRP: Lung resistance-related protein, MCF7: Human breast adenocarcinoma cell line, MEM: Minimum Essential Medium Eagle, MRPs: Multidrug resistance-associated proteins, MTT: 3-(4,5-Dimethylthiazol-2-yl)-2,5-diphenyltetrazolium bromide, PBS: Phosphate-buffered saline, NSCLC: Nonsmall cell lung cancer, P-gp: P-glycoprotein, ROS: Reactive oxygen species, RPMI: Roswell Park Memorial Institute Medium, TEM: Transmission electron microscopy, U251: Human glioblastoma astrocytoma cell line.",0
Class-specific antibody responses to early and late antigens of varicella and herpes simplex viruses.,0
"Capillaria aerophila, a trichuroid nematode causing pulmonary infections in wild and domestic carnivores, is occasionally and potentially poorly recognized in infections of humans due to clinicopathological mimicry and a lack of accurate, robust laboratory diagnostics.",0
"In this paper we use a multilocus dataset (mtDNA and two nuclear markers) in a geographically comprehensive population sample across Iberia and Western Europe to delineate candidate species in a morphologically cryptic species group, Parsley frogs (genus Pelodytes).",0
"SC-39026 is inactive against hog pancreatic elastase, bovine alpha-chymotrypsin and Pseudomonas aeruginosa elastase, but does inhibit human neutrophil cathepsin G with an IC50 of approximately 2.5 microM.",0
"Among these parasites Fasciola hepatica was the commonest (15.18 %) followed by Haemonchus contortus (11.32 %), Ancylostoma duodenale (10.36 %), Trichuris trichiura (9.15 %), Amphistome species (7.95 %), Moniezia expansa (6.98 %), Strongyloides stercoralis (4.57 %) and Balantidium coli (3.37 %).",0
"Plecoptera, new species, Amphinemura changbaishana, Amphinemura qiliana, new record, Amphinemura verrucosa, stoneflies, Changbaishan, Qilian Mountains, northern China",0
"We tested for an allelopathic effect of an introduced crucifer, Raphanus sativus, on a common neighboring legume, Lupinus nanus, on the legume's rhizobium affiliates, and on the broader soil community.",0
The multiplication stages of Trypanosoma (Herpetosoma) xeri in the liver of the Sudanese ground squirrel Xerus (Euxerus) erythropus.,0
"Activity of auditory receptors was recorded intracellularly in the 5th nerve of I thoracic ganglion in Tettigonia cantans, Metrioptera roeselii, M. bicolor, Platycleis albopunctata, Pholidoptera griseoaptera, and Phaneroptera falcata.",0
"Group treatment of amphibians and birds is common, but it is uncommon in reptiles and most mammals.",0
"The messenger RNA levels of two of them, Ap_SPLP and Ap_VP, were upregulated by Gram-positive bacterium Staphylococcus aureus and fungus Beauveria bassiana infections.",0
"Actinomyces sp. strain Chiba101, isolated from an arthritic leg joint of a pig raised in Japan, is a bacterium closely related to Actinomyces denticolens Here, we deciphered the complete genome sequence of Actinomyces sp. Chiba101 and the high-quality draft genome sequence of A. denticolens DSM 20671T.",0
"Two myotropic peptides termed locustatachykinin III and IV were isolated from 9000 brain-corpora cardiaca-corpora allata-suboesophageal ganglion extracts of the locust, Locusta migratoria.",0
"The relatedness among methanol-assimilating yeasts assigned to the genus Ogataea and neighboring taxa (Phylum Ascomycota, Subphylum Saccharomycotina, Class Saccharomycetes, Order Saccharomycetales) was determined from phylogenetic analyses of gene sequences for nuclear large and small subunit (SSU) rRNAs, translation elongation factor-1alpha and mitochondrial SSU rRNA.",0
"The soybean Williams 82 was transformed with the binary CRISPR/Cas9 plasmid, assembled with four sgRNA expression cassettes driven by the Arabidopsis thaliana U3 or U6 promoter, targeting different sites of these four SPL9 genes via Agrobacterium tumefaciens-mediated transformation.",0
"Here, we performed transcriptome analysis on soybean plants treated with the biocontrol agent Pythium oligandrum, a soilborne and non-pathogenic oomycete capable of inducing plant resistance against Phytophthora sojae infection.",0
The AMD group had a significantly lower level of Firmicutes and relatively higher levels of Proteobacteria and Bacteroidota compared to those in the control group.,0
"We summarize recent work linking neuron types to movement-pattern generation across fish, amphibians, reptiles, birds and mammals.",0
"We analyzed the defensive secretions of the European earwig Forficula auricularia, the short-winged earwig Apterygida media and the woodland earwig Chelidurella guentheri by gas chromatography-mass spectrometry.",0
"Two NBS genes (Pbr025269.1 and Pbr019876.1) with significantly different SNPs showed >5x upregulation between wild and cultivated pear accessions, and > 2x upregulation in Pyrus calleryana after inoculation with Alternaria alternata.",0
"Antibacterial effectivity was tested against methicillin-resistant Staphylococcus aureus and tetracycline- and beta-lactamase-resistant Escherichia coli, confirmed by PCR amplicon band at 163 bp, 643 bp, and 577 bp for the mecA, blaTEM-1 and tetA genes, respectively.",0
"Species boundaries in tintinnid ciliates: a case study--morphometric variability, molecular characterization, and temporal distribution of Helicostomella species (Ciliophora, Tintinnina).",0
"The sequenced clones showed high similarity to the alpha-subdivision of the Proteobacteria with specific affinity to the genus Agrobacterium, Caulobacter and Brevundimonas, the ss-subdivision of Proteobacteria with specific affinity to the genus Cupriavidus, and Bacillus of the phylum Firmicutes.",0
The EFSA Panel on Additives and Products or Substances used in Animal Feed (FEEDAP) concluded that the additives under assessment are safe for the target species at the following concentrations in complete feed: (i) ginkgo tincture A at 240 mg/kg for horses and 750 mg/kg for dogs; (ii) ginkgo tincture B at 600 mg/kg for horses and 50 mg/kg for all other animal species.,0
"pneumoniae, three as Neisseria meningitidis, and the remaining 3 as Haemophilus influenzae, Abiotrophia defectiva and Porphyromonas gingivalis.",0
This study successfully obtained complete mitochondrial genome sequences from 11 Polychromophilus parasites originating from Hipposideros gentilis and Myotis siligoensis bats for the first time.,0
"The birds species used were great-tailed grackles (Cassidix mexicanus), common grackles (Quiscalus quiscula), brown-headed cowbirds (Molothrus ater), bronzed cowbirds (Tangavius aeneus), and mourning doves (Zenaida macroura).",0
16S rRNA gene sequence analysis indicated that strain Liujia-146(T) was highly similar to Labrys monachus VKM B-1479(T) (97.8 %) and Labrys methylaminiphilus JLW10(T) (95.5 %) and belonged to the order Rhizobiales in the Alphaproteobacteria.,0
"After the isolation of West Nile virus (WNV) from humans, mosquitoes, and chickens in 2007, an analysis of animal surveillance involving multiple species (horses, monkeys, sheep, dogs, and birds) used to track WNV transmission from 2006 to 2008 was performed.",0
The Euphrates Softshell Turtle (Rafetus euphraticus) is an endangered freshwater turtle native to the Tigris-Euphrates river system.,0
"Hanseniaspora was predominant when fed indoors with fruits, whereas Moesziomyces was only detected in the wild group (Urtica fissa, Helianthus annuus, Zinnia elegans) and the artificial diet group.",0
"The present study examines foraging strategies of the Rufous-crowned Babbler (Malacopteron magnum), Chestnut-winged Babbler (Cyanoderma erythropterum) and Black-naped Monarch (Hypothymis azurea) when participating in MSFs in the Krau Wildlife Reserve, central Peninsular Malaysia.",0
"This was done by measuring tissue concentrations of polychlorinated biphenyl (PCB) and polycyclic aromatic hydrocarbon (PAH) in brown bullhead catfish (Ameriurus nebulosa) and in benthic macroinvertebrates, assessing changes in DNA damage in fish liver and blood, and scoring external and histopathological lesions and anomalies in the fish.",0
"Out of the 100 samples, Anaplasma species were detected in 7% (4/57) of the cattle and 24% (10/43) of the sable antelope samples.",0
"The minimum inhibitory concentration for Staphylococcus aureus (156.5 µg/mL), Escherichia coli (625.2 µg/mL) and Candida albicans (78.3 µg/mL) was also analyzed.",0
"As results, in Hy-Line Brown, Brown-Egg Dwarf Layer, and Taihang (pink-shelled) breeds, phenotypic intensity of eggshell translucency was slight; in Rhode Island Red, Jingfen-1, and Dongxiang breeds, phenotypic intensity of eggshell translucency was relatively extensive; and in Jinghong-1, Hy-Line Sonia, White Leghorn, and Taihang (blue-shelled), phenotypic intensity of eggshell translucency was at an intermediate level.",0
"Declaration of interests DWD is a consultant for Amgen, Atria, CapiThera, Cerecin, Ceruvia Lifesciences, CoolTech, Ctrl M, Allergan, AbbVie, Biohaven, GlaxoSmithKline, Lundbeck, Eli Lilly, Novartis, Impel, Satsuma, Theranica, WL Gore, Genentech, Nocira, Perfood, Praxis, AYYA Biosciences, Revance, and Pfizer; receives honoraria from the American Academy of Neurology, Headache Cooperative of the Pacific, Canadian Headache Society, MF Med Ed Research, Biopharm Communications, CEA Group, Clinical Education Alliance, Teva, Amgen, Eli Lilly, Lundbeck, Pfizer, Vector Psychometric, Clinical Care Solutions, CME Outfitters, Curry Rockefeller, DeepBench, Global Access Meetings, KLJ Associates, Academy for Continued Healthcare Learning, Majallin, Medlogix Communications, Medica Communications, MJH Life Sciences, Miller Medical Communications, WebMD Health, Medscape, Wolters Kluwer, Oxford University Press, and Cambridge University Press; receives speaker fees from Teva, Amgen, Eli Lilly, Lundbeck, and Pfizer; is a board member for the American Brain Foundation, American Migraine Foundation, OneNeurology, Precon Health Foundation, International Headache Society Global Patient Advocacy Coalition, Atria Health Collaborative, Arizona Brain Injury Alliance, Domestic Violence HOPE Foundation, Panfila, Epien, Matterhorn, Ontologics, King-Devick Technologies, Precon Health, Axon Therapeutics, and Cephalgia; receives research support from the US Department of Defense, US National Institutes of Health, Henry Jackson Foundation, Sperling Foundation, American Migraine Foundation, and US Patient-Centered Outcomes Research Institute; holds stock options in Ctrl M, Aural Analytics, ExSano, Palion, Man and Science, Healint, Theranica, Second Opinion, Mobile Health, Epien, Nocira, King-Devick Technologies, Precon Health, AYYA Biosciences, Axon Therapeutics, Cephalgia, and Atria Health; is a shareholder in Matterhorn and Ontologics; is an employee of Atria Health; holds patent 17189376.1-1466 (Onabotulinum toxin dosage regimen for chronic migraine prophylaxis); and has submitted a patent application for SynaQuell via Precon Health.",0
"The compound had a very low affinity for cephalosporinases from Enterobacter cloacae, Citrobacter freundii, Serratia marcescens, and Proteus vulgaris.",0
"Six years following the gypsy moth disturbance, we were able to predict 59% of the increase in Alliaria petiolata abundance and 42% of the increase in Microstegium vimineum abundance with models incorporating an interaction between disturbance severity and propagule pressure.",0
"Moreover, some dominant species (e.g., Azospirillum zeae, Azospirillum halopraeferens, Azospirillum rugosum, Clostridium alkalicellulosi, Clostridium caenicola, Clostridium termitidis, Clostridium cellulolyticum, Magnetospirillum magnetotacticum, Pleomorphomonas oryzae, Variovorax boronicumulans, Pseudomonas xanthomarina, Pseudomonas stutzeri, and Bacillus niacini) which have key roles in plant growth promotion and/or lignocellulose degradation were enhanced under CCM treatment compared to CSM treatment.",0
The effect of sodium chloride extract and commercial lipopolysaccharides of Escherichia coli and Salmonella typhimurium on chickens.,0
Detection of Mycobacterium tuberculosis and Mycobacterium bovis in Sahiwal cattle from an organized farm using ante-mortem techniques.,0
"Gene expression profiles were obtained for 131 peripheral blood samples from pediatric patients with acute infections caused by influenza A virus, Gram-negative (Escherichia coli) or Gram-positive (Staphylococcus aureus and Streptococcus pneumoniae) bacteria.",0
"Camridge, 1862, Family Amaurobiidae, Family Eresidae: Eresus sp., Dresserus sp., Family Gnaphosidae: Aphantaulax sp., Micaria sp., Family Metidae: Zygiella x-notata (Clerck,1757), Family Miturgidae: Cheiracanthium erraticum (Walckenaer, 1802), Cheiracanthium pennyi O.P.",0
Contributions of repeated learning to memory in humans: insights from single-neuron recordings in the hippocampus and amygdala.,0
The fungus Clonostachys epichloë alters the influence of the Epichloë endophyte on seed germination and the biomass of Puccinellia distans grass.,0
"This investigation determined the distribution and types of Salmonella in 12 swine finishing herds and a slaughter facility in Santa Catarina, Brazil.",0
"Although the embryo morphology has been described in detail (Navarro Acosta et al. 2017; Navarro Acosta Vera Candioti 2017, as Hypsiboas sp. gr. pulchellus), the tadpole of B. stellae has not been yet described.",0
"In addition, the Bostrychus were most closely related to Ophiocara, and the Philypnodon is also the sister to Microphlypnus, based on the current datasets.",0
"Protective role of terpenes and polyphenols from three species of Oregano (Lippia graveolens, Lippia palmeri and Hedeoma patens) on the suppression of lipopolysaccharide-induced inflammation in RAW 264.7 macrophage cells.",0
A capillary zone electrophoresis (CZE) method for the analyses of kaempferol in Centella asiatica and Rosa hybrids and rutin in Chromolaena odorata was developed.,0
"The new species and their type strains are the following: Pichia ramenticola NRRL YB-1985 (CBS 8699), mating type alpha (NRRL YB-3835, CBS 8700, mating type a), Candida piceae NRRL YB-2107 (CBS 8701), and Candida wyomingensis NRRL YB-2152 (CBS 8703).",0
"Diphtheria is caused by toxigenic strains of Corynebacterium diphtheriae, Corynebacterium ulcerans and Corynebacterium pseudotuberculosis.",0
"Elusimicrobia, Clostridium-sensu-stricto_12, Candidatus woesebacteria, and Dyella were identified as the most influential nodes in the PFV-1 (partially tolerant) variety.",0
"[Pharmacophylogenetic study of genus Orobanche, Cistanche and Boschniakia].",0
"For the fruits from Italy, the most frequently identified fungal species in seed samples were Alternaria alternata (40.0%), followed by F. fujikuroi (20.8%), Stemphylium vesicarium (3.0%), and Curvularia spicifera (2.1%).",0
"This procedure gives a map of land evaluation units and a table that rates the productive potential of these units for six crops: alfalfa, barley, maize, rice, sunflower, and wheat.",0
"The filaricidal effect of milbemycin D, a compound closely related to ivermectin, was studied in vivo and in vitro using Litomosoides carinii. Microfilaria (mf) densities in the peripheral blood of cotton rats, Sigmodon hispidus, were reduced to less than 3% of initial densities within 24 hours after treating either subcutaneously or orally at doses of 0.05 to 50 mg/kg body weight.",0
Draft genome sequence of a black yeast fungus Exophiala xenobiotica isolated from La Brea Tar Pits.,0
"The effects of the consumption of cardiac glycoside-containing plants (e.g., digitalis) are discussed along with tachyarrhythmias induced by Aconitum napellus L., Atropa belladonna L., Mandragora officinarum L. or Ephedra distachya L. herbs, and hypertensive crises associated with licorice abuse.",0
Description and morphometrical variability of a new species of Ligophorus and of Ligophorus chabaudi (Monogenea: Dactylogyridae) on Mugil cephalus (Teleostei) from the Mediterranean basin.,0
This study evaluated a technique for the nutritive defaunation of the rumen of cattle with subsequent single species refaunation using a cryopreserved monoculture of Entodinium caudatum (family Ophryoscolecidae).,0
"Escherichia coli, Enterobacter cloacae, Klebsiella pneumoniae and Enterococcus faecalis were recovered from sheets, while Group B beta-haemolytic streptococci and Candida tropicalis were also found on floors and chairs.",0
"To determine the function of CBP, an orthologous cDNA clone (Hs CBP) was isolated from the sugar beet cyst nematode Heterodera schachtii, which is able to infect Arabidopsis thaliana.",0
"The cytotoxic activity of the synthesized nanoparticles was determined against L929 mouse fibroblasts and the in vitro antileishmanial activity was determined against Leishmania tropica, Leishmania infantum and Leishmania donovani isolates by the broth microdilution method.",0
"Specificity test showed that there was no cross-reaction with Babesia orientalis, Schistosoma japonicum, Anaplasma marginale and Toxoplasma gondii. 178 water buffaloes raised in different locations in Hubei province in China were detected by this iELISA, all samples were also examined by PCR and microscopy at the same time.",0
"Microeukaryotes were mainly comprised of Dinoflagellata, Diatomea, Arthropoda, Ciliophora, Chlorophyta, Protalveolata, Cryptophyceae, and Ochrophyta, and presented significant differences in three habitats (the aquaculture area, confluent area, and offshore area) and four seasons.",0
"Purified rubber particles from Hevea brasiliensis (Brazilian rubber tree), Parthenium argentatum (guayule), Ficus elastica (Indian rubber tree), and Euphorbia lactiflua were examined and compared using conventional scanning electron microscopy (SEM), field-emission SEM, cryo-SEM, and transmission electron microscopy (TEM).",0
The results indicated that Bartonella sp. DNA was detected in seven Rattus norvegicus individuals with a detection rate of 6.7% in Chengde City and bacterial DNA in 31 Apodemus agrarius individuals with a detection rate of 28.4% in Handan City.,0
"The increase of C/N ratio input decreased the α-diversity of the intestinal microbiota and changed the microbial community structure through increasing the relative abundance of Actinobacteria, Rhodobacteraceae (mainly consist of Roseobacter and Paracoccus groups), Alteromonadaceae, and inhibiting the growth of Cyanobacteria, certain Rhodobacteraceae, Mycoplasmataceae and Vibrio.",0
"This study provides evidence that Meira belongs to the family Brachybasidiaceae in the Exobasidiales and supports the placement of another mite-associated yeast genus, Acaromyces, within Cryptobasidiaceae (Exobasidiales).",0
"The relative abundance of major lactic acid bacteria, including Leuconostoc, Weissella, and Lactobacillus, was the highest in the small-sized radish kimchi group on day 5 of fermentation, which resulted in rapid production of lactic acid, thereby causing a decrease in pH and an increase in titratable acidity.",0
"We prospectively studied the comparative epidemiology and risk factors for Clostridium difficile, Clostridium perfringens, and Staphylococcus aureus antibiotic-associated diarrhea (AAD).",0
"The 16S rRNA gene sequence (1493 bases) of the novel strain was compared with those of previously studied Bacillus type strains and confirmed that the strain belongs to the genus Bacillus and was moderately closely related to the type strain of Bacillus foraminis at 97.5 % 16S rRNA gene sequence similarity, followed by those of Bacillus thioparans (96.9 %), Bacillus subterraneus (96.8 %), Bacillus jeotgali (96.6 %), Bacillus selenatarsenatis (96.6 %) and Bacillus boroniphilus (96.6 %).",0
"Colophony was even able to reduce the number of culturable bacteria by over 2 log for Staphylococcus aureus, Escherichia coli, and Bacillus cereus.",0
Previous studies revealed that the Pacific Coast tick (Dermacentor occidentalis) is infected occasionally with the agents of Lyme disease (Borrelia burgdorferi) or human granulocytic anaplasmosis (Anaplasma phagocytophilum) and that it is an inefficient experimental vector of B. burgdorferi.,0
"The distribution of Calmodulin was examined during spermiogenesis and sperm epididymal maturation in rabbit, hamster, mouse, rat, monkey, and human.",0
"During HEA exposure, carp and goldfish elevated ammonia excretion (JAmm) and Na(+) influx rates ( ) while trout experienced higher plasma ammonia (TAmm) and were only able to restore control rates of JAmm and .",0
"One new species, Cyllodes quinquemaculatus Liu, Yang & Huang, sp. nov., one newly recorded species, Cyllodes accentus Kirejtshuk, 1985, from China and one previously known species, Cyllodes bifascies (Walker, 1859), are described.",0
"[Eye gland secretion in the Tenrecidae Setifer setosus (Froriep 1806), Echinops telfairi (Martin 1838), Microgale dobsoni (Thomas 1918) and Microgale talazaci (Thomas 1918)].",0
"During a surveillance programme on avian influenza in wild birds in the east of Colombia, 42% of examined wild black-bellied whistling ducks (Dendrocygna autumnalis) were infected with undescribed Haemoproteus sp., which macrogametocytes possess one or several huge (2.5 μm in largest diameter) conspicuous roundish vacuoles, a unique character of avian haemoproteids.",0
"To study the effects of these compounds on the induction of protein-specific immune responses in an animal model relevant to humans, rhesus macaques were immunized subcutaneously (s.c.) with keyhole limpet hemocyanin (KLH) or human papillomavirus (HPV)16 capsomeres with or without dsRNA or a control adjuvant, the TLR9 ligand CpG-C.",0
Trypanosoma cruzi infection triggers a chronic inflammatory process in human host and purinergic system ecto-enzymes play an important role in modulating the inflammatory and immune responses.,0
"At the amino acid level the deduced primary sequence shared homology with sequences of unknown function from Streptococcus pneumoniae (89%), Streptococcus mutans (86%), Lactococcus lactis (80%), Listeria monocytogenes (74%), and Clostridium perfringens (64%).",0
"Isolates of Azospirillum brasilense CW301, Azospirillum brasilense CW903, and Azospirillum lipoferum CW1503 were selected to study colonization in association with wheat roots.",0
"Milk leukocyte levels expressed as somatic cell counts (SCC) were elevated with SHA-positive Staphylococcus epidermidis, Staphylococcus hominis, and Staphylococcus warneri strains.",0
"OBJECTIVES
The aim of this study was to test the effect of a supplement containing green-lipped mussel (Perna canaliculus), curcumin (Curcuma longa) and blackcurrant (Ribes nigrum) leaf extract on locomotion and behaviour in client-owned dogs and cats suffering from mild to moderate osteoarthritis.",0
"A quantitative and standardized enzyme-linked immunosorbent assay is described which uses lyophilized antigen-coated disks for the detection of human antibodies to Toxoplasma gondii. It does not require serial dilution of the test specimen, and the objective absorbance readings are converted into international units per milliliter traceable to the World Health Organization's reference standard preparation of toxoplasma antibodies.",0
"Patients were randomly divided into two groups; the control received iron supplements and folic acid, and the case received a combination of carrots, baobab (Adansonia digitata) and godeim (Grewia tenax) which is known as (Carboadeim).",0
"Teladorsagia circumcincta was the most common in the sheep abomasum, Bunostomum trigonocephalum and Trichostrongylus spp.",0
Ivermectin in equine lichen tropicus.,0
"Polyacrylamide gel disc electrophoresis demonstrated that human and monkey NHPs had 13 and 11 bands, respectively, but guinea pig and swine two to three bands.",0
"The raw sequences have been deposited in the DNA Data Bank of Japan (DDBJ) under the DDBJ BioProject umbrella with accession number PRJDB7265 and to the DDBJ Read Archive for each species following Artocarpus nangkadak (DRA007398), Salacca sumatrana (DRA007394), Flacourtia inermis (DRA007395), Lansium domesticum (DRA007393), Pometia pinnata (DRA007396), Syzygium samarangense (DRA007397).",0
"Starches obtained from ulluco, winter squash, bean, pumpkin, quinoa, and sweet potato demonstrate a high peak viscosity (PV), while waxy rice and ginger starches have a low PV. The other analytical methods in the paper include laser diffraction, X-ray diffraction, FTIR, Raman, and NMR spectroscopies.",0
"METHODS
The following drugs were used in the study: Ruta 200C, Carcinosinum 200C, Hydrastis 200C, Thuja 200C, and Thuja 1M.",0
"Nematoda, Nematode, Coronostrongylus, Dorcopsistrongylus, new species, Marsupialia, Papua, Indonesia",0
"These findings suggest that elevation-induced climate changes, such as shifts in temperature and water conditions, could potentially alter the soil nitrification process in alpine meadows through changes in vegetation and soil properties, which provide new insights into how soil ammonia oxidizers respond to climate change in alpine meadows.IMPORTANCEThe importance of this study is revealing that elevational patterns and nitrification contributions of ammonia-oxidizing archaea (AOA) and ammonia-oxidizing bacteria (AOB) communities were primarily driven by temperature, soil moisture, and vegetation.",0
"These aspects of early chicken development resemble the ontogeny of zebrafish diencephalic DA neuronal populations, and suggest a divergence between birds and mammals during evolution.",0
Lectotypes are designated for Typhlocyba indra Distant and Arya rubrolineata Distant.,0
"The pus stained positive for bacteria and acid-fast bacilli, and culture was positive for Proteus vulgaris and mycobacteria.",0
"Antibiotic resistance patterns of Streptococcus pneumoniae, Haemophilus influenzae and Moraxella catarrhalis: a prospective study in Murcia, Spain, 1983-1992.",0
"Further, the uncertain validity of the recently described Chelon caeruleus Deef, 2018 from the Mediterranean Sea and a previously proposed generic character distinguishing Chelon from Planiliza and Parachelon, the shape of the paired postzygapophyses of the second vertebra, are briefly discussed.",0
"Spiral color bands and white streaks in the shell of Mexinauta recall those in Lancidae (Lymnaeacea), whereas the radula of Physidae is like that of Chilinidae.",0
"The enhanced C stability of biochar and nSOC over that of pristine feedstock was primarily attributable to a stable and high soil pH, which minimized the disturbance of soil heterotrophic microbial community structure and functions, favoring the growth of Actinobacteria, Proteobacteria, and Ascomycota.",0
"The aim of this work was to study some biochemical characteristics of crude alkaline protease extracts from the viscera of goby (Zosterisessor ophiocephalus), thornback ray (Raja clavata), and scorpionfish (Scorpaena scrofa), and to investigate their applications in the deproteinization of shrimp wastes.",0
"High-dose SeY (HSeY) elevated the abundance of beneficial bacteria such as Lactobacillus and suppressed harmful bacteria such as Eubacterium nodatum group, Prevotellaceae_NK3B31_group, and unclassified_f__Lachnospiraceae.",0
Bio-distribution studies of 111In-DOTA-F56 were performed in nude mice xenografted with human gastric cancer BGC-823 cells and the results revealed tumor uptake accumulation.,0
The protective antigen (PA) component of the anthrax toxin (ATx) plays an essential role in the pathogenesis of the bioterrorism bacterium Bacillus anthracis.,0
First report of methicillin-resistant Staphylococcus aureus from cage-cultured tilapia (Oreochromis niloticus).,0
"Homologues of this gene were also identified in Escherichia coli, Klebsiella pneumoniae and Acinetobacter baumannii. We set out to explore the mobile elements involved in the acquisition and spread of this gene in publicly available and complete genomes of Pseudomonas spp.",0
"It is transmitted to humans and animals through the bites of Ixodes scapularis ticks infected with Borrelia burgdorferi in the eastern United States, I. pacificus in the western U.S, and I. ricinus in Europe and Asia.",0
"Chloroplast DNA restriction fragment length polymorphism in Sequoia sempervirens D. Don Endl., Pseudotsuga menziesii (Mirb.) Franco, Calocedrus decurrens (Torr.), and Pinus taeda L.",0
"The compound also inhibited the increase in serum anti-type II collagen antibody level, and reduced both pannus formation and bone erosion.",0
"(0.4%), ascarids (0.4%), Blastocystis sp. (0.2%), heterakids (0.2%), cestodes (Proteocephalidae) (0.2%), Plagiorchis spp.",0
"CONCLUSIONS
Ruminococcus bromii is a dominant bacterial population in the rumen of cattle fed a barley-based diet.",0
"Furthermore, RPS4 and RRS1, which confer resistance to a fungal pathogen Colletotrichum higginsianum in Brassicaceae, also protect against Colletotrichum orbiculare in cucumber (Cucurbitaceae).",0
"The human DNA content in artifacts deposited by the blowfly Lucilia cuprina fed human blood, semen and saliva.",0
"Phylogenetic analyses revealed congruent topologies among trees inferred from the five datasets, with the monophyly of Acanthocinini, Agapanthiini, Batocerini, Dorcaschematini, Pteropliini, and Saperdini receiving high support.",0
Characterization of intratissue bacterial communities and isolation of Escherichia coli from oral lichen planus lesions.,0
"During 1996-1998, CDC received reports from approximately 16 state health departments of Salmonella infections in persons who had direct or indirect contact with reptiles (i.e., lizards, snakes, or turtles).",0
Sixteen specimens were found positive for Babesia rossi and two dogs were Hepatozoon sp. positive.,0
"Ushakov (1988) recorded Gauropterus sanguinipes Reitter, 1889, Gyrohypnus angustatus Stephens,1832 and Atrecus affinis (Paykull, 1789) as Baptolinus affinis caucasius Roubal, 1933.",0
"This study revealed a high degree of archaeal phylogenetic diversity in addition to CH4-producing archaea, which spanned nearly the phylogenetic extent of currently recognized Archaea phyla (e.g., Euryarchaeota, Bathyarchaeota, Thaumarchaeota, Woesearchaeota, Pacearchaeota, and others).",0
"We have cloned and characterized the IκB-α homologue gene (named EaIκB-α) from grouper (Epinephelus akaara), expressed it in Escherichia coli and generated a rabbit polyclonal antibody.",0
"At the amplicon sequence variants (ASV) level, Bacteroides ovatus (ASV40) and Veillonella dispar (ASV140) significantly decreased, while Prevotella copri (ASV54) increased in the BP group compared to the HC and BP-R groups.",0
"Transient overexpression of PeRLP8 tobacco and passion fruit leaves enhanced the resistance to Rhizoctonia solani, resulting in reduced lesion areas by 52.06% and 54.17%, respectively.",0
"The genus Orobanche, Cistanche and Boschniakia are taxonomically classified as members of Orobanchaceae.",0
"Patchinesses well within ±1 standard deviation of Knysna's value also characterise an equivalent Z. (Zosterella) capricorni assemblage in subtropical Queensland (IP 1.169) and another, Z. (Zosterella) noltei, assemblage in cool-temperate England (IP 1.135), suggesting that at local scales intertidal dwarf-eelgrass macrobenthic abundance displays a characteristic level of patchiness.",0
"OBJECTIVE
To program an artificial intelligence system, a neural network, and use it to predict results of sperm penetration in bovine cervical mucus (Penetrak assay; Serono Laboratories, Norwell, MA) and zona-free hamster egg penetration from the semen analysis.",0
AFLP fingerprint analysis of Bradyrhizobium strains isolated from Faidherbia albida and Aeschynomene species.,0
"CONCLUSIONS
Anaplasma capra infection were detected in Korean water deer in the Republic of Korea, providing insight into the role of wildlife as a potential reservoir for animal and human anaplasmosis.",0
"In 16 dogs a prosthetic patch was sewn onto the abdominal aorta (Bovine pericard: n=4, Dacron: n=6, Human Umbilical Vein: n=6).",0
"Despite the great importance of Wuchereria bancrofti in causing human lymphatic filariasis, only conventional morphological studies have been completed with adult forms of this filaria.",0
"Modeling a safer smallpox vaccination regimen, for human immunodeficiency virus type 1-infected patients, in immunocompromised macaques.",0
"Here we present data sets consisting of SeaFlow-based cell abundance, forward light scatter, and pigment fluorescence of individual cells, as well as derived estimates of ESD and cellular carbon content of picophytoplankton, which includes the cyanobacteria Prochlorococcus, Synechococcus and small-sized Crocosphaera (<5 μm ESD), and picophytoplankton and nanophytoplankton (2-5 μm ESD).",0
"At the genus level, the abundance of Streptococcus, Lactobacillus, Veillonella, and Allisonella communities in the CD group were increased (Q < 0.05).",0
"Species tolerant of suburban lands (song sparrow, spotted towhee, dark-eyed junco, and Bewick's wren) dispersed adaptively in changing landscapes.",0
"Results: CoNS were identified in 14.5% (22/152) of the examined animals, whereas the prevalence rates among different animals were 27.8%, 3.2%, 8.3%, 10.3%, and 18.8% for cats, dogs, cattle, sheep, and goats, respectively.",0
"The following species are redescribed: Phaenonotum apicale Sharp, 1882, Phaenonotum collare Sharp, 1882, Phaenonotum dubium Sharp, 1882 (confirmed as junior synonym of Phaenonotum exstriatum (Say, 1835)), Phaenonotum laevicolle Sharp, 1882, Phaenonotum rotundulum Sharp, 1882 and Phaenonotum tarsale Sharp, 1882.",0
"The paper presents the current state-of-the-art concerning the effect of Helicobacter pyroli infection on the progress of some skin diseases (Raynaud's disease, purpura hyperergica, rosacea, prurigo nodularis, atopic dermatitis, chronic urticaria).",0
Dogs outperform cats both in their testability and relying on human pointing gestures: a comparative study.,0
"STUDY DESIGN-METHODS
By employing advanced phytochemical methods we isolated natural products from the fruits of Platanus orientalis and studied (via a bio-guided approach) their effects in Drosophila flies, as well as in normal human fibroblasts.",0
"In this study, we isolated a natural product fusaricide (FCD) from an endophytic fungus of Lycium barbarum, identified as Epicoccum sp. For the first time, we discovered that FCD potently inhibited proliferation in a variety of human NSCLC cell lines, with relatively less toxicity to normal cells.",0
Differential inflammatory response to Aspergillus flavus and Candida albicans infection in human retinal pigment epithelial cells: Role in treatment of endophthalmitis.,0
"A total of 145 fungal isolates comprising 26 distinct taxa (based on 97% internal transcribed spacer region [ITS1-5.8S-ITS2] sequence similarity) were obtained, including strains representing Aspergillus, Acremonium, Alternaria, Bipolaris, Chaetomium, Ectophoma, Epicoccum, Hamigera, Leancillium, Monascus, Penicillium, Periconia, Talaromyces, and Trichoderma.",0
"Such chemical profile is similar to the composition of a green propolis from the same area of RN, which is produced by Africanized Apis mellifera, using shoot apices of Mimosa tenuiflora, popularly known as ""jurema-preta.""",0
"Firmicutes, Proteobacteria, Bacteroidetes and Actinobacteria were the dominant phyla in all six sample groups.",0
"Among 169 patients with irritable bowel syndrome (IBS), standard therapy (with clidinium bromide, chlordiazepoxide and isaphaghulla), a compound Ayurvedic preparation (with Aegle marmelos correa plus Bacopa monniere Linn) along with a matching placebo were given in a double blind randomised trial for 6 wk.",0
"Dorria S. Salem et al. publish in this issue of the Journal of Egyptian NCI an outline and initial results of a very ambitious Women Health Outreach Program (WHOP) designed to be completed in 5 phases 1. She and her co-authors state that those 5 phases include a prior training and demonstration phase that was completed in the Imaging Unit of Kasr El Aini Hospital in Cairo, as well as a one-year pilot phase completed between October 2007 and October 2008.",0
"Carotenoids in three species of Corbicula Clams, Corbicula japonica, Corbicula sandai, and Corbicula sp. (Chinese Freshwater Corbicula Clam).",0
"OBJECTIVE
In the attempt of searching for potential plant derived antimalarial medicines, the aim of the present study was to examine In vivo antimalarial efficacy of crude ethanol extracts of the leaves of Croton macrostachyus, Ruta chalepensis and Vernonia amygdalina using chloroquine (CQ) sensitive strains of Plasmodium berghei in Swiss albino mice.",0
The first isolation of Borrelia pathogenic for humans from ticks Ixodes pavlovskyi Pom.,0
Salmonella isolates from wild birds and mammals in the Basque Country (Spain).,0
Oedipodium griffithianum appears as a sister taxon to Polytrichales or as a sister taxon of all mosses excluding Sphagnales and Andreaeles.,0
"Traditional squash method was used to analyze chromosome number and karyotypes of four Scutellaria species in Chongqing Jinyun Mountain Natural Reserve： Scutellaria tsinyunensis, S.yunnanensis, S.franchetiana and S.indica.The result showed that the chromosome numbers were 26 except for S.franchetiana, which had 24 chromosomes.These species were all diploid with metacentric and submetacentric chromosomes.Their karyotypes were symmetrical and primitive.The karyotype formula of S.tsinyunensis is 2n=2x=26=24m+2sm, 1B type, As.k=55.28%; the karyotype formula of S.yunnanensis var.salicifolia is 2n=2x=26=26m, 1B type, As.k=56.11%; the karyotype formula of S.franchetiana is 2n=2x=24=20m+4sm, 2B type, As.k=58.50%; the karyotype formula of S.indica is 2n=2x=24=20m+4sm, 2B type, As.k=58.41%.The results were compared with the reported data of S.baicalensis and S.alaschanica.S.alaschanica is expected to be the most advanced one whereas S.tsinyunensis, and S.yunnanensis var.",0
"The efficacy of various lithium chloride (LiCl) applications in eradicating the parasitic mite Varroa destructor in honey bee colonies was investigated, with a specific focus on its impact on brood development.",0
"The aim of the present study was to investigate if standardized hydroalcoholic plant extracts such as Calendula officinalis, Hypericum perforatum, Plantago lanceolata and Glycyrrhiza glabra can suppress in cell-free systems the activities of 5-lipoxygenase (5-LO) and cyclooxygenase-2 (COX-2), key enzymes in the formation of proinflammatory eicosanoids from arachidonic acid (AA).",0
"In this family stand out proteins extracted from species belonging to Diocleinae subtribe, which includes, for example, the seed lectin from Dioclea violacea (DVL) and the jack bean lectin Concanavalin A (ConA).",0
"One family (Family I) was composed of gdh genes from six eubacteria and six lower eukaryotes (the primitive protozoan Giardia lamblia, the green alga Chlorella sorokiniana, and several fungi and yeasts).",0
"The aim of this study was to screen for five highly pathogenic bacteria: Aggregatibacter actinomycetemcomitans, Porphyromonas gingivalis, Prevotella intermedia, Tannerella forsythia, and Treponema denticola, in Moroccan patients presenting with severe chronic periodontitis and to compare results with those of patients presenting with severe aggressive periodontitis.",0
"Ammonia exposure reduced bird spleen index at 42 d and thymus index at 14, 28, 35 and 42 d, meaning that ammonia caused immunosuppression in birds.",0
"The associated fauna was composed of inquilines (Diptera: Muscomorpha and Cecidomyiidae - Trotteria sp., and Thysanoptera), successors (Psocoptera), and parasitoids (Hymenoptera).",0
"We developed a specific protocol for MALDI-TOF-MS identification of Archaea and applied it to seven environmental human-associated Methanobrevibacter smithii, Methanobrevibacter oralis, Methanosphaera stadtmanae, and the recently described Methanomassiliicoccus luminyensi Archaea.",0
"For cycle sequencing 30 cycles of 95°C (30 s), 48°C (30 s) and 60°C (4 min) were employed.",0
171).,0
"Vaurie, P. (1967).",0
2012; 21: 101-107.,0
Miguel Vences 3,0
"This is the third documented case of S. nobilis preying on a protected vertebrate species globally, the first case of a Theridiidae spider preying on a shrew in Britain, and the first case of predation on shrews by the genus Steatoda .",0
This study emphasizes the significance of preserving food diversity in natural environments and increasing dietary diversity in captive populations.,0
"Combined EOO for M. lehilahytsara and M. mittermeieri , if considered as a single species, is estimated with 66,800 km 2.",0
Research questions about morphology itself require intellectual involvement throughout the imaging process.,0
2021; 590: 229-237.,0
There was no overlap between groups in identified prey species.,0
"10 Theodosius Dobzhansky Center for Genome Bioinformatics St. Petersburg State University St. Petersburg, 199004, Russia.",0
"Geosciences, 10 (359), 1–51.",0
"We conducted research in Sector Santa Rosa (SSR), Area´de Conservaciόn Guanacaste, in the Liberia province of Costa Rica.",0
"To examine the completeness of the M. javanica unigenes, we used the TransDecoder program 18.",0
The paraphyly of Sphenophorina with respect to Rhynchophorina is much more conclusive based on our results.,0
"Etymology: The species is named after Chao-da Li, who collected the type specimen.",0
"Due to their habits, they are seldom collected and/ or observed, and little is known on their biology and distribution (Gans, 1978; Barros Filho & Valverde, 1996).",0
"All four orders were consumed in a significantly seasonal pattern, and reduced fruit energy availability was a significant predictor of increased invertebrate foraging.",0
The quality of sequencing reads was assessed based on the Phred scoring system 17.,0
IV).: De Gruyter.,0
"This is interesting science,but not actually required for naming species,and doing everything at once slows taxonomy down.",0
"There is virtually no awareness that Antarctica hosts insects or other terrestrial fauna, such as P. steinenii , or that these provide potentially key sentinels of the consequences of human-induced environmental change.",0
"For the calculation of the total energy contained in food, energy coefficients of 4 kcal/g for protein, 9 kcal/g for fat, and 4 kcal/g for carbohydrate were used.",0
"Nature, Ecology and Evolution, 4 (9), 1232–1238.",0
Phenological patterns are changing worldwide due to global environmental change.,0
org/10.1016/j.ympev.2018.02.019,0
4.2 | Morphometric differences among mouse lemurs,0
"However, no significant differences in mean swimming speed (t (21) = 0.191, p = 0.850) or maximum swimming speed (t (21) = 0.023, p = 0.982) were found between the two groups (Figures 2d‐2e), indicating that the greater body mass of juvenile lizards in the centipede‐ added group did not affect their moving ability.",0
"The studied taxa were found in a variety of habitat types, ranging from nearly undisturbed to selectively logged forest, from shrubby secondary regrowth vegetation to areas dominated by perennial plants (i.e., Aframomum spp.; Miller et al., 2018; Radespiel et al., 2008; Schüssler et al., 2018).",0
Superfamily Hominoidea Gray 1825 .,0
"M. sp. #3 can be statistically differentiated from its closest relative, M. macarthurii , by 5 out of 13 parameters.",0
"6 Instituto Gulbenkian de Ciência, Oeiras, Portugal",0
"Introduction to the studies on the weevil subfamilies Cossoninae, Dryophthorinae and tribe Stromboscerini III Cossoninae.",0
"Further, the occurrence of the epigaeic army ants Eciton and Labidus in the stomach contents suggests that amphisbaenians may forage on the soil surface as well.",0
"In fact, the island group, which foraged more (possibly in response to decreased resource abundance), spent less time overall eating arthropods.",0
This project was financed through an Irish Research Council under a Government of Ireland Postdoctoral fellowship held by John Dunbar (GOIPD/2021/358).,0
org/10.1016/j.asd.2011.06.002,0
"However, when we include both plant and invertebrate intake, all female capuchins greatly exceed their minimum protein requirements in all months.",0
"Gillett, C. P. D. T., Crampton-Platt, A., Timmermans, M. J., Jordal, B. H., Emerson, B. C., & Vogler, A. P. (2014).",0
"The ways in which capuchins utilize invertebrates to cope with this plant shortage, and which specific invertebrate types and nutritional compositions contribute to their diet, helps us to understand the role of invertebrates more generally in the primate diet and, ultimately, primate evolution.",0
Highlights,0
"本新种与 C. helverseni Metzner,1999(Metzner,1999:166,figs,12a-c)相似，但有以下区别：1.",0
URS THALMANN ∗ AND THOMAS GEISSMANN,0
"Mugu, S., Pistone, D., & Jordal, B. H. (2018).",0
"The insects were identified by John Rawlins, Nilza Martinelli, Vitor Becker, Orlando Silvério, Ana Harada, Maria Lúcia Macambira, and José Dias, and the plants were identified by Manoel Cordeiro, Nelson Rosa, and Scott Mori.",0
Ggtree: An R package for visualization and annotation of phylogenetic trees with their covariates and other associated data.,0
"The ‘‘mainland’’ group occupies a home range of approximately 75 ha in continuous primary lowland terra firme forest on the margin of the reservoir, while the ‘‘island’’ group lives on a small (18 ha) island with similar habitat that was formed after flooding in 1985.",0
1998.,0
The remaining food was collected and weighed at 6 p. m. The containers were then cleaned and left with about 1‐cm deep of water overnight for the lizard.,0
"Platypodines, on the other hand, are less specialized on their plant hosts due to their cultivation of fungi, and their diversification is more independent of the history of this plant group (Jordal,2015).",0
All applicable institutional and national guidelines for the care and use of animals were also followed.,0
"This classification has been adopted by the IUCN [Rylands et al., 2003].",0
"PCR products were checked for identity using 2% agarose gels, and the target DNA band was purified using a GeneJET TM Gel Extraction Kit (Thermo Scientific, United States).",0
"Grebennikov, V. V. (2018 b).",0
"2 Cape Horn International Center (CHIC), Puerto Williams, Chile",0
"We warmly thank the many local guides and cooks for sharing their incomparable expertize and help in the field, misaotra anareo jiaby.",0
"Such foods have been hypothesized to drive adaptation of behavioral harvesting and processing adaptations (Marshall et al., 2009).",0
"To confirm the accuracy of each unigene, each PCR product was sequenced and its sequence was compared with the assembled unigenes.",0
"Abdomen oval, dorsum light brown, covered with irregular black incline striae, anterior median area with a big lightly colored patch, behind it are 6 herring-bones.",0
"This project was funded by Chile’ s National Fund for Scientific and Technological Development (FONDECYT, project11130451), the Chilean Antarctic Institute (project RT_48_16), ANID—Millennium Science Initiative Program—ICN2021_002, and ANID/BASAL FB210018.",0
Maria Lourdes Chamorro https://orcid.org/0000-0002-3536-9372 Bruno A. S. de Medeiros https://orcid.org/0000-0003-1663-668X Brian D. Farrell https://orcid.org/0000-0002-6843-0539,0
(0.1674 × (%crude protein + %water soluble carbohydrates) + (0.3766 × %crude fat)).,0
"The northern range limit for M. simmonsi appears to be the Anove River, which separates it from M. sp. #3.",0
"37 For the most part, Chinese mid-Pleistocene Homo do fall away from their western penecontemporaneous counterparts (e.g., H. bodoensis , H. neanderthalensis ).",0
The rarefaction curves indicated that sufficient sequencing depth was achieved for the comparison of species richness between different groups (Figure S3).,0
"WNET/ BBC, UK, film.",0
"To generate the whole transcriptome of Malayan pangolin, we assembled the pooled reads from eight samples using three different assemblers: Trinity 18, SOAPdenovo-Trans 20, and Velvet 21.",0
We also computed Wilks' lambda and the p value to evaluate the ability of the LDA model to distinguish between the five lineages.,0
"Immature stages of Indian Coleoptera (24, Curculionidae Contd.).",0
"1 Department of Anthropology and Archaeology, University of Calgary, Calgary, Canada",0
"We used short read Illumina HiSeq technology to sequence eight transcriptomes representing the following M. javanica organs: cerebellum, cerebrum, heart, kidney, liver, lung, spleen and thymus.",0
We can now confirm its occurrence 75 km and four inter‐ river systems (IRSs) further north (Figures 1 and 2) which expands its EOO by almost fivefold.,0
"The lipid metabolism pathway, on the other hand, may support the myrmecophagus feeding habits of this mammalian species 1,35.",0
A ocorrência exclusiva de formigas-de-correição no trato alimentar destes répteis fossoriais sugere que eles seguem trilhas químicas deixadas pelas formigas à medida que se elas movimentam no interior e sobre o solo.,0
27 DNA purification and concentration were assessed using Nanodrop.,0
The extent to which larvae show coordinated or timed movements to and from deeper or shallower water is yet to be investigated.,0
https://doi.org/10.3390/ geosciences10090358,0
2017; 358: 652-655.,0
Dryophthorinae weevils (Coleoptera: Curculionidae) of the forest floor in Southeast Asia: Illustrated overview of nominal Stromboscerini genera.,0
"Locally, these animals are called Dadintsifaky, which translates to ‘‘grandparent of the sifaky’’ (Propithecus).",0
Distribution and geographic variation in the western woolly lemur ( Avahi occidentalis) with description of a new species (A.,0
"Juvenile lizards fed with centipedes demonstrated faster growth rates and better body conditions than those fed an earthworm‐ only diet, despite no increase in food intake.",0
"Lanfear, R., Frandsen, P. B., Wright, A. M., Senfeld, T., & Calcott, B. (2017).",0
Using the problematic taxon Homo heidelbergensis will continue to complicate and obfuscate how we think and communicate major issues in later phases of human evolution.,0
This study was conducted under the research permit No. 197/17/ MEEF/SG/DGF/DSAP/SCB.Re (D.,0
127 Archaeological context: The specimen is associated with an Acheulean stone tool assemblage.,0
"New weevils (Coleotpera, Curculionoidea) from the earlymost Eocene Oise Amber.",0
1. The taxon H. heidelbergensis should be suppressed,0
Email: john.dunbar@universityofgalway.ie,0
"We thank M. Myers, B. Thankey, H. Clouse, C. Lees, and B. Kowalzik for assistance with data collection, and Dr. C Turner Hogan, T. Holmes, and S. Cheves for assistance with invertebrate collection.",0
PCR products of the 10 genes matched the expected sizes (Fig. 2).,0
"Petter J-J, Albignac R, Rumpler Y. 1977.",0
"CA, UAS).",0
"Eight SCFAs (acetate, propionate, butyrate, isobutyrate, valerate, isovalerate, hexanoate, and isohexanoate) were quantified for each fecal sample using standard curves for the target SCFAs (Figure S1).",0
"Key words: taxonomy, Salticidae , new species, China.",0
"Historically, species in the tribes Dryophthorini and Stromboscerini had been classified with weevils in the subfamily Cossoninae , but evidence for monophyly of Dryophthrorinae as currently classified has gained support through the study of the immature stages (Anderson, 1948; Marvaldi, 1997; May, 1993, 1994), adults (Kuschel, 1995; Thompson, 1992; Zimmerman, 1993), and molecular data (Gunter et al., 2016; Haran et al., 2013; Marvaldi et al., 2009; McKenna et al., 2009; Mugu et al., 2018; Shin et al., 2017).",0
IUCN/SSC Cycad Specialist Group.,0
"In conclusion, and if supported by future studies, the M. lehilahytsara / M. mittermeieri lineage in the warmer lowland rainforests of eastern Madagascar seem to have more flexible and extended reproductive schedules compared with populations living in the harsher montane humid forest sites or to species inhabiting the western dry deciduous forests (see Evasoa et al., 2018).",0
"Foraging patterns included rummaging through and turning over leaves, investigating dry fruits of species such as Eschaeeilera coriacea ( Lecythidaceae ) and Manilkara huberi ( Sapotaceae ), and manipulating dead twigs and branches.",0
Peter Convey was supported by Natural Environmental Research Council core funding to the British Antarctic Survey (BAS) “Biodiversity Evolution and Adaptation” Team.,0
0. (2012).,0
"Middle Pleistocene hominin variation must be organized using better, more precise, and consistent criteria in defining taxa which comply at the same time with the rules of the International Code of Zoological Nomenclature (ICZN), as well as with current developments of our understanding of the process of human evolution.",0
Both analyses recover with moderate support (PP: 0.71; 86) a clade containing orthognathines and stromboscerines + dryophthorines.,0
5.8 | Etymology M. jonahi is named in honor of Malagasy primatologist Professor Jonah Ratsimbazafy.,0
"Only 1,701 sequences were internal sequences, which were defined as unknown.",0
"Overall, the mainland sakis dedicated 2.56% of their activity time to arthropod foraging, with monthly values of 1.75–4.03% (Fig. 1).",0
Dominik Schüssler http://orcid.org/ 0000-0001-5885-7988,0
The enlarged testes of M. macarthurii males from October onwards and the presence of pre‐ estrous females in November indicate that the mating season in these forests probably begins at that time (Figure 6).,0
"Our results indicate that the capuchin invertebrate diet is diverse, with at least 21 invertebrate “ categories ” identified as capuchin foods during our study period, and all life stages of invertebrates (e.g., eggs, larvae, and adult morphs) are utilized by capuchins.",0
The relationship between Prodioctes + Cosmopolites and Rhynchophorina has never been proposed before.,0
"Analisamos o trato alimentar de 64 espécimes de anfisbenídeos (4 Amphisbaena alba , 10 A. fuliginosa , 25 A. vermicularis e 25 Leposternon infraorbitale ) coletados durante o resgate da fauna para a construção da represa da Hidroelétrica da Serra da Mesa no Rio Tocantins (de 1992 a 1997), na cidade de Minaçu, Goiás, Brasil.",0
Qualified DNA samples were diluted to 1 ng /μL using sterile water.,0
ORCID,0
"Rambaut, A., & Drummond, A. J. (2018).",0
"Some modern descriptive work is complex with lengthy details, such as isopod crustaceans where often every appendage is described exhaustively from each sex and the juvenile, [10] and bacteria where several lines of physiological characters from monocultures are expected in addition to morphological and molecular characterisation.",0
"From this calculation, we estimated the monthly energetic and protein intake per food intake rate for that item by extrapolating the amount ingested during focal follows.",0
Eight lizards from each group were used for gut microbiome sequencing.,0
"Neotropical Dryophthoridae: Redescription of the genus Melchus Lacordaire with description of Daisya Anderson, new genus and seven new species (Coleoptera: Curculionoidea).",0
"61 Unfortunately, several problems are evident in applying BSC to fossil specimens: (1) morphological variation does not necessarily reflect reproductive isolation; (2) reproductive isolation is not absolute even in well-defined living primate and other mammal species and crossbreeding has been observed even at the genus level, 64,65 and (3) as it does not include a temporal framework, BSC is ill-suited to understanding or examining evolutionary change.",0
We would like to thank Tone Killick and Leah Fitzpatrick for drawing our attention to this important case.,0
"The primates of the Baly Bay area, northwestern Madagascar.",0
"Annual ripe fruit energy density was significantly different across groups (F = 3.540, df = 2, p =.040).",0
"The palate is missing the portion posterior to the P4, and except for some small fragments of the right molar roots, the teeth are not preserved, and the alveolar processes show damage.",0
"In sum, observations of tail fattening at Tsinjoarivo and Ambatovy in early March suggest that, at least for a portion of the mouse lemur population, reproductive season is over by this time of the year.",0
"It is therefore surprising that there has never been a broadly sampled molecular phylogenetic study of this significant, and otherwise extraordinarily well-known, weevil subfamily.",0
RNA isolation and whole-transcriptome sequencing.,0
https://doi.org/10.11646/ zootaxa.2216.1.5,0
The future characterization of the pangolin digestive system transcriptome would be important to test the hypothesis that these genes are related to a specialized myrmecophagy phenotype 34.,0
"After 3 days without food to empty the stomach and intestines, the lizards were then fed every other day or two.",0
"The eyes are maroon and have black, hairless eyelids.",0
"These results also fit into the biological origin of the tissues since they represent the immune system and brain, respectively.",0
"In this study, group means are presented by the mean � SE. Differences in group means were tested by Student's t ‐tests when the sample size was more than 10 and the assumption of normality (tested by Shapiro‐ Wilk test) and equal variances (tested by Levene's test) were met; otherwise, Mann‐ Whitney U‐ tests were used.",0
Molecular phylogenetics of Australian weevils (Coleoptera: Curculionoidea): Exploring relationships in a hyperdiverse lineage through comparison of independent analyses.,0
"Taxonomic classification has a strong impact on conceptual understanding of evolution, and the taxonomic practice of reviving old names due to rules of precedence has sometimes played an important role in obfuscating our understanding of the complexity of Middle Pleistocene hominin evolution; the resurrection of H. heidelbergensis is a case in point.",0
Hongxin Xie: Data curation; investigation; formal analysis; visualization; writing ‐ original draft.,0
(2019).,0
"Taken together, the findings of this study and previous work suggest a considerable degree of intraspecific variation concerning reproductive timing in M. lehilahytsara .",0
The sample of each specimen was digested overnight at 55°C in a proteinase-k buffer in a shaking incubator and then extracted on the Autogen using the manufacturer's animal tissue protocol.,0
"Vaurie, P. (1951).",0
"In so doing, we compare the efficiency of the traditional techniques with the results obtained here.",0
"Huelsenbeck, J. P., & Ronquist, F. (2001).",0
(2023).Why is there no service to,0
"[30] Schwartz JH, Tattersall I. The human fossil record.",0
"Therefore, we assessed the reconstructed M. javanica transcriptome using the following three in silico methods: (1) transcript sequence quality quantified by RNA-Seq by Expectation-Maximization (RSEM) 25; (2) percentage of reads used to recover the unigene set as well as their coverage; and (3) sequence completeness and its contiguity.",0
"This corresponds with results from previous studies at this site (Melin, Hiramatsu, et al., 2014; Melin, Young, et al., 2014; Mosdossy, Melin, & Fedigan, 2015) and suggests that these invertebrates are best categorized as high-quality filler fallback foods (Constantino & Wright, 2009; Lambert & Rothman, 2015; Marshall, Boyko, Feilen, Boyko, & Leighton, 2009).",0
Received: 3 August 2020 | Revised: 10 November 2020 | Accepted: 12 November 2020,0
Ethics statement.,0
"dissertation, University of Zurich, Zurich, Switzerland.",0
CASE S TUDY,0
UFBoot2: Improving the ultrafast bootstrap approximation.,0
"Bulletin of the American Museum of Natural History, 98 (2), 29–186.",0
"However, overconsumption of protein also has been linked to many health risks in humans, including issues with bone development, kidney and liver failure, and in extreme cases, ketoacidosis leading to death (Delimaris, 2013).",0
org/10.1371/journal.pone.0078379,0
Roadmap for naming uncultivated Archaea and Bacteria.,0
� Preserving food diversity is important for conservation of crocodile lizards in the wild and in captive populations as well.,0
"Whenever possible, samples of prey were collected for the identification of taxa.",0
"Ecologically, two sister species, M. macarthurii and M. sp. #3, appear to be restricted to lowland forests, whereas M. mittermeieri and M. lehilahytsara are present in lowland as well as montane forests (Table 2).",0
"It is worth reporting, however, that two researchers contributed data points to more than one species (D.",0
"While examining the specimens deposited in Hunan Normal University, two new species were identified and described in this paper.",0
"This indicated that adult flies preferred large rocks adjacent to the shoreline, particularly those oriented to protect them from exposure to wind and snow.",0
"8,27,46,91, 92 Dating to at least 430 ka or Marine isotope stage 12, 93,94 the Sima hominin fossils already show hyper-derived dentition, 8 as well as a number of Neanderthal derived traits in cranial and mandibular morphology.",0
topologies did not conflict.,0
The taxon H. heidelbergensis sensu stricto should be suppressed altogether and those fossils reassigned to H. neanderthalensis in light of recent genetic and/or morphological data.,0
We now know that the origin of Homo sapiens was African (possibly pan-African) 2 and extends further back into the late Middle Pleistocene than previously thought.,0
Some further notes on the morphology and dating of the Petralona hominid.,0
"We find a large gap between the divergence of the largely monocot-specialist Dryophthorinae from their sister group, the fungus associated woody-dicot feeding Platypodinae at the Jurassic-Cretaceous boundary and the diversification of extant species in the Cenozoic, highlighting the role of codiversification with the two similarly divergent, main lineages of angiosperms, the monocots and dicots.",0
"Rambaut,A., Drummond, A. J., Xie,D., Baele, G., & Suchard, M. A. (2018).",0
https://doi.org/10.1134/s0031030115130067,0
The food was fed alive because lizards mainly feed on live prey.,0
"37 MAFFT (v7.475) 38 and FastTree (v2.1.10) 39 were used to align the sequences and construct the phylogenetic tree, respectively.",0
"During all focal observations, at least two researchers worked in tandem to maximize visibility of the focal female.",0
The body condition index of a lizard was calculated as log body mass divided by log SVL.,0
"C. satanas is endemic to eastern Amazonia east of the Tocantins river, and is the most endangered taxon of bearded saki, whether it is classified as a true species or the nominal subspecies [Hershkovitz, 1985].",0
"However, when comparing these individuals to M. simmonsi sampled further south (Zahamena NP and Betampona SNR; Louis et al., 2006), our individuals were smaller (9.2 vs.",0
"Cryptoderma , the monotypic genus of the tribe Cryptodermatini , is recovered with weak support sister to the litosomine, Polytina + Diocalandrina clade in the Bayesian analysis or as sister to orthognathines, stromboscerines, and dryophthorines in the ML analysis.",0
Taxonomy must engage with new technologies and evolve to face future challenges.,0
E c o s p h e r e N a t u r a l i s t,0
Siri Scientific Press.,0
"5 Department of Biology, Faculty of Sciences,University of Porto, Rua do Campo Alegre, 4169-007 Porto, Portugal.",0
"Sphenophorus , Metamasius , Cactophagus were recovered as part of a core clade of Sphenophorina , but none of the three genera as monophyletic.",0
"But this comes at a cost of time, time that we no longer have.",0
We take full responsibility for any errors that may appear.,0
Here we report on S. nobilis preying upon a pygmy shrew Sorex minutus in southern England.,0
The consistency of the results between the field food survey and the indoor food choice experiment suggested that juvenile lizards prefer to feed on centipedes.,0
"© 2005 Wiley-Liss, Inc.",0
A pygmy shrew Sorex minutus entangled and paralyzed on the web of Steatoda nobilis.,0
"As anticipated, cell (37.6%) and organelle (28.4%) are the most predominant terms assigned to the pangolin transcriptome in cellular components, followed by membrane (10.5%), macromolecular complex (10.2%), membrane-enclosed lumen (8.2%), extracellular region (4.1%), and lastly extracellular matrix (1.0%).",0
"In Mananara‐ Nord NP and around Antanambe village (south of the Mananara River), extensive surveys revealed only the presence of M. sp. #3.",0
"conservation, cryptic species, evolution, habitat use, phenotype, sympatry",0
"The latter measure follows the definition of the IUCN (2012) in which the “ shortest continuous imaginary boundary which can be drawn to encompass all the known, inferred or projected sites of present occurrence of a taxon ” is used to derive the possible distribution of a certain species.",0
"To identify the repeats in the M. javanica transcriptome, we screened the repetitive elements in the 89,754 unigenes using the RepeatMasker software 42.",0
"Kuschel, G. (1995).",0
5 | C O N C L U S I O N,0
"Scudder,S.",0
"AERW 1.40, PERW 1.40, EL1.00.",0
"11a-i）,但有以下区别：1.本新种的纳精囊长大于宽， 而后者的则宽大于长；2.交媾管短而直，后者的较长，具有一盘曲的结节；3.",0
Studying and comparing the transcriptomes of more pangolins at different conditions may provide clearer insights into each possibility in the future.,0
M. lehilahytsara individuals from Ambavala were excluded from the ANOVA due to small sample size.,0
4.2 | Timing of dryophthorine evolution,0
"Considering support values, these results are not incompatible with a monophyletic Rhynchophorini but show the need for additional data to resolve this question.",0
"One of the females showed vaginal swelling (pre‐ estrus) and three pairs of developed nipples, suggesting she had given birth earlier in the season and was getting ready to mate again.",0
"6. Wheeler, Q. D., Knapp, S., Stevenson, D. W., Stevenson, J., Blum, S. D., Boom, B. M., Borisy, G. G., Buizer, J. L., De Carvalho, M. R., Cibrian, A., & Donoghue,M J.(2012).",0
"Since uncalibrated trees revealed an unresolved polytomy at the base of Dryophthorinae ,and some of the higher taxa had low support, we implemented topological constraints in both calibrated analyses following the topology of the unconstrained Bayesian tree based on structural alignment.",0
Ancestors: The Hard Evidence.,0
conceived and coordinated this project.,0
RSEM outputs were used for transcript abundance estimation.,0
https://doi.org/10.31219/osf.io/axbd4.,0
We find it unlikely that the observed Middle Pleistocene variability can be subsumed under a single taxon such as (nebulously defined) H. heidelbergensis .,0
Colin Lawton 2,0
"They also feed on arthropods, and studies from Brazil, Surinam, and Venezuela have documented the exploitation of 10 taxonomic orders [Ayres & Nessimian, 1982; Frazão, 1991; Kinzey & Norconk, 1993; Mittermeier et al., 1983; Peetz, 2001; Pinto & Setz, 2005; Silva, 2003; Vieira, 2005].",0
"Does a DNA barcode in a soil or water sample belong to a giant free-living organism, or a miniaturised parasite?",0
"We calculated ripe fruit energy density estimates (kJ/HA) using transect, phenological and nutritional data for 30 plant species commonly eaten by white-faced capuchins.",0
"6, 28199; doi: 10.1038/srep28199 (2016).",0
Males had regressed testes in April and May (N = 8) and enlarged testes from August to November (N = 13).,0
"for the node-dating analysis, and we used a fossilization rate prior distribution Beta (1,10) to indicate that the fossilization rate for in- sects should be small.",0
Bruno de Medeiros: Conceptualization (sup- porting); Data curation (lead); Formal analysis (equal); Investigation (equal); Methodology (equal); Visualization (equal); Writing-original draft (equal); Writing-review & editing (equal).,0
Trinucleotide repeats are known to affect the chemical and physical properties of certain proteins 46 and length changes of triplet repeats are related to more than 40 neurological diseases found in humans 47.,0
Discussions of hominin taxonomy cannot operate in a social void.,0
"Paralleling the usage of H. heidelbergenis sensu lato for an Afro-European MRCA, this lumping together of Middle Pleistocene specimens is contradicted by observed Neanderthal traits in Petralona and the early appearance of the Eurasian dental pattern.",0
"Integrating ecological and distributional data with molecular analyses in mouse lemurs is often difficult, largely because of their cryptic morphology and life history and lack of detailed metadata (Zimmermann & Radespiel, 2014).",0
"More recent fossils include Dominican amber with an age range of 15–20 My (Penney, 2010) and the upper Miocene of Cantal with 6.5–10 My (Gibert et al., 1977).",0
"To supplement the comparative data set, we also included published morphometric data from 42 M. lehilahytsara individuals from Mantadia NP (holotype locality; Randrianambinina, 2001) and data from 22 M. mittermeieri individuals that had previously been caught near Anjiahely (Radespiel et al., 2008).",0
"There is a distinct sagittal keeling in the frontal view, especially in the bregmatic region of the vault.",0
"Peak insect abundance is often correlated with periods of new leaf flush at the end of the dry season, when the first heavy rains begin [Coley & Barone, 1996].",0
"5. Orr, M. C., Ferrari, R. R., Hughes, A. C., Chen, J., Ascher, J. S., Yan, Y. H., Williams,P.",0
"2, pp. 365–728).",0
"Estimated Extents of Occurrence (EOO) of these lineages differed remarkably with 560 and 1,500 km 2 versus 9,250 and 50,700 km 2, respectively.",0
The exception being the much larger Nephius Pascoe (6 mm) and Stromboscerus Schoenherr (6 mm) in Stromboscerini and a number of uncharacteristically large (5 mm or more) Dryophthorus Germar species that radiated on the Hawaiian archipelago.,0
"The centipede‐ added group showed lower species richness in the gut microbiome and had more abundant fermentative bacteria, such as Bacteroides , Paraclostridium , and Enterococcus , whereas the earthworm‐ only group had more abundant non‐ fermentative opportunistic pathogens.",0
The MK cranial remains are generally considered to exhibit an “archaic” morphology.,0
https://doi.org/10.1038/s41598-021-97600-0,0
"“ Envenomation by the Noble False Widow Spider Steatoda nobilis (Thorell, 1875) – Five New Cases of Steatodism from Ireland and Great Britain.” Clinical Toxicology 56: 433–5.",0
The extent and frequency of interbreeding among hominin terminal branches in the LP has been well established and recent research indicates that interbreeding can be observed in the Middle Pleistocene as well.,0
"During more windy conditions, we noted that adults sometimes were transported to areas further than 6 m from the lake shore, but such events occurred infrequently.",0
and F.T.S.,0
30p.,0
"Spiders digest their prey externally, and this is initially achieved by the toxin repertoire in their venoms (Vassilevski et al., 2009; Zobel-Thropp et al., 2012).",0
Human colonization of Asia in the Late Pleistocene: an introduction to supplement 17.,0
"Instead, we introduce Homo bodoensis sp. nov.",0
"However, in taxonomy, standard techniques of dissection, imaging and sequencing are usually applicable across a wide range of organisms.",0
"Molecular Biology and Evolution, 34 (3), 772–773.",0
"Based on the lengths of the maxillary (5.7 mm) and mandibular (4.3 mm) tooth rows, the mammal was identified as a pygmy shrew S. minutus (Balciauskien ˇė et al., 2002).",0
"Clypeus brown, with sparse long white hairs, CH about 1/4 diameter of AME.",0
H. bodoensis has been deposited in the ZooBank database (http://zoobank.org/) with Life Science Identifier urn:lsid:zoobank.org:act:50AC3EA4-82E0-4AAD-BCDA-6DE6055888A7.,0
We used the Gene Ontology (GO) annotations to find the GO terms for which the M. javanica specific unigenes are enriched by running Fisher’s exact test (0.05 FDR) on a total of M. javanica specific unigenes.,0
A visit to the Strict Nature Reserve Tsingy de Namoroka (NW Madagascar).,0
"Proceedings of the National Academy of Sciences of the United States of America, 106 (17), 7083–7088.",0
"Kulczycki, A., E. Simeon, C. M. Legittimo, and P. Di Pompeo.",0
"Since the MRCA of the modern human and Neanderthal lineages has been pushed further back in time toward the late Early Pleistocene or very early Middle Pleistocene, 8 the specimens currently assigned to H. heidelbergensis sensu lato cannot be considered representatives of the MRCA.",0
"Accordingly, disruption to the timing of these caterpillar outbreaks may have severe consequences for the capuchin population of Santa Rosa.",0
"30 In brief, a soft plastic tube was sent into the stomach of the lizard through a harder plastic tube being bitten by the lizard.",0
"However, there is a record of an ant larva in the stomach content of Bipes biporus (Kearney, 2003) .",0
"Ommatolampines differ from other members of the tribe in usually having divaricate mandibles and a shorter metanepisternum (Voss, 1958).",0
"To determine whether the four most important invertebrate orders were consumed in higher proportions seasonally, we conducted circular statistics using Oriana 4.0 statistical software (Kovach, 2011).",0
“ Mammals Occupying Nestboxes for Birds in Lithuania.” Acta Zoologica Lituanica 9: 19–23.,0
"Our data showed that the thymus and lung transcriptomes have the most similar expression profiles (the coefficient of determination, R 2 = 0.88), followed by cerebellum and cerebrum (R 2 = 0.77).",0
Phylogenetic systematics of wee- vils (Coleoptera: Curculionoidea): A reappraisal based on larval and adult morphology.,0
"Similar arthropod taxa were captured, although none of the identified species were common to both groups.",0
Marina B. Blanco http://orcid.org/ 0000-0002-8779-1700,0
"This explains the Latrodectus -like symptoms experienced by victims of envenoming, who do occasionally require hospitalization (Dunbar et al., 2021).",0
"In addition to varied diet preferences, the subfamily also exhibits extreme size variation from 1.5 mm to more than 28 mm.",0
"Lanfear, R., Calcott, B., Ho, S. Y., & Guindon, S. (2012).",0
"We studied the distribution, morphology, and reproductive state of five mouse lemur lineages occurring in a complex spatial pattern across a small region in northeastern Madagascar.",0
Our study does not contradict those findings.,0
"Many of their small invertebrates, lichens and microbes are found nowhere else on Earth (Convey et al., 2020; Convey & Biersma, 2023; Vincent & Laybourn-Parry, 2008).",0
"This will also function as a hub to connect a global network of taxonomists, assembling an alliance of scientists working on potential new species to tackle both the extinction and inclusion crises we face today.",0
"Homo in the Middle Pleistocene: hypodigms, variation, and species recognition.",0
"Moreover, juvenile M. mittermeieri of about 20 g (~2 months old) were also found in November and December.",0
The position of each fossil was constrained to the appropriate higher taxon by using topology constraints.,0
The RNA-Seq reads are accessible at the Sequence Read Archive (SRA) at the National Center for Biotechnology Information (NCBI) under the accession number SRP064341.,0
"Of these studies, McKenna et al. (2009) included nine representatives of the subfamily to understand the higher-level relationships of Curculionoidea and recovered a monophyletic Dryophthorinae without Stromboscerini .",0
They may play an important role in pangolin transcriptome diversity as the repeats could introduce novel splice sites resulting in alternative splicing 44.,0
"The consensus set of unigenes of the three different methods was used as the final representative transcriptome assembly, which resulted in 89,754 unigenes with a N50 of 3,741 bps (Supplementary Table 2).",0
"Moreover, pangolin scales are structurally similar to human nails and hairs that are made of keratin 41.",0
"The incentive for an adult female S. nobilis to tackle larger vertebrates is an excess energy store that can be utilized during reproduction (Nyffeler & Gibbons, 2022).",0
"The mainland group spiked once, whereas the island sakis peaked in 3 months (9.80–14.15%), which accounted for 68.7% of this group’s arthropod feeding records.",0
"Ein Beitrag zur Kenntnis der Curculioniden im Grenzgebiet der Orientalischen zur Paläarktischen Region (Col., Curcu.).",0
Harvard University.,0
Our study does not support a sister relationship between Sipalinus and Nephius .,0
led and designed library construction and RNA-Seq experiments.,0
"66 The evolutionary species concept (ESC) 67 was proposed as more appropriate for the fossil record, as it requires establishing the ancestor – descendant relationship (e.g., Australopithecus anamensis and Au.",0
0 2. 0 0 1 http://treatment.plazi.org/id/FFD25908FFC8FFE6FFAAAC5FFFACFFBB Chalcoscirtus lii sp. nov.,0
"Ecosystems and their component biota globally face multiple threats today and, therefore, it is essential to broaden the spectrum of ethical consideration beyond the historical focus on vertebrates (Rozzi, 2019).",0
"Weevils of theTribe Sipalini (Coleoptera, Curculionidae, Rhynchophorinae) Part2.",0
2017.,0
"Les lémuriens de la région de Bemaraha: Forêts de Tsimembo, de l’Antsingy et de la région de Tsiandro.",0
"Wakeham-Dawson A, Morris S, Tubbs P. 2002.",0
BRIEF REPORT,0
Hands and feet show only sparse but whitish‐ gray hair.,0
"The experiment was conducted in an air‐ conditioned room in late July, 2018.",0
"In both groups members of all age-sex classes foraged for insects, and it was common for several individuals to forage simultaneously, often in the same tree.",0
The absolute concentration of each SCFA in the feces solution (CS) was then calculated by substituting the relative intensity of the target/ISTD into the standard curve equation.,0
本新种以模式标本采集者的姓氏命名。,0
"For instance, we found many predicted repeats, covering a considerable portion (13.90% or 31,832,508 bp) of the total genomic length (229,081,942 bp) of all unigenes.",0
"Decheniana, 5, 1–143.",0
"Both M. lehilahytsara and M. mittermeieri were significantly smaller than M. sp. #3 and M. macarthurii , which was mainly reflected in the parameters body mass and length, tail length, lower leg, hindfoot, and third toe length (Figure 3 and Figure S1; Table 3).",0
"Journal of Theoretical Biology, 267 (3), 396–404.",0
"For both PCA and LDA, we used all measurements except third toe length, as this measurement was not available for M. simmonsi .",0
"Female capuchins in all reproductive states require invertebrate consumption to meet their energy and protein intake needs during the early wet season, and lactating females would not meet their minimum energy requirements without invertebrate contributions during most (7 of 12) months.",0
"McKenna, D. D., Sequeira, A. S., Marvaldi, A. E., & Farrell, B. D. (2009).",0
"PLoS One, 8 (10), e 78379.",0
"We identified 5 ant species in 64 dissected amphisbaenians of Minaçu, of which, only 6 presented ants in their stomachs.",0
"Other than Lepidoptera , no other invertebrate category comprised greater than 36% of the total energy consumed for any month during this study.",0
"This is a likely result of patterns of missing data in the alignment, with only 28S sequences available for Scyphophorus and only 18S for Trigonotarsus .",0
"We studied the habitat preferences and the life history of P. steinenii in Lake Kitiesh, Fildes Peninsula, King George Island (62 ǫ S, Maritime Antarctica; Figure 1D) over the austral summer seasons from 2014 to 2019, during short (several weeks) field expeditions organized by the Chilean Antarctic Institute (INACH); longer duration, including year-round, field sampling is not possible at this location due to logistic limitations, as is commonly the case in Antarctic field research.",0
"Briefly, a female pregnant pangolin sample weighing 2.73kg was provided by the DWNP.",0
M E T H O D S A N D R E S U L T S,0
4.4 | Conclusion and implications for conservation,0
"sp. #3/ M. lehilahytsara and M. macarthurii / M. mittermeieri ), warmer lowland rainforests were associated with a less seasonal reproductive schedule for M. mittermeieri and M. lehilahytsara compared with populations occurring in montane forests.",0
4 | MOVING FORWARD,0
"In: Delson E, ed.",0
2010; 143: 94-121.,0
Taxon sampling is a mixture of trusted GenBank sequences (Appendix S2) and newly generated sequence data now available in GenBank (Appendix S3).,0
"Zootaxa, 2216, 57–63.",0
"Kim, S., de Medeiros, B. A. S., Byun, B. K., Lee, S., Kang, J. H., Lee, B., & Farrell, B. D. (2018).",0
"Climatic conditions have already been suggested as major determinants of reproductive schedules for small‐ bodied mouse lemurs (Evasoa et al., 2018) with higher mean ambient temperatures and smaller temperature fluctuations allowing a less seasonal reproduction compared with the harsh conditions of the montane rainforests (Evasoa et al., 2018; Randrianambinina et al., 2003).",0
"Maddison, W. P., & Maddison, D. R. (2019).",0
"A new genus and spe- cies of dryophthorid weevils (Coleoptera, Dryophthoridae: Stromboscerinae) from the Rovno amber.",0
"It is already known that freshwater ecosystems in the maritime Antarctic may be strongly affected by climate change (Quayle et al., 2003).",0
"One of the many species’ traits that has been used to link climate change to phenological shifts is the thermal requirement for development, which can be measured using GDD (Cayton et al., 2015).",0
"[23] Wolpoff MH, Xinzhi W, Thorne AG. Modern Homo sapiens origins: a general theory of hominid evolution involving the fossil evidence from East Asia.",0
"Within Stromboscerini, Nephius and Stromboscerus , both bearing ocular lobes on the anterior margin of the prothorax, were considered by Grebennikov (2018a) and Morimoto (1985) to be “aberrant” stromboscerines and possibly unrelated to the remain- der of the members of the tribe.",0
"Mutschler T, Thalmann U. 1990.",0
"The Earthworms used for the experiment were caught in the local field (6–15 cm in length, 0.5–2.5 g in weight), while the centipedes ( Scoropendra subspinipes mutilans) were bought from the market (8–12 cm in length, 1–2 g in weight) because it was difficult to catch enough centipedes in the wild.",0
https://doi.org/10.14411/eje.2018.044,0
"Despite the record of Amphisbaena alba as a facultative inquiline in nests of Atta cephalotes (Riley et al., 1986) , we found no Atta ants in the stomach contents examined in any of examined reptiles, including A. alba .",0
"Other than the May – July period, energy from fruit consumption alone was sufficient to meet the daily minimum requirements of cycling capuchins, whereas lactating females had to supplement fruit energy intake with invertebrate consumption to reach their daily minimums in most (7 of 12) months.",0
and off at 6 p. m. Lizards were kept in separate plastic containers (length 41 cm � width 29 cm � height 23 cm) during the experiment.,0
ISSUES,0
"Journal of the American Medical Association, 318, 2433–2437.",0
Funding was provided by the Natural Science and Engineering Research Council of Canada NSERC RGPIN- 2017-04702 and RGPIN-2019-04113 to MR and PR and the Chinese Academy of Sciences XDB26000000 to XW.,0
"Genus Chalcoscirtus Bertkau, 1880",0
Homo heidelbergensis.,0
"capuchin, invertebrate foraging, nutrition, Santa Rosa, seasonality",0
"In this study, we investigated the dietary habits of endangered Chinese crocodile lizards and found that, compared to adult lizards, juvenile lizards consumed more centipedes, a trend validated through controlled feeding experiments.",0
Further study using designed food with precise nutrient content and feces transplantation experiments could further address these issues.,0
"It includes enormous palm weevils, tiny rice weevils and many other species that attack tropical and temperate crops, from palms, pineapple, bamboo, and banana to sugarcane, corn, wheat and rice.",0
"All samples had sufficient yields of RNAs with very good RNA integrity number (RIN) values (> 9.00), indicating the high integrity of RNA samples for sequencing (Supplementary Figure 1).",0
"We found a total of 19,165 (21.4%) M. javanica unigenes were associated with 138 unique KEGG pathways, with a total of 133 representing metabolic pathways, 3 environmental information processing pathways (signal transduction), 1 pathway in genetic information passing, and 1 pathway in organismal systems (immune systems) (Supplementary Table 4).",0
We performed a principal component analysis (PCA) and linear discriminant analysis (LDA) as well as analysis of variance (ANOVA) with Tukey post hoc tests for pairwise comparisons for all 13 morphometric variables.,0
"Ushkaryov, Y. A., A. Rohou, and S. Sugita.",0
"Even under intense habitat fragmentation, then, a significant increase in insectivory may be not be a viable foraging strategy for bearded sakis.",0
"As anticipated, functional annotation of M. javanica unigenes revealed high homology with known genes responsible for various biological roles.",0
Juveniles weighing 20 – 24 g were captured in the population in mid‐ December (Figure 6).,0
"28 Lizards were hand‐ captured and labeled, and their positions were marked.",0
"An attempt to reconstruct the natural and cultural history of the granary weevil, Sitophilus granarius (Coleoptera: Curculionidae).",0
"Hongxin Xie, Jing Yang, and Guoshuai Tang these authors contributed equally.",0
"Morimoto, K. (1985).",0
"[9] With services, and to a certain extent scientific infrastructure, researchers can outsource expertise with an assurance of high quality results (Figure 1).",0
"23 In wild animals, the gut microbiome is also closely related to body mass regulation.",0
"Avahi cleesei clearly falls into the category of Endangered (EN) as established by the IUCN Red List [IUCN, 2001], according to the following criteria (B1ac(i, ii, iii, v)): the extent of occurrence is estimated to be less than 5,000 km 2 (B 1), the species is known in just one location (B 1a), and the known population is declining (B 1c) in the extent of occurrence (i); area of occupancy (ii); area, extent, and/or quality of habitat (iii); and number of mature individuals (v).",0
1002/bod2.12006.,0
"2 Department of Biology, Federal UniƲersity of Sergipe, São CristóƲão, Brazil",0
"Ecology and morphology of mouse lemurs (Microcebus spp.) in a hotspot of microendemism in northeastern Madagascar, with the description of a new species",0
New Species of Woolly Lemur Avahi (Primates: Lemuriformes) in Bemaraha (Central Western Madagascar),0
"Systematic Biology, 59 (3), 307–321.",0
"Gene expression values, expressed as log 10 (FPKM + 1) for each tissue transcriptome were plotted against one another producing the scatter plots.",0
Dawn Sturgess 1,0
46,0
Misclassification error after cross‐ validation was 12.8% and misclassification occurred mainly with M. simmonsi (Table S4).,0
"136 Some Middle Pleistocene specimens from Europe (e.g., Ceprano calvarium 137,138), could be included in this group as well.",0
52 g) and had shorter tails (14.2 vs.,0
"We collected 575 hr of focal data on 25 adult female capuchins from three habituated groups (CP, GN, LV; 2,124 total contact hours) during three noncontiguous field seasons spanning 3 years (2009 – 2011).",0
"The additional laborious work that comes associated with publishing the description – producing images, drawings and sequence data as evidence for the new hypothesis – does not always require a researcher and was historically the remit of technicians.",0
"[3] Prüfer K, Racimo F, Patterson N, et al. The complete genome sequence of a Neanderthal from the Altai Mountains.",0
K E Y W O R D S,0
"Major differences were found in snout and tail length, while other differences were more subtle but statistically significant (Figure 3; Figure S1; Table 3).",0
New molecular markers re- solve the phylogenetic position of the enigmatic wood-boring weevils Platypodinae (Coleoptera: Curculionidae).,0
1986; 15: 165-175.,0
"As such, it denotes the lowest classification of organisms that form a biologically relevant group.",0
"In particular, animals were captured around the village of Anjiahely (Makira region; where the holotype of M. macarthurii was obtained; Radespiel et al., 2008), in the fragmented forests around the village of Ambavala (Schüssler et al., 2018), within MananaraNord NP (Ivontaka‐ Sud section), around Antanambe village in the vicinity of Mananara‐ Nord NP, as well as in the Ambodiriana community protected area (Miller et al., 2018).",0
"However, it is worth noting that the centipede‐ added group had a marginally significantly lower abundance of Proteobacteria (U = 14, p = 0.059).",0
"Furthermore, we would like to appreciate SJO supported as PI by Russian Ministry of Science Mega-grant no.11.G34.31.0068.",0
"Compared with its closest relative, M. macarthurii , M. jonahi is longer, has a shorter tail, wider ears, a larger head width and a shorter head length.",0
"The adult stage is only found along the edges of Antarctic lakes, using rocks and mosses to protect it from harsh environmental conditions, and often most obvious when forming swarms on the ground (Figure 2B,C).",0
While sympatric species pairs differed in their reproductive timing (M.,0
2.2 | Microcebus sampling,0
"Differences in reproductive schedules among mouse lemur species depend on phylogenetic relatedness, although environmental parameters (i.e., rainfall and temperature) likely play a role in fine‐ tuning reproductive function (Evasoa et al., 2018).",0
"chilopoda, diet, growth, microbiome, self‐ medication, Shinisaurus crocodilurus",0
"While these comparisons should be interpreted with caution due to small sample sizes and different collection details, they suggest that M. simmonsi from Ambodiriana and M. boraha from Ile St. Marie may be more closely related than previously thought.",0
Baojun Sun https://orcid.org/0000-0002-7318-6059,0
Morrone and Cuevas (2009) performed a morphology-based analysis of the genera now included in Orthognathini .,0
1948; 6: 259-284.,0
"The emerging vertebrate model species for neurophysiological studies is Danionella cerebrum, new species (Teleostei: Cyprinidae).",0
"Lefevre, C., Charles, H., Vallier, A., Delobel, B., Farrell, B., & Heddi, A. (2004).",0
"During the dry season there is little rainfall (wet season mean: 240 mm/month, dry season mean: 9 mm/month; Campos, 2018), most trees shed their leaves and there are very few standing water sources (Campos & Fedigan, 2009).",0
The delayed and geographically heterogeneous diversification of flowering plant families.,0
"Interestingly, the proteins involving in the cytoskeletal protein binding are known to interact selectively with any protein components of any cytoskeleton which includes actin, microtubule and intermediate filament cytoskeleton 38,39.",0
"Mouse lemurs are seasonal breeders and can already reproduce during their first year of life (Evasoa et al., 2018; Kraus, Eberle, & Kappeler, 2008; Schmelting, Zimmermann, Berke, Bruford, & Radespiel, 2007).",0
"The Malayan pangolin ( Manis javanica ) is a remarkable and distinctive mammal species belonging the order Pholidota , a sister taxon of Carnivora within the superclade Laurasiatheria.",0
"Once dried, we stored the samples in airtight, waterproof bags, and shipped them to Dairy One forage labs in Ithaca, NY, for composition analysis (Dairy One Forage Laboratory, 2012).",0
"After removal from the furnace and cooling at room temperature, 50 ml of water were added, and the nitrogen content was determined using an automatic Kjeldahl azotometer (Kjceltec™8400, FOSS).",0
"Faúndez, E. I., E. R. Johnson, and E. V. Angelone.",0
"Hoang, D. T., Chernomor, O., von Haeseler, A., Minh, B. Q., & Vinh, L. S. (2018).",0
The characterization of enzymatically amplified eukaryotic 16Slike rRNA-coding regions.,0
4.0.0.,0
"To describe the life cycle of P. steinenii , we collected reproductive adults (n = 200) from rocks along the lake shore.",0
"Genomic analyses revealed only slight differentiation between southern M. simmonsi and the population at Ambodiriana (Poelstra et al., 2020).",0
CONFLIC T OF INTERE S T,0
We propose that this new species be based on the Bodo skull and thus be named Homo bodoensis .,0
"Fully ground sample powder (0.5000 g) was mixed with 0.4 g of CuSO 4, 0.6 g of K 2 SO 4, and 20 ml of sulfuric acid for digestion in a digesting furnace.",0
"hominin taxonomy, Homo bodoensis , Homo heidelbergensis , Homo rhodesiensis, Middle Pleistocene",0
"Based on their overall low use as a food item and the fact that they were consumed both in periods of high and low fruit abundance, the nutritional role of noncaterpillar insects may be best characterized as foods that are complementary to the staple fruit diet, providing a rich source of energy, protein and fat.",0
The feeding experiment was conducted for seven consecutive days.,0
The gut microbiota is an important influencing factor for host health and nutrition and is therefore a promising agent for treating or preventing diseases.,0
2009.,0
13.1 cm).,0
Gene Ontology (GO) and KEGG pathway analysis.,0
While not a true species in the strict biological sense (since there is strong and growing evidence of migrations as well as gene flow between these diverged groups) this newly defined taxon cuts through the obfuscating and inconsistent use of improperly named and defined Middle Pleistocene hominins in Europe and Africa and should facilitate more consistent and meaningful discussions around these various topics presented here.,0
The process of describing and naming a species could be usefully compared to the experience of building a house.,0
"Applied & Translational Genomics, 10, 2–9.",0
Detailed descriptions of our transect and phenology data collection methodology can be found in Bergstrom et al. (2018).,0
"These observations are especially important because migration toward more suitable regions is a common response to climate change (Arenas et al., 2012).",0
"Shao, Z., and F. Vollrath.",0
"Snazell, R., and D. Jones.",0
"The capture of juvenile mouse lemurs (2 – 3 months old) in early February, however, suggested a main birth season at this site in early mid‐ December.",0
1988; 239: 1263-1268.,0
"Journal of Natural History, 26, 835–891.",0
E. E. L. J. would like to acknowledge support from the Ahmanson Foundation for the field sample collection and subsequent data generation.,0
Ant immatures were not found in any of the examined contents (see Table 1).,0
Supporting this argument is the recent consensus that the Sima de los Huesos hominins should be considered as early members of the Neanderthal lineage.,0
"The morphologically distinctive weevil subfamily Dryophthorinae is among the most economically important and culturally embedded insect groups known (Rugman-Jones et al., 2013; van Huis et al., 2013).",0
"Type material: Holotype ♀, Mengla country, Yunnan Province, China, May 1993, Coll.",0
2014; 24: R 214-215.,0
ympev.2012.12.022,0
"When working with transcriptomes, read count is a way of quantifying the transcripts by abundance, and also determines whether or not the genes or transcripts produced are highly dependent on length and library size.",0
"Arthropod Structure & Development, 40 (6), 549–558.",0
A total of 747 unigenes were identified in the transcriptome that may participate in these pathways.,0
"Panagiotakopulu, E. (2001).",0
"2 Smithsonian Tropical Research Institute, Panama City, Panama",0
"However, the fact that all developmental stages were active together in Lake Kitiesh during the austral summers of our study is consistent with the presence of multiple overlapping generations.",0
"Systematic Biology, 65 (2), 228–249.",0
Mesquite: A modular system for evolutionary analysis.,0
"We ran 2 MCMC chains with 4 Metropoliscoupled runs for each for 20 million generations sampled every 1,000 generations.",0
"Stephen J. O’Brien 10, 11 & Siew Woh Choo 1, 2,†",0
"Four genera, Bacteroides (Bacteroidota) , Paraclostridium (Firmicutes), Enterococcus (Firmicutes), and Proteus (Proteobacteria), were identified as group‐ specific biomarkers for the centipede‐ added group, and another four genera, Acinetobacter (Proteobacteria), Epulopiscium (Firmicutes), Sphingobacterium (Bacteroidota) , and Chryseobacterium (Bacteroidota) , were identified as biomarkers for the earthworm‐ only group (Figure 3d).",0
"Our results suggest that traditional techniques of hypogaeic ants collection portray with much greater fidelity the underground ant fauna than the analysis of fossorial reptiles’ stomach contents, due to the relatively low ant diversity found in this kind of samples, and also to the low observed frequencies in relation to the average size of ant colonies.",0
"One of these was identified as M. mittermeieri , while the second was newly described as M. macarthurii .",0
"This study was conducted with permission from institutional and governmental agencies that regulate animal research in Madagascar, Germany, France, Portugal, and the United States.",0
"The first 25% of the samples were discarded as burn-in, and convergence was checked by the average standard deviation of split frequencies as reported by MrBayes and by Effect Sample Sizes for all parameters in Tracer version 1.7.0 (Rambaut et al., 2018).",0
Hugo A. Benítez https://orcid.org/0000-0001-7553-9893,0
"At the same time, two juvenile males were captured that were still very light with only 19 and 20 g. In contrast, M. lehilahytsara females at Mantadia NP were anestrous from May until late October (N = 5), in estrus in November (N = 1) and pregnant in December (N = 3; Figure 6).",0
"The high quality transcriptomes generated were used for downstream analyses, which provided insights into functional and phylogenetic aspects of pangolin biology.",0
"We ran the MCMC for a total of 10 million generations, with other run settings, burn-in and chain mixing evaluation being the same as the uncalibrated tree in MrBayes.",0
Mention of trade names or commercial products in this publication is solely for the purpose of providing specific information and does not imply recommendation or endorsement by the USDA.,0
"In addition to a well-supported monophyletic Litosomina , both topologies recovered with high support (PP: 96; 99), a sister relationship between the monotypic rhynchophorine subtribes Polytina + Diocalandrina and this clade sister to the remainder of the litosomines (PP: 0.96; 94) with high to moderate support.",0
Die insektenfauna der tertiärgebilde von Oeningen und von Radoboj in Croatien (pp.,0
"Ice-free areas on King George Island include many temporary shallow meltwater ponds and permanent lakes (typically smaller than 100 m 2), which are generally ice covered for the majority of the year (Kim et al., 2020).",0
It was the placement of Trigonotarsus as well as deeper splits that resulted in conflict among the two topologies.,0
[19] Tattersall I. Species recognition in human paleontology.,0
"We did not include them in the H. bodoensis hypodigm at this stage, because these fossils are too fragmentary.",0
"BioMed Research International, 2022, 3457806.",0
"These genes were significantly over-represented in biological processes such as response to external stimulus, response to stress and signal transduction.",0
"Vences, M., & Riehl,T.",0
"Manongarivo Special Reserve (Madagascar), 1987 /88 expedition report.",0
"American Museum Novitates, 2463, 1–43.",0
Morphometric measurements were taken for each individual (see below) and additional descriptors such as fur coloration were noted and photographed.,0
Dark Knight: First Record of a False Widow Spider Steatoda nobilis Preying on a Pipistrelle Bat in Britain.” Ecosphere 13: e 3959.,0
"Samples were mixed in equal quantities, and the sequencing library was built using a TruSeq ® DNA PCR‐ Free Sample Preparation Kit according to the manufacturer's protocol.",0
"Palaeontographica, 15, 131–156.",0
"This lake hosts an abundant population of P. steinenii and is easily accessible from Professor Julio Escudero Station (INACH, Chile), allowing for continuous site monitoring during the expeditions and the deployment of year-round environmental monitoring equipment.",0
"Reproductive observations from this study and those from published sources (Evasoa et al., 2018) suggest that M. sp. #3 may start their mating season in October – November, because males showed developed testes by August/September, while females were still anestrous and not lactating (Figure 6), and juvenile individuals were not found.",0
"Large rivers have been considered potential biogeographic boundaries for mouse lemurs (e.g., Martin, 1972; Olivieri et al., 2007).",0
"In particular, Arctic Chironomidae often have life cycles extending over several seasons (Hodkinson et al., 1996) and adult emergence is highly synchronous, often triggered by rising temperatures (Butler, 1980).",0
61 Specific pathogens and variance in the microbiome community have been shown to be correlated with skin diseases in some captive populations.,0
"American Museum Novitates, 2419, 1–57.",0
and A.M.Y.,0
"Scudder, S. H. (1893).",0
"Petrov, B., and S. Lazarov.",0
"Miglietta, M. P. (2023).",0
"A recent study (Brandão; Silva & Delabie, in press) on the community structure of local tropical ant faunas have revealed that these faunas are not random assemblages of species, but are rather structured in 16 well defined guilds, of which nine live mostly in the leaf litter, three are arboricolous, two are subterraneous (one nomadic hypogaeic), one is nomadic epigaeic and one represented by social parasites, which are rarely collected in tropical environments.",0
"A 30‐μL reaction mixture containing 10‐ng of template DNA, 0.2 μM forward and reverse primers, and 15 μL of PCR Master Mix was used.",0
"In order to use them as an energy source, several important metabolic pathways are involved, namely the linoleic and alpha-linolenic acid metabolism pathways (KEGG:00591 & KEGG:00592), glycerolipid metabolism (KEGG:00561) and fatty acid degradation (KEGG:00071).",0
"Our results showed that 57,214 sequences (63.7%) were protein-coding unigenes, with 38,168 unigenes predicted to have complete coding sequences (CDSs).",0
"We generated approximately 373 million reads of 100 bp pairedend RNA-Seq data for the eight samples with the number of paired-end reads per sample ranging from 41,532,741 to 52,722,994 (Supplementary Table 1).",0
"107,129 Other features are not shared with Middle Pleistocene hominins such as H. neanderthalensis , late H. erectus , and potentially other Asian groups yet to be systematized.",0
The percentage of energy consumption was log transformed prior to statistical analysis to conform to the requirements of the linear regression.,0
"Being an invertebrate predator, centipedes outperform earthworms and Lepidoptera larvae in terms of moving speed, venomous forcipules, and the secretion of defensive chemicals in some species.",0
https://doi.org/10.1093/molbev/msh063,0
"2 Duke Lemur Center, Duke University, Durham, North Carolina",0
"In some fields, such as molecular biology, collaborative platforms have further developed into commercialised services.",0
"More than 96% of reads for each organ had a read quality higher than the standard threshold (Q30), indicating good quality of the sequencing reads.",0
"We used a relaxed clock model calibrated with fossil occurrences to estimate divergence times for Dryophthorinae in MrBayes 3.2.7a with two approaches: node-dating and the fossilized birth-death (FBD) model (Heath et al., 2014; Stadler, 2010; Zhang, 2016).",0
Males and females do not show any sexual dimorphism.,0
Two New Jumping Spiders of the Genus Chalcoscirtus from China (Araneae: Salticidae),0
Five captured young mouse lemurs (~2 – 3 months old) showed no signs of reproductive activity and no evidence of tail fattening.,0
"Comparisons: In comparison to H. erectu s, H. bodoensis differs by the increased cranial capacity (intermediate between H. erectus and H. sapiens ) and a suite of associated derived traits: the curvature of the temporal squama; broader mid-vault; signs of parietal bossing; and relatively broad frontal bone where the maximal cranial breadth lies above the lower third of the skull in posterior view, with more vertical parietal walls.",0
"20,128 These traits can be linked to the retention of the general cranial structure from H. erectus .",0
Zhenyu Du: Writing ‐ review & editing.,0
"Systematic Biology, 65 (6), 997–1008.",0
"Before our study, this species had never been observed at altitudes below 800 m a.s.l., although it is known to occur in an extensive stretch of highland forests in central and northeastern Madagascar (between Riamalandy; Figure 1; Weisrock et al., 2010) and Tsinjoarivo (430 km further south; Yoder et al., 2016).",0
Figure 1 summarizes the workflow of de novo assembly to generate the Malayan pangolin unigenes.,0
The exclusive occurrence of army ants in the alimentary tract of these fossorial reptiles suggests that they trace the chemical trails laid by the ants while moving inside and over the soil.,0
"4 Laboratoire Évolution et Diversité 11 Biologique, CNRS, Université Paul Sabatier, IRD, UMR5174 EDB, Toulouse, France",0
"Up to now, a total of 43 species of this genus have been documented Worldwide, 24 of them from Asia (including 2 from China), 10 species from Europe, 5 from both Asia and Europe, 2 from North American, C. alpicola from Holarctic and C. sublestus from Atlantic (Platnick, 2010).",0
performed RNA extraction.,0
"We used the fossilized birth-death process as tree prior, constraining fossils to be tips, not ancestors.",0
"Weevils of the Tribe Sipalini (Coleoptera, Curculionidae, Rhynchophorinae) Part 3. The genus Sipalinus.",0
"While lower-level relationships are not the main goal of this study, the inclusion of multiple representatives for some genera revealed paraphyly in some of them.",0
"After stomach washing, the lizards were kept indoors overnight to watch for any possible discomfort.",0
1988.,0
3.4 | Invertebrate contribution to minimum energetic and protein intake rates,0
"In the early 2000s, every major lab group invested in sequencing machines to ensure they could obtain timely and accurate data.",0
"Climate change has significantly influenced the phenological patterns, distribution, and physiological adaptations of multiple species in different parts of the planet.",0
"O'Meara's thesis (2001) remains the most complete study of the subfamily to date with 26 ingroup taxa consisting of members of Orthognathini and Rhynchophorini ( Litosomina , Rhynchophorina, Sphenophorina , and Diocalandrina ) and based on 3 molecular markers (COI, EF-1a, 28S).",0
Predation of Arthropods by Southern Bearded Sakis ( Chiropotes satanas ) in Eastern Brazilian Amazonia,0
Studies on the relationship between the gut microbiota and host energy restoration suggest that the gut microbiota can help increase the energy harvest by fermentation.,0
"The only winged Antarctic midge can alert us about changes in its thermal environment that may have significant impacts on its current habitats and phenological patterns, resulting in important structural changes in ecosystems in Antarctic regions.",0
"To catalog a representative pangolin transcriptome, we sequenced eight RNA samples derived from a pregnant female M. javanica representing the following different organs provided by the Department of Wildlife and National Parks: cerebrum, cerebellum, thymus, liver, kidney, lung, spleen and heart.",0
3.1 | Invertebrate foraging annual patterns,0
"51, 52 Overall, by conducting feeding experiments on crocodile lizards, we found that eating centipedes resulted in a relative increase in some fermentative bacteria, which could have contributed to the faster growth of lizards.",0
"2 University of Chinese Academy of Sciences, Beijing, China",0
Very light young mouse lemurs of about half of the adult body mass were termed juveniles.,0
Another relationship with strong to moderate support (PP: 0.99; 89) and previously not hypothesized was Rhynchophorina sister to Cosmopolites and Prodioctes Pascoe.,0
"Gallfly larvae were removed from galls that were only 4 mm in diameter, for example, and adult males were observed capturing large, mobile cicadas.",0
"26 To further compound the problem, a mandible, without an associated cranium, was used as the holotype for the taxon, even though this bone is normally considered to be extremely plastic and may or may not reflect associated morphological changes in the crania.",0
"We then used linear regression analyses to assess the strength of the relationship between monthly ripe fruit energy density and the percentage of energy consumption from invertebrates for each of the three study groups, as well as one model with all females, regardless of group affiliation (4 linear regressions total).",0
"Bauer, T., S. Feldmeier, H. Krehenwinkel, C. Wieczorrek, N. Reiser, and R. Breitling.",0
"Thorell, T. 1875.",0
A.M.Y.,0
This represents the eighth species of vertebrate and the second species of mammal known to fall prey to members of the genus Steatoda (Table 1).,0
"Dunbar, J. P., A. Vitkauskaite, D. T. O’ Keeffe, A. Fort, R. Sulpice, and M. M. Dugon.",0
"Murray, A. E., Freudenstein, J., Gribaldo, S., Hatzenpichler, R., Hugenholtz, P., Kämpfer, P., & Reysenbach, A.-L.",0
Bacterial community alpha diversity statistics were calculated using QIIME2.,0
"Field measurements (all lengths measured in mm): ear length: 17.6, ear width: 13.7, head length: 37.7, head width: 23.0, snout length: 10.0, intraorbital distance: 8.2, interorbital distance: 26.0, lower leg length: 41.7, hindfoot length: 24.5, third toe length: 10.6, body length: 95.6, tail length: 130.0, body mass: 66 g. The population around Ambavala is designated as the source population for physical specimens in support of the holotype.",0
2011.,0
"20, 21 For example,obese animals have an increased Firmicutes:Bacteroidetes ratio in the gut microbiome, 22 which increases the energy harvest of the host by increasing fermentative metabolism.",0
"Under these circumstances, population declines are unavoidable, and ongoing anthropogenic land‐ use change and forest cover loss (Schüssler et al., 2020) will probably accelerate and increase this threat to the newly described species.",0
"21, 23, 24 In this study, we found that adding centipedes to the diet of juvenile lizards significantly changed the gut microbiome community.",0
"7 Center for Molecular Medicine and Genetics,Wayne State University,Detroit,MI 48201, USA.",0
"“ Colonization of Ireland: Revisiting ‘the Pygmy Shrew Syndrome’ using Mitochondrial, Y Chromosomal and Microsatellite Markers.” Heredity 107: 548–57.",0
"Two molecular markers, 18S and 28S rRNA were aligned using pri- mary and secondary structure, totaling 3,764 base-pairs.",0
"The total number of BLAST top hit sequences was 69,565 with 55,568 sequences assigned to known species.",0
"For the purpose of this study, however, we will still treat these two lineages as separate taxa to be able to test their distinctiveness in other domains.",0
"The amphisbaenian genus group is represented by circa 160 species of fossorial reptiles with worldwide distribution (Uetz, 2002).",0
"An exhaustive comparative morphological study is currently underway with the aim of exploring character space to provide more reliable adult and larval characters (Chamorro, 2019) to circumscribe the groups.",0
"M. lehilahytsara and M. mittermeieri were found both in montane and lowland forests, but M. sp. #3 and M. macarthurii occurred only in lowland forests.",0
"Those distributed in alpine, subpolar, and polar regions are particularly affected (Walther et al., 2002).",0
Maria Lourdes Chamorro 1,0
"Dryophthorinae is an economically important, ecologically distinct, and ubiquitous monophyletic group of pantropical weevils with more than 1,200 species in 153 genera.",0
The unfortunate reticence of ICZN to allow for a name change is best exemplified by Anophthalmus hitleri Scheibel 1937117 — a carabid beetle found only in five caves in Slovenia — named as a dedication to Adolf Hitler.,0
"In the same locality and at the same time, Silvestre (2000) collected 15 ant species using 40 subterranean baits.",0
"Many species are easily confused with congeners; if researchers to some extents do not know what species they are working on, this fundamentally confounds replication in future research.",0
"Consequently, a formal species description is included.",0
"The maxillary sinus is expanded, and there is no canine fossa.",0
"However, in this case the common procedure used by taxonomists to collect one or several animals or to capture and donate them to a zoo in order to obtain type specimens when they die (e.g., as in the cases of Hapalemur aureus [Meier et al., 1987] and Propithecus tattersalli [Simons, 1988]) was not an option for us.",0
"Hence, we describe and name the woolly lemur from Bemaraha as a new species based on a released type for which we have hair samples, photographs, and tape and video recordings.",0
R E S E A R C H A R T I C L E,0
"Encontramos apenas cinco espécies de formigas presentes nos conteúdos estomacais aqui examinados, todas pertencentes à subfamília das formigas-de-correição, Ecitoninae .",0
Pre‐ weighed sufficient centipedes and earthworms (> 10 g) were fed to the lizards every day at 6 a.m.,0
"Further, hominins (especially the members of the genus Homo ) represent a widely distributed polytypic taxon that displays great behavioral flexibility 84 – 86 and occupies a “generalist specialist” niche 87 that allows the members to exploit and adapt to different environmental conditions without significant alterations in morphology.",0
La faune entomologique des gise- ments miopliocènes du Massif Central.,0
"There is no evidence from surveys and interviews that it is distributed in the wider surroundings of Bemaraha [Ausilio & Raveloanrinoro, 1998; Sterling, 1998], the Namoroka Strict Nature Reserve (between the Sambao and Mahavavy rivers [Hawkins et al., 1998; Thalmann et al., 1999], or between the Mahavavy and Betsiboka rivers [Curtis, 1997; Thalmann & Geissmann, 2000].",0
"Chamorro,M.L.",0
"The spider (Figure 3) was moving back and forth between the mammal and the rafter, and the mammal was hoisted upwards (Video S1), approximately 25 cm.",0
"Named in honor of British actor and comedian John Cleese for his promotion of conservation issues in movies such as Fierce Creatures [Chepisi & Young, 1997] and documentaries such as Born to be Wild: Operation Lemur With John Cleese [Kershaw & Cleese, 1999].",0
Body measurements were taken from the dorsal side.,0
"In the case of M. sp. #3, the subpopulations on both sides of the large Mananara River (Figure 1) were shown to belong to two separate population clusters evolving largely independently from each other (Figure 2; Poelstra et al., 2020).",0
Non‐ metric multidimensional scaling (NMDS) was performed on the basis of unweighted UniFrac distance using the “metaMDS” function in the R package “vegan”.,0
"The first type was present in genera Anderson (2018) included in Litosomina ( Daisya Anderson , Melchus Lacordaire , Toxorhinus Lacordaire and Stockwellius ) and the second type was present in Cosmopolites and Eucalandra Faust (a genus with uncertain placement not included in this study).",0
"In particular, if Mauer, as is currently considered, displays some derived Neanderthal traits 47,96 at 609 ± 40 ka, 97 it could represent an early specimen within the Neanderthal lineage.",0
"Beiträge Zur Entomologie, 59, 233–238.",0
"Clean reads from Illumina HiSeq RNA-Seq were obtained after filtering out reads with adaptors, unknown nucleotides larger than 5%, and reads with low quality (more than 20% of the bases’ qualities are less than 10 in a read).",0
"This upward extension contrasts with the virtually opposite pattern created by the triangle of forehead pelage that invades the facial area in other western Avahi (e.g., A. occidentalis and A. unicolor).",0
"Habits and host-associations of Indomalayan Rhynchophorinae (Coleoptera, Curculionidae).",0
"to play a role in self‐ medication, but some poisonous foods have been",0
"Though projecting and heavily built, the supraorbital tori are arched, segmented (i.e., divided into medial and lateral segments), and attenuated laterally; they do not form a continuous bony shelf but are rather separated by a prominent glabellar region, behind which is a flattened plane (rather than a sulcus).",0
"Nature Methods, 14 (6), 587–589.",0
"Ltd (Beijing, China) for high‐ throughput sequencing.",0
"While the regional warming trends paused in the early 21st century (Turner et al., 2016), they are predicted to resume through the rest of the century (Bracegirdle et al., 2020), and a recent botanical study from Signy Island (South Orkney Islands) suggests this may already be happening (Cannone et al., 2022).",0
"36,37, 100 For instance, comparisons of maximum and minimum frontal breadths on a range of fossils from Europe, Africa, and China showed that hominins like Petralona, Bodo, and Kabwe cluster relatively close together and well away from the Chinese fossils.",0
"Paleontological Journal, 49 (13), 1442– 1513.",0
"Functional prediction of the microbiome showed that the gut microbiota of the centipede‐ added group was enriched in many polysaccharide metabolism pathways, such as glycosaminoglycan degradation (ko00531), galactose metabolism (ko00052), amino sugar and nucleotide sugar metabolism (ko00520), starch and sucrose metabolism (ko00500), and other glycan degradation pathways (ko00511) (Figure S5).",0
Genus: Microcebus (É.,0
https://doi.org/10.1002/bies.202300070,0
"In most cases, these relationships had low support, but Metamasius and Sphenophorus were found to be paraphyletic with high support.",0
Feeding Behavior,0
"There is a prominent parietal angular torus, and the temporal squama is high and arched.",0
Standardization and quality management in next-generation sequencing.,0
"For example, on nearby Barro Colorado Island in Panama, over 70% of the capuchin population perished following a climate-associated drop in arthropod abundance during an already nutritionally stressful period (Milton & Giacalone, 2014).",0
"We compiled a list of fossil occurrences for Dryophthorinae from the literature (Table 1), with age of fossil localities based on Legalov (2020) for the Paleogene.",0
2019; 134: 102634.,0
Homo erectus and later Middle Pleistocene humans.,0
"Antarctic populations of P. steinenii are restricted to permanent deeper lakes, which are ice covered for 9–10 months each year, and are surrounded by ice-free areas (Contador et al., 2020; Hahn & Reinhardt, 2006).",0
"Toussaint, E. F. A., Seidel, M., Arriaga-varela, E., Hájek, J., Král, D., Sekerka, L., Short, A. E. Z., & Fikáček, M. (2017).",0
"Weevils of the Tribe Sipalini (Coleoptera,Curculionidae, Rhynchophorinae) Part 1. The Genera Rhinostomus and Yuccaborus.",0
"Nyffeler, M., and J. W. Gibbons.",0
[20] Rightmire GP.,0
One of the major threats for its declining numbers,0
The importance of biodiversity E-infrastructures for megadiverse countries.,0
"A total of 144 food items consisting of 15 taxa from three invertebrate phyla were identified, with earthworms, centipedes, and Lepidoptera larvae being identified as the three most abundant food resources for crocodile lizards (Table S3).",0
"Données géochronologiques K-Ar sur quelques gisements à plantes du massif volcanique néogène du cantal (Massif Central, France).",0
The sequences were quality filtered and trimmed to remove primers using Qiime2 (v 2020.11.1) 36 and then clustered into amplicon sequence variants (ASVs) using DADA2 (v1.18.0).,0
var in South India.,0
"Interestingly, adults were found to feed mainly on earthworms (51.34%), followed by Lepidoptera larvae (20.51%) and centipedes (6.57%), whereas juveniles were found to feed mainly on centipedes (37.51%), followed by earthworms (21.20%) and Lepidoptera larvae (18.85%) (Figure 1a).",0
Such subhumid forests are the only habitat in which Avahi cleesei is known to occur so far.,0
"PLoS Biology, 13, e 1002204.",0
"In a recent study of the immature forms of Dryophthorinae (Chamorro, 2019) , the larvae of both Sipalinus and Nephius were found to share a number of key features, including the presence of digitate processes on segments VIII and IX.",0
"Dryophthorine weevils occur on every continent, in rainforests, deserts and grasslands, they have a deep fossil record and are prominently known from ancient grain stores in Egyptian pyramid and Pleistocene caves (Panagiotakopulu, 2001; Panagiotakopulu &",0
"5 Zoology and Animal Biodiversity, University of Antananarivo, Antananarivo, Madagascar",0
Such a lack of aerial dispersal may also indicate that the populations of different lakes and islands in the South Shetland Islands may be more isolated in an evolutionary context than might be expected from their apparent physical proximity.,0
175p.,0
"123 Dated to ca. 600 ka by laser-fusion 40 Ar/ 39 Ar technique (0.64 ± 0.03 Ma), biostratigraphy and tephrochronology.",0
"Compared with the earthworm‐ only group, the centipede‐ added group showed lower observed species (U = 13, p = 0.046) and lower Faith's phylogenetic diversity (U = 7, p = 0.009), as well as other alpha diversity statistics (Figures 3a–3b, Table s5).",0
"In order to capitalize from a large vertebrate meal that requires expending energy to acquire, S. nobilis may spend several days feeding off the remains (Dunbar, Khan, et al., 2020), and in the case presented here, the spider only released the shrew after three days, to which the remains of the shrew were nothing but fur, bones, and skin.",0
"For the alignments using secondary structure, we used annotations for rRNA loops and stems as 13 starting partitions in ModelFinder im- plemented in IQTREE (Kalyaanamoorthy et al., 2017) with default parameters to select the best partitioning scheme and DNA substi- tution models, allowing all time-reversible substitution models allowed by IQTREE.",0
"Reproductive observations of two M. mittermeieri females from another low elevation forest (Marojejy NP east site, ~ 200 m a.s.l.; M. B. B., unpublished data) captured in mid‐ late March, also suggest an extended reproductive period and evidence of polyestry in this species.",0
|,0
Bruno A. S. de Medeiros 2,0
"Systematic Biology, 67 (5), 901–904.",0
All females greatly exceeded their protein requirements every month of the year when both fruit and invertebrate proteins are accounted for (Figure 3b).,0
The Makapansgat proto-human Australopithecus prometheus.,0
"本新种与 C. infirmus (simon,1868) 相似（Metzner, 1999:165, figs.",0
"23, 47 However, we failed to find a significant difference in the relative abundance of Firmicutes and Proteobacteria between the two groups of lizards, which is inconsistent with the findings in humans that a higher abundance of Firmicutes and a higher Firmicutes:Bacteroidetes ratio are closely associated with enhanced energy harvest.",0
"However, the species was potentially present in Europe during the Middle Pleistocene (as evidenced by the Ceprano specimen) and may have contributed to a mixed morphology seen in Arago, Petralona, and possibly other fossils in Western Europe.",0
"Dunbar, J. P., N. A. Khan, C. L. Abberton, P. Brosnan, J. Murphy, S. Afoullouss, V. O’ Flaherty, M. M. Dugon, and A. Boyd.",0
Jelmer Poelstra https://orcid.org/ 0000-0002-3514-7462,0
The arthropod prey included spiders and six insect orders.,0
"The highest represented pathways in M. javanica unigenes included purine (2,784 unigenes) and thiamine (1,963 unigenes) metabolism, followed by aminobenzoate degradation (683), T cell receptor signaling pathway (582), and pyrimidine metabolism (489).",0
"Historical Biology, 27 (5), 508– 513.",0
[7],0
org/10.1016/0378-1119(88)90066-2,0
It was concluded that these results do not justify separate species status of these two taxa.,0
Vol 2. Wiley-Liss; 2003.,0
The authors declare no conflict of interest.,0
"After obtaining the relative composition of protein, fat, and ash contents in the dried sample, the remaining composition was calculated as the carbohydrate composition.",0
"By 2018, about half of the remaining forested areas were under protection by governmental institutions or nongovernmental organizations (Schüssler et al., 2020).",0
The images,0
"Madagascar is one of the world's prime biodiversity hotspots and its endemic group of primates, the lemurs (Primates; Lemuriformes ), are flagships for species conservation (Myers, Mittermeier, Mittermeier, Da Fonseca, & Kent, 2000).",0
"Heddi, A., & Nardon, P. (2005).",0
"Subterranean ants (Hymenoptera, Formicidae) as prey of fossorial reptiles (Reptilia, Squamata: Amphisbaenidae) in Central Brazil",0
"Gardner, J. C. M. (1938).",0
"Panagiotakopulu, E., & Buckland, P. C. (2017).",0
分布：云南。,0
"Bioinformatics, 26, 1569–1571.",0
"The hoisting behavior by Steatoda species has been characterized by Greco and Pugno (2021), and previously observed in nature involving S. triangulosa hoisting a gecko off the ground (Vitkauskaite et al., 2021).",0
2.5 | Group home range quality estimates,0
R 2 values were then calculated from the scatter plots to estimate the correlation between any two pangolin transcriptomes.,0
"In the second half of the 20th century, the maritime Antarctic experienced considerable warming (Turner et al., 2014), causing deglaciation and the development of new ice-free areas and freshwater habitats, both along the coast and inland (Nędzarek & Pociecha, 2010), a process that is expected to continue (Lee et al., 2017).",0
"Observing vast numbers of these weevils in grain shipping areas in Australia, Zimmerman (1993) proposed that they may also be among the most abundant insects on earth.",0
"Our results reveal the importance of studying diet at a fine scale, both temporally and within the overarching food categories (e.g., frugivore, insectivore) that are so often used to describe wild animal diets traditionally.",0
"A type of leg interlocking device, formed by modification of the femoral-tibial articulation, helps distinguish sphenophorines and rhynchophorines from litosomines (Kuschel, 1995).",0
Captive lizards were selected to meet the body conditions of the wild lizards.,0
"The small ribosomal subunit (18S) was amplified with primers 18SA/18SB (Medlin et al., 1988) which was followed by reamplifi- cation using internal primers 18SL, 18SC, 18SY, 18SO (Apakupakal et al., 1999).",0
The creation of new subtribes or the transfer of sphenophorine genera to rhynchophorina may be warranted in the future.,0
"National Natural Science Foundation of China, Grant/Award Number: 31821001",0
"However, diocalandrines lack a dorsal longitudinal sulcus on the pygidium, males lack sternite IX (spiculum gastrale) and a straight-loop rec- tal valve (Zimmerman, 1993).",0
"Indeed, a quick search on the Web of Science provides 274 direct mentions of H. heidelbergensis while only 17 hits for H. rhodesiensis .",0
"The last thorough revisions of both genera were done more than 50 years ago (Vaurie, 1951, 1966, 1967) and the generic limits have never been tested with phylogenies, highlighting the need for modern revisions of these genera.",0
1987; 325: 31-36.,0
2.4 | Fruit biomass estimates,0
"While essentially an African species, H. bodoensis may have played a role in the evolutionary history of the Levant and Europe.",0
"Harcourt C, Thornback J. 1990.",0
"For our experiment, one group was fed with centipedes and earthworms, and the other one was fed with only earthworms.",0
"These differences are even more pronounced when comparing our data set to the holotype specimen for M. simmonsi (9.8 cm, 77 g and 14.9 cm, respectively; Louis et al., 2006).",0
"Description Female: TL 4.3, CL 2.00, CW1.60, AL2.30, AW 1.50.The body flat.",0
Recent advances in molecular techniques and AI-driven image recognition allow for astounding high-throughput automated monitoring of biodiversity.,0
"However, two tufted capuchins ( Cebus apella ) that fed on the caterpillars in the same crown appeared less perturbed by this chemical.",0
"Scudder, S. H. (1891).",0
"is the rapid loss and deterioration of their natural habitat due to deforestation activities and human agricultural expansion 8,9.",0
"thanks Thomas Mutschler for his cooperation during the field work in 1991, Prof. Dr. Robert D. Martin (Field Museum of Natural History, Chicago, IL) for his continuous support, and especially Prof. Dr. Colin P. Groves (Australian National University, Canberra, Australia) for informing us about the paper by Wakeham-Dawson et al. [2002].",0
"Beetles (Coleoptera) in cones of Asian Cycas: Diversity, evolutionary patterns, and implications for Cycas taxonomy.",0
Two New Jumping Spiders of the Genus,0
"Early invaders: Farmers, the granary weevil and other uninvited guests in the Neolithic.",0
The late Middle Pleistocene hominin fossil record of eastern Asia: synthesis and review.,0
Authorship and Team Science.,0
"To the best of our knowledge, the M. javanica transcriptome reported in this study is the first Pholidota transcriptome ever sequenced.",0
"The shape and size of the thoracic metepimeron and metane- pisternum have played a key role in distinguishing Rhynchophorini subtribes Sphenophorina and Rhynchophorina (Kuschel, 1995; Voss, 1958).",0
"Ecitoninae includes species that forage both on the soil surface ( Eciton and Labidus praedator ) as in the underground (other species of Labidus , all species of Neivamyrmex , Nomamyrmex and Cheliomyrmex ; Nascimento et al. 2004; Quiroz-Robledo et al., 2002).",0
"Riehl, T., & De Smet, B. (2020).",0
"The early history of science typically focusses on solitary famous scientists exploring the multi-facetted ‘natural sciences’, in stark contrast to the increasingly baffling complexity and specialisation of modern knowledge.",0
"8 Department of Neurology,School of Medicine,Wayne State University,Detroit, MI 48201, USA.",0
"Although our comparative study suggested that this southern population constitutes a distinct taxon, we did not name it because we believed that a species could not be given a name until a specimen had been collected and preserved as the name-bearing type [Thalmann & Geissmann, 2000].",0
"In brief, we collected fruit phenology data monthly from representative trees for each species and calculated an average monthly ripe fruit score (coverage × maturity) for each species.",0
"Vetter, R. S., and M. K. Rust.",0
"Worryingly, our data also show that geographically restricted populations of M. sp. #3 and its sister species ( M. macarthurii ) are at high risk of local and perhaps permanent extinction from both deforestation and habitat fragmentation.",0
2. The taxon H. rhodesiensis should be suppressed,0
Thirteen lizards in the centipede‐ added group and 14 lizards in the earthworm‐ only group were kept for the following data collection and analysis.,0
Folia Primatol 48: 211–215.,0
"Communication Biology, 3 (1), 1–14.",0
"At Ambodiriana (one major river further south from Antanambe; Figure 1), we only found M. simmonsi .",0
The ventrum and dorsum are separated by a significant change in coloration with only marginal transition.,0
"Locations, dating, previous taxonomic designations, and references for the included specimens are provided in the Table S1.",0
Our shared efforts are evidenced by upward trends in collaborative publications including hundreds-strong authorship consortia.,0
"Stromboscerini is recovered within Dryophthorinae , which supports findings by Anderson (1948), Chamorro (2019), and Shin et al. (2017).",0
"Interestingly we recorded workers of the epigaeic Eciton and Labidus praedator ( Ecitoninae ) in the stomach contents of amphisbaenian reptiles, which indicate that amphisbaenians forage also on the soil surface, as suggested by Bernardo-Silva et al. (2006) and observed by Gorzula et al. (1975).",0
(2003).,0
Resolving the “muddle in the middle”: The case for Homo bodoensis sp. nov.,0
A darker dorsal stripe can be either present or absent.,0
"Rakotoarison N, Mutschler T, Thalmann U. 1993.",0
https://doi.org/10.1002/cpbi.96,0
Rhynchophorina have a broader more parallel-sided metanepisternum whereas Sphenophorina have a metanepisternum that narrows caudally.,0
wrote manuscript.,0
"Phusion ® High‐ Fidelity PCR Master Mix and GC Buffer (New England Biolabs, United Kingdom) were used for PCR.",0
https://doi.org/10.1649/0010-065X-72.2.301,0
"More than 100 species of lemurs are recognized today making up about one‐ fifth of all living primate species on earth (Estrada et al., 2017).",0
"16,109 Alternatively, it has, at times, been considered as the MRCA to all LP hominin lineages, ancestral to both H. sapiens and Neanderthals.",0
"3 Technische Universität Braunschweig, Zoological Institute,Braunschweig,Germany",0
New sequences are deposited in NCBI Genbank accessions MW306940 – MW306958 and MW306920 – MW306939.,0
“ Molecular Diversity of Spider Venom.” Biochemistry 74: 1505–34.,0
"Molecular and morphological phylogenetics of weevils (coleop- tera, curculionoidea): Do niche shifts accompany diversification?",0
"In the inferior view, the large incisive foramen is placed anterior on the hard palate, the mandibular fossa is shallow, and the preserved part of the articular eminence is flat; the petrous portion of the temporal is placed in such a way that the foramen lacerum displays a crevice-like configuration.",0
"Tamarind pod-borer, Sitophilus linearis (Herbst).",0
"Furthermore, 4,859 sequences were 3 ′ partial CDS while 12,486 were 5 ′ partial CDS.",0
"On the other hand, in different localities, Berghoff et al. (2003) found 85 ant species in 182 baited sieve buckets; Silva & Silvestre (2004) collected 71 ant species in 90 soil samples submitted to Winkler extractors; Morini et al. (2004) collected 42 ant species in 40 subterranean baits and Ryder Wilkie et al. (2007) collected 47 ant species in 50 cylindrical probes.",0
"The newly defined species H. bodoensi s, described on the basis of the Bodo 1 specimen has clear advantages: (1) it recognizes the variability and geographic distribution of Middle Pleistocene hominins; and (2) it describes the unique morphology of the African Middle Pleistocene hominins that extends into the eastern Mediterranean that is distinct from H. neanderthalensis and predates the appearance of H. sapiens .",0
"Although data on the availability and distribution of Lepidoptera larvae are limited, most tropical lepidopteran species show host specificity and hatching synchrony during larval stages, and spatial distribution is similar to the clumped nature of fruit resources (Dyer et al., 2007; Mosdossy, 2013).",0
Lemur News 4: 16–19.,0
Anderson (1948) also included Dryophthorini and Stromboscerini collectively under the then subfamily Stromboscerinae .,0
382p.,0
"Here we introduce a new Middle Pleistocene (i.e., Chibanian Age/Stage, 774 – 129 ka 122) hominin species that represents the direct ancestor of H. sapiens (Figure 1).",0
"Juveniles at this site (20 g body mass) were only found in late March (Randrianambinina et al., 2003; this study).",0
“ Sphingomyelinase D in Sicariid Spider Venom Is a Potent Insecticidal Toxin.” Toxicon 60: 265–71.,0
"van Huis, A., Itterbeeck, J. V., Klunder, H., Mertens, E., Halloran, A., Muir, G., & Vantomme, P. (2013).",0
Why is there no service to support taxonomy?,0
(1968 a).,0
"Special thanks go to our guides, M. Lemana and the late M. Felix (Bekopaka).",0
"8 Faculté des Sciences, University of Mahajanga, Mahajanga, Madagascar",0
John P. Dunbar,0
"After approximately 20 min, the mammal had been lifted into the rafters, slightly out of view.",0
3 | RESULTS,0
"Here we infer, for the first time, a comprehensive molecular phylogeny of Dryophthorinae including representatives of all tribes and all but one subtribe, and use a relaxed clock model calibrated with fossils to infer the timing of their diversification.",0
"In contrast , the traditional techniques for subterranean ants’ collection are far more efficient than the exam of fossorial reptile’s stomach contents, collecting a much richer and diverse ant fauna.",0
Entomopraxis.,0
"119 Despite this, its taxonomic name remains valid under the rules of ICZN.",0
http://wsc.nmbe.ch.,0
C O N F L I C T O F I N T E R E S T S TAT E M E N T,0
"3 Department of Biology, Duke University, Durham, North Carolina",0
4.1.2 | Cryptodermatini,0
Our biggest thanks go to the local authorities who allowed us to conduct our study in their forests and furthermore to the Wildlife Conservation Society Madagascar for valuable support when working in and around Makira Natural Park.,0
1987; 16: 417-427.,0
https://doi.org/10.1093/molbev/mss020,0
Sci.,0
"The data were concatenated, taxa renamed, and exported in NEXUS for- mat including MrBayes commands in Mesquite v. 3.61 (Maddison & Maddison, 2019).",0
"At the Wankara Laboratory, the chambers were maintained in an incubator with a 16 h light and 8 h dark cycle (LD = 16 h:8 h) at ~4 ǫC (range achieved 4–4.5 ǫC), monitored by a temperature logger (Hobo U22 Water Temp Pro V2) recording from the first day of observation until the hatching of the adults.",0
Torben Riehl 1,0
"Legs brown, with grayish dark annuli, clothed by dense strong spines, Ventral of tibiae I and II with 2 pairs of long spines.",0
We collected behavioral data in the form of 10-min focal animal follows.,0
"To assess the thermal characteristics of the aquatic environment in which P. steinenii develops from egg to adult, we anchored one temperature data logger (HOBO U22 Water Temp Pro V2) at a depth of 50 cm in Lake Kitiesh, corresponding to the depth at which high densities of larvae are commonly found during the austral summer.",0
Repositories for taxonomic data: Where we are and what is missing.,0
"The room temperature was set to 25°C, the selected body temperature of crocodile lizards.",0
IQ-TREE 2: New mod- els and efficient methods for phylogenetic inference in the genomic era.,0
"Nephius (= Anius ) has been included in Sipalini (=Orthognathina) (Voss, 1940) and uncer- tainty remains whether Nephius represent one or two genera based mainly on the presence-absence of elytral humeri.",0
org/10.1093/sysbio/syz038,0
Small rearing chambers (10 containers of 250 ml) were set up under controlled temperature conditions (4 ǫC) in the laboratory of Professor Escudero Station as described by Harada et al. (2014).,0
The noble false widow spider Steatoda nobilis is a globally invasive species with implications for public health and possibly for native ecosystems.,0
"For crocodile lizards, our results showed that feeding only on earthworms increased the abundance of some opportunistic pathogens, which may increase the risk of disease in the captive population.",0
A distinct white stripe lies between the eyes ending at the forehead (Figure 7c).,0
9. Histoire naturelle des mammifères.,0
Materials and methods: We analyze 2 years of behavioral data from 25 adult female capuchins to determine which invertebrates are eaten.,0
5.6 | Habitat information M. jonahi individuals were captured at altitudes between 42 and 356 m a.s.l.,0
"2 DFG, Words Bones Genes Tools, University of Tübingen, Tübingen, Germany",0
"The large ribosomal subunit (28S) was amplified and sequenced with primers LS58F/LS998R and NLF184-21/LS1041R (Maddison, 2012).",0
"S.W.C., G.J.W., and A.M.Y.",0
"Aside from the fact that the lateral portion of the right maxilla, the right zygomatic bone, and the left temporal process are missing, the face is generally well preserved.",0
"Outside of western societies, invertebrate consumption also remains common amongst humans (Lesnik, 2018).",0
Genome raw reads and assemblies are also available for download at our repository http://pangolin-genome.um.edu.my or http://www.genomesolutions.com.my/iparc/pgd.,0
Total energy and protein intake were summed and adjusted for the total time spent foraging during focal observation.,0
"We also obtained trees under Bayesian inference with MrBayes v.3.2.7a (Huelsenbeck & Ronquist, 2001; Ronquist & Huelsenbeck, 2003).",0
"Male S. nobilis do produce webs, but when they mature, and are at their largest sizes, they typically dedicate more time to locating females for mating opportunities and are therefore less likely to be involved in vertebrate predation.",0
2014.,0
"The relative abundance of the two dominant bacterial phyla, Firmicutes and Proteobacteria, and Firmicutes:Proteobacteria ratio did not differ significantly between the two groups (Figure s4, Table S6), and neither Firmicutes nor Proteobacteria were identified as significantly differentiated biomarkers (Figure 3d).",0
There are at least three distinct taxa of woolly lemurs (genus Avahi ) in western Madagascar.,0
An orthognathine weevil of the genus Mesocordylus in Dominican amber (Coleoptera: Curculionoidea: Dryophthoridae).,0
"Journal of Agricultural Research, 20, 439–446.",0
A whole and carefully preserved specimen (ideally a series) is recommended as convincing evidence for the validity of a proposed species.,0
"Ear biopsies (~ 2 mm 2) were collected to provide DNA samples, and all animals were released unharmed within 24 hr at their exact location of capture.",0
"Molecular Biology and Evolution, 29 (6), 1695–1701.",0
"De novo sequencing, assembly and analysis of eight different transcriptomes from the Malayan pangolin",0
The forehead fur immediately bordering the facial area is blackish and forms a dark chevron pattern above the facial area.,0
"8 British Antarctic Survey, NERC, Cambridge, UK",0
"There are currently 132 families of spiders representing 50,631 species (World Spider Catalog, 2022), and of these, members of at least 39 families are capable of preying on small vertebrates (Nyffeler & Gibbons, 2021, 2022).",0
"Many cold environment insect species have long life cycles, resulting from very slow growth, repeated or prolonged periods of dormancy, or very long-lived adults (Danks, 1992).",0
"The number of Malayan pangolins in the wild is dramatically declining for several reasons and the species is characterized as being critically endangered in The International Union for Conservation of Nature and Natural Resources (IUCN) Red List of Threatened Species 7,8.",0
"On a given day, the island sakis devoted 1.01–10.50% of their time to foraging, and mainland sakis spent 0.38–6.58% (on 1 day no records were returned for this group).",0
"Pangolins also lack teeth in adults (edentulism), an adaptation for the specialized diet made up of ants and termites (insect-eating - myrmecophagy) 1 and possess ‘incomplete zygomatic arches’ and a ‘extremely reduced, bladelike mandible’ with each denture having a single bony protrusion 5,6.",0
The anomalous stromboscerine Nephius was moderately supported (PP: 0.90; 96) as the sister taxon to a strongly supported monophyletic Stromboscerini + Dryophthorini (PP: 0.99; 99).,0
https://doi.org/10.1006/jasc.2001.0697,0
Feces were frozen at −20°C before further processing.,0
"In contrast to that, the LDA aims to minimize distances within pre‐ defined clusters while maximizing distances among clusters (Balakrishnama & Ganapathiraju, 1998).",0
The authors declare that there are no conflict of interests.,0
"While the split of Dryophthorinae from its closest living relatives in Platypodinae dates back to the Jurassic-Cretaceous boundary, the age of the crown group Dryophthorinae is inferred to about 100 million years later, at the Cretaceous-Paleogene boundary in the case of the FBD model and in the early Paleogene in the case of node dating.",0
Avahi male (body weight = 830 g) captured in Bemaraha on 3 October 1991.,0
2015; 4:e 09560.,0
Folia Primatol 69: 337–345.,0
"A revision of the neotropical genus Metamasius (Coleoptera, Curculionidae, Rhynchophorinae) species groups I and II. Bulletin of the American Museum of Natural History, 131 (3), 211–338.",0
“ How Spiders Hunt Heavy Prey: The Tangle Web as a Pulley and Spider’ s Lifting Mechanics Observed and Quantified in the Laboratory.” Journal of the Royal Society Interface 18: 20200907.,0
"5 Laboratorio de Ecología y Morfometría Evolutiva, Centro de Investigacíon de Estudios Avanzados del Maule, Universidad Catolica ́del Maule, Talca, Chile",0
Contract grant sponsor: A.H.,0
t tests: p <.001).,0
"Energy intake from all four invertebrate orders that are commonly consumed by capuchins showed significant seasonal variation (Figure 2, Table 4).",0
Chong Chen 2,0
"Ute Radespiel , Institute of Zoology, University of Veterinary Medicine Hannover, Buenteweg 17, 30559 Hannover, Germany.",0
was supported by the A.H.,0
2000.,0
"Rugman-Jones, P. F., Hoddle, C. D., Hoddle, M. S., & Stouthamer, R. (2013).",0
We also thank two anonymous reviewers for their helpful comments on the text.,0
Australopithecus prometheus was validly named on MLD 1. Am J Phys Anthropol.,0
These taxa share a narrow altitudinal range and a small estimated EOO.,0
"Relationships at the base of the tree were mostly unresolved, with paraphyletic Orthognathini and Sphenophorina , Cosmopolites Chevrolat(Sphenophorina) sister to Rhynchophorina and Sitophilus (Litosomina) sister to Diocalandrina (O'Meara, 2001) .",0
Mass spectrometry scanning was conducted for 10 min on the targeted SCFAs and the ISTD using the selected ion monitoring mode.,0
The method for measuring swimming speed was adopted from a previous study.,0
"The presence of α -latrotoxin in the venom of S. nobilis indicates that it may also have a competitive advantage in subduing small vertebrates (Nyffeler & Gibbons, 2022).",0
The experiments made by Riley et al. (1986) suggest that Amphisbaena alba can follow the chemical trails left by Atta cephalotes and that the orientation cue used by these reptiles is predominantly olfactory.,0
lizard.” Biological Diversity 1(1): 29–39.,0
"Northeastern Madagascar is characterized by a humid climate with abundant precipitation (2,086 ± SD 530 mm SD; Fick & Hijmans, 2017) and tropical rainforests as primary vegetation (Kottek, Grieser, Beck, Rudolf, & Rubel, 2006).",0
"Bioinformatics, 19, 1572–1574.",0
"Indian Forest Records, 3 (12), 237–240 +plate IV+259.",0
"S. and D. W. R,), and that D. S. was trained by D. W. R. Furthermore, there was a strict selection of measurements that fully agreed with collection standards before assembling the data set.",0
"biodiversity, global science,marine inverterbates, species,taxonomy",0
3. What contributions do invertebrates make to the overall dietary profile (energetic and protein intake rates) of female capuchins in varying reproductive states?,0
"Relationships among genera of the most diverse and economically important tribe Rhynchophorini , of the poorly studied Oriental tribe Cryptodermatini and the monotypic Polytina and Diocalandrina also remain untested.",0
"“ Synanthropic Spiders, Including the Global Invasive Noble False Widow Steatoda nobilis, Are Reservoirs for Medically Important and Antibiotic Resistant Bacteria.” Scientific Reports 10: 20916.",0
"For instance, an exclusively underground ant, Dolopomyrmex pilatus , was recently discovered in Southwestern United States (Cover & Deyrup, 2007).",0
"Zootaxa, 4500 (3), 381–387.",0
"Assumptions of the respective tests were examined beforehand using Shapiro – Wilk and Levene's tests in R (R Core Team, 2019; RStudio Team, 2016) using the car v3.0‐2 package (Fox & Weisberg, 2011).",0
"Scyphophorus is a New World genus containing two spe- cies that specialize on the large, xeric-adapted Asparagaceae Agave and Yucca in stressed, dead or dying condition.",0
"However, all of the later H. sapiens specific features can be derived from traits present in H. bodoensis , including the massive but segmented (divided into lateral and medial parts) browridges.",0
"Diagnosis: This new species is similar to C. helverseni Metzner, 1999 (Metzner, 1999:166,figs.12a-c), but differs in: 1) the spermatheca oval，longer than width in the new species versus transverse bean-shaped, wider than long in the latter; 2) copulatory duct much shorter.",0
"However, this character has at times been difficult to interpret (Anderson, 2018).",0
"The monophyly of the subfamily was well-supported and, while not the central goal of the study, the smaller-sized, decomposing wood-associated dryophthorines ( Stromboscerini and Dryophthorini ) were found to be monophyletic and closer to the root of the tree as the sister group to the rest of the dryophthorines.",0
2 | METHODS,0
4.1.3 | Placement of Nephius and the monophyly of Stromboscerini,0
[26] International Code of Zoological Nomenclature.,0
"(b) B13, adult male, captured in the community protected forest near Ambavala on September 11, 2017.",0
"Simple Sequence Repeats (SSR), also known as Short Tandem Repeats (STR) or microsatellites, are another major class of repetitive elements.",0
"Vaurie, P. (1970 b).",0
Distribution: China (Hunan).,0
"The current rate of new species descriptions is simply too slow; the discipline is often dismissed as old fashioned, and there is a crisis level need for taxonomic descriptions to come to grips with the scale of Anthropocene biodiversity loss.",0
"Using these focal data, we quantified intake for all invertebrate food items as a percentage of foraging time devoted to consuming that food item on a monthly basis.",0
This trait is presumably already under selection in the MRCA in the latter portion of the Early Pleistocene.,0
"11a-i), but differs in: 1) the spermatheca longer than wide in the new species versus wider than long in the latter; 2) copulatory duct much shorter and straight in the new species versus twisted in the latter; 3) the marking on abdominal dorsum.",0
org/10.1093/molbev/msaa015,0
"To view a copy of this license, visit http://creativecommons.org/licenses/by/4.0/",0
"The members of both study groups foraged actively for arthropods throughout the study period, resulting in a consistent, albeit minor contribution to their diet.",0
"Lizards were fed 14 times in total during the experiment, with the first feeding on May 7 and the last feeding on June 6. Lizards that did not eat or showed abnormal behavior were excluded from the experiment, returned to their original breeding pools, and taken care of by the staff of the breeding center.",0
Abbreviations,0
"It is among the few Curculionidae subfamilies for which natural limits are well understood (Marvaldi et al., 2002, 2009; Mugu et al., 2018; Shin et al., 2017).",0
"The only node to which we assigned a prior is the split between Platypodinae and Dryophthorinae , which received the same prior as in Node-dating analysis.",0
"Cosmopolites has been previously considered as not part of Sphenophorina , but its placement was thought to be in the Litosomina , not Rhynchophorina (Anderson, 2002, 2003, 2018).",0
Käfer und Polypen aus der Braunkohle des Siebengebirges.,0
“ Spiders (Arachnida: Araneae) Feeding on Snakes (Reptilia: Squamata).” The Journal of Arachnology 49: 1–27.,0
"1 Millennium Institute Biodiversity of Antarctic and Subantarctic Ecosystems (BASE), Santiago, Chile",0
Additional records of prey capture were collected in all-events sampling.,0
Jean B. Andriambeloson https://orcid.org/ 0000-0002-9483-0608,0
"To characterize the terrestrial habitat in which adults are found, we established five line transects around the perimeter of Lake Kitiesh (Figure 1D).",0
The cheeks are lighter brownish and less rufous than the head becoming even lighter and almost white toward the throat.,0
Zimmerman (1993) described the monotypic Trigonotarsus as singular and relictual without known close relatives.,0
Anonymous.,0
M. lehilahytsara from Ambavala again showed more affinity to M. mittermeieri than to conspecifics from Mantadia NP.,0
Images and drawings of Dryophthorinae were edited by Taina Litwak (Systematic Entomology Laboratory).,0
"Haran, J., Timmermans, M. J. T. N., & Vogler, A. P. (2013).",0
"This timing of reproduction is comparable to that of M. lehilahytsara from other sites but interestingly not from Ambavala, where this species is sympatric with M. sp. #3.",0
112 Including Kabwe and Petralona in the same hypodigm resulted in an Afro-European taxon.,0
The Bodo specimen has already been described as showing a mix of H. erectus -like and H. sapiens -like features.,0
"Gendreau, K. L., R. A. Haney, E. E. Schwager, T. Wierschin, M. Stanke, S. Richards, and J. E. Garb.",0
"[7] Hershkovitz I, Weber GW, Quam R, et al. The earliest modern humans outside Africa.",0
"Furthermore, we also cannot rule out the possibility that pangolins might have evolved to have different mechanisms to deal with stress and external stimulus compared to the closely related dogs and cats or even more distant humans.",0
"Voss, E. (1940).",0
"The real intellectual, skilled and creative part of taxonomy is the process of recognising an organism as new to science, and formulating the hypothesis that it is an independent evolutionary lineage from all other described species.",0
International Commission for Zoological Nomenclature.,0
6. Les Indrisiné.,0
"3 As such, H. heidelbergensis sensu lato can no longer be considered the root of all African and European hominin lineages.",0
"Legalov, A. A. (2016).",0
雌蛛体长 4.3。头胸部长 2.00，宽 1.60，腹部长 2.30，宽 1.50。体扁平。前眼列宽 1.40，后眼列宽 1.40，眼域长 1.00。前列 4 眼等距排列，前中眼直径约为前侧眼直径的 2 倍，前、后侧眼约等大，后中眼位于前、后侧眼连线正中位置。背甲暗褐色， 边缘及眼丘黑色；被白色及褐色毛；中窝纵向；眼域两侧及后方中央各有 1 条由白毛覆盖成的纵带。胸甲卵形，前缘平截；被 褐色毛；灰褐色，边缘色深。额褐色，前缘被有白色长毛，额高约为前中眼直径的 1/4。螯枝黑褐色。颚叶、下唇褐色；端部色 浅，被绒毛。触肢褐色，具褐色长毛。步足褐色，具灰黑色轮纹，足刺多而强，胫节Ⅰ 、II 腹面各具刺 2 对。正模各步足量度如 下 ： 步 足 Ⅰ 3.30 （1.10，1.30，0.50，0.40）； II 3.00 （1.00，1.10，0.50，0.40）；III 3.20 （1.10，1.20，0.50，0.40）； IV 3.40 （1.20，1.30，0.50，0.40）；足式 4，1，3，2。腹部背面灰黑色，两侧缘各有 1 由白毛覆盖而成的纵纹，中央有 1“Y”字形白色纵纹 贯穿腹部并与头胸部中央的白色纵纹相接。腹面中央灰黄色，两侧为灰黑色斜纹。,0
"Antarctica’ s native and often endemic terrestrial invertebrate species appear particularly flexible in terms of their life history and ecophysiological strategies (Convey, 1996; Convey & Block, 1996).",0
Brian D. Farrell: Validation (equal); Writing-review & editing (equal).,0
Total testes width for the regressed category ranged from 0.0 to 5.3 mm and from 10.2 to 26.2 mm for the enlarged category across all species.,0
"In the superior view, the skull presents a piriform shape, broadening posteriorly from the noticeable postorbital constriction.",0
De novo assembly of each individual tissue sample was performed using Trinity with default parameters previously described.,0
"Alignments, code, software outputs and resulting trees in nexus format are available in the github repository https://github.com/ brunoasm/ dryophthorinae _rRNA with a permanent copy in Figshare (https://doi.org/10.25573/data.12756233).",0
Rep.,0
"In this study, arthropod foraging patterns were analyzed in two free-ranging groups of southern bearded sakis ( Chiropotes satanas ).",0
Maintaining pangolins,0
"Current Protocols in Bioinformatics, 69, e 96.",0
2.6 | Statistical analyses,0
新种的交媾管很短，后者的较长。,0
The beetle tree of life reveals that Coleoptera survived end-Permian mass extinction to diversify during the Cretaceous terrestrial revolution.,0
"Therefore, we defined a unified and realistic threshold for classifying total testes width by defining a binary variable for a regressed (<10.0 mm) or enlarged (>10.0 mm) width.",0
雌蛛体长 3.9，头胸部长 1.8，宽 1.3，腹部长 2.1，宽 1.6；第 1 眼列宽 1.3，第 3 眼列宽 1.2，眼域长 0.8，第 2 眼列位于前、 后侧眼连线正中。背甲深褐色，被白色短毛及褐色长毛，眼域及背甲边缘黑褐色；前列 4 眼约呈等距排列，前中眼直径约为 前侧眼直径的 2 倍，后眼列后方有一对黑色眉状纹。胸甲卵形，被褐色长毛，褐色，边缘暗褐色。额褐色，被稀疏的白色长毛， 额高约为前中眼直径的 1/4。螯肢褐色，前齿堤 2 齿，后齿堤 1 齿，较大。颚叶、下唇褐色，端部色浅，具绒毛。触肢、步足褐色， 各节两端具灰黑色轮纹。步足具端刺和毛，胫节Ⅰ 、II 腹面具有 3 对长刺，后附节Ⅰ 、II 腹面具 2 对长刺。腹部卵形，背面浅 褐色，布满不规则的黑色斜纹，前端正中有一大的浅色斑，其后有 6 个黑色山形纹。腹面灰褐色，有不规则的黑色块斑和斜 纹。纺器灰黑色。,0
"Other than these constraints, the position of the clades in the unresolved basal polytomy in Dryophthorinae was free.",0
"Faúndez, E. I., M. A. Carvajal, D. Darquea-Schettini, and E. Gonźalez-Cano.",0
"9 McDonnell Genome Institute, Washington University,St Louis, MO 63108, USA.",0
"The field survey data also showed that, compared to adult lizards, juvenile lizards fed more on centipedes, which was further validated by an indoor feeding experiment.",0
"In the Bayesian analysis, Trigonotarsus was recovered as the sister taxon to a monophyletic Scyphophorus , while in the maximum likelihood analysis Trigonotarsus subtended the polytine + diocalandrine + litosomine clade, however, both relationships had weak support (PP: 0.64; 65).",0
"The cerebellum and liver have the least similar transcriptomic profiles with R 2 = 0.40, reflecting the highly different complexity between the two organs 49 As anticipated, the lung and thymus or the cerebellum and cerebrum showed the highest inter-tissue correlations, which is consistent with a previous study based on human tissues using gene expression profiles 50.",0
A new species of Propithecus (primates) from northeast Madagascar.,0
"Indeed, diseases are frequent in captive populations.",0
"Observations on the morphology and classification of weevils (Coleoptera, Curculionoidea) with a key to major groups.",0
Detailed morphological characteristics and illustrations of body and genital organs are presented.,0
https:// doi.org/10.14411/eje.2010.001,0
"The former classification is used here, following the review of Silva-Junior and Figueiredo [2002], which included molecular data.",0
"35,47 – 50 Alternatively, they are assigned more general or descriptive names like “archaic H. sapiens ,” 51 “mid-Pleistocene Homo ,” 52 or “ Homo sp. ,” 53 which do little toconvey their evolutionary position.",0
"5.5 | Description Microcebus jonahi is a large‐ bodied, reddish‐ brown, and small‐ eared mouse lemur (Figure 7).",0
"The egg masses were then transported in the rearing chambers to the Wankara Laboratory (Universidad de Magallanes) in Puerto Williams, Navarino Island, Chile.",0
https://doi.,0
Retrieved from https://github.com/jeetsukumaran/ DendroPy,0
"Mirjana Roksandic 1,2 | Predrag Radović 3,4 | Xiu-Jie Wu 5 | Christopher J. Bae 6",0
"Conversely, M. lehilahytsara and M. mittermeieri differed in tail length, body length, third toe length, and four head‐ associated parameters (Figure 3 and Table 3).",0
"Members of Dryophthorini , Stromboscerini and Orthognathini are saprotrophic, feeding on decomposing seed plants (flowering plants, conifers, etc) (Anderson & Marvaldi, 2014; Gardner, 1934, 1938; Vaurie,1970a, 1970b, 1971) with the majority of adult Dryophthorini and Stromboscerini residing in the leaf litter or decaying wood (Gardner, 1934, 1938; Grebennikov, 2018a, 2018b, 2018c).",0
"[2] Hublin J-J, Ben-Ncer A, Bailey SE, et al. New fossils from Jebel Irhoud, Morocco and the pan-African origin of Homo sapiens.",0
Mouse lemurs were captured using Sherman Live traps (H.,0
1991.,0
The Genera Mesocordylus and Orthognathus.,0
"In this respect, these mouse lemurs show similarities to M. mamiratra and M. margotmarshae that live in the lowland humid forests of northwestern Madagascar (Sambirano region) and that are also reproductively active in the first half of the dry season (Evasoa et al., 2018).",0
"Very few people have the time, or the diverse talents, required to take on such a complex project.",0
"In the Bayesian topology, Scyphophorus and Trigonotarsus were recovered with weak support together in a clade.",0
"The most represented repetitive elements were Long Interspersed Nuclear Elements (LINEs), where LINE1 family consists of 28,578 elements (4.67%), whereas Short Interspersed Elements (SINEs) have 33,009 elements (1.93%) in its Mammalian-wide interspersed repeats (MIRs) family (Table 1).",0
"In a few cases where nutritional processing was not possible, we derived values from congener species or species with similar size.",0
"Major differences are the dates of Dryophthorini and Stromboscerini + Dryophthorini , which were found to be much more recent with node dating.",0
"Samples were dried in an electro‐ thermostatic blast oven (DGG 9070A, Shanghai Senxin) at 104°C for an hour and then 80°C for a week until completely dried.",0
"Tamara Contador Mejias 1,2,3,4 | Melisa Gañan 1,2,3,4 | Javier Rendoll-Ćarcamo 1,2,3,4 | Claudia S. Maturana 1,2,4 | Hugo A. Benítez 1,2,5 | James Kennedy 2,4,6 | Ricardo Rozzi 2,4,7 | Peter Convey 1,2,8,9",0
"Not surprisingly, the history of taxonomical thinking became increasingly complex as both the number of fossils and the range of variation of these fossils increased.",0
For M. macarthurii and M. simmonsi only adult individuals were caught.,0
Total-evidence dating under the fossilized birth–death process.,0
lowland rainforest) or a morphological gradient across its entire range.,0
A. D. Y. also gratefully acknowledges support from the John Simon Guggenheim Memorial Foundation and the Alexander von Humboldt Foundation.,0
Order: Primates (Linnaeus 1758),0
"4 Daguishan National Nature Reserve for Crocodile Lizards, Guangxi, China",0
Here we have successfully generated transcriptomic data from eight different organs of M. javanica.,0
The International Union for Conservation of Nature (IUCN).,0
"Ecitoninae army ants include genera ( Eciton , Labidus , Neivamyrmex , Nomamyrmex and Cheliomyrmex ) which show a primarily Neotropical distribution, encompassing predatory, nomadic species, with life cycles that alternate migratory and stationary phases (Palácio, 2003).",0
"Paleontological Journal, 53 (7), 729–751.",0
"Most mainland group records (62.9%) were collected in November, mainly due to the predation of notodontid caterpillars.",0
"The biosynthesis of insect hormone belongs to the higher class of terpenoids and polyketides, and in vertebrates, is similar to cholesterol-driven pathway as shown in KEGG map 00981, which could be related to ant-eating traits.",0
The function of these caudal processes on the larvae of these three genera is unknown.,0
"These hypotheses, however, will require further testing.",0
"All analyses confirmed a noticeable divide between the two larger taxa M. sp. #3/ M. macarthurii and the two smaller‐ bodied lineages M. lehilahytsara and M. mittermeieri (along PC1, Figure 4 and Table 3).",0
"Systematic Biology, 69, 1231–1253.",0
"These include cold tolerance, year-round activity, the ability to produce over 1000 offspring in a single year (Dugon et al., 2017), longevity up to five years (Snazell & Jones, 1993), and a comparatively potent, fast-acting neurotoxic venom (Dunbar, Fort, et al., 2020; Rayner et al., 2022).",0
Folia Primatol 50: 143–151.,0
"Recognition of the Western European Middle Pleistocene specimens as H. neanderthalensis , 98 does not preclude, however, the presence of other taxa in Europe (e.g., H. antecessor and possibly others).",0
Fossil history of Curculionoidea (Coleoptera) from the Paleogene.,0
"The fourth top represented term was biological regulation (12.0%), followed by response to stimulus (8.8%), cellular component organization (7.1%), developmental process (6.6%), signaling (6.4%), multicellular organismal process (5.9%), localization (5.4%), reproduction (2.1%), multi-organism process (1.1%), and growth (1.1%).",0
Key words: Chiropotes satanas ; foraging behavior; arthropods; diet; Amazon,0
org/10.1038/s41559-020-1241-3,0
Sighting of Avahi (woolly lemur) in western Madagascar.,0
"Many primate species possess adaptations geared to effective invertebrate foraging, including specialized dentition and gut morphology and the retention of genes necessary to produce the digestive enzyme chitinase (Janiak, Chaney, & Tosi, 2018; Raubenheimer & Rothman, 2013).",0
“ Three Spiders (Araneae) New to Ireland: Bolyphantes alticeps Oonops domesticus and Steatoda nobilis.” The Irish Naturalists’ Journal 26: 200–2.,0
"Within the palaeoanthropological community, the taxon's ambiguity has contributed to complex and sometimes hard-to-follow discussions: in a single paper, one can find numerous descriptions of the taxon with incompatible hypodigms.",0
"Moreover, it can be easily distinguished from the sympatric, small‐ bodied M. lehilahytsara (at Ambavala) by its higher body mass, larger body size, and longer tail length.",0
"Interestingly, most of these terms are well associated with cell interactions and response to stimulus, indicating that the M. javanica unigenes may be actively involved in response to stimulus or stress.",0
The relatively young age of the different groups of Dryophthorinae in the Cenozoic suggests that the pantropical dis- tribution of the group has been achieved mostly by dispersal rather than vicariance resulting from continental drift.,0
"Modern integrative taxonomy likewise depends on many lines of evidence and is increasingly complex, but the trend of collaboration lags and various attempts at ‘turbo taxonomy’ have been unsatisfactory.",0
Claudia S. Maturana https://orcid.org/0000-0002-4427- 8093,0
"Likewise, the future characterization of the pangolin digestive transcriptome would be needed directly investigate the link between these lipid metabolism-related genes and the pangolin diet.",0
GPS coordinates and the altitude of capture locations were collected to estimate the altitudinal range and Extent of Occurrence (EOO) of mouse lemur species included in this study.,0
"Altitudinal ranges vary among the lineages, with M. macarthurii and its sister species M. sp. #3 being only found in lowland rainforests.",0
The monthly contribution of major food items to energy and protein intake are presented in Figure SS1.,0
"In contrast, at Ambavala between September 8th to 19th, all sympatric M. lehilahytsara females were anestrous (N = 2), while all adult males had regressed testes (N = 6).",0
"was supported by a doctoral stipend from CAPES, and S.F.F.",0
"Some examples include the reporting on a Steatoda triangulosa , which captured a garter snake 355 times heavier (Nyffeler & Gibbons, 2021), and Latrodectus geometricus , which captured a large rat (Nyffeler & Vetter, 2018).",0
"Dunbar, J. P., A. Vitkauskaite, C. Lawton, B. Waddams, and M. M. Dugon.",0
“ An Observer Reports Seeing a 6-inch Garter Snake Caught in the Web of Teutana triangulosa.” National Geographic Magazine 64: 179.,0
"These results are similar to those obtained in a phylogeny of prionine longhorn beetles (Kim et al., 2018), and simulations show that the usage of monophyly constraints instead of morphological matrices may lead to slightly overestimated ages for FBD (Luo et al., 2020).",0
Spinnerets grayish black.,0
"Zimmerman, E. C. (1968 b).",0
"c 2006 Wiley-Liss, Inc.",0
Guoshuai Tang: Methodology; investigation.,0
"Coleopterists Bulletin, 57 (4), 413–432.",0
"All tribes but Rhynchophorini were found to be monophyletic, but higher support is required to ascertain the paraphyly of Rhynchophorini with more confidence.",0
"Fossil Coleoptera from Florissant, with description of several new species.",0
Order Primates Linnaeus 1758 .,0
"Our results show that centipedes are not only an important food resource for crocodile lizards in the wild but also hold additional benefits for the growth and gut microbiome homeostasis of crocodile lizards, especially juvenile lizards, supporting the hypothesis that consuming centipedes contributes to the overall fitness of crocodile lizards.",0
"Raxworthy CJ, Rakotondraparany F. 1988.",0
Termites and gall wasps were also relatively important for the island group.,0
Pairwise comparisons of different transcriptomic profiles.,0
We assume that these reptiles have relatively high mobility and are able to forage at a depth greater than that achieved by the above mentioned techniques.,0
Note: Intraspecific differences between age classes were highly significant in all cases (two‐ tailed,0
Room temperature and water temperatures were maintained at 25°C.,0
"Both analyses moderately support a close relationship between Polytina and Diocalandrina with Litosomina , which supports Morimoto (1978) and Kuschel's (1995) hypotheses of relationships.",0
"3 Department of Archaeology, Faculty of Philosophy, University of Belgrade, Belgrade, Serbia",0
"We identified a large number of genes (5,506) specific to M. javanica, suggesting pangolins are divergent compared to their closest relatives (Fig. 4a).",0
113,0
"Furthermore, GDDs accumulated rapidly during only a short period in the austral summer (December–April) (Figure 2A) during which, we assumed, most biological activity (i.e., larval growth, pupation, adult hatching) would occur.",0
The species differs from H. neanderthalensis as it does not show any of the Neanderthal-specific morphology associated with midfacial prognathism and neurocranial shape.,0
2017; 358:eaai 9067.,0
Mirjana Roksandic https://orcid.org/0000-0003-0291-6357 Predrag Radović https://orcid.org/0000-0003-0215-6597,0
"Anticipated environmental disruptions due to future climatic changes and the need for species to flexibly adapt to altered environments may be severely compromised, if conservation planning does not generate and maintain possible dispersal pathways for migrating species (Brown & Yoder, 2015; Schüssler et al., 2020).",0
"The noble false widow spider Steatoda nobilis was originally described from the Macaronesian archipelagos in 1875 (Thorell, 1875) and recorded for the first time outside its native range in port cities of southern England in 1879 (Cambridge, 1879), where only a handful of specimens were observed over the following century.",0
We thank Novogene Technology Co.,0
"Reproductive states were assessed using several morphological indicators (i.e., vaginal morphology and testis size) frequently used in the literature (e.g., Blanco, 2008; Randrianambinina, Rakotondravony, Radespiel, & Zimmermann, 2003; Wrogemann & Zimmermann, 2001).",0
London: Madagascar Environmental Research Group.,0
"[32] Schwartz JH, Tattersall I. Fossil evidence for the origin of Homo sapiens.",0
The fermentative functions of specific bacterial genera were then obtained from the MiDAS field guide database (https://www.midasfieldguide.org/guide).,0
[15] Schoetensack O. Der Unterkiefer des Homo heidelbergensis aus dem Sanden von Mauer bei Heidelberg: ein Beitrag zur Paläontologie des Menschen.,0
We thank two anonymous reviewers who offered thoughtful feedback that greatly improved this manuscript.,0
"The spider was identified as a mature female S. nobilis , based on typical opisthosomal dorsal patterns using the descriptions of Dugon et al. (2017).",0
"The basicranial portion includes the partially preserved left mandibular fossa and articular eminence, the basioccipital, and the petrous portion of the temporal bone.",0
This may be similar to the vocalization reported by Ayres [1981] for Chiropotes albinasus .,0
"The placement of Stromboscerus also remains uncertain (Grebennikov, 2018a, 2018b).",0
"17 – 19 One of the well‐ established connections between the gut microbiota and host health is that some probiotics help in the breakdown of hard‐ to‐ digest polysaccharides by fermentation, producing short‐ chain fatty acids (SCFAs) that can be used directly by the host.",0
"This comparison was, however, based on two populations that are over 400 km away from each other.",0
"B. B.), 137/13/MEF/SG/DGF/DCB.SAP/SCB (D.",0
The unweighted UniFrac distance between samples was used to compare the bacterial community composition calculated in QIIME2.,0
"Secondary bile acid biosynthesis (ko00121) and primary bile acid biosynthesis (ko00120) were also enriched in the centipede‐ added group, consistent with the increased demand for fat digestion.",0
"This follows the estimated split between Platypodinae and Dryophthorinae in Toussaint et al. (2017), a reanalysis of the dataset of McKenna et al. (2015).",0
"Besides that, pangolins have a unique protecting mechanism allowing them to quickly roll themselves into visually impenetrable balls defending them against enemies, which may likely required the evolution of a sophisticated musculoskeletal system.",0
3969 / j. issn.,0
the cytochromes c of fungi and higher plants contain one or two residues of epsilonntrimethyllysine whose biological role is unknown,1
human cerebral free amino acids in hepatic coma,1
samples containing more than 50 mgkg dry weight were found in agaricus augustus a perrarus a silvicola a macrosporus a maleolens and inocybe bongardii in single fruitingbodies the lowest cadmium content was found in the stem whereas the highest content was found in the gills and tubes,1
thus the differential susceptibility of bovine subclasses to pepsin provides a method for stimulating igg2specific antibodies in rabbits,1
studies of herpes simplex virus and interferon in human gingival cell cultures,1
in vitro action of digitalis on guinea pig detrusor and urethra,1
cholesterol content in human and rabbit erythrocytes in atherosclerosis and experimental hypercholesteremia,1
the data confirm the observation of cerqueira 1959 that s amazonicum transmits m ozzardi in brazil,1
the joining of the cebid genera aotes and callicebus with callithricid genera callimico and saguinus into a single complex lineage suggests that cebidae is a paraphyletic or polyphyletic taxon,1
emotional stress was developed in cats by putting them in one cage with dogs for 24 hours,1
pathogenesis of infection with bordetella pertussis in hamster tracheal organ culture,1
patterns in the morphological variation of zonorchis and skrjabinus trematoda dicrocoelidae from small mammals in malaysia,1
in horses given whole cultures or cells of mycoplasma mycoides subsp capri by subcutaneous and intravenous injections antibody responses were measured by serologic procedures,1
grampositive cocci except for streptococcus faecalis were extremely susceptible to cefamandole penicillin gresistant staphylococcus aureus also was highly susceptible,1
an indirect immunofluorescence if test on fixed cells with evans blue counterstain is described for all four human herpesviruses ie herpes simplex virus type 1 and type 2 hsv1 and hsv2 varicellazoster virus vzv cytomegalovirus cmv and epsteinbarr virus ebv,1
the oral toxicity of tifemoxone phenoxymethyl6 tetrahydroxazine1 3 thione2 a new potential antidepressant was studied during 6 months in rats at 30 85 and 230 mgkgd and in beagle dogs at 10 55 and 300 mgkgd,1
differences in antibody responses in varicella herpes zoster and after vaccination,1
evolution of immunity to toxoplasma gondii in an apparently healthy human population,1
evolution of the tegument of polystoma monogenea polystomatidae during the cycle,1
transcription patterns of amplified dytiscus genes coding for ribosomal rna after injection into xenopus oocyte nuclei,1
the extension and the shape of the cartilage surface of 30 human femora and acetabula were measured,1
ataxia and equine wobbles,1
syrian hamsters were exposed to cercariae of schistosoma intercalatum,1
siga cholera toxin and rotavirus antibody in human colostrum,1
characterization of a peptide released during the reaction of human alpha 1antitrypsin and bovine alphachymotrypsin,1
risk to humans through contact with golden hamsters carrying lymphocytic choriomeningitis virus authors transl,1
the parasites found and their prevalences are sphacia obvelata 424 sphacia muris 283 aspicularis tetraptera 141 ascaris lumbricoides pseudo 28 gongylonema neoplasticum 18 trichuris muris 66 capillaria gastrica 28 taenia pisiformislar 37 taenia taeniformis 1 37 hymenolepis nana 56 hymenolepis diminuta 37,1
albendazole was highly efficacious in the removal of monospecific and mixed infection of haemonchus contortus nematodirus spathiger and dictyocaulus filaria from sheep,1
the diseaseinducing activity of the nterminal part residues 142 of bovine myelin basic protein in rabbits is localized to two regions,1
exponential cells of s cerevisiae k and r glutinis exhibited higher atpase levels than did the stationary cells,1
2 human pepsins 1 3 and 5 and swine pepsin were inhibited only slightly,1
chickens appear to have more tolerance for inhaled so2 than most mammals but the pollutant gas at high concentrations detrimetally affects the cardiopulmonary system,1
plasmodium falciparum responses of a semiimmune individual to homologous and heterologous challenges and noninfectivity of gametocytes in anopheles stephensi,1
as for the families sarcophagidae and muscidae the descriptions on these will be published in part ii and part iii respectively in the near future,1
seventythree spindles were counted on one side of the snout musculature in the dymecodon pilirostris 12 g in weight 120 spindles in the urotrichus talpoides 19 g in weight and the mogera wogura 100 g in weight,1
induction of escherichia coli and vibrio cholerae enterotoxins by an inhibitor of protein synthesis,1
the electrocardiogram ecg was analyzed before and after enzymatic lysis of an intracoronary thrombus in six closedchest dogs and in a control group of five dogs without a thrombus,1
obb had low acute toxicity in mammals and birds by various routes of administration,1
alternation of low and high affinities of secreted and cellbound antibodies during the anamnestic response of rabbits to salmonella senftenberg microorganisms,1
the role of aspergillus fumigatus fresenius in dermatitis of chickens,1
enzymes of dfructose catabolism in species of beneckea and photobacterium,1
maintenance of human skin on nude mice for studies of chemical carcinogenesis,1
some parallel changes of tolerances to anoxia in embryo birds and mammals are noted,1
early epidermal changes in human subjects following application of 10 croton oil in acetone were studied by electron microscopy,1
human interferon could induce changes in binding of 125ilabeled tsh and 125ilabeled cholera toxin to mouse lcell plasma membranes similar to those induced by mouse interferon,1
the mollusks littorina saxatilis l obtusata solariella obscura cingula aculeus hydrobia ulvae margarites helicina and m groenlandica serve as hosts of the parthenites of microphallus pygmaeus in eastern murman,1
in contrast to rabbit blood plasma in guinea pig and rat blood plasma activation of fibrinolysis by streptokinase is achieved after addition of human plasminogen or human plasma only,1
antigens of leptotrichia buccalis ii their reaction with complement fixing igm in human sera,1
in cats and monkeys neuromuscular paralysis of the twitch responses of the gastrocnemius muscle by fazadinium was accompanied by impairment of the vagally induced bradycardia but cardiovascular disturbances were small,1
transmission of bucky grenz rays through human scalp hair,1
a total of 53 clinical specimens from both healthy and diseased rocky mountain bighorn sheep ovis canadensis were examined for chlamydia,1
coagulation in the sand crab ovalipes bipustulatus,1
it was also shown that the first premolar of the upper jaw of the urotrichus talpoides and the first premolars of the dymecodon pilirostris are dihyodont,1
the calcium sensitivity may be attributable to abalone myosin as in the case of scallop myosin,1
e irresidua is not pathogenic in young dutch rabbits even heavy infections produce only a transient pause in weight gain,1
changes in the phospholipid molecular species composition of soybean hypocotyl and cotyledon after dedifferentiation,1
this disease syndrome is predominantly caused by mycoplasma pneumoniae chlamydia psittaci coxiella burneti and various viruses,1
studies on gammaglutamyl transpeptidase in human and rabbit erythrocytes,1
in those with a history of travel to endemic areas the diagnosis of fungal pneumonia due to histoplasma capsulatrum blastomyces dermatitides or coccidioides immitis should be considered,1
symbiotic relationship of veillonella alcalescens and streptococcus mutans in dental plaque in gnotobiotic rats,1
a species of lowmolecularweight ribosomal rna referred to as 45s rrna was found in addition to 5s rrna in the large subunit of chloroplast ribosomes of a wide range of flowering plants,1
e coli and streptococcus became established 24 h after parturition bifidobacterium and bacteroides the 2nd and 3rd day respectively,1
a new restriction endonuclease saci from streptomyces achromogenes cleaves bk virus strain mm dna into 3 fragments whereas mboii from moraxella bovis and alui from arthrobacter luteus give 22 and 30 fragments respectively,1
a simple method for the purification of poplar mosaic virus and onion yellow dwarf virus by low centrifugal forces,1
these observations are consistent with findings for other secretory sites in both rabbits and humans and establish lacrimal gland and conjunctiva as integral parts of the rabbit secretory immune system,1
the results of this study provide further evidence that woodchuck hepatitis virus is the second member of a new class of viruses represented by human hepatitis b virus,1
yersinia enterocolitica is not often recognized either because of difficulties in identification or because it may not be recognized as a human pathogen,1
1 the effect of longacting thyroid stimulator lats on the serum luteinizing hormone lh levels of the rat in prooestrus has been studied,1
the core extrusion method has been applied to the determination of the type 2fe2s 4fe4s and number of ironsulfur centers in the femo proteins of the nitrogenases from clostridium pasteurianum and azotobacter vinelandii the method involves extrusion with oxylylalpha alphadithiol ligand exchange of the extrusion products with pcf3c6h4sh rfsh and identification and quantitation of the resultant fensnsrf42 complexes n  24 by 19f nmr spectroscopy,1
coca paste was smoked mixed with tobacco or marihuana,1
this antigen was also shown to be present in the serum and urine from infected hamsters in the urine from infected rabbits and in the serum from infected mice,1
a double infection of the larvae of aedes flavescens and a cantans with thelohania opacita and larvae of mermithidae was established,1
lymphocyte subpopulations in peripheral blood were studied by the sheep red blood cell rosette technique for the identification of tlymphocytes and immunofluorescence staining with rabbit antihuman immunoglobulin sera for the identification of blymphocytes,1
during february and march 1974 an epizootic involving lesser scaup aythya affinis occurred in the tampa bay area on the west coast of florida,1
therefore it seems possible that early enteritis when caused by certain pathogenic strains of escherichia coli might be an aetiological factor in the genesis of idiopathic epilepsy,1
streptozotocin a broad spectrum antibiotic with antitumoral properties was shown to be diabetogenic in rats and mice but not in cats rabbits or guinea pigs,1
relations between the unit activity of the vermis cerebelli and the phasic waves of the electrocerebellogram during sleep in chronic cats,1
studies on the influence of ph on the development of eggs and hatching of syphacia obvelata seurat 1916 larvae and aspiculuris tetraptera schultz 1924 larvae authors transl,1
this paper presents a technique tested in vitro and in dogs and used in humans to measure carotid artery blood flow continuously by placing a transducer on the skin over the artery,1
a strongly positive peroxidase reaction was given by developing erythrocytes in chickens unlike mammals,1
a recently synthesized gabamimetic compound sl 76002 has considerably helped in elucidating the role of gaba in this regulation as well as the therapeutic implication of changes of gabaergic transmission in human brain,1
strain t1k reported to be rhizobium trifolii strain t1 carrying the drug resistance plasmid ru1drd was able to transfer a cluster of nif genes to escherichia coli k12,1
the production of migration inhibition factor mif by human peripheral blood lymphocytes and guinea pig lymph node lymphocytes in response to mitogen concanavalin a or antigen tuberculin has been studied,1
rectal swabs were collected from 90 northern fur seal callorhinus ursinus and 50 california sea lion zalophus californianus pups on san miguel island for salmonella screening,1
these were 9 culex thalassius 1 e 5 g 3 u 2 culex pipiens quinquefasciatus 1 e 1 u and aedes irritans 1 u,1
generic characteristics and specific characteristics of the pontogeniculooccipital spike activity pgo in 2 baboons papio hamadryas and papio papio,1
the fine structure of laminae i ii and iii of the macaque spinal cord,1
human reaction to bovine tsh,1
human pneumatic tourniquet paralysis,1
qualitative and quantitative histochemical changes in the caecum and liver of turkeys infected with histomonas meleagridis,1
receptors for helix pomatia a haemagglutinin hp on a subpopulation of human b cells,1
the minimal serum concentration required for maximal ingestion was 25 for staphylococcus aureus and 5 for escherichia coli,1
our studies do not support the view that the leprosy bacillus has a predilection for sites with relatively low temperature as far as human leprosy is concerned,1
single iv injections of a rabbit antiserum to synthetic lhrh promptly suppressed serum lh and fsh concentrations in ovariectomized rhesus monkeys,1
effect of xrays on xenopus tadpoles,1
clostridiiformis s epidermidis micrococcus sp subgroup 1 e agglomerans c parapsilosis,1
survival times in anoxia and hypoxia were measured at various stages of development in ambystoma embryos and larvae of two species,1
effect of thiabendazole and tincture of iodine on cattle ringworm caused by trichophyton verrucosum,1
a new medium composed of tween 80 oxgall caffeic acid and davis agar toc that provides for the rapid presumptive identification of candida albicans and cryptococcus neoformans is described herein,1
the gaba and insulin contents of the two cases of human insulinoma were determined,1
alpha1fetoprotein afp is an alpha1glycoprotein which can be found in high concentration during fetal development in many mammals birds sharks and also man,1
comparative efficacy of ten commercial campylobacter fetus vaccines in the pregnant guinea pig challenge with campylobacter fetus serotype a,1
cultures of dispersed spleen cells prepared from mdvinfected chickens with md visceral lymphomas showed marked depression of responsiveness to the t cell mitogen pha as measured by 3htdr incorporation in cells in vitro,1
diazepam trigered a high frequency 2030 csec rhtthm in the amygdala hippocampus and preoptic area,1
peromyscus maniculatus subjected to bot fly cuterebra parasitism in the laboratory showed significant changes in amount and temporal distribution of several activity patterns,1
juxtaglomerular cell granules also appear first in holosteans and the bony fishes while the macula densa first appears in amphibians,1
of a total of 23609 incidents of salmonella infection reported during the period 196874 20326 occurred in cattle 1744 in poultry and other birds 675 in sheep 558 in pigs and 306 in other species of animals,1
the oligosaccharides inhibited the alphadgalactosylspecific bandeiraea simplicifolia lectin agglutination of human type b erythrocytes indicating that all 12 phage glycanases were of endorhamnosidase specificity ie hydrolyzed the alphalrhamnopyranosyl1 leads to 3dgalactopyranosyl linkage in the s typhimurium opolysaccharide chain,1
histological sections of the thymus were studied morphometrically in 5 rhesus monkeys and 3 hamadryas baboons,1
a small number of monkey lymphocytes formed rosettes with human group o rhnegative cells while t cells both of man and rhesus monkey formed rosettes with sheep red blood cells,1
1 the metabolism of scarboxymethylcysteine mucodyne has been studied in the rat rabbit guineapig marmoset and human,1
the ability of these hodgkins disease cell lines to produce invasive tumors with human karyotypes in nude mice is evidence of the neoplastic nature of the monolayer cells and their relationship to the malignant cell of the human disorder,1
both drugs were effective 100 against adult and immature pinworms oxyuris equi but ineffective against habronema spp and draschia megastoma,1
brucella seroactivity in somali goats,1
there was a drop in calcium and phosphorus retention and no change in mg digestibility when lambs were fed with hay,1
murine virus susceptibility of cell cultures of mouse rat hamster monkey and human origin,1
plasmids rp4 from escherichia coli j53 and r6845 from pseudomonas aeruginosa pao25 were maintained stably in rhizobium hosts and could be retransferred to other rhizobium recipients,1
nicolaus a friedreichs description of peripheral facial nerve paralysis in 1798,1
pericarditis due to mycobacterium tuberculosis and mycobacterium fortuitum a case report,1
a grpe mutation of escherichia coli k12 which blocks dna replication of the phage lambda saito and uchida 1977 was mapped at 56 min on the standard genetic map,1
surgeon in napoleons army he goes through many misadventures and finally dies peacefully dreaming of the past glory,1
drug metabolism and aflatoxininduced hepatoma in rainbow trout salmo gairdneri,1
in the microbial flora there was a constant proportion of staphylococcus streptococcus and coli strains,1
synthesis of virusspecific products following introduction of tobacco mosaic virus rna pereparations and the native virus into acetabularia,1
however win 421222 was markedly less toxic than gentamicin in subacute nephrotoxicity studies in rats ototoxicity experiments in guinea pigs and ataxia determinations in cats,1
two bhc bioconcentration studies were conducted with the oyster crassostrea virginica and pinfish,1
kg expressed as the doubling time was s pneumoniae 310 min k pneumoniae 217 min ecoli 212 min s aureus infinity no multiplication,1
lack of expression of type c hamster virus after neoplastic transformation of hamster embryo fibroblasts by benzoapyrene,1
subunits of cytochrome atype terminal oxidases derived from thiobacillus novellus and nitrobacter agilis,1
other infections producing white spots in larvae were due to the microsporidia plistophora multispora p simulii p debaisieuxi thelohania fibrata the fungus coelomycidium simulii and the mermithids,1
in striking contrast the h and c strains produced infections in cynomolgus monkeys of malayan origin which were indistinguishable in severity from infections produced in m mulatta,1
a micromethod for phainduced stimulation of human lymphocytes,1
androgen metabolism in skin and skeletal muscle of the rainbow trout salmo gairdnerii and in accessory sexual organs of the spur dogfish squalus acanthias,1
the ecological implications of this research is considered with respect to the cytotoxic antagonism between the cyanobacterium and floridas red tide organism pytochodiscus brevis gymnodinium breve,1
the ovaries of the reefbuilding polychaete phragmatopoma lapidosa are attached to the genital blood vessels on the caudal surface of the intersegmental septa of the abdominal segments,1
erythrocytes of humans having had typhus or other salmonella infections appeared to be more sensible,1
antitoxoplasma antibodies in bovine serums in jaboticabal county são paulo brazil,1
nucleus and mitochondrionfree membranes from hamster lymphocytes transformed by simian virus 40 sv40 gd248 cells cause guinea pigs to produce immune sera that reveal the presence in gd248 plasma membranes and mitochondria of two types of glycoprotein that are not detected in membranes of normal lymphocytes schmidtullrich r thompson w s  wallach d f h 1977 proc,1
in these studies ethyleneglycolbisbetaaminoethyl ethern ntetraacetic acid a potent chelator or calcium was used to block the classical complement pathway in normal guinea pig serum,1
5 1naphthylacetylglutamine was formed only by the cynomolgus squirrel and capuchin monkeys and marmoset and in no case accounted for more than 3 dose,1
the relationship between viral antigens of the woodchuck hepatitis virus and the human hepatitis b virus was determined by using immunoprecipitation hemagglutination and immune electron microscopy techniques,1
studies on antibody levels to brucella abortus toxoplasma gondii and leptospira serogroups in sera collected by the national serum bank during 19741976,1
onchocerca tarsicola is recorded from reindeer rangifer tarandus l,1
effect of some r factors on the sensitivity of rough enterobacteriaceae to human serum,1
trypanosoma megatrypanum lizae n sp trypanosome with giant forms reaching a length of 1400 micrometers from the microchiroptera hipposideros cyclops in gabon,1
effect of nta and edta on calcium metabolism of chickens and coturnix,1
a contribution to the study of the siphonaptera found on rodents and shrews in the region west of lake kivu zaire authors transl,1
nitrogen fixation in a biotype of erwinia herbicola resembling escherichia coli,1
in total the substantia nigra appears to have a layered organization the superior layer is the cellular pars compacta the second is the dorsomedial area of pars reticulata where both pars compacta and pars reticulata dendrites run rostrocaudally and dorsoventrally and the third layer is the peripeduncular region where dendrites from all areas run parallel to the crus cerebri,1
a colonized population sonora strain 000 line of the biological vector culicoides variipennis coquilllett was used,1
histological study of the development of fasciola hepatics in lymnaea truncatula l glabra and l palustris infested at hatching,1
cystic fibrosis patients found to be unresponsive to pseudomonas were also unresponsive to klebsiella serratia and proteus,1
antibacterial therapy in cases with scleroma and ozena should be directed not only against causative agents of the diseases but also against the microbes developing due to disbacteriosis,1
doxycycline was used among the family contacts of hospitalized cholera patients in calcutta to determine its effectiveness in controlling transmission of v cholerae infection,1
reversibility of cholesteroladrenalineinduced atherosclerosis in rhesus monkeys evaluation of safflower oil and lowfat lowcalorie diet,1
new host records included sarcocystis sp echinostoma revolutum hymenolepis sp aproctella stoddardi ascaridia columbae and dispharynx nasuta,1
the complete sequences and sizes of the nh2terminal extra pieces are in mopc104e lambda1 lchain precursor metalatrpileserleuileleuserleuleualaleuserserglyalaileser 19 residues in mopc41 kappa lchain precursor metaspmetargalaproalaglnilepheglypheleuleuleuleupheproglythrargcys 22 residues,1
out of other functions performed by vitellaria in digenetic trematodes their role in the formation of shell globules and shell membrane of the capsule as well as in the excretion of iron with the help of vitamin c is very important,1
passive transfer of resistance in rabbits infested with adult ixodes ricinus l humoral factors influence feeding and egg laying,1
it was found that m kansasi and m avium possessed 9 antigen components each and bacilli of scotochromogenic strain nicolas and m fortuitum 5 each,1
standardized serological tests disclosed reactors to salmonella pullorum 24 s typhimurium 23 and mycoplasma gallisepticum 48,1
comparative antitumor effects of corynebacterium parvum bordetella pertussis bacillus calmetteguérin and levamisole alone or in combination with cyclophosphamide in the cad2 murine mammary adenocarcinoma system,1
we have analyzed a step in cysteine biosynthesis in several strains of the pathogenic dimorphic fungus histoplasma capsulatum,1
demonstration of paraoesophageal bodies presence in the millipede nematophora lysiopetalidae callipus foetidissimus savi 1819,1
laboratory mammals proved poor hosts for l hertigi,1
among the eight species examined were the medically important yeasts c albicans c pseudotropicalis c krusei c parapsilosis c tropicalis t glabrata and c guilliermondii and the apathogenic yeast s cerevisiae,1
lung microsomes from rats guinea pigs and rabbits were quite active with respect to methyldopa binding and the reactions were totally blocked by superoxide dismutase,1
iii sarcosporidia in red deer and fallow deer,1
boletaceae lycoperdaceae agaricaceae etc,1
anaemia and respiratory obstruction due to leeches cause danger to health and life especially in children,1
in vitro translation of virion rna yielded products identified unambiguously as p60src in the case of two stocks of the schmidtruppin strain three stocks of the prague strain the bryan strain and the bratislava 77 strain of avian sarcoma virus,1
the o78 k80 cultures uniformly failed to give the rabbit intestinal loop test and the guinea pig eye reaction and none of them contained l1 antigen,1
adherence of actinomyces viscosus t14v and t14av to hydroxyapatite surfaces in vitro and human teeth in vivo,1
extracts of the eggs of the human blood fluke schistosoma mansoni exhibit proteolytic activity which requires the presence of added thiol reagents or cyanide,1
on the 13th embryonic day chickens were injected with sheep red blood cells as antigen into the allantoic cavity and the relative frequency of oxidase positive cells opc was determined as the total number of eosinophils and monocytes in the bursa of fabricius spleen and thymus,1
the confirm that distinct variations in cell membrane topography do occur among tumors of this type probably irrespective of their origin in humans or rats and irrespective of their mode of genesis as spontaneous chemicallyinduced or virallyinduced tumors,1
tpathogenic significance of this organism may be assumed in those cases of mixed infection where the microbial association consisted solely of grampositive species with low virulence lactobacilli staphylococcus epidermidis peptococcaceae,1
antihuman b cell serum abs was developed by sequentially absorbing a rabbit antihuman tonsil serum ahts with human red cells liver serum and thymocytes,1
some pharmacological properties of the venom venom fractions and pure toxin of the yellowbellied sea snake pelamis platurus,1
on the ultrastructure of the parotid and submandibular gland of the mongoose herpestes edwardsi viverridae authors transl,1
in laboratory experiments 24hour cultures of poultry strains e coli staphylococcus pseudomonas on paper carriers without an agar coat and with it after 6hour exposure in dilutions from 104 to 0 were devitalized by paraformaldehyde foam,1
a fourth plasmid marker susceptibility to an rna bacteriophage was not expressed but could be transferred from caulobacter to escherichia coli,1
transposition of pseudomonas toluenedegrading genes and expression in escherichia coli,1
electrophoretic study of products of walleyed pollock and bovine rhodopsins fragmented by papain,1
this improved method enables recovery of 100000 sporozoites from each anopheles stephensi infected with the anka strain of plasmodium berghei,1
in general maturation of propithecus is slow relative to species of the genus lemur,1
changes resembling those of the naturallyoccurring disease were produced in most lambs given the organisms in combination and in some given m ovipneumoniae alone,1
properties of a toxin from the sea anemone stoichacis helianthus including specific binding to sphingomyelin,1
the small number of pores per alveolus in the rat mouse rabbit and hamster suggests that they would not be responsible for emphysematous changes,1
ability of the face fly to cause damage to eyes of cattle,1
the breast and shoulderblade muscles of a roe caprelous capreolus l shot in a hunting district in western bohemia were found to contain cysticerci with morphological characters and size corresponding to those of cysticercus tarandi which is a developmental stage of the tapeworm taenia krabbei moniez 1879,1
lysis of the stasis thrombus was produced by injecting 75 x 104 iu of uk in only one out of 8 rabbits,1
studies on the hostparasite interaction and role of esterases during biting of the indian cattle leech poecilobdella granulosa,1
results of phage typing of salmonella typhi and salmonella paratyphib in the years 19701973 authors transl,1
transplantation and cellular reactions to tissue antigens in streptococcusimmunized rabbits,1
use of an antiserum specific for human t lymphocytes as a diagnostic reagent comparison with e rosette formation and mitogenic response to pha,1
in vitro activity of rosamicin against neisseria and haemophilus including penicillinaseproducing strains,1
mechanism of aminoglycoside antibiotic resistance in anaerobic bacteria clostridium perfringens and bacteroides fragilis,1
efficacy of seven anthelmintics against ancylostoma ceylanicum in the golden hamster mesocricetus auratus,1
detection of the rocky mountain spotted fever agent rickettsia rickettsii in dead ticks dermacentor andersoni,1
the test clot constituents were bovine fibrinogen bovine plasminogen edta human plasma with unknown activator concentrations and thrombin,1
possible crossreactivity of human antimitochondrial antibodies with membrane vesicles of paracoccus denitrificans,1
antigenic relationships between mycobacterium vaccae m nonchromogenicum and m leprae were examined in mice and guinea pigs injected with m vaccae or m nonchromogenicum suspensions,1
by the criteria of the salmonellamammalianmicrosome mutagenicity test the mutagenic potency of cpp is equalled by only two other naturally occurring polycyclic aromatic hydrocarbonsbenzoapyrene and dibenzacanthracene,1
tooth counts in the lizards squamata suborder sauria authors transl,1
none of these organisms have been previously detected in mollusks nor have phages been previously observed in chlamydia sp,1
it was established that e tenella finds suitable conditions for an endogenis development no matter how slight in the coecum of the nonspecific hostthe young quails e kofoidi however does not find similar suitable conditions for its development in the alimentary tract of chickens and passes transit,1
a timesaving protein binding assay for the simultaneous determination of cgmp and camp has been adapted for human urine using 3hcgmp 14ccamp protein fractions from calf skeletal and lobster tail muscles and the phosphodiesterase inhibitor sq 20009,1
genetic variation in amount of salivary amylase in the bank vole clethrionomys glareola,1
carriage of n lactamica may assist in the development of natural immunity to n meningitidis by induction of crossreactive antibodies,1
phytochemical investigation of coronilla varia l ii other substances form the genus coronilla,1
the effects of the pesticide hexachlorocyclohexane hch on the nitrogen fixing bluegreen algae anabaenopsis raciborskii and anabaena aphanizomenoides commonly found as blooms in fish ponds were studied,1
eggs of benzimidazoleresistant haemonchus contortus and trichostrongylus colubriformis are resistant to the ovicidal activity of benzimidazoles,1
henneguya episclera sp n is described from the episclera of the eye of the pumpkinseed sunfish lepomis gibbosus,1
the seasonal changes in the corpuscles of stannius cs and the gonads of the catfish heteropneustes fossilis were studied,1
samples of semen and urine were obtained from 37 male contacts of women with proved trichomonas vaginalis infection on culture eight 22 of the men were shown to harbour the parasite,1
we report here our observations on parturition and infant development up to five months in a captive sifaka propithecus verreauxi coquereli,1
lipid metabolism in the symbiotes of the pea aphid acyrthosiphon pisum,1
the persistence of a rather high number of microfilariae in the peripheral blood of four patients till 22 hours was discussed in relation to the importance of mansonia africana mosquitoes as a vector of loa loa,1
in the adults pneumonia was caused most frequently by streptococcus pneumoniae and haemophilus influenzae,1
induction of sarcomas in nude mice by implantation of syrian hamster fetal cells exposed in vitro to nickel subsulfide,1
phycomycosis in fifteen dogs and two cats,1
our knowledge of immuneresponse ir determinants in man is as yet rather limited but by inference from studies of mhs in mice guineapigs and rhesus monkeys it is almost certain that hla contains such genes,1
foot glands in perna indica and perna viridis pelecypoda mytilidae histology and histochemistry,1
yersinia enterocolitica in western australia,1
a series of antibacterial nomega omegacycloalkyl bicyclo221heptyl and alkylsubstituted phenylsecalkylpolymethylenetriamine and tetramine hydrochloride salts were synthesized in an effort to develop efficient nonsystemic inhibitors particularly for pseudomonas aeruginosa,1
the relatives of the patients had more radial loops on the fingertips i and hr loops and t triradii on the palms ii iii loops f and z triradii on the soles,1
celery potatoes milk eggwhite cheese and cereals were most frequently encountered as allergens,1
the genesis of this egg change had not correlation with the patients age and sex presence of hypertension and diabetes mellitus tobacco smoking blood cholesterol level functional calss of angina pectoris previous myocardial infarction the number of affected coronary arteries duration of extracorporeal circulation or anoxic circulatory arrest and peroperatively measured graft blood flow,1
the description and figures are given to the nematode paraiotonchium osiris sp n parasitic in the body cavity of musca osiris and in the genital organs of the host females from turkmenia,1
there were no appreciable differences in the activity of uk18892 and amikacin against enterobacteriaceae and staphylococcus aureus,1
pityrosporum pachydermatis occurred in 57 per cent of ears with otitis externa and in 17 per cent of clinically healthy ears,1
human transferrin was more inhibitory than rabbit transferrin,1
malignant human lung cancer a5498 times nonmalignant mouse 3t34e cell hybrids were nontumorigenic in nude mice thus malignancy of the bronchioloalveolar lung cancer behaved as a recessive trait,1
a revision of the genus blattisocius keegan mesostigmata ascidae with especial reference to b tarsalis berlese and the description of a new species,1
the proteolytic action of bacterial proteases from clostridium histolyticum on bovine fibrinogen,1
eulaelaps stabularis koch 1839 and eulaelaps oudemansi turk 1945 mesostigmata  haemogamasidae,1
tests currently in use of the diagnosis of brucellosis and the immune response in cattle following exposure to brucella antigens are reviewed,1
c trachomatis is susceptible and u urealyticum is resistant to sulfonamides,1
the vegetative stage of n frontalis bears a strong morphological resemblance to that of certain species of aquatic phycomycete fungi and consists of a reproductive body borne on a single much branched rhizoid,1
the authors extracted acetylcholine ach from bovine iris and carried out biological assay on guinea pig ileum,1
effects of vitamin a deficiency on hepatic and extrahepatic mixedfunction oxidase and epoxidemetabolizing enzymes in guinea pig and rabbit,1
three hamadryas adult baboons female received 24 daily injections of chlorimipramine 17 mgkg,1
bay k 4999 was the most active drug against escherichia coli 50 inhibited by 05 mugml and klebsiella spp,1
forskolin lowers the blood pressure in dogs and cats and also in spontaneously hypertensive and renal hypertensive rats,1
in the present investigation extensive calvariectomy was performed on neonatal rabbits and the subsequent regeneration of the calvarium was followed grossly radiographically and histologically,1
the evidence of this and other surveys is that x cheopis is not as well adapted for parasitism on free ranging b bengalensis as is x astia,1
one of these infections was obviously trachoma the other an acute micrococcus catarrhalis conjunctivitis by diplococcus samoensis,1
5 the concentrations of 35cyclic amp satisfying the above criteria in kalanchoe and agave were 26 and 1 pmolg fresh wt,1
however an elevation of the above five steroids typical for the human luteal phase was not found in baboons,1
these generalized ac convulsions like briefly kindled amygdala convulsions produced good retrograde amnesia for a cer,1
cellular and humoral immune responses to soluble egg antigens sea were studied in the course of schistosoma mansoni infection in the hamster,1
the rete ovarii and follicle formation in marmosets callithrix jacchus and callithrix penicillata,1
the diagnosis was suggested from clinical manifestations of this syndrom  superficial opacities of the cornea in an infant preceeding hyperkeratosis of the palms and soles and mild mental retardation,1
reduced leucocyte alkaline phosphatase activity and decreased nbt reduction test in induced iron deficiency anaemia in rabbits,1
a 11 mixture of cp45899 and ampicillin displays marked antimicrobial activity in mice experimentally infected with ampicillinresistant staphylococcus aureus haemophilus influenzae klebsiella pneumoniae and proteus vulgaris,1
improved procedure for the conjugation of rabbit igg and fab antibodies with betadgalactosidase from escherichia coli using nnophenylenedimaleimide,1
chinese hamster v79 cells are less proficient than human cells in excision repair of pyrimidine dimers resulting from irradiation,1
in normal mongrel dogs outflow occlusion of 15 or 30 minutes duration was produced by clamping both the suprahepatic and suprarenal portions of the vena cava,1
the in vitro response of peripheral blood lymphocytes from rabbit infected with treponema pallidum was examined using various mitogens and avirulent treponema reiteri,1
lnc were obtained from either lewis pvg or f1 lewis x pvg rats 28 days after challenge with guinea pig or bovine ep in freunds complete adjuvant fca of different mycobacterium content,1
immunological response in guinea pigs and calves infected experimentally with trichophyton verrucosum,1
on the contrary by exciting electrically the hypoglossus nerve which commands the hyoglossus we have observed that this monoester abolishes the neuromuscular transmission as in the curare intoxication,1
the influence of temperature darkness and starvation on growth and survival of helisoma duryi biomphalaria alexandrina and bulinus truncatus,1
gasterophilus intestinalis gasterophilus nasalis draschia megastoma anoplocephala perfoliata and anoplocephala magna appeared to be refractory,1
lithium effects on subjective functioning and morphineinduced euphoria,1
population dynamics of the nematode parasites of the house rat rattus rattus,1
an acute inflammatory reaction with massive oedema was elicited when fluoresceinlabelled collagen sponges were implanted in rats previously sensitized to either fluoresceincollagen or fluoresceinbovine serum albumin,1
112 sera from europeans with parasitologically proven helminthiasis were tested in the enzymelinked immunosorbent assay elisa against 6 crude extracts of various helminths 2 of adult worms dipetalonema viteae fasciola hepatica 3 of eggs ascaris suum toxocara canis schistosoma mansoni and of echinococcus granulosus scolices and against bovine hydatid fluid,1
ao inhibits nak atpase from human red cells eel electroplax and rabbit and dog kidney with a ki less than 1mum,1
the sera of seven out of eight patients with herpes gestationis contained a factor which fixed c3 but not detectable amounts of immunoglobulin ig on the basement membrane zone bmz of normal human skin,1
superinfection of ebvcarrying lines with herpes virus papio hvp induction of early antigen ea and inhibition of cellular dna synthesis,1
ultrastructure of lipopolysaccharides of yersinia enterocolitica salmonella typhimurium and escherichia coli,1
there was no correlation between the antigenic and the biochemical characteristics of these strains and no crossreactions occurred with other gramnegative anaerobes b melaninogenicus sphaerophorus necrophorus and fusobacterium necrogenes,1
reasons are suggested as to the possible differences in the inhibitory effect of nana on avian salmonella cultures grown in liquid and on solid media,1
glycine dependence of staphylococcus aureus strains,1
fine structure of leopard frog rana pipiens lymphocytes after in vitro transformation by phytohemagglutinin,1
an epidemic of bacillary dysentery broke out at mogadiscio in the first months of 1976 produced by shigella dysenteriae type 1 supplanting all other familiers of shigella before present in the zone,1
the efficacy of stenorol halofunginone was tested against six species of chicken eimeria in a series of four battery experiments utilizing 3 to 4 12weekold cobb colorsexed broiler chickens,1
1 the excitability of sinus nerve afferent terminals within the nucleus of the tractus solitarius has been studied in cats and rabbits using the technique of antidromic activation,1
sarcocystis and toxoplasma infections in slaughter sheep in bavaria,1
pemphigus vulgaris and herpes simplex,1
this investigation has shown that immune lymphoid cells spleen and lymph node could confer on hamsters resistance to infection with treponema pertenue,1
norwegian scabies is an ectoparasitic infestation by sarcoptes scabiei characterized by hyperkeratotic lesions of the hands feet ears and scalp which contain many mites,1
antiserum produced against this component did not crossreact with equine follicular stimulating hormone luteinizing hormone and growth hormone but did crossreact with ovine and bovine prolactin,1
brettanomyces strains and the salmonella 07 antigen,1
we determined the frequency of ventricular involvement during hemophilus influenzae type b meningitis in ten bacteremic infant rhesus monkeys,1
speed of in vitro reassociation of gonadotropin subunits in a teleost fish the carp cyprinus carpio l,1
spectrophotometric determination of lithium in the organs of a human cadaver,1
this was performed using an indirect immunofluorescence method with antisera raised in rabbits to pooled human casein,1
cells producing alphafetoprotein in human fetal liver have been studied with specific horseradish peroxidase labeled immunoglobulins,1
salmonella ordonez bm 2000 codes for kanamycin km apha ampicillin ap streptomycin smspaada and smaphc chloramphenicol cm tetracycline tc and sulfonamide su resistances and for production of colicin ib cib,1
local irradiation of the carotid artery of the hypercholesterolemic rabbit with 2000 rd of xrays gives rise to infiltration of lipid droplets in the intima and media becoming visible 3 days after the irradiation,1
cholesterol esterase produced by certain organismseg staphylococcus pyogenes and pseudomonas oeruginosaaugments this fraction both in vitro and in vivo,1
a 34 cm length of sulcus terminalis tissue including the sinoatrial node san was excised from 14 dogs,1
nature and specificity of the auxilliary rabbit test in the diagnosis of swine fever,1
human allogeneic oneway mixed lymphocyte reactions between thymus cells and thymus cells were entirely absent,1
interaction of peanut agglutinin with normal human lymphocytes and with leukemic cells,1
chlorozotocin was studied for toxic effects in beagle dogs and rhesus monkeys,1
the effects of some factors on the growth and morphology of naegleria sp and three strains of the genus acanthamoeba,1
aotus monkeys which are generally killed when infected with the human malaria parasite plasmodium falciparum have been identified and grouped by karyotype,1
representative strains of escherichia proteus providencia and klebsiella were resistant to the bacteriophage even at 1000 x the rtd established for y pestis,1
incidence of transferable drug resistance in pseudomonas aeruginosa transfer of carbenicillin resistance to escherichia coli k12 fa preliminary report,1
hoplopleura merionidis ferris is a mongolianturkestan species which in central asia parasitizes meriones meridianus pallas and m unguiculatus milneedw,1
genital inoculation of male macaca fascicularis with neisseria gonorrhoeae and ureaplasma urealyticum,1
studied is the effect of the low protein level in rations of birds experimentally infected with salmonella gallinarumpullorum and salmonella typhimurium,1
repair of singlestranded breaks in host dna when rabbit kidney cells are infected with herpes simplex virus type 2,1
strains of escherichia coli can inhibit the in vitro growth of neisseria gonorrhoeae,1
circannual and circadian rhythms in the concentration of corticosterone in the plasma of the edible frog rana esculenta l,1
tooth sizebody size in gorilla gorilla and pongo pygmaeus,1
triplex gene dosage effect of tpi and g3pd in a human lymphoblastoid cell line with partial trisomy 12p13 and 18p,1
we found that this assay can be used to measure antibody ab against a variety of antigens in human and rabbit but not goat immune serum,1
effect of the nuclease of serratia marcescens on multiplication of candida tropicalis,1
in the nordeste de amaralina suburb of salvador bahia brazil 47 of 285 pregnant women surveyed had complement fixing antibodies to trypanosoma cruzi,1
the kinetics of alkaline phosphatase active cells is followed up by quantitation in the thymus of newborn rabbits of 1 2 3 4 and 6 months old as well as in adult ones,1
toxin ii from anemonia sulcata the main component of the sea anemone venom consists of 47 amino acid residues which are interconnected by three disulfide bridges,1
all human simian bovine and avian adenovirus types tested so far and the canine hepatitis virus induce interferon production in chick cells,1
univalent fab rabbit antihamster sperm antibodies added to an invitro fertilization system did not interfere with the sperm acrosome reaction or motility but inhibited cumulus dispersion by the spermatozoa sperm binding to and passage through the zona pellucida as well as spermegg fusion,1
efficacy of an injectable formulation of praziquantel given intramuscularly or subcutaneously at a dosage level of 5 mgkg of body weight or a tablet formulation 5 mgkg against immature echinococcus granulosus was studied in experimentally infected dogs,1
brain trh monoamines tyrosine hydoxylase and tryptophan hydroxylase in the woodchuck maromota monax during the hibernation season,1
eimeria flavescens and e irresidua from the domestic rabbit are redescribed,1
this stimulator and inhibitor effect of theophylline is absent in hamster fibroblasts transformed by sv 40 virus,1
the relationship between calcium and phosphorus concentrations of human saliva and dental plaque,1
the findings of this study support the view that the timor filaria is a member of the brugia complex,1
an ecological survey of triatomines in the sylvan ecosystem of the canal zone and selected sites in panama disclosed for the first time a close association of rhodnius pullescens and triatoma dimidiata the two most important vector species of chagas disease in panama with a single species of a widely distributed palm tree scheelea zonensis,1
the purpose of this investigation was to determine whether or not the nasal glands of the roadrunner and the coturnix quail show cytological specializations for salt secretion,1
radioactive plastic microspheres 50 and 200 micra in diameter labeled with ytterbium169 were used to study distribution in the femoral circulation of living dogs under general anaesthesia,1
the rhodospirillum species showed marked activities with both aps and paps while the rhodopseudomonas species seem to prefer paps,1
since vibrio cholerae produces sialidase these observations may be relevant to the course of cholera,1
the phosphodiesterase inhibitor ro201724 and the adenyl cyclase stimulator cholera enterotoxin both markedly increased colony numbers,1
agglutinins to brucella canis in stray dogs from certain counties in illinois and wisconsin,1
retrograde axonal transport of horseradish peroxidase for determining motor projection patterns to the developing limb in xenopus,1
lack of effect of human chorionic gonadotropin on serum estrogen levels in ovariectomized rhesus monkeys,1
neodiplostomum conodiplostomum ramachandrani betterton 1976 has been reported from four species of rodent hosts echinosorex gymnurus raffles rattus whiteheadi thos r muelleri jentink and callosciurus notatus boddaert,1
degradation of escherichia coli betagalactosidase fragments in proteasedeficient mutants of salmonella typhimurium,1
binding of peanut lectin to breast epithelium human carcinomas and a cultured rat mammary stem cell use of the lectin as a marker of mammary differentiation,1
biological properties of shigella flexneri 2a toxin and its serological relationship to shigella dysenteriae 1 toxin,1
pulmonary hypersensitivity to alternaria and aspergillus in bakers asthma,1
the uptake and metabolism of linoleic acid by rumen holotrichs mainly isotricha prostoma and i intestinalis has been examined in in vitro infusion experiments,1
the development of myocardial fibrosis as a result of cardiac hypertrophy was studied in 11 cats in which the pulmonary artery was banded six rabbits in which the ascending aorta was banded and eight cats with various congenital cardiac anomalies,1
additions of purified enzymes polynucleotide ligase from calf thymus or escherichia coli together with e coli dna polymerase i increased the joining function of the nuclei,1
primary structure of the escherichia coli serotype k42 capsular polysaccharide and its serological identity with the klebsiella k63 polysaccharide,1
it is suitable for routine analyses and has sufficient sensitivity to permit monitoring the human blood levels expected from a single therapeutic dose for a week or longer,1
autonomic nerves mast cells and amine receptors in human brain vessels,1
the subchronic vapor inhalation toxicity was determined in rats guinea pigs japanese quail and dogs in a 6week test monitoring pulmonary function changes teratogenicity and operant behavioral changes in addition to clinical chemistry hematology and histopathology,1
cells of origin of several efferent pathways from the superior colliculus in galago senegalensis,1
the study of cmv infection in guinea pigs may yield information applicable to human cmv infection,1
salmonella serotyping by the coagglutination method using protein a rich staphylococcus sensitized with specific antibody,1
proliferation of hamster embryo fibroblast cultures infected with the herpes simplex virus,1
soldado virus from ornithodoros alectorobius maritimus ixodoidea argasidae infesting herring gull nests on puffin island northern wales,1
six parasite species phyllodistomum simile crowcrocaecum testiobliquum crepidostomum metoecus cyathocephalus truncatus truttaedacnitis truttae and dentitruncus truttae were recovered,1
the differences were made evident through a comparative study of the outer envelope of r tsutsugamushi r prowazekii and r rickettsii by electron microscopy,1
cellulase production and ammonia metabolism in trichoderma reesei on high levels of cellulose,1
the reduction of coma time in lipophilic drug overdose using castor oil,1
interactions of shope papilloma virus with sv40 in adult domestic rabbit cell lines derived from normal skin or from shope papilloma virus infected skin authors transl,1
the pontocerebellar projection in the rhesus monkey an experimental study with retrograde axonal transport of horseradish peroxidase,1
in another experiment groups of six hamsters were each immunized with one of six h hammondi strains and then challenged with 105 ld50 toxoplasma oocysts,1
a significant increase in iggreceptorbearing neutrophils was found in polycythemia vera pv and myeloid metaplasia mym with values of 70  36 and 697  43 respectively,1
mental retardation short stature microcephaly hypertelorism epicanthus ptosis short broadbased nose carp mouth abnormalities of teeth microretrognathy big protruding and low set ears short neck pterygium colli broad chest incurved fifth fingers muscular hypotonia and low birth wieght establish a clinical diagnosis of the 18psyndrome in many instances even before the result of chromosomal analyis is known,1
igg from rabbit antisera against live brucellae or brucella extracts was chemically linked to cellulose to form a solid phase reagent capable of binding brucella antigens present in buffer solutions or serum,1
crabs react highly sensitively to sea anemone toxins with muscle cramps and paralysis,1
both of these antibiotics have been shown to be microbiologically superior to the first generation cephalosporins cefuroxime having notable activity against haemophilus influenzae and cefoxitin against bacteroides fragilis,1
effects of xrays on the chloroplasts of acetabularia mediterranea proceedings,1
growth and metastasis of human melanoma xenografts in the hamster host,1
heterotransplantation of human gastric cancer in nude mice,1
bovine ducts were cultured for 85 days whereas human ducts have been cultured for up to 60 days,1
miscellaneous notes on the toxicity of some insecticides for the head louse pediculus capitis de geer anoplura,1
normal guinea pig or rabbit sera and cells that had not been transformed by sv40 gave no reaction,1
crossneutralization reactions of escherichia coli and vibrio cholerae enterotoxins as studied by rabbit skin inoculation test,1
effect of tobacco smoking and of air pollution on incidence of haemophilus influenzae in pharyngeal cavity authors transl,1
during a 4 month interval cultures taken at the time of porcine xenograft valve implantation grew a fastidious atypical mycobacterium mycobacterium chelonei runyons groups iv in eight of 20 patients,1
in vitro response of rabbit alveolar macrophages to infection with nocardia asteroides,1
a specific binding of perazine to human or bovine albumine could not be detected,1
among the 17 species studied three are new for science gregarina darchenae gregarina pycnoceri and gigaductus africanus,1
yersinia pseudotuberculosis infection in birds,1
indirect immunofluorescence technique with antisomatostatin serum has allowed us to detect somatostatin containing cells in the langerhans islets of three species of monkeys macacus irus papio hamadryas cercopithecus aethiops,1
swine influenza virus infections in humans,1
the metabolism of 1phenylethanol and acetophenone by nocardia t5 and an arthrobacter species,1
compounds 7 1114 20 mgkg produced hypotension in cats compounds 7 and 14 5080 mgkg had antiarrhytmic action in bacl2  induced arrhytmic in the rabbit,1
comparison of fusobacterium sp versus bacteroides sp in the monoxenic cultivation of e histolytica,1
in our system the responder is human peripheral blood mononuclear cells precultured in the autologous fresh plasma for up to 16 days and the stimulator is fresh autologous nont cells,1
glycine and human serum albumin were used as stabilizing agents,1
inhibition of herpesvirus saimiri replication by phosphonoacetic acid benzoapyrene and methylcholanthrene,1
experimental alloparatopic heart transplantation in dogs as a biological bypass of the left ventricle,1
experiments on animals confirmed the irritant nature of the product in the rabbit a single application produced irritation but to a lesser degree than in humans,1
occurrence of an unusual oesophagostomum species in cattle from ivory coast,1
the patients symptoms and culture of snoek samples suggested staphylococcus aureus as the causative agent,1
failure of implantation following mating however was more pronounced in crosses between p maniculatus females and p polionotus males,1
new factors controlling the reaction of pemphigus antibody and the pemphigus antigens were defined by studying the action of antibody on section prepared from human skin,1
generally nonchemotactic mutants of escherichia coli and salmonella typhimurium were analyzed by interspecies complementation tests to determine the functional correspondence between the che genes of these two organisms,1
against the immature stages of these genera except for marshallagia and cooperia which were not tested a dose level of 25 to 38 mgkg was 839100 effective,1
activity of thymidine as a chemotherapeutic agent against human tumor xenografts in nude mice,1
experimental tinea versicolor in rabbits and humans with pityrosporum orbiculare,1
interferon inducers and footandmouth disease vaccines influence of two synthetic polynucleotides on antibody response and immunity in guinea pigs and swine,1
the incidence of dirofilaria immitis in dogs of havana city,1
this polymorphidae spermatozoon shows a reversed anatomy like the one we described for the first time with an acanthocephala wich belongs to the rhadinorhynchidae family,1
among the newborns one hydrocephalus with questionable needle mark one microcephalus and one further child with questionable needle mark were found,1
the acid output after sham feeding in intact dogs was reduced on average by 59 by closure of the gastric cannula,1
inhibition of transport of glycylsarcosine by some other dipeptides in the scutellum of germinating barley grain,1
the phagocytosing activity of the stroma has been known since the studies of v möllendorf clara patzelt maximov malatzkaya carried out on guinea pigs rats birds and a few human embryos,1
growth of a guinea pig hepatoma was suppressed when tumor cells were mixed with viable listeria monocytogenes lm before intradermal id injection into syngeneic recipients,1
these results suggest that the affinity reagent labels a second site for acetylcholine binding in the muscle receptor that is not labeled in receptors from electrophorus or torpedo,1
the stressdeformation regularities of the body behaviour are taken as principal pattern formation factors in bioconstructions mutually compressed cap rays of acetabularia and contiguous tissue layers the model,1
examination of cats for the elimination of toxoplasma gondii oocysts,1
antihuman globulin was produced in local rabbits and goats by using human o serum mixed with freunds adjuvants complete or incomplete for immunising the animals,1
a preliminary report on the development of homalogaster paloniae poirier 1883 a bovine intestinal paramphistome,1
the effect of ca2 and mg2 on the neuromuscular transmission in acheta domesticus and tenebrio molitor,1
its pathogenicity has been found to be cotransmissible with resistance to oxytetracycline when the strain was grown in a mixed culture with some nonpathogenic e hafniae strains as well as with escherichia coli,1
plasma prl concentrations did not increase following the injection of gaba or glycine directly into the anterior pituitary gland,1
antigenic analyses of lactobacillus bulgaricus lactobacillus lactis lactobacillus brevis and lactobacillus buchneri were carried out by double immunodiffusion in agar,1
the combination of cp45899 and ampicillin inhibited staphylococcus aureus and enterobacteriaceae resistant to ampicillin by virtue of betalactamase activity,1
however crossreaction between chains and antibodies to any native receptor was most obviuos with the alpha chain of torpedo or the corresponding alpha chain of electrophorus,1
the lesser bushbaby galago senegalensis and the chacma baboon papio ursinus as laboratory research animals,1
a human fibrosarcoma line ht10806tg with a near diploid number of chromosomes has an average of 73 chromosomes with an agstained nucleolus organizer region nor,1
temperaturedependency of the functional activities of dog cardiac sarcoplasmic reticulum a comparison with sarcoplasmic reticulum from rabbit and lobster muscle,1
thetabearing cells in the bone marrow of thymusdeprived mice,1
prolongation of bacillus firmus survival on human skin by a spore inoculum,1
structural homology of a trypsinplasmin inhibitor from leeches bdelin b3 with secretory trypsin inhibitors from mammals,1
lack of ic antigens in the lower layers of the epidermis may account for the subcorneal location of bullae in some patients with pemphigus foliaceus,1
these data emphasize the interest of the study in acute traumatic comatose of the brainstem reflexes and level of coma plum posner perezdominguez barge espagno and the monitoring of the intracranial pression icp by extradural screw vries de rougemont j brunon,1
a case of torulopsis glabrata fungemia with persistent funguria and pyelonephritis secondary to colonization of renal calculus is presented,1
microfilaments in the myoid cells of the peritubular tissue in the mouse swine and human testis bind heavy meromyosin hmm and form arrowhead complexes,1
this type of fruits includes the chalum inga spp and some cucurbitaceae,1
acetylation of chromosome squashes of drosophila melanogaster decreases the background in autoradiographs from hybridization with 125ilabeled rna,1
rabbits were immunized using human erythroxyte carbonic anhydrase b hca b purified by the modified methods of armstrong et al 1966 and bernstein and schraer 1972,1
in mutant chinese hamster cells the electrophoretic activity pattern remains unchanged for the chinese hamster enzyme but changes progressively to fastermoving activity peaks for the human enzyme after several hours,1
response of the brown trout salmo trutta l 1766 and rainbow trout salmo gairdneri richardson 1836 to infection by a new rhabdovirus,1
aphaadrenergic receptor blockade increases human rem sleep,1
each dietary group was further divided into subgroups whose diet contained 0 5 or 10 dry weight of minced corbicula corbicula japonica prime,1
effects of galemutant of salmonella typhimurium on experimental salmonellosis in chickens,1
the structure of celluloseproducing bacteria acetobacter xylinum and acetobacter acetigenus,1
simultaneous determination of alphaemitting radionuclides of thorium and plutonium in human tissues including bone,1
antibodies to rotavirus were widespread in sera collected from turkeys chickens and ducks,1
behavior alterations in tree shrews tupaia glis diard 1820 induced by borna disease virus,1
three cell lines from adult domestic rabbit are infected with sv40 lp 17 and lp 45 derived from normal skin and lp 42 ps derived from skin infected for 24 h with shope papilloma virus,1
normal female guinea pigs were examined for organisms of the order mycoplasmatales,1
rabbit antiserum to a tissue extract of human mucinous cystadenocarcinoma of the ovary reacted with tissue extracts of normal ovary and various ovarian malignancies and ascitic or cystic fluids of ovarian origin by ouchterlony double gel diffusion and precipitin inhibition techniques,1
inhibition of actinomyces viscosus by bacteriocinproducing strains of streptococcus mutans in the dental plaque of gnotobiotic rats,1
diarrhea due to escherichia coli in the rabbit a novel mechanism,1
this hypothesis was tested by giving intravenous injections of bacteroides fragilis a bacterium that is innocuous for normal rabbits even when multiple large doses are given,1
unexpectedly high frequency of antibody to mycoplasma pneumoniae in human sera as measured by sensitive techniques,1
modifications of the forefoot in weightbearing are conductive to hallux valgus some are congenital and constitutional supination of the forefoot adductus of the metatarsal bones metatarsus varus primus brevis,1
meningitidis n gonorrhoeae n perflava,1
sialic acidcontaining polysaccharides of neisseria meningitidis and escherichia coli strain bos12 structure and immunology,1
development of acquired resistance precipitating antibody in rabbits experimentally infested with females of haemaphysalis longicornis ixodoidea ixodidae,1
isolation of mycobacterium paratuberculosis from sheep and cattle in iceland,1
trnatrp bovine binding to the reverse transcriptase of avian myeloblastosis virus and function as a heterologous primer,1
reduction of salmonella and fecal contamination of pork during swine slaughter,1
e perllerdyi seems to be one of the most pathogenic coccidia species in rabbits,1
dermatophilosis of horses and cattle an early australian report,1
high mortality was observed in tsetse flies glossina morsitans morsitans that had had a single blood meal on rabbits which had previously been administered tetracycline complex salts,1
the sites involved were the dorsum 18 septum 5 glabella 2 nasal tip 2 and columella 1 with several patients having multiple sites of involvement,1
we used rabbits helle grosssilber weighing 1500 to 2500 g operation was performed under general anaesthesia with pentobarbital spofa and under aseptic conditions,1
josefilaria mackerrasae n gen n sp a filarial of the ghost bat macroderma gigas in australia is described,1
a model of delayed hypersensitivity to streptococcus hemolyticus group a were obtained in guinea pigs and rabbits,1
antigens specific for the h influenzae species and for the h parainfluenzae species were used in a complementfixation test to detect antibody rises in sera collected from the patient population,1
1513 from plasmodium falciparum and from its host the owl monkey aotus trivirgatus were partially purified and characterized,1
the compounds proved inactive against the gramnegative schizomycetes salmonella shigella escherichia proteus pseudomonas,1
thermoregulation in crocodiliansii a telemetric study of body temperature in the australian crocodiles crocodylus johnstoni and crocodylus porosus,1
neutralization of enterotoxins of vibrio cholerae 569 b and escherichia coli 10407 by antitoxins to v cholerae 569 b e coli 334 4083 and 10407 was studies by intradermal inoculation test in the rabbit,1
although 11 and 22 appeared to have some efficacy as topical antifungeal agents when applied to t mentagrophytes infections in vivo both caused irritation of abraded and unabraded guinea pig skin as did compound 4 r5me r7sc8h17,1
three strains of parasites maintained in continuous culture in human erythrocytes were compared with in vivo infections in aotus monkeys,1
corynebacterium spp in human disease,1
serum pepsinogen estimations from serially bled lambs grazing on pasture from spring to autumn showed correlations with the availability of ostertagia larvae on pasture with faecal egg counts of o circumcincta and with ostertagia worm counts in similar lambs slaughtered fortnightly from the same pasture,1
when fed to sheep the mycelium of this fungus evoked a number of the clinical signs seen in field cases of ryegrass staggers,1
common liver flukes fasciola hepatica infected cattle and swine but not deer,1
bone marrow cfc concentration tended to be increased in chronic myeloid leukaemia cml and polycythaemia vera pv but decreased in myelofibrosis erythroleukaemia paroxysmal nocturnal haemoglobinuria pnh and the aplastic phase of aplastic anaemia,1
cultural and biochemical criteria for the identification of haemophilus spp from swine,1
a heteroantiserum against common human acute lymphocytic leukaemia all cells was raised in rabbits,1
systemic immunization with type 1 herpes simplex virus hsv protected rabbits from developing uveitis when they were challenged intravitreally with either purified type 1 or purufied type 2 hsv,1
ten fecal samples contained eimerian coccidia thought to be pseudoparasites of the coyote acquired while ingesting heavily infected rabbits,1
klebsiella and pseudomonas aeruginosa had grown through the film within 7 days,1
the hostparasite relationships of xenopsylla astia and x cheopis on bandicota bengalensis in rangoon burma,1
ten new species are proposed in the genera pelycodus 1 sp protoadapis 4 sp periconodon 2 sp anchomomys 1 sp and adapis 2 sp,1
a report is presented on systemic anaphylactic reaction sar of rabbits to bovine serum albumin and ferritin,1
lectin binding sites of the human pituitary adenoma cells as revealed by the ferritin and horseradish peroxidaselabeled techniques authors transl,1
crossresistance between trichinella spiralis and angiostrongylus cantonensis in laboratory rats,1
cytochrome c2reaction centre coupling in chromatophores of rhodopseudomonas sphaeroides and rhodopseudomonas capsulata,1
golgi techniques immunofluorescence for glial fibrillary acidic gfa protein and electron microscopy em were used to determine the nature of radial glia in the cerebrum of human fetuses ranging from 7 to 20 weeks of ovulation age,1
obliteration of the vestibular aqueduct or both the vestibular and cochlear aqueducts consistently produced endolymphatic hydrops in guinea pigs,1
the endoenzyme was detected in 19 strains of mycelial fungi the exoenzyme was found in mucor hiemalis 50 and aspergillus niger 117,1
most well known fungi are aspergillus species which produce a number of toxins known as aflatoxins destructive to human health,1
nineteen patients suffering from allergic rhinitis and bronchial asthma were studied for bacterial allergy with staphylococcus aureus kelbsiella pneumoniae and diplococcus pneumoniae,1
for the purpose of experimental infection with human hepatitis b virus 14 chimpanzees pan troglodytes were delivered to the division of animal research faculty of medicine university of tokyo tokyo,1
two strains with strong deodorizing activity were identified as streptomyces griseus and streptomyces antibioticus,1
chemotherapy of human choriocarcinoma transplanted to nude mice,1
prd92ea was also active in preventing bronchoconstriction in ascarissensitive rhesus monkeys after intravenous topical and oral administration,1
resonance raman and epr of nitrosyl human hemoglobin and chains carp hemoglobin and model compounds,1
bovine leukemia virus blv singlestranded cdna was used to study the distribution of dna sequences in tissues normal or malignant from bovine ovine and human origin,1
two r factor were introduced by conjugation into rhizobium trifolii and rhizobium meliloti strains at a frequency of 105 to 106,1
mucor and cryptococcus are less common,1
3 two major nonionic detergent insoluble glycoproteins were present in bovine and human lipid globule membrane these constituents had apparent molecular weights of 155000 and 69000,1
we conclude that intestinal bacteria toxins are of minor importance in the mechanism of acute hepatic coma of the liverless rat and that presumably bacterial toxins such as ammonia can be products of nonbacterial metabolism,1
two immunization trials were performed in rainbow trout using a formalin killed aeromonas salmonicida suspension,1
a highly significant improvement was noted in 44 patients suffering from recurrent herpes simplex labialis facialis and oralis,1
triglycerides phospholipids and lipoproteins are seen in association with the wall of excretory canals of a galli and r cesticillus and phospholipids and lipoproteins at the corresponding site in c cotylophorum,1
infection of capuchin monkeys cebus albifrons with herpesvirus saimiri,1
we believe it is probable that lithium interferes with sodium chloride transport at some more proximal nephron segment thereby producing the syndrome of polyuria,1
the extraosseous and intraosseous blood supply of the two tali was normal with the exception of the increased and irregular breaching of the endochondral sequence in the clubfoot talus,1
in contrast to what is now generally accepted in dicotyledonous plants each meristemoid i of both the mesogenous and mesoperigenous stomata in vigna sinensis leaves does not inhibit but induces the formation of other meristemoids close to it,1
microbial ironchelators and their action on klebsiella infections in the skin of guineapigs,1
the optimal conditions are selected for electroncytochemical detection of the atpase activity in nuclei of the skeletal muscles of rabbits and nuclei of vicia faba l meristem,1
kelthane 44dichloroalphatrichloromethylbenzhydrol was previously shown to decrease the limited tolerance of susceptible varieties of cotton gossypium to verticillium wilt,1
structural differences between the heavy chains of myosin subfragment1 from bovine porcine and human hearts,1
the lipopolysaccharides and free lipid a from several strains of rhodospirillaceae were assayed comparatively with those of enterobacteriaceae in a number of biological tests,1
deriving requirements of major mineral elements in carp caprinus carpio,1
deveopment cycle and ultrastructure of glugea habrodesmi n sp microsporidian parasite of polydesmidae myriapoda diplopoda,1
transmission electron microscopy showed the parasite to be a cryptosporidium similar to those reported in mouse guinea pig lamb calf horse monkey and man,1
it however fails to antagonise morphine induced mania and hyperactivity in cats,1
2 rabbits and humans give scarboxymethylcysteine sulphoxide rats form nacetylscarboxymethylcysteine while marmosets excrete methylmercapturic acid as other major metabolites,1
by studying respiratory control and oxidative phosphorylation of mitochondria no significant nor specific effect on mitochondrial membranes functions could be detected after the incubation of suspensions of mitochdondria with normal or immune gammaglobulin neither from rabbits nor from human nor with the addition of complement,1
splenic lymphocytes from hamsters bearing isografts induced by herpes simplex virus type 2 were transformed by cellfree virusinduced tumor antigens,1
bordetella bronchicanis is a common respiratory tract commensal of mammals,1
large numbers of taste buds are distributed over the body surface of the channel catfish ictalurus punctatus with the barbels having an especially high density,1
intragenera differences in the antibiotic sensitivity were observed among shigella and pathogenic escherichia,1
since the component was present in the immunoglobulin g fraction bound to human zonae and was reactive with zonaspecific antigens it was judged an autoantibody to zonae,1
current evidence is compatible with the concept that functional changes in the renal vasculature or tubular system either intrinsic or extrinsic in origin reflect the final common pathway in the genesis of all forms of experimental and human hypertension,1
permissivity of the rat rattus rattus of guadeloupe with regard to schistosoma mansoni and evidence for migration of adult schistosomes to the lungs,1
effects in the rat of intradermal injection of purified proteinases from streptococcus and serratia marcescens,1
fdp aldolase was found to be present in the cellfree extracts of rhizobium leguminosarum rhizobium phaseoli rhizobium trifolii rhizobium meliloti rhizobium lupini rhizobium japonicum and rhizobium species from arachis hypogaea and sesbania cannabina,1
a total of 144 medical records 556 could be analysed rectal swab culture yielded enteropathogenic organisms in 472 of the cases consisting of 263 salmonella 160 sero typing positive e coli and 35 shigella,1
brain capillaires and their permeability to intravenously injected horseradish peroxidase hrp mw 40000 were examined electronmicroscopically in an attempt to find a structural explanation for the poorly developed bloodbrain barrier in the hagfish myxine glutinosa,1
unlike mammals channa punctatus does not become diabetic following the streptozotocin administration at doses varying 200400 mgkg bwqnd over a period of 96 hours postinjection,1
infectious bovine keratoconjunctivitis comparison of a fluorescent antibody technique and cultural isolation for the detection of moraxella bovis in eye secretions,1
two classes of diphtheria toxinresistant variants were selected from chinese hamster ovary chok1 cells permeability variants in which uptake of toxin was impaired and a new class of cytoplasmic variants which were crossresistant to pseudomonas exotoxin,1
ent e coli g lamblia and e histolytica should be considered in the differential diagnosis of gastrointestinal disease in travellers returning from the orient,1
the serological response of cattle infected with theileria mutans aitong by cyclical and mechanical transmission was studied using the indirect fluorescent antibody technique with t mutans piroplasm and schizont antigens,1
the coccidia with isosporoid oocysts can be classified into two major groups species with gamogony and sporogony in the final host sarcocystis frenkelia and species with schizogony and gamogony in the final host and sporogony on the ground isospora cystoisospora hammondia toxoplasma besnoitia,1
high activity was found in amphibia and goldfish,1
effect of the injection of ribosomes and rna from crithidia fasciculata on the experimental infection of mice by trypanosoma cruzi,1
11 cultured human melanoma cell lines were tested for the expression of dr antigens by using specific allo and xenoantisera in an indirect rosette microassay,1
cells of pseudomonas putida np pseudomonas species ncib 9816 and a nocardia species after growth on naphthalene as sole source of carbon and energy contain a nicotinamide adenine dinucleotide naddependent enzyme that oxidizes cisdihydrodiols of mono and polycyclic aromatic compounds,1
populations of fusarium oxysporum f sp spinaciae in root tissues and rhizosphere soil of diseased spinach plants were higher than in the root tissues and rhizosphere soil of healthy plants,1
axonal transport of choline acetyltransferase chac ee2316 and acetyl cholinesterase ache ec3117 was studied in the peroneal fascicles of rabbit sciatic nerves,1
characterization of cytoplasmic and chloroplast ribosomal proteins of euglena gracilis,1
the properties of 2 giant electrically coupled neurones a10 and p1 identified in the visceral and right parietal ganglia of lymnaea stagnalis were examined,1
to study the effects of soluble cadmium on macrophages two model systems were chosenrabbit alveolar macrophages rams obtained by pulmonary lavage and peritoneal macrophages elicited by intraperitoneal injections of 107 viable m bovis bacillus calmette guérin bcg macs,1
the nnitroso derivatives per se were not or only slightly mutagenic to escherichia coli k12 or salmonella typhimurium ta 1538,1
in vitro antimicrobial activity of piperacillin and seven other betalactam antibiotics against neisseria gonorrhoeae and haemophilus influenzae including betalactamase producing strains,1
on the other hand gastritis in pernicious anaemia falls in the highrisk group,1
the bovine fetus is capable of mounting an antibody response when a bacterial antigen killed escherichia coli or viral antigen live reovirus is deposited into the amniotic fluid,1
trypanosoma megatrypanum lizae n sp a trypanosome with giant forms from the michrochiroptera hipposideros cyclops in gabon authors transl,1
seed pelleting with systemic insecticide aldicarb for the control of pests of mungo phaseolus aureus l,1
dried solventextracted ticks were glued onto the shaved backs of rabbits,1
the effect of 14 polyvinyl alcohol pva vehicle and of castor oil vehicle on ocular pilocarpine concentration was studied by radioactive method in the rabbit eye,1
spectrum of the petrocelis carrageenan differs from that of the gigartina carrageenans,1
most strains of serratia marcescens produced both enzymes while most strains of serratia liquefaciens exhibited strong lipase but only a minor phospholipase activity,1
the accumulation of the brainspecific s100 protein has been studied during postnatal development of rat rabbit and guinea pig quantitatively using immunoelectrophoresis and qualitatively by immunoelectron microscopy,1
lactobacillus acidophilus and other bacterial species that occur in the lower genital tract of healthy women eg some strictly anaerobic species adhered by significantly lower numbers per cell than neisseria gonorrhoeae group b streptococci and corynebacterium vaginale,1
the fungus populations were very low in the root tissues of the nonsusceptible strawberry broccoli chinese cabbage and mustard grown in the infested field,1
antibodies to candida albicans in human cervicovaginal secretions,1
the appearance of giant hnrna in the epidermal cells of calliphora in the transition period from larva to pupa is ecdysonedependent,1
on the basis of studies carried out by chronic experiments in dogs the authors noted by clinical chemical radiological and histological methods that the chemical sclerosis of the gastric mucosa performed with a sterile fresh hypertonic solution of glucose at 60 injected in the submucosa represents an intervention which isphysiological since the sclerodistrophy is achieved of the acidsecreting glands and targeted intragastric vagosympathic denervation while the storage function of the stomach is maintainedfeasible since it can be easily performed from the technical view point without hemorrhagic perforative intraoperatory risks or hepatorenal toxicityfiable since it was constantly accompanied by good clinical and functional results,1
the hemoglobin of the common stingray dasyatis sabina structural and functional properties,1
fever and survival in rabbits infected with pasteurella multocida,1
nitrogen and ammonia assimilation in the cyanobacteria regulation of glutamine synthetase,1
cotylophoron macrosphinctris sp n trematoda paramphistomata from the african buffalo bubalus syncerus caffer sparrman,1
infections with salmonella shigella vibrio enterotoxigenic escherichia coli enteroviruses and intestinal parasites were uncommon,1
genetic differences between vervet and grivet races may account for differences in the amplitude and timing of the circadian rhythm of cholesterol7alphahydroxylase activity possibly influenced by cortisol,1
the molar absorbance of cyanmethemoglobin at 540 nm was measured in 35 species of mammals birds and reptiles,1
ten vaccines from 11 without detectable 140 s antigen had a pd50 value in guinea pigs lower than the limit indicating a satisfying potency for cattle,1
on the other hand significant differences were noted in dna repair synthesis and chromosomal aberrations between human and rodent cells,1
guinea pig nipple as a model for the investigation of melasma authors transl,1
ribosomal preparations consisting of crude ribosomes cr 30s subunits 30s and 16s core particles 16s from four strains of the species mycobacterium bovis bcg mycobacterium fortuitum mycobacterium phlei and mycobacterium smegmatis were analyzed by immunodiffusion technique for taxonomical purposes,1
characterization of escherichia coli strains pathogenic for swine in the republic of argentina,1
induction of newbone formation in the host bed by human bonetumor transplants in athymic nude mice,1
the antiserum used in this assay was prepared in rabbits using beta subunit of tubulin purified from chlamydomonas flagella by two preparative na dodecylso4polyacrylamide gel electrophoreses,1
lithium fluxes in human erythrocytes,1
the compounds were tested for suppressive antimalarial activity against plasmodium berghei in the rane mouse screen and for radical curative activity against plasmodium cynomolgi in the rhesus monkey,1
it was possible to culture mycoplasmalike organisms in vitro from patients with the following diseases malignant melanoma mycosis fungoides prickle cell carcinoma squamous cell carcinoma nonspecific urethritis pemphigus erythematosus panarteritis nodosa and vasculitis allergica cutis,1
streptococcus pneumoniae type iii was injected into the cerebrospinal fluid of the cisterna magna in anesthetized curarized dogs and sequential simultaneous samples were obtained from the superior sagittal sinus cisterna magna and peripheral blood,1
goleft goright discrimination performance and distractibility following lesions of prefrontal cortex or superior colliculus in stumptail macaques,1
responses to lymphocyte immunostimulation in mycobacterium infections in cattle,1
kinetically the threestep model proposed for the interaction between betalactam antibiotics and the exocellular ddcarboxypeptidasestranspeptidases of streptomyces r61 and actinomadura r39 frère ghuysen  iwatsubo 1975 eur,1
the findings in this case correspond closely to pneumatic tourniquet paralysis in baboons the pathophysiology having been recently defined,1
primary lymphoreticular disorders of the nervous system have been recognized in chickens as a herpesvirusinduced avian neurolymphomatosis and in mammals patricularly in the dog as reticulum cell sarcomas originating from perivascular mesenchymal precursor cells,1
substantial enhancement from 14 to 50fold was observed with the more pathogenic among the strains tested namely bcg corynebacterium ovis c murium listeria monocytogenes erysipelothrix rhusiopathiae cl perfringens cl septicum cl oedematiens and some strains of klebsiella spp proteus spp,1
azlocillin and mezlocillin were twice as active as carbenicillin against bacteroides fragilis and these drugs showed a high degree of activity against haemophilus influenzae and neisseria gonorrhoeae,1
is described from the small intestine of lagorchestes conspicillatus gould 1842 from barrow i western australia,1
in research facilities cats are routinely ignored as a potential source of salmonella infection,1
the regulation of synthesis of arg enzymes was studied in a hybrid merodiploid in which an episome of escherichia coli carrying the argr allele was transfered to salmonella typhimurium argr strain,1
transfer of rp4unktol or pac10unksal transposition derivatives to escherichia coli salmonella typhimurium agrobacterium tumefaciens or azotobacter vinelandii results in the functional expression of the antibiotic resistance genes but not of the hydrocarbon degradative genes,1
longevity aging and comparative cellular and molecular biology of the house mouse mus musculus and the whitefooted mouse peromyscus leucopus,1
biological values of the infant juvenile and adult agouti dasyprocta sp with emphasis on microbial flora,1
photosynthesis of chlorella pyrenoidosa anacystis nidulans and plectonema boryanum is also susceptible to ammonia inhibition,1
comparative analysis of the morphologic changes caused by retinal detachment in rabbits and human patients showed their similarity,1
wet soybean or peanut tissue was homogenized and extracted with ethyl ether and chromatographed on silica gel to remove the neutral lipids,1
cytoplasm of xenopus laevis virgin eggs is injected into fertilized eggs of pleurodeles waltlii species characterized by an initial development slower than that of xenopus,1
samples containing more than 10 mgkg dry weight occurred in 41 species among these were 9 tricholomataceae 10 agaricaceae 11 cortinariaceae 3 amanitas and 4 russula species,1
by this the parasitological data again support the previously expressed view by one of the authors regarding the relationship of the pleuronectiformes to the gadiformes and goryphaenoididae  macruriformes,1
complement depletion following envenomation by russells viper and echis carinatus sawscaled viper in the rhesus monkey,1
in cats and dogs 5 mg praziquantel per kg is completely effective on all stages of taenia hydatigena t pisiformis t ovis t taeniaeformis dipylidium caninum mesocestoides corti echinococcus multilocularis and e granulosus,1
development of antral follicles and follicular atresia in guineapigs immunized against oestradiol6bovine serum albumin proceedings,1
the cause of this distinctive wrist finding in scleroderma is unknown but its similarity to alterations in other connective tissue diseases suggests that muscular and tendon imbalance may be important in producing bone erosion and subluxation at this articulation,1
chickens exposed experimentally to salmonella agona s blockley s enteritidis s infantis and s typhimurium were tested serologically by microagglutination and microantiglobulin procedures and culturally by cloacal swabs and environmental samples,1
cryptococcus neoformans and other cryptococcus species can produce pigments from many aminophenol and diaminobenzene compounds,1
the mycological studies confirmed the dermatological diagnostic of tinea nigra by cladosporium werneckii,1
a monospecific antibody for human epidermal transglutaminase was prepared in rabbits,1
the interaction between entamoeba histolytica and syphacia obvelata infection in mice,1
delayed skin hypersensitivity to the antigens of treponema pallidum was found in eight rabbits without orchitis but not in six rabbits with t pallidum orchitis,1
the chromatiaceae exhibited the strongest activities with aps whereas chlorobium limicola had equally high activity with paps,1
a rapid bioassay for determination of concentrations of clindamycin in serum was developed with use of a strain of lancefield group b streptococcus streptococcus agalactiae that is uniformly resistant to aminoglycoside antibiotics tetracycline and polymyxin,1
the maximalbinding enthalpies of dmpc to apohdl apoai and apoaii were lower for the baboon than for the human apoprotein,1
iii histogenesis of epidermoid metaplasia and carcinoma in situ in the human,1
radon and radium retention by the bluegill,1
reflux gastritis is a symptomcomplex consisting of antacidresistent epigastric pain nausea and frequent vomiting weight loss and anaemia sometimes with evident gastrointestinal haemorrhage,1
when thymus graft cells were allowed to sediment on a 022 per cent bsa gradient it was seen that the pharesponsive population sedimented faster than the bulk of thymus graft cells,1
previous studies have shown that sc administration of androgen or estrogen into newborn female rats will disturb postpuberal ovulatory function as evidenced by a higher incidence of vaginal estrus few ovarian corpora lutea and the abolition of estrogeninduced luteinizing hormone surges after ovariectomy and chronic estrogen maintenance,1
pathomorphological changes in trypanosoma brucei brucei infection in the rabbit,1
at 7 c salmonella did not grow in either type of frankfurter staphylococcus and the natural spoilage flora sometimes grew more rapidly in the absence of nitrite but the difference was not significant,1
in cases of cattle suppurative infection a statistically significant reduction was observed in the four rumen content indices ph from 761  002 fell to 690  006 number of infusoriafrom 295 820  2890 per cm3 fell to 75 867  1260 per cm3 volatile fatty acids from 9197  1008 mg diminished to 48948  1891 and ammonia from 2769  051 mg was reduced to 1223  073 mg,1
search by immunofluorescence for antigens of rotavirus pseudomonas maltophilia and mycobacterium kansasii in crohns disease,1
nafcillin methicillin and cephalothin 40 mgkg every 6 h were all effective in reducing the number of staphylococcus aureus in vegetations in rabbits with endocarditis,1
nervous control of light responses in the sea anemone calamactis praelongus,1
moreover the thioquinazolines retained potent antimalarial effects against chloroquine cycloguanil pyrimethamine and ddsresistant lines of p berghei in mice and against chloroquine and pyrimethamineresistant strains of plasmodium falciparum in owl monkeys,1
a description is given of bulinus yemenensis a new species from yemen belonging to the truncatus group,1
comparative levels of muscle glycolytic enzymes in mammals fish echinoderm and molluscs,1
the effects of the argonion laser upon the iris of the pigmented rabbit were analysed by ultrastructural methods,1
urinary management of spina bifida and hydrocephalus,1
the antibody response of a single outbred rabbit was studied throughout three rounds of injections with micrococcus lysodeikticus vaccine over a 31mo period,1
the following lectins were tested tridacnin from the bivalve clams tridacna maxima and tridacna gigas the agglutinin from the sponge axinella polypoides the lectin from the roach rutilus rutilus and the plant lectins from ricinus communis ononis spinosa glycine soja and abrus precatorius,1
humoral immune response to natural infection with encephalitozoon cuniculi in rabbits,1
when tested for oral efficacy against streptococcus pyogenes c203 in mouse protection tests the esters were not notably more active than lithium cefamandole,1
are the herpes simplexgenitalis viruses a cause of certain human cancers,1
between march and december 1975 an outbreak of infection with gentamicinresistant klebsiella pneumoniae klebsiella gmr occurred at the royal melbourne hospital,1
critical role of the thymus in establishing humoral immunity in amphibians studies on xenopus thymectomized in larval and adult life,1
prior infestation with either ostertagia circumcincta or with haemonchus placei was ineffective against challenge with h contortus,1
tinea versicolor and pityrosporum orbiculare a mycological investigation,1
a sensitive specific radioimmunoassay was developed to measure antibodies against bcg antigen 60 a prominent antigenic component of bcg bacilli which crossreacts with similar components in many mycobacterial species including mycobacterium leprae and m tuberculosis,1
stimulation of pituitary gonadotropin by testosterone in juvenile rainbow trout salmo gairdneri,1
a new species of leishmania parasite from the venezuelan andes region,1
immunocytochemical location of the centrosphere of human cancer cells using natural rabbit antibodies,1
an investigation was made of certain factors involved in the formation of hydrogen gas both in an anaerobic environment argon and in air by the bluegreen alga anabaena cylindrica,1
coelectrophoretic experiments lend further credence to the interrelationship between human myosin light chains and the light chains of rabbit fastmuscle myosin,1
the source of enzyme is a strain of escherichia coli with a hybrid lambda prophage constructed in vitro that bears the ligase overproducing gene lop 11 lig panasenko s cameron j davis r w and lehman i r 1977 science 196 188189,1
developmental stages of the timor filaria recovered from experimentally infected aedes togoi mosquitoes are described,1
glycogen synthetase and fructose diphosphatase activity in the tussues of mollusks mytilus galloprovincialis and crustacenas balanus improvisus carcinus maenas,1
sera from trichinella spiralis digestionnegative swine contained variable amounts of two immunoglobins that reacted with t spiralis antigen in the indirect enzymelabeled antibody test for trichinosis,1
ultrastructure of midgut events in the pathogenesis of bacillus sphaericus strain ssii1 infections of culex pipiens quinquefasciatus larvae,1
rat aortic strip as a bioassay tissue for thromboxane a2 and rabbit aorta contracting substance rcs released from guinea pig lung by bradykinin or anaphylaxis,1
the optimum conditions for the degradation of the insecticide by r arrhizus were observed at ph 60 to 70 and at 1525 degrees c aged fungal mycelia were as active as mycelia in the logarithmic growth phase,1
although pseudomonas and staphylococcus are more common organism in bone and joint infections of heroin users serratia should be considered as a possible pathogen in such patients,1
ectoparasites of mammals and birds from fort dix new jersey,1
zearalenol the reduction product of zearalenone produced by fusarium roseum growing in cereals was found for the first time naturally occurring in oats and corn,1
when mice are infected with either of several species of plasmodium or babesia the amount of escherichia coli lipopolysaccharide lps required to kill them is decreased several hundred fold,1
human factors in the genesis and prevention of air accidents due to disorientation in flight,1
studies on vitamin b12 production by strains of klebsiella pneumoniae and bacillus pasteurii,1
evidence of qfever infection was observed in 2429 of 490 cattle 1679 of 536 sheep 1602 of 1011 buffaloes 1585 of 1937 goats 1467 of 184 pigs and 1429 of 49 street dogs,1
a glomerulopathy in hamsters bearing human epithelial tumors is described,1
esterases of staphylococcus micrococcus bacillus and serratia were not susceptible,1
a 30gauge cannula was used to perfuse fixative through the fragile heart of a newborn opossum,1
three new species of gyrodactylus nordmann 1832 are described from varicorhinus capoeta gracilis keyserling from the river lenkoranka azebaijan ssr as follows g varicorhini sp n g capoetai spn,1
a field trial on a countrywide basis was undertaken to compare the specificity for bovine tuberculosis of single and comparative tuberculin tests in cattle using either weybridge human or weybridge bovine ppd,1
unimmunized guinea pigs had little capacity for barring brucella from spreading to their spleens the inoculum dose needed to infect 50 of the spleens one month after inoculation was about 10 brucella,1
the effect of crude bursa of fabricius extracts on the humoral immune response and its recovery in bursectomized chickens,1
spontaneous net secretion in fundic mucosa from rana temporaria and necturus was acid whereas necturus antrum secreted only hco3,1
california goats with a disease resembling enzootic ataxia or swayback,1
comparative structure of diencephalic neuronal groups in rana ridibunda and triturus boscai,1
in 18 feet with neurogenic varus deformity of the hind foot the angle between the axis of the lower leg and the heel was altered from 114 degrees  14 degrees sd varus to a normal value of 59 degrees  09 degrees sd valgus,1
the experience of both the center for disease control cdc botulism laboratory and other laboratories has been that botulinal toxin and c botulinum are rarely if ever found in the feces of humans infants or older people not afflicted with botulism,1
properties of enzymes from clostridium thermoaceticum and clostridium formicoaceticum,1
swine influenza virus vaccine potentiation of antibody responses in rhesus monkeys,1
on the mechanism of binding of human lymphocyte products to guinea pig macrophages,1
anserine and carnosine in chicks gallus gallus rat pups rattus rattus and ducklings anas platyrhynchos comparative ontogenetic observations,1
escherichia coli was the causative enteric bacillus in six cases,1
in dispersed acini from guinea pig pancreas cholera toxin bound reversibly to specific membrane binding sites to increase cellular cyclic amp and amylase secretion,1
control of formation and stability of partially purified ethanolamine ammonialyase in escherichia coli,1
because of the variability in pore size and number of pores per alveolus a poretoalveolus ratio was determined with the sem on the normal lungs of the above species plus the rabbit dog guinea pig and rhesus monkey,1
requirement of human chromosomes 19 6 and possibly 3 for infection of hamster x human hybrid cells with baboon m7 type c virus,1
using antibodies against synthetic corticotropic hormones 124 acth and 1739 acth and melanotropic hormones alphamsh and betamsh it is possible to identify corticotropic and melanotropic cells in the adenohypophysis of three species of monkeys  erythrocebus patas cercopithecus aethiops and papio hamadryas,1
in antrectomized dogs receiving a background stimulation with gastrin the response to ham feeding was not inhibited by closure of the cannula,1
identification of candida lusitaniae as an opportunistic yeast in humans,1
the e system has two alleles e14 and e15 present in rabbits and in another leporidae genus sylvilagus,1
among 11 epiphytic microorganisms one species each of pseudomonas erwinia and aspergillus were antagonistic to xanthomonas translucens subsp oryzicola,1
hosttarget cell interactions between a line 10 cells and pec from bacillus calmette guérintumorcured animals b line 10 cells and pec from normal animals and c syngeneic guinea pig embryo cells and pec from bacillus calmetteguérintumorcured animals were studied,1
cytotoxicity of pseudomonas aeruginosa to peritoneal phagocytes of the guinea pig,1
mibolerone an androgen analog 17 betahydroxy7alpha 17dimethylestr4en3one induces a slow but progressive involution of the bursa of fabricius when fed to chickens at microng levels during the first 7 weeks of life,1
the metabolism of ftorafur in the beagle dog and rhesus monkey,1
paraiotonchium osiris iontonchiinae  tylenchida a new species of nematode of the zoophilic fly musca osiris wd,1
enzymelinked immunosorbent assay of antigens from candida albicans circulating in infected mice and rabbits the role of mannan,1
ultravioletinactivation of conidia from heterokaryons of neurospora crassa containing uvsensitive mutations,1
human serum from a pool of normal donors in the presence of fetal bovine serum inhibited the growth of the major epithelial cell type observed in primary cultures established from biopsy samples of breast carcinoma,1
glucose 6phosphatase activity in kidney of the river lamprey lampetra fluviatilis l,1
other macromolecules with molecular weights and general physiochemical properties similar to ngf and tetanus toxin eg cytochrome c insulin horseradish peroxidase and bovine serum albumin are not transported to a detectable extent if injected in comparable molar concentrations,1
effects of experimental marijuana and tobacco smoke inhalation on alveolar macrophages,1
the protein varies with host cell species and analogous proteins were observed in hamster monkey and human cells,1
strains of enterobacteria including common aerobic pathogenic gramnegative bacilli and enterococci were tested for susceptibility to 11 aminoglycoside antibiotics by a twofold agardilution method with an inocula replicator,1
in addition cefamandole inhibits enterobacter and strains of indolepositive proteus which have been traditionally resistant to the cephalosporins,1
hamster enteritis he was experimentally produced in weanling hamsters by orally inoculating healthy hamsters with suspensions of ilea obtained from hamsters with he,1
staphylococcus corynebacterium clostridium c,1
humanderived immune globulin will offer the advantage over equine antitoxins of not inducing reactions to foreign protein and of having a prolonged effective halflife,1
alcoholic gastritis at the kenyatta national hospital,1
there were however two rhesus monkey infants with internal hydrocephalus whose mothers had consumed blighted potatoes,1
the passive transfer of chicken antibrucella immune globulins promote the survival of brucella abortus in the spleen of chickens infected with this bacteria,1
in the lesssoluble crystal pair of nucula and unio the lamellar structure is absent,1
histochemical observations were made of the activities of nucleosidephosphatases splitting atp adp idp and amp and exopeptidases splitting lalanine lleucine and lglycylproline in the spleen sinuses of man mouse rat hamster and rabbit,1
the histopathology of intestines of mice infected with t gondii or l monocytogenes was the same as that of normal mice,1
during rabbit experimental syphilis a suspension of treponema pallidum tp was used as antigen,1
in rabbits and guineapigs cocaine produced hyperthermia in mice and chicks it produced hypothermia while inconsistent changes were produced in goats,1
immunogenicity of serogroup a and c neisseria meningitidis polysaccharide vaccines administered together in humans,1
alterations of the free amino acid content in the hemolymph of biomphalaria glabrata pulmonata in starvation and after infection with schistosoma mansoni trematoda,1
these results seem to suggest a possible role of the receptor on dane particles presently accepted hepatitis b virions for polymerized albumin molecules in infecting hepatocytes both in humans and chimpanzees,1
some studies on equine strains of escherichia coli,1
effect of humoral antibodies on the course of theileria parva infection east coast fever of cattle,1
cyclacillin at 50 microgramml inhibited streptococci 100 shigella 72 and bacteroides b fragilis ss fragilis 84,1
in this histological study of the action of hpe the substance was administered directly to the human portio vaginalis uteri ecto and endocervix in cases of carcinomatous alterations in cases of noncarcinomatous affections as well as in normal portions,1
the present investigation was designed to the study in rabbits of morphologic and enzymatic pulmonary alterations produced by tobacco smoke and the course of tuberculosis under these conditions,1
the source of androgenic activity in the african wood funtumia latifolia a steroid hormone formed by the action of fusarium solani,1
due to the steep slope of the doseresponse curves of the avian ppd in the different groups of nontuberculous cattle the discriminating power of the comparative test using avian and mammalian tuberculins was less at lower doses of tuberculin,1
after 6 days of incubation adherent mononuclear cells were infected with leishmania donovani amastigotes obtained from infected hamster spleen cells or with l tropica amastigotes obtained from infected balbc tissue mouse footpad,1
evidence for the presence of nasal salt glands in the roadrunner and the coturnix quail,1
canine fibrinogen apparently consist of two core fragments with dissimilar chemical characteristics in common with the fundamental structures of human and bovine fibrinogens,1
pityriasis rubra pilaris proceedings,1
10 beechey ground squirrels otospermophilus beecheyi 6 wood rats neotoma fuscipes 5 and peromyscus spp,1
two precipitating systems against b microplus in infested cattle and 7 systems in immunized rabbits were studied,1
the conformation of calf thymus dna modified by reaction with 7beta8alphadihydroxy9alpha10alphaepoxy78910tetrahydrobenzoapyrene which binds covalently mainly to the 2amino group of guanosine residues was studied,1
cefotaxime is more active than six other cephalosporins against 150 cephalothinresistant enterobacteriaceae strains and is the only drug which is more active than ampicillin against haemophilus,1
the metabolism of benzoapyrene was determined using rhesus monkey hepatic and pulmonary microsomal enzymes,1
enterocolitis due to yersinia enterocolitica in south australia,1
six cases of verminous pneumonia in goats due to muellerius sp were reviewed,1
the cotton root rot fungus phymatotrichum omnivorum synthesized indole acetic acid iaa in culture medium containing tryptophan as the only source of nitrogen,1
sensitivity to epidermolysin was tested in a number of species of the families of mice muridae and hamsters cricetidae and in hedgehogs,1
infestation of humans with the parasite ascaris lumbricoides may induce high total serum ige levels but the influence of this immunogenic response on allergic asthma has not been defined,1
the effect of mebendazole and praziquantel on the cysts of echinococcus granulosus taenia hydatigena and t ovis in sheep,1
most exacerbations were caused by haemophilus influenzae or streptococcus pneumoniae,1
human brain tumor transplantation into nude mice,1
mycobacteriocin typing of human type tubercle bacilli authors transl,1
torula occulta t diversa t elasticae t bigemina and hormiscium condensatum reexamined,1
gaffkya tetragena and bacillus sp were recovered from infant agoutis proteus mirabilis from juvenile agoutis and proteus mirabilis and micrococcus sp from adult agoutis,1
streptococcus bovisan approach to its classification and its importance as a cause of bovine mastitis,1
nosematosis is dealt with in more detail the infecting agent fig 1 nosema cuniculi encephalitozoon cuniculi is a widespread mamalian parasite which causes cerebral and renal lesions in blue foxes of the same type as in animals of other species,1
using the in vitro release of histamine from basophils of patients allergic to polistes stings we have studied the crossreactivity of venoms from three species of polistes wasps as well as the crossreactivity among polistes honeybee and vespula maculifrons yellow jacket venoms,1
prevention of epsteinbarr virus ebvinduced infection in cottontopped marmosets by human serum containing ebv neutralizing activity,1
potent procoagulant activity develops in human lymphocytes during mixed culture preceding the cell multiplication,1
studies were made on the physical and chemical properties of polysaccharides synthesized by cellfree extracts of streptococcus mutans streptococcus sanguis and streptococcus sp and their susceptibilities to dextranases,1
3 replacement of the sodium in the bathing saline with lithium or choline prolonged the conductance change produced by ionophoretically applied glycine or gaba suggesting the presence of sodiumdependent uptake systems for glycine and gaba,1
species analyzed were catostomus commersoni c catostomus and moxostoma erythruran,1
transformation of chinese hamster embryo cells with an avian sarcoma virus ts mutant,1
contributions of ammonia to pathogenesis of hepatic coma,1
antigenic characterization of 94 additional influenza a viruses from the ducks showed four haemagglutinin subtypes hav1 hav4 hav5 and hav7 an unclassified haemagglutinin and six neuraminidase subtypes n1 n2 neq2 nav1 nav2 and nav5 in various combinations some of which are novel and have not previously been reported,1
four human fetal cell strains were exposed to 600 rad of gamma rays at 200 radmin,1
the mites of the genus pyemotes particularly the species p herfsi oudemans 1936 are little known but probably frequent causative agents of human dermatitides,1
the posterior rhombencephalic tela choroidea of the bullfrog was examined by electron microscopy,1
three horses were diagnosed as having monarticular septic arthritis due to staphylococcus aureus on the basis of culture of articular cartilage synovial membrane andor synovial fluid,1
on the contrary in both the leopard frog and the african clawed toad the lymphocytes that first appear in the embryonic thymus are derived from extrathymic lymphopoietic cells that invaded the developing organ,1
there was an exact correlation between binding activity and phosphorous content in lipids derived from fractionation of total lipids of rabbit and human brain,1
cooperia connochaeti was collected from crossbred blue and black wildebeest at krugersdorp transvaal blue wildebeest connochaetes taurinus burchell 1823 from the kruger national park transvaal and lake xhau botswana as well as from impala aepyceros melampus lichtenstein 1812 at malelane transvaal and pafuri kruger national park,1
this is the first report of a naturally occurring case of inclusion body disease of falcons in the american kestrel,1
culture procyclic forms of trypanosoma brucei rhodesiense and trypanosoma congolense were fed to glossina morsitans morsitans through artificial membranes,1
saccharomyces kluyveri is a heterothallic yeast with two allelic mating types denoted as ak and alphak by analogy with saccharomyces cerevisiae and from the work described here,1
dark hexose metabolism by photoautotrophically and heterotrophically grown cells of the bluegreen alga cyanobacterium nostoc sp strain mac,1
a simple twovariable mathematical model is proposed able to acount for periodic variations relating to growth in podospora anserina and fructification in aspergillus niger,1
rhythmic patterns of discharge in hypothalamic neurosecretory neurons of cats and dogs,1
macrophage disappearance reaction in rana esculenta induced by specific antigen and rabbit lymphokines,1
a larval ascaridoid nematode from queensland scallops,1
the paper offers a detailed quantitative descripition of the distribution of agonistic activities over the members of two groups of javamonkeys macaca fascicularis,1
the results of a detailed study of the efficacy of praziquantel on schistosoma mansoni in mice mastomys and syrian hamsters are described,1
redescriptions of eimeria irresidua kessel  jankiewicz 1931 and e flavescens marotel  guilhon 1941 from the domestic rabbit,1
more than 95 per cent of the haemonchus contortus populations of two lambs killed two weeks after infection with infective larvae cultured for seven days at 25 degrees to 30 degrees c in the dark were early l4,1
in drosophila hydei a 5 kb long intervening sequence ivs which is limited to only one of the three nucleolus organizers occurs in the 28s coding region of the rdna kunz and glätzer 1979,1
the role of amoeba in biodegradation of fungi is also considered,1
of 28 species of helminths recovered from ruminants 8 viz capillaria bovis cooperia punctata dictyocaulus viviparus gongylonema pulchrum g verrucosum haemonchus contortus moniezia benedeni and trichostrongylus axei occurred in both deer and cattle,1
the alphagalactosidases in normal manchinese hamster somatic cell hybrids were investigation with antibodies specific for human alphagalactosidase a and antibodies specific for chinese hamster alphagalactosidase,1
when the normal leucocyte count is 18 to 22  103 per mm3 whose neutrophils 4073 acidophils 2 basophils 028 monocytes 1128 lymphocytes small and big forms 4571 a tapeworm parasitism by adults moniezia or stilesia or by peritoneal larvae cysticercus sp involves a light eosinophilia 8 in morbid cases of coccidiosis neutrophilia prevails 70 and a polyparasitism with nematodes and eimeria is characterized by monocytosis and neutrophilia the polynuclear eosinophils being very rare,1
demonstration by immunofluorescence of adenohyphysis corticotropin and melanotropin cells in erythrocebus patas cercopithecus aethiops and papio hamadryas,1
during studies of both saprobic and parasitic cycles of coccidioides immitis we found that the hyphae contained septa with simple pores woronin bodies pinocytotic vesicles andor lomasomes,1
in 9 cases of human adjuvant disease 4 cases of scleroderma 3 progressive systemic sclerosis and 1 localized morphea were observed,1
infant baboons appear to be useful animal models for c trachomatis nasopharyngitis and pneumonia,1
the effect of phosphorus on biosynthesis of polymyxin b by b polymyxa 1538 was studied and its optimal concentration in the synthetic and two complex media was determined,1
a number of experiments were carried out to study the thermal sensitivity of mycoplasma synoviae and mycoplasma gallisepticum as well as that of young embryos in vitro and in ovo,1
the endothelial cells retained converting enzyme activity through four successive subcultures indicating that the enzyme is synthesized by the cells surface and it is apparently a marker for endothelial cells since cultured human fibroblasts smooth muscle cells and baby hamster kidney cells do not have it,1
the guinea pigs were immunized with human serum albumin hsa in complete freunds adjuvant,1
human lh had no effect on rabbit folliclestimulating hormone secretion,1
mycobacterium bovis bcg pasteur strain was injected intraperitoneally into guinea pigs and rabbits on the 19th and 5th days prior to the intracorneal inoculation of herpesvirus hominis,1
econazole effects on trichophyton rubrum and candida albicanselectron microscopic and cytochemical studies,1
three groups of calves were infected daily with either 1500 ostertagia ostertagi larvae 20 fasciola hepatica metacercariae or 1500 o ostertagi plus 20 f hepatica metacercariae,1
the production of two different types of interferon in mice infected with t cruzi and t equiperdum may have been due to the dissimilar life cycles of the two trypanosomes in the white mouse,1
high dipetalonema reconditum microfilarial counts in two dogs,1
high tibial osteotomy is most effective in osteoarthritic knees with varus deformity when correction is made to a femorotibial angle standing of 170 degrees 10 degrees valgus,1
a heroin addict developed acute bacterial endocarditis with streptococcus viridans and bacteroides melaninogenicus,1
protoplasts have been released form 21 h germlings of the aquatic fungus achlya,1
luminal chloroplast connections with endoplasmic reticulumlike cisterns and cell wall in dryopteris filixmas gametophytes,1
among the derivatives substituted with an aromatic radical there are most of the compounds which are highly effective against trichomonads 9 preparations are superior to tinidazole and 29 are superior to metronidazole in mice infected with trichomonas fetus and 9 compounds exhibit a better effect than metronidazole in golden hamsters intrahepatically infected with entamoeba histolytica,1
avian botulism in winter and spring and the stability of clostridium botulinum type c toxin,1
trypanosoma cruzi leishmania donovani and l mexicana extract factor that lyses mammalian cells,1
within the last 15 years we have learned to identify mycobacterium leprae determine its viability screen the efficacy of antileprosy drugs and monitor the bacilli for drug sensitivity,1
acanthamoeba royreba sp n from a human tumor cell culture,1
the results obtained showed the characterization of 41 5943 strains of salmonella arizonae and 28 4057 of salmonella typhimurium by its cultural biochemical and serological properties,1
therefore animal experiments were undertaken to confirm that castor oil acts as a ligand in ethchlorvynol poisoning and that its use reduces coma time,1
inhibitory effect of propionibacterium acnes on the growth on syngeneic tumor transplants in nude mice,1
for control of insects of medical importance mosquitoes black flies tsetse flies it has been used either pathogen agents such as virus bacteria microsporida or parasit agents such as fungi mermithid nematods or at last predators essentially larvivorus fish,1
human gastrin adrenocorticotropic hormone denatured guinea pig skin collagen and ascaris cuticle collagen were not degraded,1
the conjoined effects of thyroxine and xrays on the intestinal wall were studied using alytes obstetricans tadpoles in premetamorphosis,1
evaluation of a new medium for detection of salmonella arizona and edwardsiella,1
persistent colonization with enterobacteriaceae p aeruginosa enterococci or candida were common and occasionally they were significant in prolonging the clinical courses of patients with extensive infections,1
seven species of mycoplasma plus one or more unknown species were found to cause bovine mastitis in california,1
quantitation of seven elements in mycobacterium phlei and mycobacterium bovis by neutron activation analysis,1
both alfalfa and fish meal required more than 24 hr to pass through the birds,1
synthesis of dictyostelium discoideum secretory proteins in xenopus laevis oocytes,1
evidence is presented that the microfilariae of litomosoides carinii dipetalonema viteae and brugia pahangi have an aerobic requirement for motility but possibly not for survival,1
in vivo challenges with escherichia coli lipopolysaccharide lps and salmonella typhi flagella consistently yielded higher antibody titres in s fuscicollis indeed with lps antigen multiple inoculations of so,1
these results were confirmed in horses and in addition fbz at 10 mgkg was highly effective against gyalocephalus capitatus oesophagodontos robustus and parascaris equorum,1
failure of 74 days old cysticercus bovis to develop in anthropoid apes monkeys and hamsters,1
the rf induced by lps reacted not only with murine igg but also with igg from cows goats guinea pigs and humans,1
an argon washout technique was used to measure spinal cord blood flow tissue oxygen carbon dioxide and somatosensory evoked potentials seps were also monitored,1
norwegian scabies is a rare clinical variant of human infestation with sarcoptes scabiei var,1
gastrointestinal nematode immunization trials in cattle,1
necrotic enteritis was produced in 4weekold chickens with bacteriafree crude toxins of clostridium perfringens,1
cie was performed with antisera to neisseria meningitidis groups a b and c streptococcus pneumoniae omniserum and pools a to 1 and haemophilus influenzae type b antigen was detected in 57 72126 of specimens in which cultures revealed these three kinds of microorganisms in csf and in 12 17139 of the culturenegative specimens,1
the stain enhances the cell coats of physarum polycephalum plasmodia ceratiomyxa fruticulosa myxamebae and acanthamoeba sp cell coats usually unstained by cationic dyes stain intensely with the aid of the new cytochemical protocol utilizing 05 alcian blue in the primary fixative and 005 ruthenium red in the secondary fixative,1
the type strain of candida obtusa dietrichson van uden et do carmosousa ex van uden et buckley 1970 also produces ascospores after mating with one of the strains of candida lusitaniae,1
the decreasing order of species sensitivity was fathead minnow flagfish brook trout channel catfish goldfish and bluegil,1
otitis media of guinea pigs,1
a macrophagechemotactic factor mcfs was extracted in the pseudoglobulin fraction from delayed hypersensitivity skin lesions induced by bovine gammaglobulin in guinea pigs,1
nosema parkeri sp n is described from nymphs and adults of the argasid tick ornithodoros parkeri cooley from a laboratory colony,1
also mentioned are examinations of lichen sclerosus et atrophicus and circumscribed scleroderma lichen planus hutchinsondubreuilh freckle and similarly appearing facial verruca seborrhoica as well as fresh dispersions of foreign bodies,1
problems on the etiological importance of pasteurella mycoplasma and parainfluenza3virus in enzootic pneumonia of calves,1
antigens were prepared from young mycelial growth of 20 species of dermatophytes and tested by double diffusion against homologous and heterologous antisera raised in rabbits,1
in this manner the following were developed in experiments with animals and research on humans indices of the harmful effects of neurotropic toxic substances a change in operant behavior a decrease in the amplitude of total electrical activity a change in timeamplitude parameters of evoked potentials and a decrease in postdischarge convulsion thresholds in the corticalmedial nucleus of the amygdala,1
relation between the composition and the acidsensitivity of some cytochemical reactions of chloragosomes in the earthworm lumbricus terrestris l,1
fibroblast growth factor fgf was shown to be a potent stimulator of the growth of normal bovine adrenal cortical cells maintained in tissue culture,1
ten days after their last immunization mice were challenged with aerolized serratia marcescens enterobacter cloacae or pseudomonas aeruginosa,1
these studies detail the serological crossreactivity observed between hot hclextracted group b streptococcus type iii gbs iii antigens and s pneumoniae type 14 pn 14 polysaccharide,1
effect of clostridium perfringens neuraminidase on viability and antigenicity of human leukemic myeloblasts,1
spina bifida and hydrocephalus as a sociopediatric task report on the 30th annual meeting of the germany society for social pediatrics on 9 june 1978 in freiburg i br,1
in baboons oscillations of glucose and insulin were smaller than in rhesus monkeys while in man regular oscillations were not observed,1
most strains of escherichia coli klebsiella species and proteus species were inhibited by low concentrations of cefamandole salmonella typhi including ampicillin and chloramphenicolresistant strains was inhibited by low concentrations of cefamandole,1
septic arthritis and ataxia as complications of haemophilus influenzae meningitis,1
spleens of two cats infected with haemobartonella felis were examined by electron microscopy to determine the means by which the organism was sequestered in this organ,1
the injection of hsv type i into the vitreous body of the eye in the 18dayold albino rabbits consistently induces herpes encephalitis with 90 survival,1
joint segregation was examined between me1 me2 and nine other biochemical loci in a splakelake trout salvelinus namaycush x brook trout hybridbackcross,1
humps on young human and rabbit articular cartilage,1
none of these cephalosporins was active against enterobacter serratia indolepositive proteeae pseudomonas or bacteroides fragilis,1
interspecific cell cohesion among 4 species of cellular slime moulds dictyostelium discoideum d mucoroides d purpureum and polysphondylium violaceum has been studied,1
electron microscopy of cerebral malaria in golden hamsters mesocricetus auratus infected with plasmodium berghei,1
the importance of clostridium perfringens welchii type a as an agent of clinical infection in man is well known and more recently its role as a cause of human food poisoning has become well recognized,1
in order to determine the microviscosity of human erythrocyte membrane suspensions a method has been developed which is based on pyrene excimer formation,1
tween 80 a marker for differentiation of hog cholera and bovine viral diarrhea viruses,1
nomenclature of sarcocystis in the ox and sheep and of fecal coccidia of the dog and cat,1
the results suggest that toadfish respond to hemorrhage and acute hypotension with renin release despite the absence of a macula densa,1
recent transmission studies at onderstepoort have shown that 5 tick species are capable of transmitting anaplasmosis intrastadially and intrastadial transmission especially by adult male ticks it is believed could play an important role in the epizootiology of bovine anaplasmosis in south africa,1
morphometric and histochemical investigation of musculus sartorius was performed in ontogenesis in rana ridibunda and rana temporaria,1
the proteins containing 2fe2s centres all showed temperature optima higher than those for 4fe4s centres but the difference between the slowestrelaxing 4fe4s protein chromatium highpotential ironsulphur protein and the fastestrelaxing 2fe2s protein halobacterium halobium ferredoxin was small,1
the habit of chewing tobacco along with lime in the caninepremolar region of the mandibular groove is widespread 28 in the rural population of maharashtra india,1
four newborn 1 to 2dayold and two weaned 55 to 67dayold toxoplasmafree cats were killed between 23 and 120 hours after ingestion of toxoplasma gondii cysts from the brains of infected mice and the cats tissues were examined for the development of toxoplasma,1
forty asthmatic patients with age ranges from 5 to 46 years were studied with three extracts in intradermal skin test dermatophagoides 110 cheylatus 1100 and house dust 1500 wv,1
two new species of coccidia eimeria leucuri and e oreoecetes protozoa eimeriidae in grouse from colorado,1
experimental mycoplasma pneumoniae infection of marmosets,1
all nude mice bearing primary or secondary transplants of a human yolk sac tumor exhibited a high serum alphafetoprotein level,1
prostaglandin production by rhesus monkey corpora lutea in vitro,1
serologic titers to the yeastform histoplasma capsulatum antigen in the complement fixation test appeared most frequently but these antibodies were not diagnostic because complementfixing antibodies to blastomyces dermatitidis appeared at the same time,1
a method for the preparation of a chlamydiae groupspecific antigen on hela229 cells infected with a strain of chlamydia trachomatis for use in the complement fixation test authors transl,1
to this end 14 parameters of drug metabolism in hepatic microsomal and soluble fractions were examined in preparations from adult male and female rhesus monkeys squirrel monkeys hanford miniature pigs common tree shrews and spraguedawley rats,1
activation of leopard frog rana pipiens spleen lymphocytes by concanavalin a and phytohemagglutinin,1
the effect of temperature of concurrently administered fluid on the onset of ipecacinduced emesis,1
deoxyuridine suppression of labelled thymidine uptake tests were performed in the bone marrows of 58 patients with megaloblastic anaemia haemoglobin less than 100 gdl and invariably gave values range 103588 above the range in 16 control marrows range 1090,1
after infection with human cytomegalovirus rabbit lung fibroblasts showed during the four week period of the experiment cytopathic changes and virusspecific antigens demonstrable by fluorescent antibody,1
full complements of brainthymus antigen were found on the brains of several mouse strains including athymic mice regardless of their theta antigen genotype,1
in vitro study of antispasmodic effects of dicyclomine hydrochloride on vesicourethral smooth muscle of guinea pig and rabbit,1
aspergillus fumigatus is being increasingly recognised as causing various pathological conditions in man animals and birds,1
the involvement with drugs especially marijuana on this campus departed substantially from the usual catholic controllow drug use nexus,1
it is the only gongylonema species to be known parasitizing rodents of the family gliridae,1
effect of phosphorus on polymyxin b biosynthesis by b polymyxa 1538 on media of varying makeup,1
from these experiments we have concluded that the ansa hypoglossi and sternothyroid muscle pedicle which has been shown to transmit efferent inspiratory bursts is capable of restoring function to the paralyzed posterior cricoarytenoid muscle in some dogs,1
recovery from lethal escherichia coli shock in dogs,1
a contractile protein closely resembling natural actomyosin myosin b of rabbit skeletal muscle was extracted from plasmodia of the slime mold physarum polycephalum by protecting the shgroups with betamercaptoethanol or dithiothreitol,1
effects of ph on the olfactory responses to amino acids in rainbow trout salmo gairdneri,1
morphologic expression of the interactions of human lymphocytes and pseudomonas aeruginosa as observed by scanning electron microscopy,1
on the basis of morphological aspects enzymatic reactions and behavioural testing to antibiotics 18 strains 9 were listed as micrococcus and 182 91 as staphylococcus strains,1
constitutional and hereditary factors in the genesis of human tumors,1
problems of the disease due to mycobacteria other than tubercle bacilli bacteriology authors transl,1
the compound was less active than cephalothin or cefamandole in inhibiting staphylococcus aureus it was as active as cefamandole and cefoxitin against most of the enterobacteriaceae but less active than cefotaxime,1
two culturing recipes were suggested for pasteurella multocida and pasteurella haemolytica one partialy defined nutritive defined nutritive medium with 05 per cent yeast extract and one chemically defined medium,1
about seven cases of unilocular hydatidosis for echinococcus granulosus in porcine and bovine cattles have been found in costa rica,1
owl monkeys aotus trivirgatus griseimembra were effectively immunized against a human malaria parasite plasmodium falciparum,1
synthesis and accumulation of polyamines and sadenosylmethionine in chinese cabbage infected by turnip yellow mosaic virus,1
boophilus microplus infected with babesia bovis were transferred artificially from one splenectomised calf to another during each moult in the parasitic life cycle of the tick,1
the third section deals with the relationships of the cytophagas with the flavobacteria and includes a brief history of flavobacterium reassignation of some species to cytophaga differentiation from cytophaga and a discussion on the definition of the genus flavobacterium,1
mycoplasma arthritidis m hominis and m arginini were tested for their ability to induce a cytotoxic response from normal cba mouse lymphocytes against 51crlabeled allogeneic target cells,1
vascularization of the plexus myentericus auerbach in the small intestine of swine and cats,1
alphamercaptopropionylglycine influence on the in vitro proliferative response of human lymphocytes,1
the tapes dealt with 1 the growth of plaque in vitro on nichrome wire and on bovine enamel blocks and with 2 the measurement of plaque ph changes in vivo after a sugar solution rinse,1
wenyonella baghdadensis sp n from the bandicoot rat nesokia indica in the baghdad area,1
amnesia locomotion disorder and agnosia eeg and pneumoencephalography creutzfeldtjakob disease normal pressure hydrocephalus,1
nucleocytoplasmic interrelationships in acetabularia and some other dasycladaceae,1
lysozyme content was determined in the subcutaneous cellular tissue of guinea pigs and albino rats differing by species resistance to brucella infection,1
development of ascidia malaca aged eggs fertilized with ciona intestinalis sperm,1
haemophilus infections in chickens,1
psychophysical measurements of sensory discriminability were obtained from rhesus monkeys and humans to suprathreshold electrical cutaneous stimulation by employing a twochoice discrimination task and a signal detection theoretical analysis,1
ten strains of corynebacterium were analyzed by means of the comparative immunodiffusion technique employing reference precipitation systems from strains of mycobacterium nocardia and the rhodochrous taxon,1
in vitro cefoxitin is active against virtually all clinically important gramnegative facultative bacteria other than pseudomonas and enterobacter spp grampositive aerobic bacteria other than the enterococcus and clinically important anaerobic organisms including bacteroides fragilis,1
in marmosets antizona antibody prevented sperm attachment to eggs in vitro and the antibody could be detected on zonae of ovarian oocytes following passive immunization,1
they included the following species candida albicans citrobacter freundii enterobacter aerogenes enterobacter cloacae escherichia coli klebsiella pneumoniae pseudomonas aeruginosa proteus inconstans proteus mirabilis proteus morganii proteus rettgeri proteus vulgaris serratia liquefaciens serratia marcescens staphylococcus aureus staphylococcus epidermidis streptococcus faecalis and streptococcus faecium,1
serum crossreactivity tests between n cuniculi and toxoplasma gondii showed that these two protozoa are antigenically distinct,1
the cell morphology the arrangement and fine structure of flagella and the piliation of the following gramnegative aerobic hydrogen bacteria have been studied alcaligenes eutrophus alcaligenes paradoxus alcaligenes ruhlandii pseudomonas flava pseudomonas pseudoflava pseudomonas palleronii pseudomonas facilis aquaspirillum autotrophicum paracoccus denitrificans corynebacterium autotrophicum and strains ma 2 and sa 35,1
the mimicking of mania in benign herpes simplex encephalitis,1
antigenic similarity between cellbound human and guinea pig c4 was detected with antisera specific for each of these molecules,1
14bis1methyl5nitroimidazolyl2methyleneiminopiperazine hoe 316 administered orally produces an effect which is clearly superior to that of metronidazole against entamoeba histolytica in the golden hamster and slightly inferior against trichomonas fetus and t vaginalis in the mouse,1
indeed two chlorellaceae prototheca segbwema and chlorella pyrenoidosa are respectively protecting 78 and 82 ch3 mice against the sarcoma bp8 grafting,1
the stimulator with batteries which are sufficient for more than six weeks operation is small enough to be mounted on cats,1
effect of fenbendazole on toxocara canis larvae in tissues of infected dogs,1
sporulation takes place through the simultaneous division of a sporulating hypha by numerous septa,1
a new anoplocephaline cestode anoplocephaloides romerolagi sp n parasitic in the volcano rabbit romerolagus diazi,1
spatial distribution of excitatory innervation on a muscle fiber of the lobster homarus americanus,1
electron paramagnetic resonance epr spectra were recorded of whole filaments of the cyanobacteria nostoc muscorum and anabaena cylindrica,1
a relation between the antiriboflavin activity and the chemical structure of 8nalkyl analogues 8nmethyl ethyl was studied by a restoration by riboflavin rf of inhibitory effect of the analogues on a growth of grampositive bacteria ie sarcina lutea bacillus cereus and staphylococcus aureus,1
rhesus monkey rabbit and dog and the reactivity of sulfhydryl groups in the sheep rhesus monkey rabbit and rat,1
these preliminary studies suggest that enterotoxinlike substances possibly produced by clostridia may play an important role in the pathogenesis of clindamycininduced colitis in the hamster,1
a study was made of the acidbase status of babesia canis infected dogs judged unlikely to recover after specific babesicidal drug therapy despite the use of blood transfusion and other conventional supportive measures,1
shr rats nihon rat inc were used to study spontaneous arterial lesions morphologically resembling human periarteritis nodosa pn,1
comparative study of cyclical fluctuations of glucose insulin and glucagon on the blood of fasting macaca baboons and man,1
1 the metabolism of noscapine was studied in rabbits rats and human,1
metabolism of the fe cu zn mg mn and co in the ovum of cancer irroratus decapod crustacean,1
the double immunofluorescent technique was applied using rabbit anticarp gth as the first antibody,1
avermectin b1a was similarly effective with the exception of a detectable loss in activity against adult c oncophora when administered to cattle as a parenteral injection,1
cefoxitin produced lysis of all the strains of escherichia coli and klebsiella species tested with supression of regrowth,1
cytotoxicity of human and baboon mononuclear phagocytes against schistosomula in vitro induction by immune complexes containing ige and schistosoma mansoni antigens,1
antisera against purified acetylcholine receptors from the electric tissues of torpedo californica and of electrophorus electricus were raised in rabbits,1
synthesis of cytochrome c oxidase polypeptides in an escherichia coli cellfree system directed by saccharomyces cerevisiae mitochondrial dna,1
the character extent and localization of perilobular fibrosis were studied in cattle experimentally infected with fasciola hepatica,1
the ca2atpase activity of crayfish myosin was much lower than that of rabbit skeletal myosin,1
twentynine female rhesus monkeys 38 female baboons one gibbon and black ape and one java monkey were shown to be free of genital ureaplasmas,1
comparative immunogenicity of vaccines prepared from capsular polysaccharides of group c neisseria meningitidis oacetylpositive and oacetylnegative variants and escherichia coli k92 in adult volunteers,1
homogeneous preparations of pesticin a bacteriocin produced by yersinia pestis neither significantly inhibited net synthesis of deoxyribonucleic acid ribonucleic acid or protein in escherichia coli phi nor caused detectable degradation of deoxyribonucleic acid in vivo,1
activity of adenosine deaminase ada an enzyme known to be deficient in some patients with severe combined immunodeficiency increased threefold within a 24hour exposure of human peripheral blood lymphocytes to phytohaemagglutinin pha in culture,1
swan and nude mice with antinuclear antibodies an ab show early deposits of ig and c in the mesangium and the basement membrane of glomerulus marking an immune complexes disease,1
mast cells of the mongolian gerbil meriones unguiculatus,1
human lymphocytes bearing the antigen thymusderived lymphocytes bound the particles which were easily detected by fluorescence microscopy,1
physaloptera caucasica abbreviata caucasica in the south african baboon papio ursinus,1
the mouse hepatoma line hepa1 has high and inducible aryl hydrocarbon benzoapyrene hydroxylasebenzoapyrene reducedflavoproteinoxygen oxidoreductase 3hydroxylating ec 114142 activity,1
longitudinal studies of lymphocyte response to toxoplasma antigen in humans infected with t gondii,1
this finding supported the view that a 49000 mw protein is a glial filaments but is not a component of bovine or human neurofilaments,1
twelve hamster x cattle bos taurus cell hybrids showed loss of cattle chromosomes which allows their use for chromosome mapping of cattle,1
in a survey of dental health status of ancient southern peru 101 skeletal remains were studied from five cultures paracas nazca tiahuanaco ica and inca,1
henneguya episclera sp n protozoa myxosporida a new myxosporidan from the eye of the pumpkinseed sunfish,1
phagocytic behaviour towards bakers yeast distinguishes pathogenic from nonpathogenic naegleria,1
essentially all of the secreting cells were labeled with corynebacterium xerosis which binds to the b1 and b2 cells whereas very few of the secreting cells were labelled with arizona hinshawii which binds to the b2 cells or with escherichia coli2 which binds to the b2 and b3 cells,1
adult and newborn rabbits were infected with the la strain of infectious bovine rhinotracheitis virus,1
toxicity of crotalaria goreensis for chickens,1
comparison of the specificity of human and bovine tuberculin ppd for testing cattle,1
a modified nasopharyngeal swab with nylon bristles had certain advantages for sampling the bovine upper respiratory tract for viruses,1
morphology histochemistry and biochemistry of the oviduct of the toad bufo vulgaris anura amphibia during the annual reproductive cycle,1
examples of trematode infections are heterophyidiasis transmitted to man by marine fish and paragonimus spp parasites transmitted by crustaceans,1
swine were given a series of injections of soluble or whole cell antigens of group e streptococcus ges,1
subcellular distribution of gaba receptors in bovine retina,1
the isoelectric focusing patterns of the soluble proteins revealed numerous species differences especially between r canada and the other two species and a few differences among the strains of r prowazekii the patterns of the two human strains breinl and er differed in at least one location and both differed from the flying squirrel strains in the displacement of one band,1
some ultrastructural effects of persistent infections by the rickettsia coxiella burnetii in mouse l cells and green monkey kidney vero cells,1
binding of 125ibovine tsh to human thyroid testicular fat adrenal liver kidney pancreas and lung cell membranes has been studied,1
contact with infectious cultures of candida albicans is avoided by the use of bakers yeast for phagocytosis,1
the highest intensity of degradation of the studied surfactant was shown by species alcaligenes viscolactis nocardia blackwellii and pseudomonas rathonis,1
this serum recognizes the gat idiotype of 13 inbred strains of mice as well as the gat idiotype present in sera of guineapigs rats and rabbits immunized with gat,1
septicemia and meningoencephalitis in pastured cattle caused by a haemophiluslike organism haemophilus somnus,1
the enzyme extracted from barley leaves infected with brome mosaic virus bmv is capable of incorporating high levels of radioactivity into trichloroacetic acidinsoluble products,1
data supporting a species difference in this regard between rabbit and guinea pig pmnl granules are presented,1
the most striking dermatoglyphic findings of the patients were the increased frequency of arches decreased frequency of ulnar loops and reduced ridgecounts on the fingertips particularly on the thumbs lower ab ridgecounts increased frequency of i ir ii loops e f and t triradii decreased frequency of h loops and tb triradii on the palms increased frequency of if loops decreased frequency of i loops f and p triradii on the soles,1
dose levels of 38 mgkg and higher were more than 76 effective against adult fasciola hepatica while a dose of 48 mgkg was 63 effective against adult fasciola gigantica,1
three grampositive streptococcus agalactiae streptococcus uberis staphylococcus aureus and two gramnegative escherichia coli klebsiella pneumoniae bacteria were used in a trypticase soy broth tube culture growth assay,1
epidermal thickening was frequently observed in the upper digestive tracts of rats in groups fed the betel nut diet mixed with lime and the betel leaves diet and a forestomach papilloma was seen in 1 rat given betel leaves diet,1
case report pseudomonas aeruginosa infection of the lips,1
helminths of birds and mammals of israel,1
the american board of family practice phoenix or ostrich in 1983,1
the spontaneous activity exhibited in vitro by smooth muscle strips from the urinary bladder of the rabbit under the influence of urecholine in concentrations from 03 to 30 mum has been characterized in terms of three parameters mean tension frequency of contraction and contractile deviation all obtained by computer an alysis,1
acrylamide produces neuropathy in hens but not in frogs or goldfish,1
the rabbits were sensitized with bovine immunoglobulin g bigg in incomplete freunds adjuvant ifa to produce precipitating antibody without classic delayed hypersensitivity,1
hightemperature production of proteinenriched feed from cassava by fungi,1
cytochemical studies on the peripheral blood leukocytes of swinebefore and after hog cholera vaccination,1
specificity of sterolglucosylating enzymes from sinapis alba and physarum polycephalum,1
lungworm infection dictyocaulus arnfieldi of horses and donkeys,1
polymorph migration stimulator pms is a peptide factor produced by an in vitro reaction between glucocorticoids and human mononuclear phagocytes,1
i twoway selective breeding of mice for quantitative antibody responsiveness to bovine serum albumin and rabbit gammaglobulin,1
this report describes the interaction of peptidoglycan streptococcus group a staphylococcus epidermidis and micrococcus lysodeikticus with 2 serum mediator systems namely with the antiigg system and with complement,1
key words hela 5nucleotidase plasma membrane marker nonspecific phosphatases divalent ions cona aopcp cell cycle mitochondria transport inhibitors,1
the buccolingual and mesiodistal convergence angles in vital and rootfilled teeth prepared for complete crowns were measured microscopically on 190 stone dies,1
i antibodyindependent killing of heterologous thymocytes by guinea pig rabbit and human sera role of the alternative pathway of complement activation,1
there has been no incidence of aneurysmal formation and based upon our previous experience with bovine artery heterograft the modified human umbilical vein appears to be superior in this respect,1
the limulus assay enabled rapid detection of gramnegative infections in both the experimentally induced ulcers in rabbits and in the patients studied,1
brain mast cells were studied in mice rats rabbits hamsters guinea pigs cats cows monkeys and humans with use of a variety of techniques,1
high benzoapyrene hydroxylase activity in the marine fish stenotomus versicolor,1
fiftynine of 207 persons 285 were infected when studied with one or more xenodiagnosis 40 triatoma infestansxenodiagnosis 01 to 13 of 7821 bugs feces and 4 of 875 dissected midguts showed t cruzi in giemsa stained smears,1
we report three cases of p acnes infection of central nervous system shunts for hydrocephalus,1
cytochrome b6f particles were prepared from chloroplasts of spinach and the heterokont alga bumilleriopsis filiformis using digitonin in comparison with nonionic detergents,1
the similarity of these basic characteristics in these three families supports their separation into the suborder tremellineae species of the tremellales with regular doliporeparenthesome septa and mycelial monokaryons are grouped in the suborder exidiineae,1
the response of human lymphocytes to pha also was enhanced when autologous macrophages were replaced with murine macrophages,1
thalamic projections of the superior colliculus in the rhesus monkey macaca mulatta,1
there was a low frequency of inhibition of s epidermidis by micrococcaceae 27 and by p acnes 11 and a higher frequency of inhibition of p acnes by micrococcaceae 95 and by p acnes 408,1
the researches of diener and coworkers and those of the semanciks group have recently established that some plant diseases such as potato spindle tuber citrus exocortis disease and chrysanthemum stunt are caused by a new class of pathogens named viroids,1
spontaneous diabetes mellitus was reported in a mandrillus leucophaeus drill baboon and a mpacaca cyclopis formosan rock macaque,1
aminoacylase was immobilized on the mycelium pellets of aspergillus ochraceus by using albumin and glutaraldehyde,1
introductory studies on metabolism of free glucose in aqueous extracts from smooth muscles of the stomach of geese and ducks,1
basic trends in the research for the control of infected bloodsucking ticks and insects the vectors of human diseases,1
the immunization of rabbits with purified guinea pig liver transglutaminase resulted in the appearance of two antibody populations against the enzyme one which reacted only with the ca2enzyme complex and another which reacted with the intact as well as the ca2enzyme,1
endotoxin shock was induced in dogs by slow administration of a lethal dose of escherichia coli endotoxin,1
1 the venoms of 22 species of arthropods saurians elapids and crotalids were studied concerning the phospholipase activity and the presence of a direct and an indirect lytic effect upon human red cells,1
fusarium crude extracts t2toxin and diacetoxyscirpenol cause a significant reduction in thymus weight and inhibit responsiveness to sheep red blood cells,1
detection of allophycocyanin in photosystem i preparations from the bluegreen alga chlorogloea fritschii,1
overnutrition and hypervitaminosis a in the tree shrew lyongale tana,1
washed cultures of staphylococcus aureus candida albicans and three species of gramnegative rods were all capable of multiplying in the emulsion at room temperature,1
the rabbit antiserum raised against the porins and the porin preparations themselves had a highly significant protective capacity against intraperitoneal salmonella infection of mice,1
a serum against human lymphoblastic leukemia cells was obtained inoculating rabbits,1
in vitro tropic action of acth upon adrenocortical cyclic nucleotide camp cgmp production and corticosterone output in blue prionace glauca linnaeus and in mako isurus oxyrinchus rafinesque sharks,1
aggregation of beta2microglobulin on the lymphocyte surface by successive incubations with goat antibeta2microglobulin on the lymphocyte surface by successive incubations with goat antibeta2microglobulin and fab2 fragments of rabbit antigoat igg also made rabbit lymphocytes resistant to lysis by antirla and guinea pig lymphocytes resistant to lysis by antirla and guinea pig lymphocytes resistant to lysis by antigpla,1
evaluation of an indirect immunoperoxidase test for identification of acholeplasma and mycoplasma,1
polymerization of human and bovine fibrinogen a comparative study authors transl,1
although the serum contained crossreactive antibodies against toxocara canis positive reactions to angiostrongylus cantonensis antigens were observed in all of the immunological tests made,1
studies on extracorporeal maturation of the ovum of cattle pig and sheep,1
histological immuno and enzymehistochemical investigations on the adenohypophysis of the urodeles mertensiella caucasica and triturus cristatus and the caecilian chthonerpeton indistinctum,1
animal model carcinoids and adenocarcinoma of the glandular stomach of praomys mastomys natalensis,1
human peripheral blood polymorphonuclear neutrophils pmn were tested for their ability to act as effector cells in antibodydependent cell cytotoxicity adcc against herpes simplex virus hsv infected target cells sensitized with antihsv serum,1
the female cats were caged with 4 male toxoplasmafree cats starting 66 days after inoculation with toxoplasma until they were 5 to 6 weeks pregnant,1
the effects of the xrays on the peripherial lymphoid organs lymph nodes and spleen in male adult wistar rats chemically thyroidectomized methylthiouracil have been studied,1
this antibiotic increases also by two to threefold the depolymerizing activity of both k pneumoniae and escherichia coli crude extracts on a labeled peptidoglycanlipoprotein complex,1
the medical records of 293 patients who underwent renal transplantation were analyzed for the occurrence of streptococcus pneumoniae and haemophilus influenzae infections in relation to splenectomy,1
a total of 123 fungus strains of the fusarium genus were found in 181 samples of maize,1
chronic toxicity of the benzodiazepine series tranquilizer phenazepam 5 and 50 mgkg administered per os for 13 and 6 months was studied in experiments on white rats guinea pigs and dogs,1
human cytomegalovirus induced changes in rabbit cells,1
immunoglobulinnegative thymus cells and thymus cells selected with a rabbit antiserum to mouse brain were the two populations of thymocytes labeled with 3hleucine after sorting,1
the incidence of salmonella in randomsource cats purchased for use in research,1
all the pigs marketed by speculators were infested77 with a suum 923 with a strongylina 115 with oesophagostomum spp 654 with physocephalus sexalatus 77 with t colubriformis and 115 with t suis,1
schistosoma intercalatum fisher 1934 cameroon infection in the patas monkey erythrocebus patas schreber 1775,1
f ab2 fragments from rabbit or human antiha igg antibodies were as efficient in c activation via the alternative pathways as intact igg antibodies with a corresponding hemagglutinationinhibition titer,1
a crossreaction with other members of the genus moraxella or other moraxellalike organisms was not observed except with an equine moraxella sp which produced a weak reaction,1
the skeletal muscle of members of orthoptera and diptera receives an innervation which is probably glutaminergic,1
red mice with mycobacterium tuberculosis and mycobacterium bovis injected intraperitoneally,1
limatus martiali senevet and abonnence 1939 and wyeomyia nigricephala n sp diptera culicidae from french guiana authors transl,1
chloroplast biogenesis xxvii detection of novel chlorophyll and chlorophyll precursors in higher plants,1
the tests revealed 13 species of endoparasites including eight species of coccidia eimeria auburnensis e alabamensis,1
the production of protease active guinea pig hair in keratinsalts broth by microsporum gypseum,1
studies of cultured lymphocytes of the owl monkey aotus trivirgatus infected with herpesvirus saimiri,1
effect of prolonged topical application of vancomycin on human oral streptococcus mutans populations,1
antibody response of horses to mycoplasma mycoides subsp capri,1
theileria infections were induced in cattle by feeding ticks on them from 3 sources a adult rhipicephalid ticks obtained from the vegetation in a paddock containing an eland eao at the animal orphanage nairobi national park kenya b rhipicephalus appendiculatus adults fed as nymphs on the same eland c r pulchellus adults fed as nymphs on an eland w 68 captured in the machakos district of kenya,1
adbtn possesses the spectrum characteristic of btn and gentamicin gtm and was active at low levels in vitro against a wide variety of gramnegative species including pseudomonas aeruginosa indolepositive proteus and serratia marcescens its action was bactericidal against both light and heavy inocula and it was not antagonized by human serum,1
studies on the santa lucia el salvador strain of plasmodium falciparum in aotus trivirgatus monkeys,1
effect of thymus donor strain on the response of reconstituted nude mice to glt,1
cellular immunity in patients with tuberculosis caused by mycobacterium kansasii and mycobacterium tuberculosis,1
benzoapyrene hydroxylase activity was found in the bone marrow of control and 3mcinduced new zealand white rabbits,1
in contrast to previous hypotheses the human and macaque trophoblasts appear to give rise only to additional trophoblast,1
biochemical comparisons in holarctic lemmings of the genera dicrostonyx and lemmus rodentia arvicolinae,1
the effect of purified bovine testicular hyaluronidase on cultured rabbit lung fibroblasts proceedings,1
bovine rabbit and human dental pulp glycosaminoglycans were analyzed qualitatively and quantitatively using twodimensional electrophoresis,1
bacteriolytic myxobacteria parasites or scavengers,1
the accumulation of gametocytes in larvae of the tick ixodes ricinus and of the mite neotrombicula zachvatkini after sucking on strongly infected bank voles is pointed out,1
morphological characteristics and certain biological problems of the representatives of the genus apiosoma infusoria peritricha from the young of predatory fishes,1
rous sarcoma virus rsv was oncogenic for the following nine species of reptiles representing 6 families from chelonia and squamata orders family of testudinidae 1 testudo horsfieldi family agamidae 2 agama sanguinolenta 3 agama erythrogastra family lacertidae 4 eremias persica 5 eremias velox 6 eremias grammica family scincidae 7 eumeces taeniolatus family boidea 8 erix tataricus 9 ancistrodom blomhoffi,1
a human case of teniasis by taenia saginata was positive,1
occurrence of clinically different types of tinea capitis caused by trichophyton violaceum in different schools,1
an attempt to infect cattle with thelazia worms by direct inoculation,1
the underlying plasmalemma and the lamina densa were heavily stained with silver while the lamina lucida was relatively unstained,1
glycine transport by human diploid fibroblastsabsence of a defect in cells from patients with nonketotic hyperglycinemia,1
serological relationships between robinia mosiac clover blotch and peanut stunt viruses,1
changes in hemodynamics and myocardial contractile capacity following the stimulation of extracardial nerves and administration of various doses of acetylcholine norepinephrine propranolol phentolamin atropine serpasil and benzohexonium were studied in albino rats rabbits and cats of various age,1
indirect fluorescent antibody titers to dirofilaria immitis microfilaria ifamf and peripheral eosinophilia were recorded from 15 to 52 months in ten experimentally infected dogs with occult dirofilariasis heartworm infection without microfilaremia,1
comprehensive studies on yersinia enterocolitica and the prevalence of yersinia infections in poland in the years 19721978,1
characterization of human tk cell lines transformed to a tk phenotype by herpes simplex virus type 2 dna,1
the susceptibility of the biomphalaria tenagophila dorbigny 1835 from itajubá minas gerais to infection by the le strain of schistosoma mansoni sambon 1907 from belo horizonte brazil,1
mechanisms of the occurrence of leaks in the walls of the microvessels of the rabbit tympanic membrane in the modeling of acute otitis an electron microscopic study,1
mutations defining three new loci sapa sapb and phos were detected by their ability to overcome the phosphatasenegative phenotype of earlyblocked asporogenous mutants in sporulation conditions,1
cp45899 33dimethyl7oxo4thia1azabicyclo320heptane2carboxylic acid 44dioxide 2s2alpha5alpha has low intrinsic activity against most grampositive cocci enterobacteriaceae and pseudomonas,1
the most common ones were klebsiella enterococcus and escherichia coli,1
this study was carried out to compare the effects of corn zea mays and sorghum sorghum vulgare diets on urinary n1 methylnicotinamide nmn excretion and on the activity of hepatic enzyme in young adult rats,1
the chemotherapeutic effect of a new diamidine hoe 668 the p4amidinophenoxybenzaldehydepamidinophenylhydrazone dihydrochloride was compared with that of known antileishmanial drugs in golden hamsters infected with leishmania donovani,1
a frog pronephric cell line infected with herpes virus derived from lucké renal carcinomas of rana pipiens was examined for the presence of lucké herpes virus antigens,1
comparative study of virulence of mycobacterium xenopi and other mycobacteria in the rabbit authors transl,1
antisera to each stock were obtained from rabbits infected with trypanosomes transmitted by glossina morsitans,1
antiserum against dynein was prepared in rabbits using purified fragment a from the sea urchin anthocidaris crassispina as an antigen,1
purification of macromolecules released from normal human lymphocytes by trypsin was performed using gel filtration and affinity properties for ricinus sanguineus agglutinin,1
4 transcriptons vary considerably in size in mammals and birds their size spectrum falls into the 2000 to 20000 bp range,1
we used them especially for the evaluation of hydrocephalus skull base tumor infantile subdural hematoma and its allied diseases or congenital cystic lesion such as dandywalker syndrome,1
studies on the pathogenicity of moraxella bovis in relation to infectious bovine keratoconjunctivitis,1
breeding of glossina palpalis gambiensis vanderplank 1949 diptera muscidae at bobodioulasso upper volta,1
six dogs underwent laminectomy of the thoracic spine with medial longitudinal incision in the chordal dura,1
groups of healthy chickens with a light experimental salmonella typhimurium infection were fed on a diet containing 225 g per ton 1016 kg of neomycin for two days,1
disinfecting effect of ammonia on the eggs of helminths trichocephalus muris and diphyllobothrium latum and enterobacteria,1
the two common oleanders thevetia peruviana and nerium oleander contain a mixture of poisons including cardiac glycosides and are extremely toxic,1
in contrast to previous cases of gramnegative folliculitis due to proteus escherichia coli or klebsiella the anterior nares were not colonized,1
mouse hamster and human cells were transformed at the permissive temperature by mutants from simian virus 40 sv40 complementation group a in order to ascertain the role of the gene a function in transformation,1
aggregation and adherence of streptococcus sanguis role of human salivary immunoglobulin a,1
higher concentrations of microfilariae in capillary blood from the ear lobe than from the finger in wuchereria bancrofti and mansonella ozzardi infections,1
a serological examination was carried out for l monocytogenes antibodies on 9318 domestic animal7809 bovine 838 horses and 671 swinein são paulo brazil,1
differences in the virulence of plasmodium knowlesi for macaca irus fascicularis of philippine and malayan origins,1
pea aphid primary symbiotes have previously been shown to synthesize cholesterol in vitro,1
growth response of the marine bluegreen alga gomphosphaeria aponina to inorganic nutrients and significance to management of florida red tide,1
serum haemophilus influenzae type b hitb anticapsular antibodies were induced in adult volunteers by feeding of either of two strains of a crossreacting escherichia coli 075k100h5,1
the effect of antimicrobial feed additives on the colonization of the alimentary tract of chickens by salmonella typhimurium,1
dermatomycosis of the nilgai antelope boselaphus tragocamelus caused by the dermatophyte trichophyton mentagrophytes,1
evidence for ammonia translocation by clostridium pasteurianum,1
benzodiazepines gaba and glycine receptors on single neurons in the rat medulla,1
in vitro biosynthesis of juvenile hormone by the larval corpora allata of manduca sexta quantificationby radioimmunoassay,1
an antigen serologically indistinguishable from akr mulv gp71 can be readily detected in normal bone marrow cells of the common strains of mice including nih swiss 129j and swrj as well as in mus cervicolor and mus musculus casteneus,1
isozyme characterization of cattle bos taurus and american buffalo bison bison cell cultures,1
cannabis sativa l marijuana ix lens aldose reductase inhibitory activity of marijuana flavone cglycosides,1
pasteurella spp mycoplasma spp and p13 virus were the organisms most frequently recovered from the pneumonic lungs,1
analysis of the system for the utilization of lactose in some strains of yeasts belonging to the genera kluyveromyces and saccharomyces revealed the occurrence of several genetic variants corresponding to mutants expected on the basis of the model of jacob and monod for the lac system in e coli,1
capillaria hepatica was found in 82 of 86 norway rats rattus norvegicus trapped in hartford connecticut between february and november 1975,1
the requirement of cultured human vascular endothelial cells for thrombin could explain why the human cells in contrast to bovine endothelial cells are so difficult to maintain in tissue culture,1
the three organisms most frequently found were e coli proteus and enterobacter,1
biochemical studies of pigments from a pathogenic fungus microsporum cookei,1
in contrast to bacteroides melaninogenicus growth of veillonella does not require hemin and menadione and flourescence is rapidly lost upon exposure to air,1
immunodiffusion techniques were used on trichloroacetic acid extracts from 10 strains of bacteroides fragilis in detecting precipitating antibodies against this species in immune rabbit sera,1
the method involves use of stable humanchinese hamster ovary hybrid cells that have retained a single human chromosome not necessary for cell reproduction,1
cultures from thymus and liver cells and blood lymphocytes for chromosome analysis in human abortions,1
piperacillin was not active against penicillinresistant staphylococcus aureus and enterobacteriaceae that were resistant to the other test antibiotics,1
the only encephalitogenic region for lewis rats which also produces heae in lewis rats is not encephalitogenic in either rabbits or guinea pigs,1
ganja marijuana,1
when horseradish peroxidase hpo was administered iv to vx2 carcinomabearing rabbits an hpo reaction product was detected in the lumina of blood vessels and the extracellular spaces between tumor cells in the first few minutes after administration,1
5nitroimidazoles including metronidazole compound 1 and 3 analogues compounds 2 3 and 4 of actual or potential chemotherapeutic use were assayed for genetic activity in test systems detecting forward and back mutations in escherichia coli k12343113 forward mutations in neurospora crassa heterokaryon 12 mitotic gene conversion in the heteroallelic diploid yeast strain saccharomyces cerevisiae d4 and sexlinked recessive lethals in drosophila melanogaster,1
further experiments involving the coinjection of mrnas coding for secretory proteins guinea pig milk proteins and human interferon and nonsecretory proteins rabbit globin revealed that only the secretory proteins were exported from the oocyte,1
the aims of this review are to describe the microbiology and laboratory diagnosis of chlamydiae and to reflect the clinical spectrum of human chlamydial diseases,1
iii chromosome banding studies in the genus hapalemur and the species lemur catta,1
trhlike immunoreactivity in rat pancreas and eye bovine and sheep pineals and human placenta nonidentify with synthetic pyrogluhispronh2 trh,1
the presence of f gigantica antibodies in a cattle herd was tested at two monthly intervals in order to establish the occurrence of chronic fascioliasis,1
these results are in agreement with the possible role of gaba and glycine as transmitters in inhibitory as transmitters in inhibitory synapses,1
mastcell leúkemia mastocytoma,1
asbestos dental xrays tobacco and alcohol in the epidemiology of laryngeal cancer,1
the prevalence of human intestinal protozoa in ibadan nigeria,1
transfer rna methyltransferase and glycine nmethyltransferase activity during rana pipiens development,1
differences in the sensilla of african and american cercaria of schistosoma mansoni the agent of human intestinal bilharziasis,1
t cruzi infection was present in about 18 of domestic dogs and cats,1
destruction of amine accumulating neurons in rabbit and goldfish retina,1
alcohol oxidases of kloeckera sp and hansenula polymorpha,1
sera from 38 of 72 burn patients have been found to be significantly suppressive to the phainduced blastogenesis of normal human lymphocytes in culture,1
enzymelinked immunosorbent assay elisa was used for detecting the antibodies in sera from swine experimentally infected with mycobacterium avium,1
we report magnetic circular dichroism mcd spectra of 4fe ironsulfur clusters in the ironsulfur proteins chromatium highpotential iron protein hipip bacillus stearothermophilus ferredoxin and clostridium pasteurianum ferredoxin,1
mast cell degranulation was 47 percent in a timothy pollen system 40 percent in an eggwhite system and 33 percent in a codfish system,1
comparison of the effects of mecillinam and 6aminopenicillanic acid on proteus mirabilis escherichia coli and staphylococcus aureus,1
furthermore it was found that this antiserum also reacted with tubulins from tetrahymena cilia sea urchin sperm flagella and bovine brain to give rise to the confluent precipitin line,1
female gerbils fed a diet containing 20 coconut oil develop an intestinal lipodystrophy that is not seen in animals fed a diet containing 20 safflower oil or a diet of 20 coconut oil supplemented with 01 inositol,1
ascaris suum lymphoid cell responses during secondary infections in the guinea pig,1
simultaneous xenodiagnosis was made of 29 patients with chronic chagass disease six naturally infected opossums didelphis azarae and of a rhesus monkey with an experimental chronic infection with trypanosoma schizotrypanum cruzi peru strain,1
gammaglutamyl transferase studies of normal and cystinotic human leukocytes rabbit neutrophiles and rat liver,1
mcmvinfected mice given pseudomonas or staphylococcus exhibited a 90 to 100 mortality within 24 to 48 h whereas 80 of viralinfected animals injected with candida died in 5 days,1
comparative efficacy of six brucella vaccines in guineapigs,1
the problem of life cycles of cystproducing coccidians mainly those of the genus sarcocystis from carnivorous birds has been discussed,1
in vitro cultivation and partial purification of plasmodium falciparum antigen suitable for vaccination studies in aotus monkeys,1
pesticide hexachlorocyclohexane inhibition of growth and nitrogen fixation in bluegreen algae anabaenopsis raciborskii and anabaena aphanizomenoides,1
guinea pig and rabbit sera were equally effective as c sources in potentiating crnab whereas bovine serum was a poor c source,1
cooperia bunostomum oesophagostomum and dictyocaulus,1
serological relationship between candida and salmonella,1
clinical toxicosis induced by insecticides in dogs and cats,1
rabbit tnf inhibited the growth of a human melanoma cell line and also had effects on certain mouse and rabbit cell lines whereas the anticellular effects of interferons are reported to be speciesspecific,1
the mutagenicity of azathioprine in mice drosophila melanogaster and neurospora crassa,1
immunochemical studies with these labeled chains showed that receptor from electrophorus is composed of three chains corresponding to the alpha beta and gamma chains of receptor from torpedo but lacks a chain corresponding to the delta chain of torpedo,1
the genetic activity of furapromidium f30066 an antischistosomal drug was studied in salmonella typhimurium saccharomyces cerevisiae neurospora crassa and cultured chinese hamster cells,1
thromboxane b2 was detected by sim in bovine semen and in human aorta,1
this enzyme was able to lyse intact cells of s cerevisiae only in the presence of an additional factor present in the arthrobacter gjm1 lytic system which was identified as an alkaline protease,1
fibroblast and epidermal growth factors are mitogenic agents for cultured granulosa cells of rodent porcine and human origin,1
yeast lytic system produced by arthrobacter gjm1 bacterium during growth on bakers yeast cell walls contains a complete set of enzymes which can hydrolyze all structural components of cell walls of saccharomyces cerevisiae,1
permeability studies on taenid metacestodes i uptake of proteins by larval stages of taenia taeniaeformis t crassiceps and echinococcus granulosus,1
properties of the human erythrocyte membrane receptors for peanut and dolichos biflorus lectins,1
the cell membranes of salmonella typhimurium and escherichia coli have been made permeable in order to introduce sadenosylmethionine into the cell for study of the course of methylation,1
monohydroxymorphine was identified tentatively in the urine of guinea pigs rats rabbits and cats,1
the resistance of the eggs of benzimidazole resistant haemonchus contortus and trichostrongylus colubriformis is not stable and will decrease in the absence of drug challenge,1
histological examination of the myocardium revealed multifocal areas of degeneration and necrosis with healing by fibrosis in the right ventricle of cats in which the pulmonary artery was banded and in the left ventricle of rabbits in which the aorta was banded,1
the normal hut histidine utilization operons as well as those with mutations affecting the regulation of their expression of salmonella typhimurium were introduced on an f episome into cells of s typhimurium and klebsiella aerogenes whose chromosomal hut genes had been deleted and into cells of escherichia coli whose chromosome does not carry hut genes,1
bovine renal tuberculosis in a farmercontribution to the relationship between human and bovine tuberculosis,1
antibody titers to these viruses were determined in 163 macaca mulatta sera and 67 human sera by serum neutralization sn and complement fixation cf tests,1
the epidemiologic significance of tuberculosis mycobacteria of the avian type,1
pteridine analyses in double mutants combining pr with one of three other eye color mutants sepia hennarecessive3 and prune2 suggest that the metabolic block in pr occurs prior to sepiapterin biosynthesis,1
three new species of gyrodactylus monogenoidea from varicorhinus capoeta gracilis keyserling from the river lenkoranka,1
the classification of agrobacterium and rhizobium phages authors transl,1
an adduct of kepone kelevan is now distributed by spiess and sohn chemische fabrik germany with an as yet unknown manufacturer for control of the colorado potato beetle in eastern europe and ireland and for control of the banana root borer in the cameroons caribbean and south america,1
the effects of fluoride on the percentage bacterial composition of dental plaque on caries incidence and on the in vitro growth of streptococcus mutans actinomyces viscosus and actinobacillus sp,1
ultrastructure of basophilic leukocytes and mast cells in normal and cutaneous basophil hypersensitivityreacted guinea pig dermis,1
however no significant levels of cgat idiotype were detected in lew rats f344 rats guinea pigs or rabbits although measurable quantities of antigat antibody were present,1
the factor has no effect on the erythrocytes of another amphibian ambystoma mexicanum nor will serum from one animal lyse red cells from another xenopus individual,1
the effects of hydrogen cyanide on asellus communis and gammarus pseudolimnaeus and changes in their competitive response when exposed simultaneously,1
this is the first recorded instance of a primary infection of soft tissue in a human caused by two species of aeromonas one of which was resistant to tetracycline,1
an indirect solidphase radioimmunoassay ria was applied to titration of serum and cerebrospinal fluid csf antibodies against a variety of viruses including rubella mumps measles herpes simplex varicellazoster and vaccinia,1
immunoglobulin a1 protease production by haemophilus influenzae and streptococcus pneumoniae,1
tinea unguinum caused by trichophyton tonsurans var,1
influence of diet on the total blood and liver cholesterol levels of the catfish clarias batrachus linn,1
test animals and their respective 96hr lindane lc50 values were mysid mysidopsis bahia 63 micrograml pink shrimp penaeus duorarum 017 micrograml grass shrimp palaemonetes pugio 44 micrograml sheepshead minnow cyprinodon variegatus 104 micrograml and pinfish lagodon rhomboides 306 micrograml,1
energy and nitrogen metabolism of chickens infected with either eimeria acervulina or eimeria tenella,1
motor influence of a component in pueraria root upon gastrointestinal tract in conscious dogs authors transl,1
the resulting lip pressure in the rabbits with repaired cleft lips was found to be significantly higher than in the control groups,1
nystatin riboflavin ascorbic acid captan indoleacetic acid and colchicin were tested in two concentrations for their effect on the oxygen uptake of the spores of mucor racemosus cladosporium tenuissimum cochliobolus spicifer and macrophomina phaseoli,1
enterococci serratia spp and acinetobacter spp,1
the detection of nasal carriers of salmonella and other enterobacteria amongst young farm animals,1
oxidation of benzoapyrene by the filamentous fungus cunninghamella elegans,1
in the experiments on rabbits immunized with human albumin the effect of combined application of both antilymphocyte globulin alg and plasmatic alphaglobulin fraction agf on antibody formation was studied,1
r plasmids coding for gentamicin tobramycin and carbenicillin resistance in serratia klebsiella and escherichia coli strains from a single clinical source,1
photoreactivating enzyme in the blind cave fish anoptichthys jordani,1
liberation of protoplasts from mycelium of neurospora crassa by means of enzymes obtained from autolyzed cultures of this fungus,1
we have prepared lgh bgh and usbgh from human pituitary gh and studied their radioreceptor activity in relation to their immunoreactivity in plasma membrane systems from rabbit rat and human liver and rabbit mammary gland,1
tobacco and nicotine selfadministration in humans the evolution of a methodology,1
however elevation of blood ammonia was observed in all dogs tested,1
sample scores agreed with tissue section scores as follows humans 86 samples showed more severe alterations in 5 and less severe in 9 and baboons 57 samples more severe in 40 and less severe in 3,1
the species of parasite studied were plasmodium berghei plasmodium yoelii nigeriensis babesia rodhaini and anthemosoma garnhami,1
the rabbit antiserum obtained by injection of a complexe t3bovine serum albumin is diluted between 110000 and 120000,1
the magnetic susceptibility of rhus vernicifera laccase has been remeasured over the temperature range 5260 k in contrast to our previous results solomon ei dooley d m wang rh gray hb cerdonio m mogno f  romani g l 1975 j am,1
cytotoxic sensitivity of the yoshida sarcoma cell and its thioteparesistant subline against coelomic fluid preparation of the sea urchin in vitro,1
use of the human hormone as labeled ligand permits direct measurement of competition between receptor and the bovine complex because the alpha portion of the human hormone does not cross react significantly with antibodies directed against bovine alpha subunits complex formation does not lead to dissociation of the lutropin into its subunits as shown with a homologous lhbeta immunoassay which distinguishes free beta subunit from intact lh,1
to determine the nephron site and the underlying mechanisms responsible for this phenomenon studies were performed on normal and 75 nephrectomized rabbits maintained on normal or highpotassium diets,1
susceptibility of the bank vole clethrionomys glariolus to infection with campylobacter fetus,1
simple cream of rice agar was superior to horse serum for the demonstration of germ tubes by candida albicans and in the differentiation of pseudohyphae of candida tropicalis from germ tubes at 37 degrees c mycelium and chlamydospores were also produced on this medium,1
influence of dietary zinc on cataracts in rainbow trout salmo gairdneri,1
when streptomyces alboniger spores were grown in hickeytresner broth containing 5 mum ethidium bromide a high frequency of permanently cured aerial mycelianegative am colonies was recovered,1
using synaptosomes and subsynaptosomal fractions of cerebral cortex and hippocampus it si shown that concentrations of pentobarbital exceeding 1 mm have no appreciable effect on gaba uptake or binding,1
the orthogonal electrocardiogram and vectorcardiogram of baboons and macaques,1
the percentage of seropositivity excluding doubtful ones was recorded as man 089 goat 553 sheep 342 pigs 1598 cattle 637 buffalo 49 and equine 1289,1
myometrial tissues from guinea pigs sheep and human subjects at various stages of gestation and postpartum were quantitatively examined in the electron microscope for the presence of gap junctions between muscle cells,1
intracisternal a particlespecific dna sequences in mammary tumor cells hybrids and cybrids derived from laboratory mice and from feral mice of mus musculus and mus cervicolor,1
inhibition of mlc responder and stimulator function with alloantisera in rhesus monkeys,1
except for bacteroides proteus vulgaris no 73 proteus morgani no 202 and pseudomonas aeruginosa no 76 significant splitting of btp did not take place when the common enteric microorganisms were tested,1
comparative ultrahistochemistry of the adepidermal granules of salmo irideus lebistis reticulatus and hynobiuo tokyoensis,1
twenty components of the aerospora were recognized spores of 9 genera of fungi cladosporium alternaria epicoccum drechslera pithomyces chartarum berk,1
iii influence of rye and rape grown as winter catch crop on the incidence of cercosporella herpotrichoides fron authors transl,1
seven human brain tumors were transplanted into the brains 67 takes and subcutaneous tissues 77 takes of athymic nude mice,1
in dogs previously exposed to cellular antigens of vibrio cholerae the time course of the intestinal response to intraarterial injection of crude enterotoxin was similar to that observed after intraluminal exterotoxin challenge,1
phagocytosis of viable staphylococcus aureus and inert starch particles was minimally but consistently depressed in pam from rats exposed to tobacco smoke for six months,1
two 17 out of 115 dogs were positive by culture for this humanathogenic serotype of y enterocolitica,1
northway virus replication has been detected in salivary glands of wildcaught culiseta inornata and aedes communis mosquitoes from the western canadian arctic after incubation at 4 degrees c for 9 to 11 months and after incubation at 13 degrees c for 3 to 4 months after they received virus by oral ingestion or intrathoracic injection,1
these data raise the possibility that some enterotoxins may not interact with the adenyl cyclasecyclic amp system this possibility has also been suggested by studies of the toxin of s dysenteriae type 1 in the rabbit small bowel,1
the findings are discussed in relation to the possible association between human infertility and mycoplasma infection,1
pulmonary artery banding for ventricular septal defect in dogs and cats,1
2 new phlebotomi from french guyana  lutzomyia yuilli pajoti n s sp and lutzomyia claustrei n sp,1
identification of glycoproteins using lectins as probes in plasma membranes from dictyostelium discoideum and human erythrocytes,1
determination of swelling at an intracutaneous test site in the pinna of the ear of guinea pigs immunized with protein antigens in complete freunds adjuvant was found to be a more sensitive assay of delayedtype hypersensitivity than the measurement of flank skin erythema and induration,1
the projection of the superior colliculus upon the inferior olivary complex of the cat an autoradiographic and horseradish peroxidase study,1
effect of oestrogen on the pituitary gland of male syrian hamsters cytochemical study of succinic and lactic dehydrogenases in anterior lobe and parts intermedia,1
this paper describes the characteristics of na dependent dglucose transport into liposomes made from soybean phospholipids into which have been reconstituted detergentsolubilized components from the rabbit renal proximal tubular brush border membrane,1
plp test as a rapid method for preliminary identification of yersinia enterocolica and yersinia pseudotuberculosis,1
establishment of human colon carcinoma lines in nude mice,1
the mode of action of the extracellular endo1 leads to 4betadxylanase produced by trametes hirsuta on a 40methyldglucuronodxylan and a modified essentially neutral dxylan from white willow salix alba l has been studied,1
quinoline conversion to a mutagen by human and rodent liver,1
in a field study consisting of about 7000 adult cattle 36 cases of corpora aliena caa in the abomasum were found,1
the guinea pigs and the rabbits which had been immunized by bradykininazoprotein showed a significant decrease in the local accumulation of the evans bluesolution which must be attributed to the immunologic neutralization of the intradermally injected bradykinin by an antibradykininantibody,1
1 adenine hypoxanthine xanthine and guanine are broken down in pseudomonas aeruginosa and pseudomonas testosteroni to allantoin by the concerted action of the enzymes adenine deaminase guanine deaminase naddependent xanthine dehydrogenase and uricase,1
mesomelas in the third area the yellow mongoose cynictis penicillata and in the fourth genetta and felis spp including the domestic cat felis catis,1
origin of ammonia excreted by trout gill salmo gairdneri,1
relative maturity of cebus and squirrel monkeys at birth and during infancy,1
demonstration of invasiveness of vibrio parahaemolyticus in adult rabbits by immunofluorescence,1
separation and biochemical characterization of the two cell types present in the pseudoplasmodium of dictyostelium mucoroides,1
synthesis of human interferon by xenopus laevis oocytes two structural genes for interferons in human cells,1
saline antigen extracts of microfilariae adult worms and thirdstage larvae of subperiodic brugia malayi maintained in gerbils were prepared for use as skin test reagents,1
the primary yolk sac of 10 to 11day human blastocysts is partially filled with a meshwork of extraembryonic endoderm whereas such a meshwork is absent in the rhesus monkey,1
the effects of chronic protozoal infection on small intestinal architecture have been examined in mice infected with giardia muris and hexamita muris,1
deformation of lucerne root hairs caused by the action of betaindolylacetic acid iaa and alphanaphthylacetic acid naa differs from deformation induced by rhizobium meliloti,1
deoxyribonucleic acids from pasteurella multocida and pasteurella haemolytica,1
susceptibility tests using 7 antimicrobial agents carbenicillin chloramphenicol clindamycin penicillin cephalothin metronidazole and tetracycline were run against 35 anaerobes including bacteroides fragilis 17 other gramnegative bacilli 7 clostridia 5 peptococci 4 and eubacteria 2,1
localization of common antigenic determinants in the cells of neisseria perflava and cells of human lung tissues,1
patients with a history of dizziness andor syncope should not be given lithium until thorough cardiological examination has been carried out,1
immunomodulation of host resistance to experimental viral infections in mice effects of corynebacterium acnes corynebacterium parvum and bacille calmetteguérin,1
peptocoagulase clotting factor produced by bovine strains of peptococcus indolicus,1
leukemic distribution of a human acute lymphocytic leukemia cell line ichikawa strain in nude mice conditioned with wholebody irradiation,1
the influence of ph on the effects of 24d 24dichlorophenoxyacetic acid na salt on saccharomyces cerevisiae and salmonella typhimurium,1
the isolation of yersinia enterocolitica from humans in brazil has never been described before,1
the ability of the bactericidal substance to lyse the inhibited cells of micrococcus lysodeiktickus as well as the coincidence of data on sensibility to the tick bactericidal substance obtained experimentally in vitro and in vivo have shown that lysozyme is an active antibacterial substance in the ticks organism,1
most significantly however the preliminary data in this study might eventually contribute to continuing investigation of candida species in human cancer patients,1
the affinity column could be used at least four times without any decrease of potency and the method was applicable for the preparation of phosphodiesterase from the venoms of rattlesnake crotalus adamanteus and japanese mamushi agkistrodan halys blomhoffi,1
monospecific antibodies have been prepared against cytochrome c2 from rhodopseudomonas spheroides and rhodopseudomonas capsulata and against cytochrome c from rps,1
trypanosoma avium occurred in one individual of each species of duck one pintail harbored an unidentified microfilaria,1
2 renal elimination of lithium after optimal blood lithium levels had been reached was 76 in mania and 97 in depression retention in manic patients 21,1
3 transmission of bacilli recovered from subcutaneous leproma induced with smoothcolony variants,1
both herds were parasitized by apteragia odocoilei haemonchus contortus gongylonema pulchrum setaria yehi trichuris ovis and moniezia benedeni,1
during a period from 1973 to 1978 392 and 225 lots including 12232 mouse and 8044 rat individual sera respectively were examined for antibodies to murine hepatitis virus sendai virus bordetella bronchiseptica mycoplasma pulmonis tyzzer agents salmonella typhimurium and corynebacterium kutscheri,1
titration of human sera in this system showed that high concentrations of type heterologous rabbit antibodies were capable of completely blocking typecommon antigenic sites while leaving typespecific antigenic sites unblocked and capable of reacting with human antibodies,1
the mucosal surfaces of villi from the small intestine of cats infected with toxoplasma gondii were studied with the scanning electron microscope and compared with those from uninfected control cats,1
hemagglutination inhibition hai studies reveal crossreactivity between rat guinea pig and bovine bp,1
the lectins laburnum alpinum and lotus tetragonolobus were not inhibited by either the aqueous or butanol phase extracts,1
the burma thau strain of plasmodium falciparum was established in 3 aotus trivirgatus monkeys by the inoculation of parasitized blood from man,1
cefaclor was substantially more active against staphylococci streptococci gonococci meningococci haemophilus escherichia coli klebsiella pneumoniae citrobacter diversus proteus mirabilis salmonellae and shigellae than was cephalexin which in turn was more active than cephradine,1
precipitating antibodies to aspergillus niger were found in serum and the fungus found in sputum,1
the pulmonary and heart muscle mast cells of the rat are alcian blue positive the mast cells of the thyroid gland lymph nodes subcutaneous connective tissue mesentery and peripheral nerve are safranin positive whereas among the mast cells of the peritoneal cavity and the thymus there are both alcian blue and saffranin positive forms,1
regulation of human hemopoietic stem cell proliferation by syngeneic thymusderived lymphocytes,1
increased escherichia coli enterotoxin detection after concentrating culture supernatants possible new enterotoxin detectable in dogs but not in infant mice,1
siderophore synthesis in klebsiella pneumoniae and shigella sonnei during iron deficiency,1
no killing was seen when the lobster pathogen aerococcus viridans formerly gaffkya homari was used,1
the decrease of cardiac activity in rhesus monkeys amounted to 69 in 24 h whereas proscillaridin a decreased cardiac activity only by 41 in 24 h the absorption of hoe 040 from the duodenum of dogs anesthetized with pentobarbital amounted to 72 whereas proscillaridin a is observed by only between 14 and 25,1
frequently the symptomatology is caracterised by a sudden coma ictus apoplecticus or the clinical picture of a subarachnoid hemorrhage without important disturbances of consciousness,1
complementary dna transcribed in vitro from purified rabbit globin messenger rna and made doublestranded has been inserted into escherichia coli plasmids psc101 and pmb9 by the polydtpolyda tailing and annealing technique,1
the isolation of anaerobic bacteria alone supported in some patients by gramstain observations of middle ear fluid suggests that these bacteria especially peptococcus may occasionally play a direct role in acute otitis media,1
cattle used were infected with b abortus field strains or strain 19,1
studies on the occurrence of peptococcus indolicus and corynebacterium pyogenes in abscesses in swine and on the occurrence of pc,1
the leucine genes of bacillus subtilis have been cloned directly from the chromosomal dna into escherichia coli leub cells by selection for the leu phenotype using rsf2124 as a vector plasmid,1
morphological and histochemical studies on a paspositive granular leukocyte in blood and connective tissues of catostomus commersonii lacépède teleosteipisces,1
monkeys macaca speciosa had values comparable to those of seven human subjects and rats had values like that of the unique human subject,1
the causal organisms were escherichia coli in 2 klebsiella pneumoniae in 4 serratia marcescens in 12 and pseudomonas aeruginosa in 7 1 patient was infected with two of these organisms,1
carbonylcyanide mchlorophenylhydrazone cccp or nigericin induced translocation of h in the dark across the cell membrane of bluegreen algae plectonema boryanum and anacystis nidulans,1
twentytwo of the ducks all five species harbored haemoproteus nettionis and one also harbored plasmodium relictum,1
the tumors were one human carcinoma of the cervix hela one burkitts lymphoma as well as two polyoma virusinduced tumors from rats and one spontaneous tumor from hamster,1
effects of chronic and intermittent cold exposure on metabolic capacity of peromyscus and microtus,1
cannulas were placed in the portal vein hepatic vein and infrarenal vena cava in eight anesthetized dogs,1
preliminary note on the circulation of some human respiratory viruses by wild birds,1
the availability of a human t lymphocyte line producing csa will provide a source for large quantities of the lymphocytederived hormone and permit a definition of factors modulating the interaction of t lymphocytes with granulocyte and monocyte stem cells,1
the blood supply of the falx cerebri the falx cerebelli and the tentorium cerebelli,1
ultrastructural evidence for both autosynthetic and heterosynthetic yolk formation in the oocytes of an annelid phragmatopoma lapidosa polychaeta,1
mixtures of anionic hgcl3hgcl42complexes were less toxic to terrestrial bacteria erwinia herbicola agrobacterium tumefaciens to marine bacteria acinetobacter sp aeromonas sp and to bacteriophages phi 11 m 15 of staphylococcus aureus and p1 of escherichia coli than were equivalent concentrations of hg as cationic hg2,1
on the activity of cefoxitin against enterobacteriaceae and staphylococcus aureus in vitro authors transl,1
the bionomics of the freeliving larvae of dictyocaulus filaria on pasture and the transmission of infection between lambs were studied during different seasons of the year in northeast england,1
trypanosoma musculi produces a resolving infection in mice and the immune response is thymus dependent,1
the activity of carboanhydrase was assayed in seven species of phototrophous bacteria three species of the rhodospirillaceae genus three species of the chromatiaceae genus and one species of the chlorobiaceae genus,1
fiftythousand infective larvae of trichostrongylus axei dosed to 79monthold merinos protected them against a subsequent challenge with 50 000 infective larvae of haemonchus contortus,1
on the metabolic characteristics of shigella flexneri x escherichia coli devoid of ability for intracellular multiplication in epithelial cells,1
the influence on the embryonic development of food with only source of protein derived from the mycelium of the higher fungus polyporellus squamosus was studied in a group of 90 pregnant rats,1
the adenohypophysis of the flounder pleuronectes flesus and the minnow phoxinus phoxinus,1
human schistosomiasis schistosoma mansoni antigen detection in renal glomeruli,1
the integumental surface on the microfilaria of dipetalonema viteae was studied by scanning electron microscopy sem at 1200 to 20000 magnification,1
perinatal induction of medulloblastomas in syrian golden hamsters by a human polyoma virus jc,1
studies on immunologic crossreactions of enterotoxins from escherichia coli and vibrio cholerae,1
cats dogs rabbits hens and rodents readily oxidized the sidechain humans baboons and pigs showed only weak oxidizing capacity,1
the rhesus monkey does not have a recognizable accessory olfactory bulb and no projections were seen to one of its targets the nucleus of the stria terminalis,1
bordetella bronchiseptica produced tracheobronchitis when administered in aerosol to specific pathogenfree dogs,1
the use of ctc resulted in a growing number of resistant microbial strains staphylococcus aureus proteus mirabilis e coli etc which led to the banning of its use and replacement by other biostimulants,1
the presence of energetically useful respiratory chain systems in acholeplasma mycoplasma and spiroplasma is questioned since these organisms contain quinones mk4 in nanomolar concentrations or no quinones depending on the presence of exogeneous mk6 in the growth medium,1
effect of extracts of the bursa of fabricius on igg antibody production in hormonally bursectomized chickens,1
effects of lithium on visual perceptual thresholds in the goldfish carassius auratus,1
manganese an essential trace element for n2 fixation by rhodospirillum rubrum and rhodopseudomonas capsulata role in nitrogenase regulation,1
an explosive epidemic of cholera due to vibrio cholerae biotype el tor serotype inaba was centered on the coral atoll of tarawa gilbert islands,1
mediorhynchus papillosus van cleave 1916 and m orientalis belopolskaya 1953 are redescribed and m edmondsi sp n is described from palawan,1
kinetics of phagocytosis of staphylococcus aureus and escherichia coli by human granulocytes,1
ten polypeptides were detected on the surface of the virion of herpes simplex virus type 1 of these ten polypeptides three were detected in hamster cells transformed by herpes simplex type 1,1
using quantitative and qualitative immunochemical methods in combination with isoelectrical focusing it was shown that antibodies to commercial kallikrein are involved into precipitation reaction with kallikrein in extracts from the pancreas of dogs cats guinea pigs rats and mice,1
studies at this institution have been primarily concerned with herpesvirus saimiri the epsteinbarr virus h tamarinus and h simplex,1
hens dosed with 100 mg of phosphorus as a phosphoric acid solution excreted more phosphorus than the undosed control birds,1
media conditioned with viable rat and calf spleen lymphocytes were seen to be able to inhibit 3hthymidine uptake by rat thymocytes and the mitogenic response of human lymphocytes to pha but not bone marrow cells proliferation,1
outbreak of pox disease among carnivora felidae and edentata,1
thymidinerequiring haemophilus influenzae and staphylococcus aureus,1
clostridium botulinum in soil on the site of the former metropolitan caledonian cattle market london,1
four of 5 howler monkeys alouatta caraya experimentally infected with herpesvirus saimiri hvs developed a rapidly fatal malignant lymphoma accompanied by peripheral tcell lymphocytosis,1
pge2 relaxed rabbit coeliac and mesenteric artery but contracted bovine coronary artery and had no effect on rabbit aorta,1
these lcsd were thymusspecific surface determinants bursaspecific nonimmunoglobulin determinants igmspecific determants iggspecific determinants and igaspecific determinants asd,1
rats hamsters and guinea pigs were exposed to airborne glass fiber at a gravimetric concentration of 042 mg,1
the present observations together with recent biochemical data from other authors on the characteristics and mode of duplication of nucleolar dna in p polycephalum have led us to the hypothesis that the nucleolus in this organism contains several distinct globular subunits each containing ribosomal dna as a key component,1
escherichia coli arge and argh gene products were detected in pseudomonas fluorescens argh122 carrying the e coli f110 plasmid,1
a chronic pulmonary disease was encountered in nude mice of a barrier sustained colony and pneumocystis carinii was identified as the causative agent histopathologically as well as on impression smear preparations in the affected lungs,1
localization of biogenic amines in the central nervous system of crepidula fornicata phil mollusca gastropoda prosobrancha,1
lphenylalanine ammonialyase and pisatin induction by 5bromodeoxyuridine in pisum sativum,1
of 848 freeranging animals examined polycystic hydatids were found in 4493 cuniculus paca and 1369 proechimys sp none of 20 dasyprocta fuliginosa examined was infected but hunters provided a heart with hydatid cysts and information about two additional animals with infected livers,1
thymus cellderived macromolecular insoluble cold globulin tmicg is a 225000dalton protein selectively synthesized in human t cells,1
echinococcus cysticus is a parasite the human organism is invaded by cysticercus of the dog tape worm,1
protection of mice against plasmodium and babesia infections attempts to raise hostprotective sera,1
the formation of germtubes by candida albicans when grown with staphylococcus pyogene escherichia coli klebsiella pneumoniae lactobacilius acidophilus and proteus vulgaris,1
klebsiella pneumoniae 29853 and shigella sonnei 43gg9 exhibited restricted growth and enterochelin synthesis only under irondeficient conditions,1
laboratory infection of anopheles pharoensis with wuchereria bancrofti,1
two cases are presented of simultaneous infection with treponema pallidum and herpes simplex virus,1
unlike those bacilli however the h influenzae cell had very little barrier to entry of penicillins,1
recently several studies have reported that strains of candida albicans and perhaps other noraml bacterial flora are capable of inhibiting the growth of neisseria gonorrhoeae in vitro and it is possible that this may occur in vivo as well,1
this is the tetrasaccharide glcnacmurnacglcnacanmurnac in which the carboxyl groups of murnac and anmurnac residues are substituted by tetrapeptide laladglumsa2pmdala murnac  nacetylmuramic acid glcnac  nacetyldglucosamine anmurnac  16anhydronacetylmuramic acid lala  lalanine dglu  dglutamic acid msa2pm  mesodiaminopimelic acid,1
antisera formed a precipitin band with both active and inactive enzyme proteins from escherichia citrobacter salmonella klebsiella and enterobacter but not with the proteins from serratia proteus and erwinia even though some strains of these species had enzyme activity,1
effects of methanol extraction residue of bacillus calmetteguérin in humans,1
electronmicroscopic studies of the synapses in cerebral ischemia in mongolian hamsters meriones unguiculatus,1
dedtc also inhibited the serum clearance of dmn methylation of liver dna and oxidative demethylation of dmn in the in vitro hepatic microsomal system prepared from either male wistar rats or from hamsters,1
this is in direct contrast to the reported situation in the human leukocyte and suggests that histamine fulfils an important role in the intrinsic control of allergic reactions in cattle,1
the synthesis of collagen by human aortic smooth muscle cells was studied after incubating the cells with 3hproline and 3hglycine for 48 hr,1
this method is sufficiently sensitive to permit the quantitation of nacetyltransferase activity in 105 human lymphocytes,1
age dependent changes in the behavior of caenorhabditis elegans on attraction to escherichia coli,1
we conclude that 2sp is the best medium for the combined recovery of c trachomatis and genital mycoplasma,1
three cell lines derived in our laboratory from human malignant gliomas sa 130 sa 132 sa 134 were injected subcutaneously into pathogenfree nude thymus less mice,1
human placental lactogen ovine and bovine growth hormones were less stimulatory,1
the gastrointestinal tract of mammals and birds especially stomach and upper small intestine contains bombesinlike peptides,1
in tests with cephalothinresistant enterobacteriaceae bls786 was generally less active than cefamandole but more active than cefoxitin against all strains except proteus and providencia,1
the uptake by this system is proved first of all by crossresistance with trilornithine using oligopeptidetransportdeficient mutants and secondly by antagonism tests demonstrating competitive reversal of the action of the antibiotic by several peptides which have been shown to be transported via the oligopeptide transport system eg trilalanine tetralalanine trillysine trilserine triglycine glycylglycyllalanine and the synthetic tripeptide lazadenylaminohexanoylalanylalanine,1
selective proton decoupling yielded specific assignments for czeta of tyr146 of the cyanoferrimyoglobins from horse and kangaroo but not the corresponding assignment for sperm whale,1
kurthia and curtobacterium were characterized by menaquinones with seven and nine isoprene units respectively and microbacterium lacticum and corynebacterium aquaticum had comparable amounts of menaquinones with 10 and 11 isoprene units,1
the uptake hydrogenase hydrogenferricytochrome c3 oxidoreductase ec 11221 from the bacteroids of soybean root nodules infected with rhizobium japonicum 110 has been purified and characterized,1
torulopsis geochares and torulopsis azyma two new haploid species of ascomycetous affinity,1
distribution of neisseria rothia and streptococci in early stages of dental plaque,1
protozoa of trichomonadidae family in suspension of treponema pallidum passaged in rabbit testis,1
electrophoretic differences in the proteins of the species pseudomonas aeruginosa and pseudomonas denitrificans capable of oxidizing nalkanes,1
the human perimarginal cavernous sinus plexus appears to correspond to the marginal sinus in rat and rabbit spleens,1
evaluation of sclerotinia sclerotiorum as a potential mycotoxin producer on soybeans,1
an evaluation of the bovine  onchocerca gibsoni onchocerca gutturosa model as a tertiary screen for drugs against onchocerca volvulus in man,1
increase in the in vitro susceptibility of staphylococcus aureus to antimicrobial agents in the presence of candida albicans,1
immunoglobulin m synthesized by a human lymphoblastoid cell line la173 was found to bind specifically to the protein abearing cowan i strain of staphylococcus aureus,1
a note on the range of escherichia coli oserotypes causing clinical bovine mastitis and their antibiotic resistance spectra,1
in a diagnostic survey of diseases in wild whitetailed deer 62 cases and mule deer 12 cases the most common findings were traumatic injury 20 nontraumatic hemorrhage 13 polioencephalomalacia 11 and bacterial infections 9,1
2 abnormal dermal ridge system and crease picture irregularities of the ridge pattern of finger prints palms and soles a much reduced total ridge count trc transverse palmar crease on both palms underdevelopment of the c line,1
early fine structural changes in human epidermis following application of croton oil,1
can the binding of gaba glycine and betaalanine to synaptic receptors be determined in the presence of a physiological concentration of na,1
four sera of patients with ss and eight of patients with ra produced diffuse cytoplasmic fluorescence of intro as well as of interlobular pdc of human and rhesus monkey origin,1
experiments were conducted to determine calcium and phosphorus requirements of mule ducklings,1
these animals developed a syndrome of muscular rigidity and ataxia progressing to severe paralysis,1
the fraction of bacteria in lungs that remained viable 4 h after exposure were s pneumoniae 73 k pneumoniae 121 e coli 885 s aureus 276,1
notes on dipodascus endomyces and geotrichum with the description of two new species,1
gamma rays further evidence for lack of a threshold dose for lethality to human cells,1
this correlation was extended to 12 other genes in other ascomycetes saccharomyces cerevisiae schizosaccharomyces pombe neurospora and sordaria,1
studies on the phyllosphere microflora of tapioca manihot utilissima pohl revealed that incidence of bacteria fungi and actinomycetes is indipendent of the variety but dependent on the age,1
newsmakers alison dunn talks to vera darling,1
invasions of gastrointestinal nematodes proved to be the most frequent helminthiases in newestablished largecapacity herds of cattle according to the results of parasitary examinations of cattle in one locality in the tachov district,1
the exclusive activity of the y intermedia antibacterial substance only against yersiniae and not against other representative enterobacteriaceae tested supports the placement of these microorganisms within the genus yersinia and further establishes the singularity of y intermedia,1
production of plasminogen activator by human and hamster cells infected with human cytomegalovirus,1
this study is not an epidemiologic one in the strictest sense but it is a review of the experience of the mayo clinic with patients who have had both scleroderma and an internal malignancy,1
a new and simple method the electrointraperitoneography eig is described and used for the recording of the digestive motility in conscious dogs and in anesthetized rabbits and rats,1
cefuroxin and cefoxitin also display increased effectiveness against klebsiella as do cefoxitin against serratia and indolpositive proteus species and cefamandole and cefuroxime against enterobacter,1
ectoatpase and ecto5nucleotidase activities of hamster astroblasts clonal line nn and mouse neuroblasts clonal line ml in coculture have been studied,1
pathogenicity of some mycoplasma and acholeplasma species in the lungs of gnotobiotic calves,1
aspergillus fumigatus and aspergillus niger in two potted ornamental plants cactus epiphyllum truncatum and clivia clivia miniata,1
selection and characteristics of a vibrio cholerae mutant lacking the a adpribosylating portion of the cholera enterotoxin,1
this concept which was developed especially in small mammals like the rat does not entirely fit the results gained from other species in fish ct levels change in connection with the reproductive cycle in the female in amphibians buffering capacity of the organism is bound to the ultimobranchial body and in birds sexual development in the male is accompanied by increasing calcitonin levels,1
allergic reactions in guinea pigs infected with yersinia enterocolitica type 9 relative to homologous yersinia and heterologous brucella allergens,1
gaba 10 micrograms caused hypothermia glycine 10 micrograms had no effect,1
genetic analysis of interspecific crosses mus musculus l x mus spretus lataste linkage of adh1 with amy1 on chromosome 3 and es14 with mod1 on chromosome 9,1
louis encephalitis eastern equine encephalomyelitis western equine encephalomyelitis and yellow fever prepared from infected mouse brains and reference antisera prepared in rabbits or horses reproducible cfi antibody titers were obtained in artificially immunized chickens,1
fifteen calves were used in three experiments to determine changes in serum and plasma proteins and igg and igm levels after oral inoculation with sarcocystis sporocysts from dogs,1
the reaction was blocked by saturating the beads with rabbit serum or by absorbing positive sera with excess encephalitozoon cuniculi,1
diurnal activity of burrow sandflies in turkmenia,1
hyperimmune rabbit antiserum to an early nonstructural herpes simplex virus type 2 hsv2induced polypeptide vp143 reacted in immunofluorescence tests with a variety of cell lines transformed by hsv2,1
molecular cloning of the gene region coding for the chloroplast rrna of euglena gracilis,1
weekly im injections of the polycyclic hydrocarbon carcinogens 712dimethylbenzahanthracene dmba 25 mgkginjection and benzoapyrene 50 mgkginjection were given for a period of up to 22 weeks to chickens sc strain beginning at age 4 weeks,1
experimental infections of pila ampullacea with first stage larvae of angiostrongylus cantonensis were carried out to determine susceptibility of this molluscan host in relation to dose level and snail host size,1
prevalence of toxoplasma gondii infection in horses,1
bats infected with the high dose had viable h capsulatum in the lungs liver spleen and gut as early as 2 weeks postinfection,1
b and t lymphocytes from peripheral blood in mice infected with trichinella spiralis and trichinella pseudospiralis,1
examples include enterobacter klebsiella e coli enterobacter haffniae and proteus,1
3 the dynamics of cf and vnantibodies and a high number of clinically inapparent hamster infections resemble the situation in humans infected with etbe under natural conditions,1
a trypanosome indistinguishable from trypanosoma rangeli in the haemolymph of rhodnius domesticus from brazil,1
encephalitozoon cuniculi has often been cited as a human pathogen although few cases of disease have been described in the literature,1
the macrophage disappearance reaction in guinea pigs sensitized with bovine gamma globulin or human scrum albumin authors transl,1
high anthelmintic activity was established against adult haemonchus placei ostertagia ostertagi cooperia spp,1
phospholipid classes in eggs larvae and hemolymph of argas persicargas arboreus argasidae and dermacentor andersoni ixodidae,1
on of the highlights of the present contribution is demarcation of the inner plexiform layer into three stratified zones equipped with enzymatic activity in calotes streptopelia naja and funambulus,1
significance of transovarial infections of amblyospora sp microsporathelohaniidae in relation to parasite maintenance in the mosquito culex salinarius,1
escherichia coli and a dark variant of p leiognathi were also examined to provide points of reference,1
subtillis staphylococcus aureus streptococcus pyogenes of group a and also unstable cultures of the lforms of proteus vulgaris and proteus vulgaris culture at the stage of spheroplasts,1
infection of dogs and cats from the sarcocysts of hens and ducks,1
an increased excretion of urinary betahydroxyaspartic acid was observed in cats when serine or thiamine was administered with glycine,1
in an initial efforts to characterize the virological basis of neoplasia in the shope papillomacarcinoma system the extent to which the viral genome is present in nonvirusproducing benign and malignant tumors in domestic rabbits was established,1
production and properties of thetatoxin of clostridium perfringens with special reference to lethal activity,1
acute otitis externa in divers working in the north sea a microbiological survey of seven saturation dives,1
metchnikoffschaumann bodies in experimental yersins type tuberculosis induced with mycobacterium avium in hamster,1
differences in microtubule stability to colchicine in extracts of guinea pig rat and rabbit brain,1
determination of kepone dechlorination products in finfish oysters and crustaceans,1
in addition the latter splenocyte response to phytohemagglutinin pha and concanavalin a cona was suppressed by 3 to 6 days after challenge with candida,1
the mosquitoes found in these ricefields are predominantly anopheles campestris and culex tritaeniorhynchus,1
facultatively intracellular bacteria mycobacteria brucellae listeria monocytogenes salmonella typhi etc may not necessarily be killed after having being phagocytosed by polymorphonuclear leucocytes or macrophages cellular immunity having first to be built up,1
the results showed that in general the strains belonging to cytophaga cellvibrio and cellfalcicula are more sensitive to antibiotics than those strains that belong to sporocytophaga and cellulomonas,1
staphylococcus aureus was the etiological agent most frequently found but with the presence of enterobacteriaceae in 39 of patients under 2 years of age,1
two preparations of soluble typhusgroup antigens were obtained from rickettsia typhi and rickettsia prowazekii by ether extraction a standard antigen from infected yolk sacs ys antigen and one free of yolk sac contaminants from renografinpurified rickettsiae pr antigen,1
human piglet mouse foal lamb calf and rabbit rotaviruses all infected but could not readily be subcultured in llc mk2 cells,1
acid phosphatase activity of intramuscular mast cells from cattle and sheep,1
dihydroisodrin hydroxylation as an indicator of monooxygenase capability of black cutworm agrotis ypsilon and cabbage looper trichoplusia ni larvae,1
hamsters yielded 41 strains of ve virus and virus was detected within 2 km of the edge of the marsh in its interior and at its western extreme 18 km from the central study site at la avellana,1
trinitrophenylation of the lysine residues in yeast sturgeon and rabbit muscle enzyme,1
immune complexes formed between a homogeneous rabbit antibody to type iii pneumococcal polysaccharide and a series of oligosaccharides of varying size derived from it were prepared and tested for their ability to fix guinea pig hemolytic complement,1
analyses of nerve proteins by sds gel electrophoresis disclosed a prominent 49000 mw protein in the bovine and human nerve root entry zone,1
madurella mycetomi 378 and actinomadura madurae 267 were the commonest causal agents,1
the anatomical relationship between hypophysis and encephalon of the bagre fish rhamdia hilarii val was studied,1
mucocutaneous lymph node syndrome mcls is a newly recognized disease characterized by fever persisting for more than 5 days an erythematous skin eruption conjunctival congestion dry red fissured lips reddened tongue palms and soles nonpurulent lymphadenopathy and sometines diarrhea arthralgia and aseptic meningitis,1
paronychia caused by aspergillus flavus link,1
the maximum levels of these insecticides in the bovine milk and dairy products 511 100 62 and 21 mugkg fat respectively constitute only 50 or less of the codex tolerance limits,1
an effect against entamoeba histolytica in the intrahepatically infected golden hamster was observed much less often,1
other vectors found to be carriers of arboviruses were psorophora ferox mansonia venezuelensis and aëdes serratus,1
freezedrying of highly purified dextranse from penicillium funiculosum and fusarium solani was accompanied by 90 losses of enzyme activity and solubility,1
basophil leukocytes and mast cells in human nasal secretions and scrapings studied by light microscopy,1
the amino terminus may be directly or indirectly through preservation of tertiary structure important for the pilus function of facilitating attachment of bacteria to human cells,1
candida infection in human,1
the hel12 virus was infectious for cell cultures of human rhesus monkey dog and rabbit cells,1
effects of prostaglandin f2 alpha estradiol and luteinizing hormone in dispersed cell preparations of bovine corpora lutea,1
the high incidence of antibodies to bhong kong 572 307 of the samples exhibited significant titers found in the crow corvus corone sardonius is ascribed to the fact that this bird is carnivorus feeding on corpses of mammals,1
germination of conidia was maximum on a sclerotial agar medium in the range of ph 5 to ph 7 cultivation of s sclerotivorum parasitically on living sclerotia proceeded optimally in moist fine quartz sand amended with 1 to 2 ww sclerotia and 007 ww caco3 at 25 degrees c infection of sclerotia in sand reached 100 by 5 weeks,1
infective 3rdstage larvae of d medinensis were administered to each of four raccons procyon lotor infective 3rdstage larvae of d insignis were administered to a rhesus monkey macaca mulatta two dogs two ferrets mustela putorius furo and a marten martes americana,1
mivati from the usa was also a mixture of e acervulina and e mivati,1
spontaneous diabetes mellitus in macaca cyclopis and mandrillus leucophaeus case reports,1
mercaptoethanolresistant human serum antibodies reacting with endotoxin from neisseria gonorrhoeae,1
conditions were established for the regeneration of protoplasts of streptomyces parvulus and streptomyces antibioticus to the mycelial form,1
cytologic study of the endocrine pancreas of the catfish pisces ictalurus nebulosus le sueur 1819,1
evolution and outcome of the tuberculous process produced by various mycobacterium tuberculosis in rabbits,1
comparative study of the lipid composition of rabbit and lobster sarcoplasmic reticulum,1
the structural abnormality in hallux valgus in the young is therefore due to a valgus disposition of the second and subsequent metatarsals rather than varus inclination of the first metatarsal,1
the effect of herpesvirus saimiri hvs infection on the response of owl monkey lymphocytes to general mitogens was examined during the development of neoplastic disease,1
continued development of 5day old toothgerms transplanted to syngeneic hamster mesocricetus auratus cheek pouch,1
the indirect rosetteforming cells in the blood of rabbits infected with trichinella spiralis,1
two hundred and twenty pacific herring clupea harengus pallasi from yaquina bay oregon were divided into five groups to test the effects of various methods of handling and processing fresh frozen brined cold smoked and cold smokedgibbed on the occurrence and survival of anisakis larvae in the flesh,1
further thymusinsufficient nude mice developed this chronic neurologic disease,1
a strain of p falciparum fmg shipped by air freight on wet ice from the gambia was cultured directly from a human infection into continuous culture using the petri dishcandle jar technique giving line fcr3,1
immune response in swine given soluble antigens from group e streptococcus,1
electron microscopic localization of mg2 dependent adenosine triphosphatase activity in the amphibian pancreas salamandra salamandra l and rana esculenta l,1
loss of antibody activity in human immunoglobulin a exposed extracellular immunoglobulin a proteases of neisseria gonorrhoeae and streptococcus sanguis,1
escherichia coli and bacillus subtilis are both extremely sensitive to ammonia,1
lipogenesis lipolysis and lipid mobilization are under intensive study in swine and the information obtained may have important application in studies of human obesity,1
the iria was more sensitive than the nt for detection of antibodies to prv in swine serum,1
ammonia tolerance in dogs with chronic portacaval shunt and arterialization,1
five dogs were anesthetized without the administration of ginseng,1
the percentage of avian globin cdna sequences which hybridize to rabbit globin mrna is directly proportional to the length of the cdna in each case,1
this paper argues the need for special toilet equipment for some children with spina bifida and hydrocephalus and describes the design of a special showertoilet for an individual child,1
listeria monocytogenes another look at the cinderella among pathogenic bacteria,1
discrete prostaglandin receptors in the outer cell membranes of bovine corpora lutea,1
wuchereria bancrofti microfilarial antigen in the diagnosis of human filariasis by skin test,1
plasmodium knowlesi in the marmoset callithrix jacchus,1
thus strictly anaerobic eubacterium sp and fusobacterium sp that colonized gnotobiotic mice caused a reduction in the in vivo population levels of a strictly anaerobic bacteroides sp,1
the findings recorded in birds differed considerably from the findings obtained in laboratory mammals in which the hypokinesis induced significant changes in endocrine functions body weight decrease and proteosynthesis disorders,1
experimental paragonimus infections in monkeys may serve as a model in studies on human paragonimiasis in eastern nigeria and westcameroon,1
six days after the first injection these rabbits and controls were injected intradermally in multiple sites with bcg the vaccine strain of tubercle bacillus,1
eimeria tenella anticoccidial action of drugs in birds with surgically closed ceca,1
for condylactis toxins ld100 ranges from 2 to 66 mugkg carcinus maenas,1
haemophilus influenzae was the most frequent cause and together with streptococcus pneumoniae accounted for all sequelae s pneumoniae was responsible for most fatal cases,1
the relationship between tannin content of mature intact cured peanut seed and percent seed colonization by aspergillus parasiticus was examined,1
in addition rabbits immunized with re mutant bacilli developed bacteremia less frequently than the others indicating that antibody to re may inhibit invasion of the intestinal mucosa as well as protect after bacteremia has developed,1
dysfunction of sarcoplasmic reticulum in rabbit and human steroid myopathy,1
3 bioassays with rats and chickens on sorghum sorghum vulgare pers barley and field beans vicia faba l,1
a new genus paraophioidina gn with type species paraophioidina haeckeli mingazzini 1891 and a new species lankesteria ormieresi sp n are described,1
a high proportion of seropositive animals was found in three other mammalian species 4 of 4 black bears ursus americanus 2 of 3 bobcats lynx rufus and 2 of 8 norway rats rattus norvegicus tested,1
the fucosyl specific lectins of ulex europaeus and sarothamnus scoparius,1
the kinetics of the bactericidal activity of 80 vol of fresh human serum against representative delayed serumsensitive dss and promptly serumsensitive pss strains of serratia marcescens were further examined with regard to various chemical and absorption procedures known to affect various components of the alternative and classical pathways of human complement activation,1
the functions of prefrontal cortex in the tree shrew tupaia belangeri,1
in order to study the incidence of salmonella in animals and to determine their role in the epidemiology of human salmonellosis in algeria a search for salmonella was carried out in 1 795 animals of various zoological groups and species,1
sympathetic function was unimpaired by supramaximal paralysing doses of 05 and 1 mgkg in cats but was reduced 2041 by comparable neuromuscular paralysing doses of 1 and 2 mgkg in rhesus monkeys these doses decreased carotid arterial pressure by 2236,1
cell cycledependent expression of proteins reacting with antihuman antiserum in a somatic cell hybrid between human and hamster cells,1
homing of lymphoblasts from the mesenteric lymph node or thoracic duct lymph to the small intestine is increased in rats and mice infected with nippostrongylus brasiliensis or trichinella spiralis and the increase is antigenically nonspecific,1
a specific sensitive and rapid radioreceptor assay rra employing membranes from bovine testes as receptor and 125ihlh as radioligand has been developed for measurement of human lh in serum,1
1 mono and polyinfections with clostridium perfringens and coccidia with reference to cage managemen,1
counterimmunoelectrophoresis in the diagnosis of meningoencephalitis by diplococcus pneumoniae and hemophilus influenzae,1
shigella staphylococcus micrococcus and bacillus were the most sensitive,1
the stimulation index was lower after cona than after pha stimulation,1
a tuberculin testing trial in cattle was carried out in the republic of ireland to compare the specificity for bovine tuberculosis of a human purified protein derivative ppd tuberculin weybridge with that of a bovine ppd rotterdam and to determine whether discrimination between specific and nonspecific reactions to mammalian tuberculin is better with doses of tuberculins smaller than those traditonally used for testing cattle,1
in behavioral studies tramadol in high doses had a primarily stimulating effect in mice and rats and a sedative effect in rabbits and dogs,1
faecal weight increased by 12 on bran 69 on cabbage 59 on carrot 40 on apple and 20 on guar gum,1
immunologic stimuli to the airway of rhesus monkeys were given by aerosol challenge with ascaris antigen or antiige,1
effect of tepa shikonin and ecdysone on the alkaline phosphatase in the larvae aedes aegypti l,1
two digenetic trematodes from the cattle egret bubulcus ibis l from puerto rico,1
seasonal changes in the prevalence of ova of diphyllobothrium ursi and baylisascaris transfuga in the feces of the black bear ursus americanus,1
fine structure of the resting eggs of the rotifers brachionus calyciflorus and asplanchna sieboldi,1
2 after cute administration of buprenorphine the spontaneous locomotor activity of mice was increased rats displayed stereotyped licking and biting movements behavioural depression was marked in guineapigs but mild in rhesus monkeys,1
toxicological and teratological studies of 2chloro112dimethylaminoethoxydibenzobfthiepine zotepine were performed in mice rats rabbits and dogs,1
stimulant effect of 5hydroxytryptamine on action potential activity in pars intermedia cells of the lizard anolis carolinensis contrasting effects in pars intermedia of rat and rostral pars distalis of fish alosa pseudoharengus,1
urine and stool specimens from 856 school children aged from 7 to 20 years and from 80 preschool children were examined for schistosoma haematobium and intestinal helminths and protozoa,1
i studies in choleva fagniezi and speophyes lucidulus authors transl,1
in some rats as well as in some cats and chickens h2c purkinje cells were entirely absent,1
onion and garlic reducec aortic atheroma by about half,1
these observations led to the hypothesis that there are two stages in the genesis of immunocompetence of t helper cells one dependent on the thymus and the other on peripheral macrophagelike cells,1
cryptococcus neoformans was recovered from droppings collected within the first 24 h from pigeons experimentally fed with a dose of 5 x 106 cells,1
the resident flora of skin surface sebaceous follicles and acne comedones pityrosporum micrococci and corynebacterium propionibacterium acnes is described,1
interactions of bovine thyrotropin and preparations of human chorionic gonadotropin with bovine thyroid membranes,1
pigeons as a reservoir of cryptococcus neoformans,1
sensitization with guinea pig ep causes an in vitro crossreactivity to bovine ep and the reciprocal crossreactivity probably also exists,1
mycoplasma synoviae as well as ib infections were found to be more common in flocks affected with colibacillosis andor in which higher proportions of birds were condemned because of polyserositis,1
interactions with amino acids showed that picrotoxin seletively diminished the postsymaptic actions of gaba while strychnine reduced the effects of taurine glycine alpha and betaalanine,1
effect of growth temperature on lipid and fatty acid compositions in the bluegreen algae anabaena variabilis and anacystis nidulans,1
diagnostic titers in neorickettsiosis in sheep cattle and swine,1
the majority of strains were subdivided into 11 clusters ps aeruginosa 1 ps putida 2 ps rathonis 5 ps syringae 8 ps pseudoalcaligenes 9 ps maltophilia 10 ps acidovorans 11 ps testosteroni 12 ps mendocina 13 ps cepacia 14 ps fluorescens 3,1
effect of tobacco and nicotine on growth of haemophilus influenzae in vitro,1
the formation of heteroagglutinins against human oerythrocytes was pursued in wistar rats splenectomized chemically by means of intravenous injections of ethyl palmitite,1
effects of parathyroid hormone on total protein calcium magnesium phosphorus sodium and potassium concentrations of normal human parotid saliva,1
recent trends in salmonella and shigella in new york city and at kings county hospital,1
4 when 005 m nacl was added to hcl solutions an enhancing effect was found in the bullfrog while a reducing effect occurred in the carp,1
behavioral role of the sexcombs in drosophila melanogaster and drosophila simulans,1
eggs of fasciola hepatica were observed in 06 per cent of the faecal samples of horses and ponies over twelve months of age 3340,1
sera of 40 normal nonimmunized rabbits were eprouved by immunoperoxidase on cultural human cells,1
dictyocaulus viviparus infestation in reindeer in northern norway,1
the dependent combination of chromosomal variants by five paracentric inversions il1 il2 iir1 iiir1 iiil1 in anopheles messeae population from the west siberia was discovered,1
the adhesive force between candida intermedia ifo 0761 and hydrocarbon was higher than that of candida tropicalis atcc 20336 though both could utilize hydrocarbon the total hydrocarbon uptake from the drop and accommodation forms of hydrocarbons was much higher than that from dissolved hydrocarbon,1
serratia marcescens in bovine mastitis,1
the differential effect of in vivo hydrocortisone on the kinetics of subpopulations of human peripheral blood thymusderived lymphocytes,1
influence of intramuscular or intravenous injection of cholecalciferol on serum calcium phosphorus and magnesium levels in the bovine,1
electrically evoked activity in the submuscular ventral longitudinal nerve cords of notoplana acticola is depressed by gaba and glycine in the presence of high magnesium concentrations,1
from 11 north american veterinary university hospitals and clinics 248 animals were a confirmed diagnosis of nervoustissue tumor were identified 7 tumors were found in cattle 28 in horses 14 in cats 199 in dogs and none in other species,1
effects of presynaptic polypeptide neurotoxins from tiger snake venom notechisii5 and notexin on frog neuromuscular junction,1
dictyocaulus viviparus infections in rocky mountain elk cervus canadensis of teton countywere surveyed by fecal analyses during spring summer and winter and by fecal analyses and necropsies during fall hunting seasons 19681973,1
the distribution of nocardia asteroides eppinger blanchard the main causative agent of nocardiosis in humans and animals in the soils of the ukrainian ssr was studied,1
this protein has 3 tryptophan residues trp60 trp104 and trp118 all of which are accessible to the reagent at ph 27 or 7 trp60 of human alphalactalbumin is much more reactive than trp60 of bovine alphalactalbumin barman t e 1972 biochim,1
gaba metabolism in the brain in irradiation of the area of the head with 60co gamma rays,1
the absence of translational barrier between caulobacter crescentus and escherichia coli,1
it may be shown that the noacetals have both germistatic activity mainly versus staphylococcus aureus bacillus subtilis aspergillus niger and penicillium glaucum and germicidal activity versus the gramnegative testgerms especially pseudomonas aeruginosa,1
convergences in segment pattern sloths with pottos and lorises marmosets with tree shrews owl monkeys with galagos cebus with macaques as well as divergences are documented,1
therapeutical trials with antimicrobial agents and cultured cecal microflora in salmonella infantis infections in chickens,1
effect of drugs given to the feeding host rabbit on glossina palpalis gambiensis,1
arachis peanut oil injections can increase the incubation period of experimental scrapie in mice,1
effect of ascaris suum and other adjuvants on the potentiation of the ige response in guineapigs,1
histopathological lesions in infected chickens were hypoplasia of the thymus bursa and spleen and inflammation of the proventriculus kidneys and liver,1
enlargement and increased movement of cerebrospinal fluid in the central canal has been proposed as a compensatory mechanism in hydrocephalus in humans,1
covalent human igghorseradish peroxidase complexes can also be used in a triple sandwich in conjunction with human antiviral or autoimmune antibodies,1
agglutinin activity is also inhibited by desialysed fetuin which bears terminal galactose residues but not by native fetuin desialysed agalactofetuin bovine submaxillary mucin and desialysed bovine submaxillary mucin,1
the kdepleted rat does not seem to be an entirely satisfactory model of the human disease hypokalaemic periodic paralysis,1
rabbit antibodies to bovine basement membrane collagen were used to compare the antigenic determinants of rat parietal yolk sac basement membrane 14cprocollagen with 14cprotocollagen,1
the effect of chlorhexidine on the proportions of streptococcus mutans and streptococcus sanguis in plaque was studied in hamsters fed a diet containing 28 sucrose,1
the specific uptake by rat liver of human hgh and bovine bgh ghs labeled with 125i was studied by an in vivo procedure,1
increases in laryngeal cancer in britain and australia in relation to alcohol and tobacco consumption trends,1
heterotransplantation of human stomach carcinoma in nude mice,1
25 strains klebsiella pneumoniae 20 strains escherichia coli 15 strains citrobacter freundii 7 strains and proteus spp,1
delta9tetrahydrocannabinol delta9thc the psychoactive component of marijuana in concentrations of 06 x 104 m to 106 x 104 m has no effect on the deoxyribonucleic acid dna synthesis of resting normal human lymphocytes or on their responses to phytohemagglutinin or to allogeneic lymphocytes,1
comparison of rabbit and normal human muscle patterns shows many similarities but much additional work is required to confirm identifications,1
transient diminutions in the phagocytic capacity of polymorphs was found for staphylococcus aureus and escherichia coli in one patient and e coli only in two patients up to the 4th postsurgical day,1
carboxyl groups of native human fibrinogen were modified with glycine methyl ester and 1ethyl33dimethylaminopropylcarbodiimide,1
4 inhibition of the agglutinating activity of helisoma hemolymph could be accomplished with nacetyldgalactosamine but this sugar had no effect on the activity of biomphalaria agglutinins,1
the postcranial skeletons of the triassic mammals eozostrodon megazostrodon and erythrotherium,1
growth kinetics of colpoda steinii on escherichia coli,1
human sera did not react with bpv antigens and bovine sera showed no evidence of antibodies against hpv 1 in contrast 19 of all bovine sera tested reacted with bpv 1 and 2 antigens and 35 of human sera revealed antibodies against hpv 1 no serologic evidence was obtained for heterologous infections of persons exposed preferentially to cattle farmers butchers and patients with qfever,1
aeruginosa 5 other strains of pseudomonas 7 klebsiella in 9 k,1
fragilis group of bacteria ie b distasonis b ovatus b thetaiotaomicron b uniformis and b vulgatus,1
the reactivity of sulfhydryl groups in the normal lenses of albino rat rattus norvegicus berkenhaut and guinea pig cavia porcellus linnaeus,1
pharmacologic data on the compounds prepared are consistent with our earlier proposals of a biologically significant conformation of dopamine for emesis the pecking syndrome in pigeons and other physiological effects,1
the antibacterial activity of human milk is not infleunced by the o h or k antigens of e coli and is effective against other gramnegative organisms eg salmonella klebsiella proteus,1
electron microscopic study of presumptive photoreceptor cells in the aboral organ of the ctenophore beroë cucumis,1
enteric infection due to yersinia enterocolitica does not appear to be common in australia and selective culture methods using cold enrichment techniques do not appear to be justified especially in laboratories handling specimens derived mainly from adults,1
antigenicity of the human zona pellucida,1
interactions of outer membrane proteins o8 and o9 with peptidoglycan sacculus of escherichia coli k12,1
restriction fragments 203 and 144 base pairs in length bearing the escherichia coli lac control region have been reconstituted with the core histones from calf thymus to form nucleosomes,1
the role of elastase in the differentiation of bacteroides nodosus infections in sheep and cattle,1
prevalence of sporozoites of leucocytozoon smithi in florida blackflies,1
nucleoluslike bodies in micronuclei of cultured xenopus cells,1
i studies on the thermal sensitivity of pathogenic avian mycoplasmas mycoplasma synoviae mycoplasma gallisepicum and mycoplasma meleagridis,1
immunological crossreaction between the bovine and the human enzymes,1
growth of staphylococcus and salmonella on frankfurters with and without sodium nitrite,1
inoculation of vicia sativa l and medicago sativa l with rhizobium in the soil of the colorado river in the bonarense valley,1
the morphology of the parasite was indistinguishable from the observed in the natural host macaca fascicularis and the common laboratory model macaca mulatta,1
the leukocyte response can be elicited either by spermatozoa from the epididymis or by semen from vasectomized bucks but is not elicited by ovulation with human chorionic gonadotropin,1
two grazing trials using sentinel lambs were undertaken to measure changes in the availability of eggs within 30 metres of deposition by dogs infected with taenia hydatigena,1
when given to cattle as a single oral dose at 01 mgkg avermectin b1a was 95 effective in reducing the numbers of haemonchus placei ostertagia ostertagi including inhibited l4 larvae t axei t colubriformis c oncophora cooperia punctata oesophagostomum radiatum and dictyocaulus viviparus,1
rosacea and mast cell stabilisers,1
plasmodium vivax and plasmodium falciparum were found in the blood smears of 44 of the people mostly in the younger age groups,1
n s cruzi s ovicanis s bertrami doflein 1901 s miescheriana kühn 1865 lankester 1882 i ohioensis dubey 1975 i canis nemeséri 1959 isospora sp n dubey and isospora sp n trayser and todd are recognized in dog canis familiaris feces and s hirsuta s tenella s muris blanchard 1885 labbé 1899 b besnoiti marotel 1912 henry 1913 besnoitia sp n frenkel t gondii nicolle and manceaus 1908 nicolle and manceaux 1909 t hammondi frenkel 1974 levine and nye 1976 i rivolta grassi 1879 wenyon 1923 and i felis wenyon 1923 are recognized in cat felis catus feces,1
3methylindole has been shown in previous work to cause pulmonary edema and emphysema in cattle and goats,1
2 new species of gregarines parasites of annelides pleurocystis eiseniellae of eiseniella tetraedra savoligochaeta pterospora petaloprocti of petaloproctus terricola quatr,1
populations of the spinach wilt pathogen fusarium oxysporum f sp spinaciae in the root tissues rhizosphere and soil in the field,1
the irritative property of dextranase to the rabbit skin and eye and to the hamster cheek pouch report iii authors transl,1
the use of trishcl buffer for inoculation of tomato protoplasts with tobacco mosaic virus,1
antibodies to calf nuclear estrophilin were shown to crossreact with the nuclear receptor of rat uterus as well as with the extranuclear receptor of calf rat mouse and guinea pig uterus and of human breast cancer,1
evidence is presented here that leishmania tropica or their products suppress the in vitro proliferative response of normal human lymphocytes to mitogen and specific antigens,1
methanobacterium ruminantium and methanosarcina barkeri contained low levels of f420 whereas other methanogens tested contained high levels 100 to 400 mgkg of cells,1
the ld50 value was lower in rats than in rabbits mice and dogs,1
extracts of guineapig and human skin epidermis were analyzed for prostaglandins pge1 e2 and f2alpha by radioimmunoassy and found to contain a total of 620 guinea pig and 1447 human nggm wet weight,1
v the inhibitory activity of normal vaginal fluid on proteus mirabilis and pseudomonas aeruginosa,1
metapolystoma cachani a parasite of ptychadena longirostris peters has been discovered in the ivory coast,1
species differences in serotoninergic in innervation and secretory activity of rat gerbil mouse and rabbit subcommissural organ,1
participation of the hippocampus in regulating a pathologic inactive motor reaction in dogs,1
the prevalence of salmonella organisms in wild birds is reviewed briefly,1
the enzyme purity as shown by analytical polyacrylamide gel electrophoresis was 50 from hyphomicrobium x and 40 from pseudomonas ami,1
ii characterization of the thy1 tla and ig phenotype of peanut agglutininpositive cells in adult embryonic and nude mice using double immunofluorescence,1
the isolation and partial characterization of the acid proteases a1 and a2 ec34236 from aspergillus oryzae grown on solid bran culture are described,1
tyrptic peptide compositions of hemoglobins from mink mustela vison and hyena hyaenae hyaenae and the alphachain of coatimundi nasua nasua,1
baseline conditions are described and control values for plasma mhpg of human volunteers rhesus monkeys and rats are presented,1
gaba levels in cerebrospinal fluid of patients with huntingtons chorea a preliminary report,1
the vascularization of the pars intermedia of the hypophysis of the toad bufo bufo l was studied by injection of a mixture of indiaink and gelatine into the circulatory system of the head via the arteria carotis communis,1
duration of oestrus was 120  10 days n  7 and the oestrous cycle length was 472  54 days n  6 for a captive jaguar,1
positive results were obtained in 3023 of the products of animal origin monkeys dogs chickens pointing to the wide spread of these serogroups in nature,1
the nature of the thymus dependency of mucosal mast cells,1
as these leucocytes may be important in immunity to treponema pallidum the initial interaction between human phagocytes and pathogenic t pallidum nichols strain was studied in vitro,1
thirtyseven strains of the genus haemophilus and five strains of streptococcus pneumoniae were examined for their ability to produce extracellular enzyme that cleaves immunoglobulin molecules,1
brugia pahangi and dirofilaria immitis experimental infections in the ferret mustela putorius furo,1
although 60 percent of the protein in tiger snake notechis scutatus scutatus venom consists of the basic persynaptically neurotoxic and myotoxic phospholipases notexin and notechis ii5 and other phospholipase homologs such as notechis ii1 several postsynaptic curaremimetic neurotoxins are present in small amounts,1
similarly low values were observed in bufo marinus and in rana pipiens,1
rabbits weighing 2 to 3 kg with induced candida endophthalmitis in the left eye were given 5 mgkg and 10 mgkg pimaricin intravenously,1
experimental infection of hyalomma plumbeum panz rhipicephalus rossicus jak,1
the effect of small numbers of adherent and phagocytic cells on the human peripheral blood lymphocyte response to pha was examined by depleting these cells from lymphocyte preparations,1
two strains of the nonserratia enterobacteriaceae one each of citrobacter freundii and proteus morganii and two strains of pseudomonas aeruginosa produced a color change in the medium,1
relation between storage cooking time and available lysine in cow peas vigna sinensis,1
depression produced by gaba was antagonized by picrotoxin or bicuculline while glycineproduced depression was selectively antagonized by strychnine,1
i experimental otitis media due to vaccinia virus in hamsters,1
we have measured the activities of epoxide hydrase in microsomes and glutathione sepoxidetransferase and glutathione saryltransferase in cytosol fractions of liver lungs kidneys and small intestine from fetal and neonatal guinea pigs and rabbits,1
antibody responses to varicellazoster virus herpes simplex virus type 1 and cytomegalovirus were measured,1
rabbit antibodies against d pteronyssinus whole culture extract were rendered specific to mite antigens by immunoabsorption with extract of human dander,1
antibodies to herpes adenovirus and avian gs sarcomaleukosis antigens were detected but there were no antibodies to sv40,1
the plasma low density lipoproteins ldl of rhesus monkeys fed 3 atherogenic diets exhibited thermal transitions at temperatures much higher 3743 degrees c than those observed in control animals or in normal humans 2033 degrees c,1
the supragingival and subgingival dental plaque flora of macaca arctoides and macaca fascicularis monkeys were examined using mylar strip impressions direct smears and culture techniques,1
acanthosis nigricans presenting as hyperkeratosis of the palms and soles,1
carriage of yersinia enterocolitica serotype 3 by pigs as a source of human infection,1
multiplication of leishmania in human macrophages in vitro,1
trimethylamine is produced by pseudomonas putrefaciens a nondefined group resembling ps putrefaciens photobacterium spp,1
the reaction with human igg included thermostable and thermolabile igm antiimmunoglobulins but in that with rabbit igg only thermostable antibodies were active,1
this property was not transferred to the prototrophic e coli k12 strain from citrobacter 3 strains salmonella 39 strains proteus 44 strains klebsiella pneumoniae 33 strains or pseudomonas aeruginosa 44 strains,1
the reaction in human spermatozoa differs from the chemically induced reaction in other species in that plasma membrane microfilaments prominent in the boar and tubularlike elements prominent in boar rabbit and monkey sperm are not observed,1
by this method the antitg antibody was also detected in the sera of rabbits immunised with human tg earlier than that detected by the trc and double diffusion tests,1
proteus mirabilis citrobacter intermedius staphylococcus aureus haemolyticus and staphylococcus albus produce extracellualr proteinases with maximum activity at ph 78,1
fplasmid transfer from escherichia coli to pseudomonas fluorescens,1
both guinea pig and rabbit hearts were tested with various reagents,1
peripheral blood mononuclear pbm cells from donors with a history of prior infection with herpes simplex virus varicellazoster virus andor cytomegalovirus were cultured for 2 to 8 days with glycineextracted antigens prepared from these viruses and from infectious bovine rhinotracheitis virus,1
a crimean hemorrhagic fevercongo chfc virus antibody survey was carried out in iran with sera from man and several animal species this survey was done by means of agar gel diffusion precipitation agdp test with the following results percent positive of number tested men 13 of 351 sheep 38 of 728 goats 36 of 135 cattle 18 of 130 camels 0 of 157 small mammals 3 of 274,1
specificity studies with bovine prl ovine prl human luteinizing hormone human folliclestimulating hormone and bovine growth hormone showed this binding to be specific,1
a morphological and histochemical study has been made of the primordial and early growing oocytes in the ovaries of crow corvus splendens and common myna acridotheres tristis,1
the effect of several derivatives of ureidosuccinic acid on the growth of escherichia coli 387 staphylococcus aureus strain 209 and its mutant uv2 sarcina lutea candida tropicalis and neurospora crossa 9863 as prescreening systems for antitumor activity was studied,1
the ultrastructure of penetrating stages of babesia major infecting the ovary of haemaphysalis punctata,1
all the 200 staphylococcus intermedius and 100 staphylococcus hyicus strains were resistant to the used 58 phages at rtd,1
the eggreleasing mechanism and transmission ecology of capillaria hepatica among norway rat populations of the baltimore zoo were studied from 1972 to 1974,1
a new endocrine gland in the antennal segment of the crayfishes orconectes limosus and astacus astacus,1
pairing between adults of nippostrongylus brasiliensis and other species of nematodes in vitro,1
sequential administration of cronolone and prostaglandin f2alpha for estrus synchronization in goats,1
experimental transmissions of leishmania mexicana amazonesnis lainson  shaw between hamsters by the bite of lutzomyia flaviscutellata mangabeira,1
in an attempt to find clues for the significance of the gene ordering along the eukaryotic chromosome a system consisting of germinating conida of neurospora crassa was studied,1
an equivalent antigen was detected in sera from mus musculus casteneus but not in sera from mus cervicolor,1
secondary functional cheilorhinoplastie consists of restoring the normal insertions and orientations of the labionarinary muscles which they do not usually have after an initial cheiloplastie and this during the period of growth,1
a high sensitivity of guinea pigs to the excess of thyroid hormone in comparison with such in dogs was shown,1
rabbit antihuman antiserum was easily detected at a titer of 1106,1
the calf had been in close contact with young cats one of which was killed and examined and shown to have a high antibody titre to toxoplasma gondii although there was little histological evidence of infection,1
human fibroblasts were infected with vervet cytomegalovirus vcmv and cultured in medium containing 50 micrograms of cytosine arabinoside per ml for 72 h early antigens eag were detected in the nuclei of infected cells by an indirect fluorescent antibody test with human sera having antibody to eag of human cytomegalovirus hcmv,1
relationship between the atpase activity actomyosin and cardiac myofibrils of dogs rats and frogs and their physiological characteristics,1
bacterial strains of haemophilus species and streptococcus pneumoniae were examined for synthesis of the enzyme immunoglobulin a1 iga1 protease,1
e coli were also predominant in urine but followed by enterococci proteus and pseudomonas,1
this complex consists of necrotizing lesions in the periventricular white matter and in the gray nuclei of the cerebral hemispheres the hippocampus and subiculum cerebellar folia and white matter and basis pontis,1
a patient who had been exposed to ticks and who had also been bitten by a laboratory rat developed fever headache and a rash,1
cebus monkey were less mature at birth than squirrel monkeys in terms of body weight and brain weight in proportion to adult weight,1
the results show that this antibiotic is nonmutagenic in the ames strains of salmonella typhimurium while mutagenic in only one and antimutagenic in the rest of the genes tested in the eukaryotic organism saccharomyces cerevisiae,1
changes in the blood cortisol levels during the first week of life in calves bos taurus and lambs ovis aries,1
effects of in vivo cadmium exposure on atpases in gill of the lobster homarus americanus,1
investigation of antibodies against fasciola hepatica in moose alces americana,1
effect of ampicillin and chloramphenicol against streptococcus pneumoniae and neisseria meningitidis,1
structureactivity relationships of gaba and its relatives on the excitability of an identified molluscan giant neurone achatina fulica férussac,1
on average rabbit sera reacted more strongly with rabbit sperm that with guinea pig sperm but the difference fell short of statistical significance p  005 and there was considerable variation between sera in their antisperm activities,1
ultrastructural studies of leucocytes which form rosettes with homologous erythrocytes in human auto immune haemolytic anaemia,1
benzotrichloride btc benzal chloride bdc benzyl chloride bc and benzoyl chloride boc were surveyed for their mutagenicity in microbial systems such as recassay using bacillus subtilis and reversion assays using e coli wp2 and ames salmonella ta strains with or without metabolic activation in vitro,1
studies were performed on the course of infection relapse and immunity to reinfection in 11 young pigeons infected with the avian malaria parasite haemoproteus columbae kruse,1
cefuroxime inhibited betalactamaseproducing neisseria gonorrhoeae and haemophilus influenzae,1
ultrastructure of sarcocystis sp from the malaysian house rat rattus rattus diardii,1
induction of ethanolamine ammonialyase formation in escherichia coli required both the ethanolamine and vitamin b12 and was gratuitous during growth on glycerol,1
chronic immune complex formation was induced in rabbits by daily administration of 125 g bovine serum,1
fish and frogs were found to offer ncv organisms possibilities to persist while migratory birds such as stock ducks import them even from tropical areas,1
thirtyseven independently cloned segments of drosophila melanogaster dna dm segments were individually tested for their ability to promote the synthesis of new polypeptides in escherichia coli k12,1
latipes 708 liacarus coracinus 20 and platynothrus peltifer 11,1
the acidic ribosomal phosphoprotein of eukaryotes and its relationship to ribosomal proteins l7 and l12 of escherichia coli,1
negative reactions are encountered with trophocoites of endolimax nana jodamoeba bāutschlii and dientamoeba fragilis,1
bovine factor viii contains slightly less sugar than the human preparation as judged from the relative dansyl hydrazine staining intensities,1
identification and drug sensitivity of tubercle bacilli from addis ababa ethiopia,1
conditions for splitting protodioscinethe main glycoside from tribulus terrestris l by the enzymatic preparation from aspergillus niger bkmt33,1
a comparison of visualresponse properties in cats parabigeminal nucleus and superior colliculus,1
lymnaea rubiginosa infected with 1 to 5 miracidia of echinostoma audyi for 1 2 3 and 5 weeks and snails infected with up to 10 or 20 miracidia for 3 weeks were exposed to copper cu as cuso4 2 hr and allowed to recover 48 hr,1
serotests were conducted on axis axis axis and fallow dama dama deer at point reyes national seashore to determine their status with respect to nine diseases enzootic to the native blacktailed deer odocoileus hemionus columbianus or to resident dairy cattle,1
local experience with granulocytemacrophage progenitor cells in human leukaemia and aplastic anaemia,1
neutralising antibodies to bovine virus diarrhoea virus were commoner in nigerian sheep than goats while precipitating antibodies offered an alternative but less reliable indicator of previous infection,1
adults squirrel monkeys and newborn rhesus monkeys became infected and shed small quantities peak titer 1020 pfuml of nasopharyngeal swab specimen of virus but illness did not develop,1
ps5 a new betalactam antibiotic has relatively potent antimicrobial activity against grampositive and gramnegative bacteria especially the enterobacter groups serratia marcescens the proteus groups and klebsiella pneumoniae,1
results of detailed studies on tissue reactions to cysticercus bovis in the heart of cattle together with a comparison of findings in animals with spontaneous and experimental infection and an evaluation of tissue reactions in relation to the location morphology and morphogenesis of c bovis provided evidence for the fact that in general the response of the heart to the presence of c bovis was an inflammatory reaction characterized by the origin of a pseudoepithelial border and a zone of granulation tissue,1
different behavior of 22 strains of emmonsia cifferi and montemartini 1959 a monilial fungus in the lungs of laboratory mice in comparison with their parasitic morphology in vitro,1
the escherichia coli cell division gene sep which probably codes for one of the penicillinbinding proteins has been cloned into lambda charon 10 to form a viable sep transducing phage,1
selective hydrolysis of phosphatidylcholine species which are selectively radioactively labelled in vivo does not appear to interfere with a radiochemical assay for hydrolysis of microsomal phosphatidylcholine by ctype phospholipases from bacillus cereus or clostridium perfringens,1
the regeneration of the cerata was studied in aeolidiella soemmeringi leuckart 1828 by light and electron microscopy,1
typec virus particles were revealed by electron microscope in 6 of 9 tumours of cultured and biopsied human cancers heterotransplanted into nude mice,1
rabbits immunized with an extract from one species produced precipitating antibodies against the injected extract withich crossreacted with extracts from other species of harvester ant but not with other stinging hymenoptera,1
specificities of rabbit antihuman insulin receptor antibodies,1
of the three routes of infection used guinea pigs were most susceptible to listeria injected via the intracardial route,1
staphylococcus aureus opsonization was studied kinetically by 1 determination of the uptake of 3hthymidine labelled bacteria by human pmns 2 fluorescent antic3 and antiigg staining of opsonized bacteria and 3 measuring bacterial complement consumption,1
antiepidermal cell sera aes were obtained by immunizing rabbits with enzymatically dispersed viable guineapig epidermal cells followed by absorption with guineapig red blood cells spleen and thymus cells and liver powders,1
tetrahydromenaquinones with eight isoprene units were found in arthrobacter simplex and arthrobacter tumescens and with nine isoprene units in cellulomonas and oerskovia,1
histological study of the effects of lactobacillus drinks on human teeth,1
guinea pig inoculation showed that the lform of c perfringens did not produce gas gangrene although it was not entirely without effect,1
thymusdependence and kinetics of intestinal mast cells and globule leucocytes,1
an iridovirus from larvae of culiseta annulata and culex territans,1
nutritive utilization of protein was studied in three age weight rainbow trout salmo gairdnerii groups fed on a 375 caseinprotein diet,1
when antisera specific against bovine pp bpp were used immunoreactive parenchymal cells were observed in the endocrine pancreas and in the gastrointestinal tract of the teleost bony fish cottus scorpius as well as in the pancreas of the elasmobranchian cartilaginous fish squalus acanthias,1
paratuberculosis was diagnosed in a herd of 62 fallow deer dama dama and 38 sika deer cervus nipon maintained in an animal park in ohio,1
at both dose levels oxfendazole showed 100 per cent efficacy against adult ostertagia ostertagi o lyrata o cremensis fifth stage ostertagia spp and adult haemonchus spp,1
grew well in tryptosebroth tb that contained 015 mg propolis pr ml medium while streptococcus viridans and streptococcus agalactiae were completely inhibited as seen in table ii table iii shows that when serum was added to the agar the inhibitory effect was reduced,1
groups of 4 guineapigs were immunized with acid extracts prepared from bovine myelin ef normal human liver tissue and malignant or benign neoplastic tissues in freunds complete adjuvant fca1,1
determination of base pairing in escherichia coli and bacillus stearothermophilus 5s rnas by infrared spectroscopy,1
in humans its ketone group is rapidly reduced to an alcohol whereas in rats mice and dogs its butanoic sidechain is rapidly oxidized to the corresponding acetic acid,1
the species included in the genus metathelazia were therefore grouped on the basis of the form of cephalic structures in 5 types booliati multipapillata acomysi capsulata and rodentium,1
description of dipetalonema loxodontofilaria faini n sp parasite of cephalophus nigrifrons,1
splenic thetapositive lymphocytes in infected nude mice were shown to increase only at day 10 or more postinfection,1
the system consists of a teflon cannula passed down the external jugular vein with the tip in the superior vena cava,1
the larval midgut epithelium of lepidopteran insects eg hyalophora cecropia and manduca sexta actively transports potassium from hemolymph to lumen when mounted in a chamber,1
brucella antigen preparations for in vitro lymphocyte immunostimulation assays in bovine brucellosis,1
markedly increased parasitemia and mortality were observed in athymic nude mice which had been backcrossed on a balbc background t cell deficient compared to similar mice which had been grafted with neonatal balbc thymus and were also observed in balbc mice suppressed from birth with goat antiserum to mouse muchain b cell deficient compared to age and sexmatched balbc controls,1
twentytwo strains of soil bacteria including representatives of the genera bacillus micromonospora mycobacterium nocardia streptomyces thermoactinomyces and pseudomonas and 10 unidentified gramnegative motile rodshaped bacteria were shown to degrade aldrin to its epoxide dieldrin,1
dietary garlic onion and some coagulation parameters in jain community,1
acremonium recifei as an agent of mycetoma in india,1
the isolation of brucella abortus biotype i from african buffalo in the kruger national park,1
in modified tyrodes solution 17 betaestradiol at concentrations between 01 microgramml and 320 nmolesml was effective in increasing human spermatozoal forward migration,1
the effects of hyperlipidemia on lipoprotein metabolism in squirrel monkeys and rabbits,1
the dogs and rabbits electrical stimulation of the vertebral nerve reduced the pressure in the carotid and the vertebralbasillar arterial systems leaving the general arterial pressure unaltered,1
the speciesspecific inactivation in concluded from various lines of evidence to be atpsitedirected and is attributed to alkylation of an amino acid residue of the rabbit enzyme which in the pig and carp enzymes is absent inaccessible or less reactive,1
the natural resistance of cattle to infection with mycobacterium paratuberculsis in relation to their immunological reactions is recorded,1
three new species are described namely myxobolus uvuliferis sp n in the fibrous capsule surrounding the metacercariae of uvulifer ambloplitis hughes 1927 myxobolus magnaspherus sp n in the parietal peritoneum and myxobolus dechtiari sp n in the gills,1
effect of cholera toxin on the antiviral and anticellular activities of human leukocyte interferon,1
consistent removal of hymenolepis nana occurred only at 125 parts per million whereas removal syphacia obvelata was complete at all levels,1
phagocytosis of living 3hthymidine labeled staphylococcus albus and staphylococcus aureus organisms but not of listeria monocytogenes was markedly enhanced,1
the predominant anaerobes were the bacteroides fragilis group propionibacterium acnes peptococcus other bacteroides and peptostreptococcus organisms,1
dictyocaulus arnfieldi cobbold 1884 infects the respiratory tract of horses donkeys mules hinnies and zebra,1
cultures showed the fungus to be rhizopus oryzae,1
the appearance and distribution of densecore vesicles in the stomatogastric ganglion of the spiny lobster panulirus interruptus were examined using transmission electron microscopy,1
transcription and translation of cloned drosophila dna fragments in escherichia coli,1
the use of tetracyclines on the chemotherapy of experimental east coast fever theileria parva infection of cattle,1
1 many mono and divalent cations and anions showed stimulating actions in the bullfrog and the carp,1
the feasibility of utilizing neonatal human foreskins grafted to congenitally athymic nude mice for carcinogenesis studies was explored,1
attempts to immunise rats and mice against infection with fasciola hepatica using antigens prepared from taenia hydatigena,1
studies on the ultrastructure of the rotifer habrotrocha rosa donner aschelminthes,1
stimulation of human cellular thymidine kinase activity during abortive infection with herpes simplex virus type 2,1
the rodent malaria parasite plasmodium berghei may survive im immunized swiss and c3hstz mice for a considerable period of time,1
however lithium inhibited the isoproterenolinduced increase in urinary excretion of cyclic amp in vivo 791 plus and minus 199 pmolesmin in control dogs vs,1
sheep experimentally infected with sarcocystis from dogs,1
when genetically serumresistant escherichia coli klebsiella pneumoniae and citrobacter freundii but not pseudomonas aeruginosa or proteus mirabilis were exposed to polymyxin b they became susceptible to the bactericidal action of normal human and rabbit sera,1
the fr2 segment found in one human 20 mice and 13 rabbits would have to be present in at least 1014 copies in the nzb and 56 in the balbc mouse and 1213 in the rabbit,1
this paper reports on a relative rarity the case of a 41yearold male who after receiving an original admission diagnosis of clearcut acute mania actually turned out to be suffering from herpes simplex encephalitis,1
benzodiazepines have depressant effects on the amydala or hippocampus,1
two species of 32plabelled leucine trna were highly purified from candida torulopsis utilis by successive column chromatographies,1
fluorescence in thelohania apodemi doby jeannès and rault 1963 a microsporidian parasite of the brain of the fieldmouse apodemus sylvaticus,1
effect of doxycycline on transmission of vibrio cholerae infection among family contacts of cholera patients in calcutta,1
thirtythree strains of bacteria 30 enterobacteriaceae and one strain each of aeromonas formicans a hydrophila and plesiomonas shigelloides were tested three times in each of 27 conventional tests and in the api enterotube and pathotec systems,1
we describe the use of an argon laser in human tympanoplasty,1
lophozozymus pictor toxin a potent inhibitor of synaptosomal gaba uptake,1
comparative sulfite metabolism in the rat rabbit and rhesus monkey,1
abstracts of the proceedings of the urological society of australasia 30th annual general meeting adelaide australia 1978,1
when sufficient polymer is attached the modified bovine serum albumin appears to lose its immunogenicity in the rabbit and on intramuscular or intravenous injection elicits antibodies neither to itself nor to native bovine serum albumin,1
egf and fgf are potent mitogenic agents for rabbit porcine and human granulosa cell cultures,1
for the cholera epidemic that occurred in the european mediterranean region in the summer of 1973 a simple deterministic mathematic model is proposed it consists of a system of two ordinary differential equations which concern the evolution of the human infective population in a town community and of bacteria population in the sea,1
primary hamster kidney cells were transformed by bk virus a new human papovavirus,1
human aorta aortic valves tumours joint fluid and calculus specimens were analyzed via scanning electron microscopy sem epm transmission electron microscopy tem and selectedarea electron diffraction ed,1
cutis verticis gyrata hypertrophic gastritis motrice diarhea and horses tall syndrome a new association an apudoma carcinoid or chemodectoma authors transl,1
ultrastructure and development of an exosporiumlike outer spore envelope in bacillus subtilis,1
reproductive capacity and dominant lethal mutations in female guineapigs and djungarian hamsters following xrays or chemical mutagens,1
herpesvirus saimiriinduced lymphoproliferative disease in howler monkeys,1
ascaridia platyceri nsp a new species of nematode from parrots,1
in addition trnatrp bovine can hydridize to the avian viral 35s rna and act as a primer for transcription of the rna,1
this cdna hybridised with soybean dna and not with rhizobium dna thus directly demonstrating that lb genes are of plant origin,1
preliminary studies were carried out with a cephalosporin derivative cefazolin against escherichia coli and klebsiella sp strains simulating initial concentrations of 5 10 and 20 mugml that decreased exponentially with halflives of 30 60 and 120 min,1
although we cannot be certain that this species of mycoplasma was the etiological agent of the patients acute illness this case report is of interest because to the best of our knowledge it represents the first isolation of m bovis from a human source,1
only one of the 4 unclassified strains could be typed by phage ch4 of avian group i at 1 x rtd,1
activity against ostertagia ostertagi of low doses of oxfendazole continuously released from intraruminal capsules in cattle,1
expression of human arylsulfatasea in manhamster somatic cell hybrids,1
out of 4844 cattle examined less than 2 per cent haboured cysticercus bovis cysts while cysticercus ovis cysts were found in sheep 1 per cent and goats 08 per cent,1
the ultrastructural aspects of the interaction of mycoplasma gallisepticum with specific rabbit antibody have been studied,1
human serum bovine serum albumin casein and cysteine inhibited the endogenous activator at concentrations that did not influence the collagenase activity,1
a specific immune adherence ia test for hepatitis a antibody in human serum was described employing liver extract of marmosets infected with cr326 strain human hepatitis a virus,1
ea binding cells were studied with indicator systems of human or rabbit antibody sensitized red cells respectively,1
studies on the respiratory uptake and excretion and the skin absorption of methyl nbutyl ketone in humans and dogs,1
the histochemical studies were carried out in the open and closed stomata of phaseolus mungo leaves,1
effect of bay 2222 in the pouron method on dictyocaulus and trichostronglides in cattle,1
comparative study of a standardized senna liquid and castor oil in preparing patients for radiographic examination of the colon,1
phloem parenchyma and companion cells from four species of legumes phaseolus vulgaris l melilotus alba desr desmodium canadense l and dolichos lablab l were examined electron microscopically to estabish the presence structure and development of pprotein,1
biochemical characterization of some species of trypansoma schizotrypanum from bats microchiroptera,1
the coccidia found in these animals included nine species of the genus eimeria e zuernii e bovis e ellipsoidalis e subspherica e auburnensis,1
chloramphenicolresistant myxococcus virescens were obtained by infecting myxococci with escherichia coli specialized transducing phage p1cm,1
xanthoma formation by human betalipoprotein immune complex in rabbit blood stream authors transl,1
out of this area as pedunculus cerebri and zona incerta very low concentrations were detected,1
a sequential bacteriological and serological investigation of rhesus monkeys immunised against dental caries with streptococcus mutans,1
cholera toxininduced glycoprotein secretion in rabbit small intestine,1
the effect of karbatox 75 a carbaryl insecticide upon the development of tadpoles of rana temporaria and xenopus laevis,1
thermoplasma acidophilum a mycoplasmalike organism grows optimally at 56 degrees c and ph2,1
vocal signals consist of a range of intergrading grunts and shrieks olfactory signals of apparent scent marking with the anogenital region forehead and palms of the hands visual signals of mainly unritualized body movements and postures,1
inhibition of human monocytemacrophage and lymphocyte cytotoxicity to herpes simplexinfected cells by glucan,1
among the toxigenic e coli strains that bound to human buccal mucosal cells there was no correlation with mannoseresistant hemagglutination mrha of guinea pig and human erythrocytes,1
movement of horseradish peroxidase in the cornea sclera and the anterior uvea,1
the first had a crystalline internum and was found only in the order anseriformes which included the blacknecked screamer ducks geese and swans,1
three months of drug claims from two medicaid programs were reviewed for potential ddis involving digitalis preparations antihypertensive agents rescinnamine deserpidine guanethidine methyldopa reserpine rauwolfia serpentina extracts and coumarin anticoagulants,1
the concept is expressed that borrelia developed as symbionts of ticks especially argasidae but act as parasites in mammals and birds ,1
the ocular manifestations of herpes zoster varicella infectious mononucleosis and cytomegalovirus disease,1
sulphafurazole active against c trachomatis but not u urealyticum in vitro produced a clinical response in 7 of 7 men with cu ngu,1
effect of secondary metabolites of native species of senecio myzodendron and flotowia on bacterial populations,1
haemophilus influenzae and haemophilus parainfluenzae in chronic obstructive pulmonary disease,1
a statistical review of the children born to human mothers taking lithium in pregnancy shows up an increase in the incidence of cardiovascular abnormalities,1
on the distributive patterns of phosphatases and nonspecific esterase and their functional aspects amongst the constituents of the photoreceptors of the indian medicinal leech poecilobdella granulosa savigny 1822,1
transmission was determined for cooperia spp haemonchus placei ostertagia ostertagi and trichostrongylus axei,1
rabbits capable of producing antibodies of restricted heterogeneity in response to micrococcus lysodeikticus are equally capable of producing antibodies of restricted heterogeneity to bovine serum albumin,1
the ethanolic phosphotungstic acid pta technic was used to detect at the finestructural level basic proteins in various developmental stages of pathogenic trypanosoma cruzi and nonpathogenic herpetomonas samuelpessoai leptomonas samueli and crithidia deanei trypanosomatids,1
contagious caprine pleuropneumonia ccpp can be produced experimentally in goats using cultures of m mycoides subsp capri,1
the distance separating the paired bands reflecting each allele provides a basis for two groupingsa broadspaced group including all species of oncorhynchus tested excepting o masou and a narrowspaced group including all species of salmo tested and o masou,1
the susceptibility of the lemming dicrostonyx rubricatus to mycobacterium paratuberculosis was studied,1
wounds were prepared in the oral cavity of 15 rabbits and five dogs and an enzymesolubilized calfskin collagen was placed over the surgery sites on one side,1
the prevalence of antibodies to mycobacterium johnei in colostrum deprived lambs,1
the nadplinked enzyme activity was found in all the strains except c tetanomorphum the nadlinked enzyme activity in 12 strains8 strains of enteric bacteria 2 strains of pseudomonas ag tumefaciens and c tetanomorphumand dmalic enzyme activity in 4 strainsa aerogenes ifo 3319 and 12059 ps fluorescens and r rubrum,1
2 crayfish and rabbit skeletal myosins were subjected to sdspolyacrylamide gel electrophoresis,1
good correlations were observed between the plasma leveltime curves of these drugs in the stomachemptyingcontrolled rabbits and in human subjects,1
the bacteriophage used for rapid identification of y pestis reacted with representative strains of all recognized species of shigella as well as with salmonella choleraesuis,1
in the cases with duodenal ulcer chronic atrophic gastritis and intestinal metaplasia were limited mostly to the antrum with gastric ulcer and cancerous stomach disorders they also occurred in other stomach sections,1
a retrospective study of osteomyelitis in dogs and cats,1
variations of the sensory system of the cercaria of schistosoma mansoni and their possible relation to the epidemiology of bilharziasis,1
in vivo effect on atpase in certain tissues of labeo rohita and saccobranchus fossilis following chronic chlordane intoxication,1
in both rabbit and human model systems known external pressures were applied to otherwise normal limbs,1
infections with erysipelothrix leptospira and chlamydia in illinois veterinarians,1
two cases of bacterial endocarditis caused by haemophilus parainfluenzae are reported with a review of 33 other cases of h parainfluenzae endocarditis and 5 cases of h influenzae endocarditis,1
the effect of human leukocyte interferon on varicellazoster infections was compared in a placebo controlled study,1
clonidines direct action appears to be a significant depression of both rabbit and guinea pig atrial chronotropic activity,1
investigations into diseases in cattle grazing on grass pastures infected with clavicipitaceous fungi have resulted in the isolation and characterization of erythro and threo 13indolyl propane123triol from cultures of balansia epichloë weese,1
the effects of tobacco cigarette smoke residues on rings of rabbit tracheal epithelium in organ culture were examined,1
a few resistant or less susceptible strains to gentamicin are found in e coli citrobacerr serratia pr morganii and pr rettgeri,1
expanded studies of the activities of wr194965 against infections with the smith strain of p falciparum and vietnam palo alto strain of p vivax designed to guide projected evaluations in human volunteers showed i that the activity of this compound was a function of total dose administered with single doses as effective as the same amount delivered in three or seven successive daily fractions ii that all regimens effected rapid clearance of parasitemia and iii that based on cd90s this agent was twice as active against infections with the palo alto strain of p vivax as against the smith strain of p falciparum,1
pseudomonas aeruginosa strain 9169 has been reported to contain a plasmid that expresses resistance to carbenicillin cb kanamycin km and tetracycline tc in escherichia coli but resistance only to cb in certain pseudomonas recipients,1
production of precipitating antibodies in chickens infected with salmonella gallinarum,1
these findings support the argument that variola smallpox virus can cause otitis media in humans and that viral infection of the middle ear may be the cause of hearing loss,1
structures resembling the cyst form of pneumocystis carinii were noted in the lungs of alloxandiabetic rabbits to whom spores of several species of fungi belonging to the class zygomycetes had been administered by intranasal instillation,1
the ridge observed clinically cannot be reproduced in human eyebanks eyes but can be reproduced in vivo in the eye of the owl monkey,1
there was some evidence for prophylaxis in marketweight pigs p less than 010 against lungworms metastrongylus spp but none against the whipworm trichuris suis or thick stomach worms ascarops strongylina and physocephalus sexalatus,1
effect of anoxia on the evoked somesthesic response during rabbit maturation,1
ii effect of listeria monocytogenes on growth of a guinea pig hepatoma,1
the total dominance of ostertagia leptospicularis means a marked difference from the findings of autumnslaughtered reindeer bulls where ostertagia leptospicularis was not found to be such a frequent finding but in addition several other species were found,1
the resistance to human plasma of trypanosoma brucei t rhodesiense and t gambiense iii clones of two plasmaresistant strains,1
pressure resistance of the cortical bone in horses cattle and sheep,1
the primary structure of rabbit calf and bovine liver trnaphe,1
induced segregation in interspecific hybrids of aspergillus nidulans and aspergillus rugulosus obtained by protoplast fusion,1
light evoked release of glycine from rabbit retina proceedings,1
immunization of rabbits with hsaglygammadglulaladaladala40 yielded antisera which besides the specificity of antisera to hsaglylalalaladaladala39 showed an additional specificity,1
the existence of a peculiar structural pattern of complementary villi and pores was observed on the squamous surfaces of palms and soles,1
with the exception of palladium and zinc at low concentrations these six tested elements tended to inhibit nitrogenfixation in chlorogloea fritschii and westiellopsis sp,1
a marked increase in serum immunoglobulin occurred within one day following intravenous administration of live salmonella typhimurium organisms to spf animals and this persisted for longer than 7 weeks the duration of the study this rapid elevation in serum immunoglobulin was not elicited by nonbacterial antigens killed salmonellae or viable vibrio cholerae,1
the carcinogens thioacetamide natulan auramine safrole and 1hydroxysafrole increased mitotic recombination in s cerevisiae d3 the last compound was marginally positive but they were negative in assays with salmonella typhyimurium,1
the human mixed lymphocyte reaction responder and stimulator capacities of highly purified t and nont cells and the role of monocytes,1
enterotoxin of clostridium perfringens was assayed and compared with toxicity in mice and erythemal activity in guinea pigs,1
chromosome complements of three species of callithricidae saguinus oedipus saguinus fuscicollis and callithrix jacchus were analyzed by various banding techniques,1
the most common gramnegative bacilli causing infection were escherichia coli klebsiella spp,1
an antiserum was obtained by immunization of rabbits with human thymocyte membrane fractions,1
the subclavian glomus aortic body of new zealand white rabbits was examined ultrastructurally using stereological morphometric analysis,1
trypanosoma cruzi in vitro interactions between cultured amastigotes and human skinmuscle cells,1
the extent of these spectral effects depends strongly on the at content of the complexed dna and decreased in the order poly dat clostridium perfringens dan escherichia coli dna micrococcus luteus dna and polydc,1
the influence of an xlinked recessive mutation sepia on the sex determination of a bisexual strain of sciara ocellaris was studied,1
1 the total testicular content of rna dna and protein was found to decrease sharply in hamsters with shortened photoperiod and in ground squirrels during the spring breeding season,1
the authors underline the fact that rickettsia trypanosomes and filarial forms are observed for the first time in swiss i ricinus,1
it seems that this potentialisation of curare action might be the result of either a pharmacokinetic interference competion for plasma protisen receptor sites or due to a summation of depressor actions at the neuromuscular level especially through changes in the levels of gaba andor camp,1
in competitive binding assays chicken insulin was 4 and 250 times more potent than bovine and guinea pig insulin respectively,1
brucella ovis in merino rams in western australia,1
the four recipients of iaep containing rabbit islets survived up to 4 days while the recipient of iaep containing human islets survived for 8 days,1
the time of onset of ipecacinduced emesis is not significantly influenced by the temperature of concurrently administered fluid,1
proliferative heterogeneity of advanced human tumors as exemplified by the renal adenocarcinoma bears important implications for therapy and prognosis,1
inhibition of herpesvirus plaque growth was observed when herpes simplex virus hsvsensitized rabbit lymphocytes were placed in contact with an hsvinfected human foreskin monolayer,1
allophycocyanins were purified from diverse cyanobacteria and one rhodophytan alga cyanidium caldarium,1
isolation of rickettsia of the spotted fever group sf group from dermacentor marginatus ticks in tirol austria,1
besnoitia wallacei of cats and rodents with a reclassification of other cystforming isosporoid coccidia,1
allantoinase an enzyme in the purineurea cycle was found in eudistylia vancouveri polychaeta,1
morphology of the primary damage caused by the argonion laser to the iris of the pigmented rabbit authors transl,1
cytopathogenic properties of leptospirae in cell cultures of embryonic cow swine and guinea pig kidney,1
efficiency of transovarial transmission of rickettsia tsutsugamushi in leptotrombidium arenicola acari trombiculidae,1
a noncycling activity assay for the omega subunit of escherichia coli rna polymerase,1
in 1110 cattle in 25 herds with histories of longstanding freedom from tuberculosis and in which nonspecific tuberculin sensitivity was present cross reactions were less to the bovine ppd than to the human ppd showing that in the environment of this trial the bovine ppd was more specific than the human ppd,1
significant differences exist between human and macaca fascicularis patterns of mandibular movement during mastication,1
clostridium difficile c perfringens and c tertium are very often present simultaneously in the feces of conventional diarrheic young hares whereas these three bacterial species are rarely encountered and never present simultaneously in the feces of healthy young hares,1
isolation of an actinomycete from a sea leopard hydrurga leptonyx,1
a total number of 1549 dogs from miyagi prefecture and the north coast area of fukushima prfecture were surveyed during a year from december 1976 to november 1977 for brucella canis b,1
grafts of 4 mm id were grown in rabbits and transplanted to dogs as segmental carotid and femoral artery replacements,1
fr4 from three sets of human vki chains also contained members of vkii vkiii and vkiv subgroups one fr2 set contained eight rabbit vk one human vkiv and four mouse vk and an fr4 set contained two human vhiii and one mouse vhiii indicating substantial evolutionary preservation of these sequences and suggesting that the sets of minigenes are highly conserved in the germ line,1
serratia marcescens as a pathogen of tsetse flies,1
twentysix bacteriophages which multiplied on various strains of bacteria of the genera escherichia shigella and klebsiella were studied,1
however this ratio did not increase significantly both at the 2month and 4month period when onion and garlic were added,1
1 histological and corrosioncasting techniques have been used to provide a comparison of lung structure between a terrestrial load bufo marinus and an aquatic one xenopus laevis,1
distribution of streptococcus mutans biotypes in five human populations,1
of 19 primary human breast carcinomas implanted into noninbred female nude mice 3 produced transplantable tumors,1
an attempt was made to culture yeasts mycoplasma and virus from the biopsies of rau which were also tested for the presence of herpes virus antigen by the fluorescent antibody method,1
deoxyribonucleic acid adenine and cytosine methylation in salmonella typhimurium and salmonella typhi,1
aspergillus fumigatus blastomyces dermatitidis candida albicans cryptococcus neoformans paracoccidioides brasiliensis and rhizopus oryzae have been studied with five fluoresceinlabelled lectins and with basis of differences in their reactions with these stains,1
corrections for low affinity binding components are performed measuring bound 3h17 beta estradiol in the absence and presence of nonradioactive 17 beta estradiol or diethylstilbestrol the method has been previously studied on samples from pregnant rabbit uterus and then applied on human mammary tumors,1
the protective effect of intravenously administered rabbit antitoxin serum was studied in lethal pseudomonas aeruginosa burn infections in mice,1
quality control in laboratory investigations on schistosoma mansoni in st lucia west indies,1
the efficacy of hemagglutinin containing preparations of vaccinia virus in eliciting skin immunity and hemagglutination inhibiting antibodies has been studied in guinea pigs rabbits and monkeys,1
at 48 hours 99 of human lymphocytes exposed to 200 rads of xrays are in first division whereas 45 of the rabbit lymphocytes are already in second division and 28 in third division,1
mechanism of formation spectrum and reactivity of halfreduced eightiron clostridium pasteurianum ferredoxin in pulseradiolysis studies and the noncooperativity of the fouriron clusters,1
spleen or lymph node cells from these mice were injected into syngeneic nude mice and the effect on thymusindependent synthesis of ig1b in the athymic recipients was determined,1
rabbit antisera monospecific for measles virus matrix and nucleocapsid proteins and a human antiserum containing specificities for both the hemagglutinin and hemolysin proteins were used to study the cocapping of these proteins in human lu 106 cellline chronically infected with measles virus,1
herpes virus infections in chickens control by vaccines,1
the effects of respiratory inhibitors suggested that reduction of iron occurs at one or more sites on the respiratory chain before cytochrome c reduction of iron and synthesis of protoheme with the physiological reductants were also observed with crude extracts of other bacteria including rhodopseudomonas spheroides rhodopseudomonas capsulata paracoccus denitrificans and escherichia coli,1
plasmid mediating mucosal adherence in human enteropathogenic escherichia coli,1
13 species of apiosoma were recorded from the young of esox lucius lota lota and perca fluviatilis,1
thirteen species of endoparasites were found and included six species of protozoans one trematode two cestodes and four nematodes,1
some of the bacterial and fungal agents particularly dermatophilus pasteurella salmonella shigella yersinia streptococcus staphylococcus and candida are known pathogens,1
proposed clinical rating scale for spinocerebellar ataxia,1
acute inhalation toxicity of ammonia in rabbits,1
3 the glycopeptide which was stained with both alcian blue and pas was absent or sparingly present in the mucosae of the human rabbit horse stomachs and in the mucosae of the first to third stomachs of the cow goat and sheep whereas in the mucosae of the pig dog cat guinea pig and rat stomachs and in the mucosae of the fourth stomachs of the cow goat and sheep it was found in noticeable extents,1
electron microscope study of the rodtococcus shape change in a temperaturesensitive rod mutant of bacillus subtilis,1
methanethiol production by coryneform bacteria strains from dairy and human skin sources and brevibacterium linens,1
the relation of hippocampal theta activity to arousal attentive behaviour and somatomotor movements in unrestrained cats,1
human rotavirus in young dogs,1
vibration of 100 hz was delivered longitudinally onto the sternum of anaesthetized cats and rabbits,1
toxin and antitoxin in shigella flexneri and shigella sonnei infections in humans,1
the transmission of canine ehrlichiosis to the wild dog lycaon pictus temminck and blackbacked jackal canis mesomelas schreber,1
escherichia coli rna polymerase could be made to mimic the b thuringiensis exotoxin inhibition pattern by removal of sigma from the holoenzyme,1
primary and secondary recurrent herpes simplex uveitis were studied in the rabbit eye,1
human hematopoietic cell lines which had been classified on the basis of studies on clonality and morphological chromosomal and functional parameters as lymphoblastoid cell lines lcl of presumed nonneoplastic origin and lymphoma myeloma and leukemia lines of proven malignant origin were tested for tumorigenic potential on subcutaneous transplantation to nude mice and for capacity to grow in semisolid medium in vitro,1
the spleens of twenty four goats of both the sex and the females at various phases of estrus cycle aged from 20 days to over five years have been studied for their varying histomorphology with age,1
where the boreal forest merges into prairie grassland around 53 degrees n culex tarsalis mosquitoes become prevalent and an alphavirus western equine encephalomyelitis is detected more frequently than ce virus,1
the loss of morphogenetic potential and induction of phenylalanine ammonialyase in suspension cultures of phaseolus vulgaris,1
the humoral antibody response to bacteroides fragilis infections in humans with particular reference to ss,1
two new trombiculid mites from mammals of south vietnam with locality records for six additional species acarina trombiculidae,1
9aminoacridinea frameshift mutagen for salmonella typhimurium ta 1537 inactive at the hgprt locus in human lymphoblasts,1
limulus test in escherichia coli enteritis,1
e coli proteus species and especially pseudomonas increased in number whereas enterococci decreased,1
using a standardized in vitro mouse alveolar macrophage phagocytic system lung washes from animals immunized with re 595 salmonella minnesota had significant opsonic activity for serratia marcescens but not for pseudomonas aeruginosa,1
studies on the encephalitogenic effects of purified preparations of human and bovine oligodendrocytes,1
lithium effects on social aggregation in the goldfish carassius auratus,1
purple sulfur ectothiorhodospira shaposhnikovii chromatium minutissimum lamprobacter modestohalophilus thiocapsa roseopersicina and nonsulfur rhodospirillum rubrum rhodopseudomonas palustris rhodopseudomonas spheroides bacteria are capable of forming acetylcoa synthetase phosphotransacetylase and acetokinase independent of the medium composition and growth conditions,1
the effects of irondeficiency anaemia on workers productivity were studied in a tea plantation in sri lanka,1
experimental transmission of canine babesiosis babesia canis by native german ticks 1 the brown dog tick rhipicephalus sanguineus authors transl,1
an investigation was undertaken to study the nerve endings in the pancreas of rattus rattus rufescens and gallus domesticus by cholinesterase technique,1
likewise gaba and glycine depressed ongoing phasic neural activity of both inspiratory and expiratory units,1
only recently has it been recognized that hemotropic animal parasites of the genus babesia are also human pathogens,1
n are recognized in the muscles of the ox bos taurus s ovicanis heydorn gestrich melhorn and rommel 1975 and s tenella railliet 1886 are recognized in the muscles of the sheep ovis aries s bigemina stiles 1891 comb,1
the antibiotic is active in vitro against grampositive bacteria neurospora and mycobacteria,1
after the discovery of the coccidian nature of the genera toxoplasma sarcocystis besnoitia and frenkelia and after the discovery of the new genus hammondia the number of known species rose to over 30,1
mast cells in the human brain,1
congenic strain of biolpa male mice were experimentally infected with leishmania donovani 3s strain from the spleen of a hamster donor,1
ocular manifestations in filariasis caused by onchocerca volvulus and by loa loa,1
this study examined the relationship of subclinical depression psychopathy and hysteria mmpi to reported alcohol consumption and abuse mast scores in a normal population of 1821 yearolds,1
ethane oxidation was studied in ethanegrown resting cells mycelia of an acremonium sp and in cellfree preparations of such mycelia,1
alloaggression in chickens,1
the results suggest that gaba and glycine may play a role in the neural regulation of prl secretion,1
in cholesterolfed rabbits arterial lesions were similarly distributed but the majority of lesions in longer surviving transplants were fattyproliferative and some bore close resemblance to chronic human coronary atheroselerosis,1
comparative evaluation of human leukocyte and fibroblast interferon in the prevention of herpes simplex virus keratitis in a monkey model,1
an investigation of the distribution and prevalence of hookworms in dogs and cats was carried out during the year 1976 in the area of jakarta,1
proceeding from the results obtained the authors rule out any teratogenic and embryotoxic activity of the mycelium of polyporellus squamosus under the aforegoing experimental conditions,1
inflammatory reactions due to oral candidaexposure in euthymic and athymic nude mice authors transl,1
the effect of purified wildtype rna allorna on genetic reversion of inositolrequiring mutant 89601 of neurospora crassa is described,1
transfer of bovine j bloodgroup activity to human erythrocytes in vitro,1
effect of ochratoxin and aflatoxin on serum proteins complement activity and antibody production to brucella abortus in guinea pigs,1
in the case of the rabbit sheep and human proteins a 17alphaethynyl17betahydroxyl function could replace the acetyl side chain,1
pseudomonas aeruginosa strain k pak bears polar pili that promote infection by at least six bacteriophages,1
these immune goats came from widely scattered localities including counties where human cases have been confirmed,1
cricket paralysis virus and drosophila c virus serological analysis and comparison of capsid polypeptides and host range,1
the identification of new serotypes of haemophilus pleuropneumoniae parahaemolyticus and the frequency of pleural adhesions due to contagious pleuropneumonia in many fattening swine herds have prompted the study of the complementfixation cf test as a diagnostic tool for use in swine,1
ionic stimulation of the olfactory epithelium in the bullfrog and the carp,1
specific stains and cultures for mycobacterium fungi etc,1
comparative ultrastructural study of the apical ridge of the limb buds of embryos of the slowworm anguis fragilis l and of embryos of the green lizard lacerta viridis laur authors transl,1
this apparently is the first reported case of corneal perforation due to a mixed infection of helminthosporium species and mima polymorpha,1
thiotepa in the management of anorectal condylomata acuminata report of two cases,1
localized binding of dolichos lectin to the early ascidia embryo,1
molecular cloning of polyoma virus dna in escherichia coli oncogenicity testing in hamsters,1
two models hamster and rabbit cornea were selected for assays of protection afforded by tilorone dihydrochloride against herpes simplex hsv and vesicular stomatitis viruses vsv,1
the possibility has rarely been seriously considered that it might be damage to some structure in the ventromedial quadrant of the temporal lobe other than the hippocampus that is responsible for the amnesia,1
an infectious disease caused by the brucella canis germ was determined in czechoslovakia in 1973 in laboratory breeding stock of the beagle dog,1
anaesthesia of the ranch mink mustela vison and ferret mustela putorius furo,1
mixed culture of cells alone did not produce a proliferative response while culture of cells from the immunizing rabbit together with antiidiotypic plasma resulted in a potent reaction irrespective of the presence of plasma from the immunizing rabbit,1
rplasmids from a number of trimethoprimresistant escherichia coli and citrobacter sp were studied after transfer to e coli k12 hosts,1
mouse protective capabilities of escherichia coli hybrids expressing salmonella typhi antigens,1
prostaglandin f2alpha binding sites in human corpora lutea,1
the anthelmintic efficacy of albendazole against gastrointestinal roundworms tapeworms lungworms and liverflukes in sheep,1
from mycetoma madurella mycetomii nocardia braziliensis n asteroides and actinomadura spp,1
higher levels of krill meal exceeding 15 and 11 in the first and second period of feeding respectively reduced the weight gains and feed intake of chickens,1
plasminogen was found to be present in bovine milk by crossreactivity between rabbit antiserum to plasminogen and casein prepared from milk by acid precipitation,1
peptidoglycans prepared from cell walls of group b and l streptococci staphylococcus aureus staphylococcus epidermidis and streptococcus pneumoniae produce fever effects comparable to the response after group a streptococcus peptidoglycan,1
the signal from fruiting body and conus tips of dictyostelium discoideum,1
phytohemagglutinin pha was capable of inducing noncytotoxic histamine release from human leucocytes,1
the insect flagellae crithidia sp contains 5 enzymes reminiscent of plant parasitism which were absent from or of very low specific activity in parasites of the genera trypanosoma and leishmania,1
morphology and location of densecore vesicles in the stomatogastric ganglion of the lobster panulirus interruptus,1
the importance of these results with regard to the roles of gaba and glycine as neurotransmitters in both spinal and supraspinal levels of the amphibian neuraxis is discussed,1
ataxia was the prominent symptom in three while positional nystagmus and vertigo were consistent findings in all four cases,1
during studies of renal tumorigenesis induced by estrogen in syrian hamsters we have observed that about 15 to 20 of animals develop bladder lesions with an increased wet weight of tissue from 02 g to 04 to 17 g histological examination of the lesions showed a spectrum of changes from inflammatory reactions to squamous metaplasia and intense hyperplasia of the transitional epithelium,1
gaba receptors and ionic channels in onchidium neuron,1
stimulation of parturition in a viviparous lizard sceloporus jarrovi by arginine vasotocin,1
littleknown parasite of wild birds ixodes caledonicus nuttall 1910 in the fauna of the ussr ixodoidea ixodidae,1
chlorine temperature and exposure duration effects of power plant effluents on juvenile blue crabs callinectes sapidus and grass shrimp palaemonetes pugio,1
thymidine kinase tk dna polymerase and dnase activities were induced in human foreskin fibroblasts after varicellazoster virus infection,1
obtaining hyperimmune anticoli antiescherichia human plasma,1
125 samples showed a candida species 45 samples showed a torulopsis species and 16 tests identified a trichosporon species,1
humans had thicker enamel than pongids while the macaque had the thinnest,1
the effect of dibenzepin a tricyclic antidepressant drug on electrically induced ventricular fibrillation was studied in 20 cats and nine dogs,1
ammons horn commissural responses in young rabbits,1
female guinea pigs were experimentally infected in the genital tract with the strain of chlamydia psittaci that causes guinea pig inclusion conjunctivitis,1
the biological cycle of caryophyllaeus brachycollis janiszweska 1953 cestoda carophyllaeidae a parasite of barbus meridionalis risso 1826 in the south of france,1
techinques are described which permit the identification and isolation of uvsensitive variants from mutagenized populations of chinese hamster ovary cho cells,1
formazan cells were less numerous in the peripheral blood of vervet monkeys cercopithecus aethiops receiving a o proteinlow calorie diet than in animals fed a full or a protein but not calorie deficient diet,1
animals taken in tasmania including duck anas superciliosa eel anguilla australis english perch perca fluviatilis whitefaced heron ardea pacifica brown trout salmo trutta european starling strunus vulgaris cat felis cattus cormorant phalacrocorax sp mutton bird puffinus tenuirostris tasmanian devil sarcophilus harrisii rainbow trout salmo gairdnerii tasmanian raven corvus mellori tench tinca tinca and quail coturnix sp were sampled for ppdde ppptde ppddt lindane dieldrin and hexachlorobenzene,1
two strains of shigella flexneri and one of shigella sonnei were studied for toxin production in vitro,1
no correlation between the immunopathologic pattern of herpes gestationis and that of the other bullous diseases which cause subepidermic bullae was found,1
two species belonging to the genus micropolyspora are proposed to assign to the new genus as excellospora viridinigra and excellospora rubrobrunea,1
helminth parasitisms among intermingling insular populations of whitetailed deer feral cattle and feral swine,1
amphicotyle ceratias sp n pseudophyllideal amphicotylidae a parasite of the marine fish ceratias holboelli,1
the three groups are i virulent treponema pallidum nichols strain ii t phagedenis and its biotypes reiter and kazan 5 and iii t refringens biotypes nichols and noguchi,1
dogs were studied 24 wk after an ameroid constrictor was placed around the left anterior descending lad coronary artery,1
pentamidine in chemoimmunisation of cattle against babesia bigemina infection,1
immunophyletic relationships between actinomycetales and eubacteriales determined by examinations of their cytoplasmic antigens,1
the dermal surface of the human epidermis has an alveolar or honeycomb appearance due to the elevation of the epidermal ridges and numerous pits for the dermal pegs,1
sensitive solidphase radioimmunoassay for detection of human immunoglobulin g antibodies to varicellazoster virus,1
cariogenic virulence of streptococcus mutans aht mutants with altered in vitro adherence abilities in hamsters,1
receptive field properties of optic tract fibres from oncenter sustained and transient cells in a tree shrew tupaia chinensis,1
dynamics of mast and plasma cell distribution in the lymph nodes of a mouse infected with a pathogenic strain of treponema pallidum,1
progesterone and 5 alphapregnane320dione in serum of peripartum rhesus monkeys,1
carbonic anhydrase has been localized with an immunoenzyme bridge technique in the following sites in paraffin sections of fixed rodent tissues gastric parietal cells the brush border of enterocytes in the small intestine superficial nongoblet cells of the colon selective segments of the nephron glial cells erythrocytes and adipose cells,1
action of iodophoric disinfectants and chlorhexidinecontaining preparations on humantype tubercle bacilli,1
splitting of dna in rat thymus nuclei by serratia marcescens endonuclease has been studied,1
the structure and cytochemistry of the neurosecretory cells in ocypoda platytarsis milne edwards crustacea brachyura,1
in rabbits experimentally infected with t brucei or t rhodesiense both homologous antit,1
a primary mesenteric branch of the superior mesenteric artery was embolized with amicarmixed clots in seven dogs and with gelatin sponges in five dogs,1
mast cells in solitary glomus tumors a possible algogenic role,1
nine samples showed p acnes combined with p avidum four samples from patients with acne conglobata showed p granulosum or p avidum only,1
lectin and human blood group determinants of schistosoma mansoni alteration following in vitro transformation of miracidium to mother sporocyst,1
half the chickens in each group were given a single dose of glucagon 150 microgramskg and the other half received a control solution of glycine buffer,1
distribution and prevalence of spotted fever group rickettsiae in ticks from south carolina with an epidemiological survey of persons bitten by infected ticks,1
deoxyribonuclease activity in the mycelium of streptomyces aureofaciens authors transl,1
antazoline produced hypotension in chloralosed dogs and spinal cats a peripheral action,1
groupspecific human granulocyte antigens are serologically detectable with granulocytotoxicpositive human alloantisera on a cell line k562 of chronic myelogenous leukemia origin which bears a philadelphia chromosomal marker,1
ultrastructure of the spermatozoid of centrorhynchus milvus ward 1956 paleacanthocephala polymorphidae,1
comparisons of serological tests for babesia in british cattle,1
use of morphophysiological characteristics for differentiation of the species of prototheca,1
the mutagenicity of eight fusarium toxins mono di and triacetoxyscirpenol t2 toxin deoxynivalenol 3acetyldeoxynivalenol zearalenone and moniliformin and of two positive controls aflatoxin b1 and sterigmatocystin to histidinerequiring strains ta 98 100 1535 and 1537 of salmonella typhimurium was tested both with and without metabolic activation,1
study of the immunogenicity of the pseudomonas aeruginosa polyvalent corpuscular vaccine in human volunteers,1
six california bears and one from wisconsin contained more than one trichina per gram a level considered capable of inducing clinical trichinosis in man,1
cardiorespiratory relationships during eupnoea and respiratory arrhythmias in the port jackson shark heterodontus portusjacksoni,1
detection of nucleolus organizer regions in chromosomes of human chimpanzee gorilla orangutan and gibbon,1
delivery of estradiol by this method in the poaah region yielded an increased incidence of postpuberal vaginal estrus a decrease in the number of corpora lutea and in many but not all led to abolition of estrogenprogesterone induced lh surges after castration and estrogen replacement,1
the sensitive specific growth response to choline activity of the thermophilic enteric yeast torulopsis pintolopessi enables estimation of free and bound choline activity in rat and human fluids and tissues as little as 10 ngml of choline is measurable,1
in experiments with drosophila melanogaster we marked the egg deposition medium with ethanol acetic acid peppermint oil or benzaldehyd,1
intracellular crystalbearing vesicles in the epidermis of scleractinian corals astrangia danae agassiz and porites porites pallas,1
eight dogs had semen parameters determined preoperatively 2 timesweek for five weeks and postoperatively 2 timesweek for twelve weeks,1
development of axolotl and xenopus eggs is not arrested before the blastula or gastrula stage,1
laryngeal paralysis in adduction after coma,1
ch and mm excluded epicoccum but are of potential use in surveys that focus sharply on high concentrations of cladosporium,1
an electron microscopic india ink technique for demonstrating capsules on microorganisms studies with streptococcus pneumoniae staphylococcus aureus and neisseria gonorrhoeae,1
carp myosin remained in solution till the modification of about 52 surface myosin remained in solution till the modification of about 52 surface amino groups whereas no precipitation effect was noted in case of rabbit myosin,1
acute toxicity of the leaves and extracts of dichapetalum barteri engl in mice rabbits and goats,1
congenitally athymic nude mice exhibited an anomalous high resistance against infections with the facultative intracellular parasite listeria monocytogenes and other bacterial pathogens,1
a fluorimetric method is described for a simple sensitive and reproducible assay for angiotensini converting enzyme in human and guinea pig sera,1
4 species byssodon maculata ussuriana gnus malyshevi albipes g pavlovskii prosimulium ex gr hirtipes are mass bloodsuckers,1
initiation of polypeptide synthesis in a cellfree system of escherichia coli directed by alfalfa mosaic virus rna 4 was studied by using either fmettrna or acphetrna as initiator trna,1
1 the 120fold purification of ethanolamine ammonialyase from escherichia coli extracts to apparent homogeneity is described,1
transport of tetracyclines through the bacterial cell membrane assayed by fluorescence a study with susceptible and resistant strains of staphylococcus aureus and escherichia coli,1
i a comparison of responses to excretorysecretory es products of nippostrongylus brasiliensis and nematospiroides dubius worms,1
oocysts and sporocysts of eimeria funduli sp n are described from the gulf killifish fundulus grandis on the basis of light microscopy transmission and scanning electron miscroscopy and location in the liver of infected hosts,1
the binding factor did not react with antihumanalfa2macroglobulin antiserum from rabbit,1
the invasiveness of staphylococcus aureus and staphylococcus epidermidis for the mammary gland of the mouse,1
p pachydermatis ps aeruginosa and candida tropicalis occurred in monoculture in a significant number of mainly chronic cases of otitis externa,1
mosquito breeding and the natural parasitism of larvae by a fungus coelomomyces and a mermithid nematode romanomermis in paddy fields in pondicherry,1
colpoda steinii was grown in twostage continuous cultures with escherichia coli as prey species,1
mr r cronje cominister of health at the third rhodesia nurses association congress held at the monomatapa hotel salisbury 1978,1
aryl hydrocarbon benzoapyrene hydroxylase is present and inducible in buffalo rat liver cells in culture,1
immunoelectrophoresis showed that rabbit antihuman alphafetoprotein afp crossreacts with monkey afp which was not detectable in the serum from an adult nonpregnant monkey,1
females of c variipennis were commonly observed biting deer swine cattle and occasionally man,1
chromatin nucleolus ribosomes and mast cell granules are contrasted,1
nephrotoxic nephritis was induced in spraguedawley and munichwistar rats by the injection of rabbit antirat kidney serum,1
although candida and fusarium species grew out within four days of inoculation one fourth of the cultures did not become positive until 14 to 19 days had elapsed,1
serum or spleen cells from hamsters immune to infection with treponema pallidum strain bosnia a conferred partial protection against syphilitic infection by the same strain on recipient hamsters,1
damage to the aortic valve cusps by the jet of blood ejected through the discretely narrowed left ventricular outflow tract predisposes to the development of infective endocarditis in both dogs and human beings with discrete subaortic stenosis,1
schistosoma japonicumlike egg from a human from central kalimantan indonesia,1
effect of bromocriptine on the prolactinlike cell of nectophrynoides occidentalis amphibia viviparous anura optical and electronic microscopical studies,1
total doses range from 2001000 mgkg in mice and from 100500 mgkg for mastomys and hamsters,1
1 using derivatives or nonsymmetrical analogs of alphaalphatrehalose we studied the catalytic specificities of trehalases from various species pseudomonas fluorescens melolontha vulgaris porcine and human kidneys,1
besides escherichia coli salmonella klebsiella indolenegative proteae and other species also indolpositive proteae serratia marcescens enterobacter and many pseudomonas aeruginosa strains are inhibited by this compound,1
thirteen of 24 patients had at least one episode and usually two or more episodes of neisseria meningitidis or neisseria gonorrhoeae bacteremia or both,1
malformed vertebrae in cricetulus migratorius grey hamster a case report,1
moreover the nonapeptide laladisoglullysdalagly5ome also shows a definite effect,1
intergeneric conjugational crossing of escherichia coli with salmonella typhimurium,1
research on some severe morphological alterations in bufo and rana embryos induced by a magnetic field,1
tritiumlabeled complementary rnas to two cloned sea urchin dna sequences one coding for histones h1 h2b and h4 and the other for h2a and h3 were hybridized in situ to high resolution human chromosomes,1
a radioimmunoassay for plasma acth has been developed utilizing highly purified human acth li labelled with 125i by the lactoperoxidase method as a tracer and an acth antibody produced by immunization of rabbits with acthz organon,1
eosinophilia in kenyan baboons papio anubis induced by trichinella spiralis and schistosoma mansoni,1
the injection of bacterial lipopolysaccharides salmonella typhimurium and escherichia coli lps has been shown to induce thymocytotoxic autoantibodies in various strains of mice c57bl6 balbc dba2 akr aj and c3hebfej,1
twentyfive came from endemic areas in north east argentina chaco formosa misiones corrientes and northern santa fe and the remaining three from paraguay,1
comparative study of ethynyloestradiol metabolism in the rabbit guinea pig and rat,1
it was neither micronor macrofilaricidal in either jirds or cats but did affect embryogenesis,1
corn and sorghum plants were grown on soils with either inorganic or sludge fertilizer for the purpose of producing herbage for use in feeding trials with meadow voles,1
while on intermittent catheterization 52 urinary tract infections occurred half caused by grampositive cocci 24 by gramnegative bacilli and 2 by candida albicans,1
carriage of cryptococcus neoformans in the crops of pigeons,1
potentiation of haloperidolinduced catalepsy by benzodiazepines may be due to enhancement of gabaergic transmission within the globus pallidus,1
the researches carried out on calves 19521953 and over 3000 guineapigs rabbits and rats in the forlanini institute of rome for five years are remembered,1
a parallel study of human bronchial mucosa was achieved with peroxidase labeled ricinus communis lectins this study characterized goblet cells and mucous cells which contain mucins and serous cells which are involved in the synthesis or the secretion of the other glycoproteins,1
complement activation by propionibacterium acnes and bacteroides melaninogenicus,1
24 patients with acute epididymitis were examined and underwent urethral and urine cultures for neisseria gonorrhoeae ureaplasma urealyticum herpessimplex virus chlamydia trachomatis cytomegalovirus and gramnegative aerobic bacteria,1
sera from cattle with single or mixed infections of fasciola gigantica,1
nocardicin a a new monocyclic betalactam antibiotic exerts a comparatively potent antimicrobial activity against gramnegative organisms especially pseudomonas aeruginosa the indolepositive and indolenegative proteus groups except pr morganii serratia marcescens and the neisseria groups,1
occurrence of yersinia enterocolitica in the throat of swine,1
histologically some given human cells had positive evidence of disease while bovine cells in others gave a mild response,1
we have established soluble cellfree preparations from rabbit reticulocytes rat liver and escherichia coli that degrade abnormal protein in an atpdependent fashion,1
quantitative evaluation of phosphatases in the uteri of two indian insectivores hemiechinus auritus collaris gray and suncus murinus sindensis anderson in relation to the estrous cycle,1
filaments of the candida albicans in human serum authors transl,1
soil sediment enrichment cultures yielded a coryneform bacterium capable of growing in a mineral salts solution with acetylene gas as its only source of carbon and energy,1
fatty acids of phosphatidylcholine phosphatidylethanolamine phosphatidylserine and monophosphoinositide were studied in the whole brain in the forebrain and the brain stem in the frog rana temporaria tortoise emys orbicularis hen and cat,1
various observations on the findings of trypanosomatides of the blastocrithidia genus naturally infecting triatominae in the laboratory and in the field,1
relative proportions of actinomyces viscosus and actinomyces naeslundii in dental plaques collected from single sites,1
the c3 cleavage products c3c and c3d were tested for their ability to alter the immunoproliferative response of human peripheral mononuclear cells to the antigens slo and sksd and to the mitogens pha and pwm,1
the natural history of giardia muris has been studied in inbred mouse strains and hypothymic nude mice derived from a specific pathogenfree facility,1
the permeability of capillaries in rabbit muscle spindles intramuscular nerves and extrafusal muscle to intraaortically infused horseradish peroxidase hrp was studied,1
gymnosphaera albida has been found on the sponge sycon ciliatum in the menai straits north wales during the months of may to december,1
in a fiveyears field trial the influence of two winter catchcrops rye and rape upon the incidence of cercosporella herpotrichoides has been studied,1
among the strains tested so far were streptococci staphylococci escherichia coli pseudomonas protest salmonella shigella and haemophilus,1
inoculation of rada1 asl1 and erld murine leukemia cells into the peritoneal cavities of c57bl6j x atlf1 mice hyperimmunized against thymusleukemia tl cellsurface antigens rendered most cells insensitive to lysis in vitro by guinea pig complement even in the presence of tl antiserum,1
both diseases are characterised by sudden onset high mortality icterus anaemia haemoglobinaemia methaemoglobinaemia haemoglobinuria and deeply pigmented kidneys,1
we studied the following effects of 4nqo on normal human and normal rodent cells 1 cytotoxicity 2 dna rna and protein synthesis 3 incorporation of 4nqo into cells and time course changes of the drug bound with macromolecular substances in cells 4 dna repair synthesis and 5 chromosomal changes,1
distinct images of dogs adrenal medulla have been obtained 4 days after iv injection of 15 mci of 131i orthoiodobenzyldimethyl2hydroxyethyl ammonium,1
immunotypic resistance to n gonorrhoeae in immunized mice was significantly p less than 001 increased by injection of exogenous guinea pig complement into the host before challenge with gonococci,1
ultrastructure and antigens in differentiation of thymus lymphocytes in human embryogenesis,1
morphology and functional changes in nude mice grafted with embryonic and adult bovine thymus,1
characterization and induction of aryl hydrocarbon benzoapyrene hydroxylase in rabbit bone marrow,1
qualityand quantitywise goats serum appeared to be better than rabbits serum,1
fractionation of cerastes cerastes and cerastes vipera snake venoms by gel filtration and identification of some enzymatic and biological activities,1
precipitating antibodies to equine infectious anaemia virus were detected only in serum samples from two horses imported from abroad,1
trichophyton verrucosum and microsporum canis have been found found for the first time in mali,1
a comparison is made with the aa protein in another murine model as well as aa proteins from human guinea pig monkey and mink amyloidosis,1
hybrid toltn401 plasmids stably express the cbr phenotype in pseudomonas aeruginosa and escherichia coli,1
bovine brucellosis eradication australia,1
antibodies against babesia and besnoitia could be detected in various domestic and laboratory animals,1
in experiments with 650 broiler chickens from 1 to 28 and from 29 to 56 days to fattening krill meal was added to the standard feedmixture in lieu of fish meal and dried skimmilk and at higher levels also in lieu of soyabean oilmeal,1
parasitization of mature and immature erythrocytes by plasmodium berghei plasmodium yoelii and plasmodium chabaudi authors transl,1
comparative study of the protein makeup in diploid and haploid forms of saccharomyces and pichia,1
human larva migrans visceralis infections with toxocara in the german federal republic,1
eight to sixteenfold increased concentration of human and rabbit igg was needed to block the binding of immune complexes,1
thus the vhiii genes must have started to appear after the evolutionary divergence of the common ancestor of mammals and birds from the amphibian line,1
this model of induction of bone and softtissue tumours in rats by injection of a colloidal suspension of radioactive cerium chloride offers the possibility of more comprehensive physiopathological and kinetic studies of these tumours and may constitute a good model for their human counterparts,1
preparation of specific immune sera against rabbit skeletal pig and human cardiac heavy meromyosins,1
horseradish peroxidase hrp was injected into cervical thoracic lumbar and sacral segments of 18 cats,1
the chemotherapy of rodent malaria xxix dna relationships within the subgenus plasmodium vinckeia,1
naturally acquired coccidia infection in lambs in otago,1
differential sensitivity of herpes simplex virus types 1 and 2 to human interferon antiviral effects of interferon plus 9betadarabinofuranosyladenine,1
however its mutagenic activity in drosophila has been disputed and the available evidence suggests that it is neither mutagenic in mammals nor synergistic with other mutagens although at very high doses it appears to have some teratogenic activity in mammals,1
the species of methane oxidizing bacteria should be divided into the following genera methylosinus whittenbury phillips a wilkinson 1970 methylocystis whittenbury phillips a wilkinson 1970 methylococcus foster a davis 1966 methylomonas leadbetter 1974,1
this procedure employs diethyl ether extraction followed by ria utilizing rabbit anti11 alphahydroxyprogesterone 11hemisuccinylbovine serum albumin progesterone11 alphabsa serum progresterone3ocarboxymethyl oximino125iiodohistamine progesterone3125i as radioligand and goat antirabbit gamma globulin as second antibody,1
a serum protein in the grivet cercopithecus aethiops immunologically crossreacting with human pregnancy zone protein pzp is found in males as well as in nonpregnant females,1
the exoerythrocytic stages of plasmodium fragile in macaca mulatta monkeys,1
the rabbits did not respond to heterologous gammacrystallins unless these were injected with freunds adjuvant containing mycobacteria,1
the bacterial and mycotic flora were assessed in 158 ears of dogs with otitis externa and in 101 ears of healthy control dogs,1
the majority were synergistic infections with an anaerobic peptococcus eikenella or bacteroides and an aerobic streptococcus,1
fourteen of these animals were macaca mulatta five macaca fascicularis and one each of macaca nemestrina aotus trivirgatus saimiri sciureus and colobus guereza,1
on the receptors of human red cells reacting with phaseolus coccineus l lectin,1
transmission of spironucleus and giardia spp,1
plasmodium gallinaceumparasitized chicken erythrocytes in a practical hemagglutination test for igm antibodies in human malaria,1
to fill in some of the gaps in our knowledge of schizogony of haemoproteus columbae kruse transmission experiments involving inoculation into pigeons columba livia gmelin of sporozonites from salivary glands of the hippoboscid fly pseudolynchia canariensis macquart were carried out,1
differential diagnosis between streptococcus agalactiae and listeria monocytogenes in the clinical laboratory,1
synovial membranes from human and rabbit joints were observed by scanning electron microscopy,1
induction of longterm tolerance in the quokka setonix brachyurus by thymus and skin allografts into early pouch young,1
concentrations of a highly purified rabbit polymorphonuclear leukocyte fraction that rapidly caused irreversible loss of viability of escherichia coli s15 but reversible envelope alterations produced no recognizable morphological changes as studied by freezefracture electron microscopy,1
during the induction of dependence there was an initial increase in brain glycine a sustained increase in brain tyrosine and reductions in brain gaba and proline,1
cultivation of trichomonas gallinarum and trichomonas tenax on a trimed medium,1
amyloidosis in rabbits used to feed tsetse flies glossina spp,1
earthworm pheretima communissima and pheretima hilgendorfi hemoglobins giant assemblies and subunits,1
antibodies to native receptor from torpedo and electrophorus reacted slightly with each of the chains of the corresponding receptor,1
2 typical signs and symptoms of radiation sickness transient body loss and radiation mortality in gerbils and houserats were apparent whereas the hedgehogs were not affected at this dose level,1
polymorph migration stimulator is a supernatant factor produced by the interaction between glucocorticosteroids and human blood monocytes in culture,1
six other dogs which were not tested prior to infection had titres to encephalitozoon after experimental infection,1
sensitivity of duffy negative erythrocytes in aotus monkeys to plasmodium vivax,1
carcinoma of the larynx was seen in seven alcoholic vs two nonalcoholic hamsters supporting the evidence in humans that alcohol is a factor in epidermoid carcinogenesis of the larynx,1
in the thymus spleen and bone marrow of adult guinea pigs 1430week human fetuses and the peripheral blood of sterile men there were found cells capable of forming the rosettes with homo or heterologous spermatozoa rfc,1
blocking experiments showed that rhesus monkey thymocytes share thymic antigenic determinants with humans,1
eightytwo coyote fecal samples were collected from eastern colorado and examined for coccidia,1
the propagation of the 698x virus in five human four mouse permissive for n and btropic mulv two rat and one bovine cell lines was followed by rt xc syncytia assays and em investigations,1
reaction to intradermal injection of tuberculin from mycobacteria tuberculosis of the avian type proved to be negative in all the 505 students examined who never came in contact with fowl farms,1
effect of actinomyces viscosus on the establishment and symbiosis of streptococcus mutans and streptococcus sanguis in spf rats on different sucrose diets,1
epidemiological study of shigella dysenteriae 1 in 2 communities of the guanacaste province costa rica 1975,1
polypeptide chains composing acetylcholine receptors from the electric organs of torpedo californica and electrophorus electricus were purified and labeled with 125i,1
mast cells as adjudged by the metachromatic staining of their cytoplasmic granules were found in 79 of the 97 humans brains studied,1
furunculosis of salmonids vaccination attempts in rainbow trout salmo gairdneri by formalinkilled germs,1
emma4 examinations of dogs hearts after coronary ligation,1
absorption of horseradish peroxidase by neonatal pig intestinal epithelium effect of escherichia coli 055b5 on absorption,1
preparation and antibacterial activity upon micrococcus luteus of derivatives of iturin a mycosubtilin and bacillomycin l antibiotics from bacillus subtilis,1
passive protection of mice against pseudomonas aeruginosa using specific antisera and immunoglobulin fractions induced by immunizing rabbits with a ribosomal vaccine is reported,1
plasmodium cynomolgi plasmodium knowlesi and plasmodium berghei sporozoites before and after incubation with immune serum were studied after freezefracture by electron microscopy,1
heteroantibodies present in normal rabbit serum nrs are toxic to human b lymphocytes t lymphocytes and monocytes,1
survival curves have been obtained for haploid and diploid saccharomyces cerevisiae of the wildtype strain and the sensitive mutant rad511 exposed to gammarays and alphaparticles,1
isolation and characterization of photosystem i and ii membrane particles from the bluegreen alga synechococcus cedrorum,1
the respiratory chain of thiobacillus ferrooxidans the reduction of cytochromes by fe2 and the preliminary characterization of rusticyanin a novel blue copper protein,1
this parallelism is absent in species with portional mode of reproduction  crenomytilus grayanus and modiolus difficilis,1
isolation of yersinia enterocolitica was performed on healthy humans animals and food and growth of y enterocolitica on sliced ham at various temperature ranges was also examined,1
twelve groups of 1250 fleas were fed on three viremic cottontails for 221 days before transfer to 12 susceptible rabbits,1
human peripheral blood lymphocytes pbl were found to be highly cytotoxic to a human malignant melanoma target cell line after the pbl were cultured in medium supplemented with 20 fetal bovine serum fbs,1
comparative titrations show that immunofluorescence on infected rabbit kidney cells is relatively as sensitive as the neutralization test for the detection of antibodies to the infectious bovine rhinotracheitis virus,1
the antigenic relationship between syringospora clausseni and the salmonella c1 group o antigen,1
anthelmintic efficiency of oxfendazole fenbendazole and levamisole against naturally acquired infections of ostertagia ostertagi and trichostrongylus axei in cattle,1
crossreactivity between neisseria gonorrhoeae and neisseria meningitidis was manifested by the pbl transformation responses in patients with gonorrhoea to nonpurified meningococcal antigen mgci,1
search for inhibitors against herpes simplex virus typei in cell extracts derived from human lymphoblastoid cell lines,1
pityrosporum orbiculare the presumed etiologic agent of tinea versicolor was cultured in vitro and antigenic extracts prepared from the cultured organisms,1
the release of granulocyte elastase and its interaction with plasma protease inhibitors was studied in dogs receiving a slow infusion of a lethal dose of escherichia coli endotoxin,1
at cornua uteri and urine bladders of rabbits excisions were undertaken,1
myxococcus fulvus nk 35 has been shown to produce a soluble hemolysin which lysed rabbit human horse and sheep erythrocytes,1
the aim of the present work was to examine the sensitivity of human spermatozoa from oligospermic and normospermic semen samples to manipulations in the course of isolation by generally used procedures,1
exposure of either thymus or bone marrow cells to thy1 alloantiserum partially inhibited the binding of 125icholera toxin ct by the cells,1
electron microscopic structure of the oidium oospora fragrans a producer of lipase,1
the rare presence of the ph1 chromosome in chronic myeloproliferative disorders other than chronic granulocytic leukemia cgl ie polycythemia vera pv myeloid metaplasia with myelofibrosis mmm and hemorrhagic thrombocytopenia ht raised the question whether or not the ph1 chromosome is peculiar to cgl,1
excitation of ca1 pyramidal neurones of the hippocampus by the tetra and octapeptide cterminal fragments of cholecystokinin proceedings,1
the iga deposits were shown to occupy the entire lamina lucida and to adhere to the basal cell membranes and lamina densa very much like igg deposits in bullous pemphigoid,1
induction of sister chromatid exchanges by nicotinamide in chinese hamster lung fibroblasts and human lymphoblastoid cells,1
adding glycerol or bovine serum albumine or removing oxygen from chloroplast suspension with the aid of the oxygen absorbingsystems preserved the activity of chloroplasts,1
the reaction product or mixture of these two compounds v5851  e was strongly macrofilaricidal in cats and jirds,1
also unlike rabbit peritoneal pmn human pmn adhered spontaneously to plastic surfaces the chemotactic factors enhanced this adherence,1
histological study on effects of lactobacillus drinks to human teeth,1
swiss chard fieldgrown on soil amended with 100 dry tons per acre of municipal sewage sludge from washington dc was fed to guinea pigs for 28 days,1
bushkefisher keratoderma of the palms and soles,1
in a salmonella typhimurium strain made diploid for the thy region by introduction of the escherichia coli episome f15 mutants resistant to trimethoprim in the presence of thymidine were selected,1
deficiency of serum bactericidal activity against salmonella typhimurium in sickle cell anaemia,1
the hydrolysis of the glucuronides to nhydroxy arylamines and the conversion of the latter derivatives to highly reactive electrophilic arylnitrenium ions in the normally acidic urine of dogs and humans may be critical reactions for tumor induction in the urinary bladder,1
homology of histones h2b from calf thymus and p4b from slime mold physarum polycephalum,1
urinary infection caused by salmonella enteritidis in schistosoma haematobium bilharziasis,1
phylogenic relationships appear to exist between the respective ancestors of lemur catta hapalemur simus h griseus occidentalis h griseus ssp and h griseus griseus,1
concentrationdependent mutagenicity of icr191 has been measured in salmonella typhimurium strain ta98 and in a diploid human cell line,1
dihydromenaquinones with eight isoprene units were found in brevibacterium linens the remaining corynebacterium species and strains probably belonging to the genus rhodococcus,1
results showed that a comparative tuberculin test using avian ppd with either human or bovine ppd had a much higher efficiency than a single injection of mammalian tuberculin in the neck of cattle and confirmed that a comparative test is still essential in the british environment,1
whereas 90 fetal thymocytes and thymocytes were killed by antith1 and complement a consistently restricted population 5060 of peripheral t cells from several normal donors were lysed indicating that antith1 is directed against one or more thymusspecific antigens which are lost or reduced on a subpopulation of human t cells in the periphery,1
experimental otitis media in chinchillas following nasal colonization with type 7f streptococcus pneumoniae prevention after vaccination with pneumococcal capsular polysaccharide,1
therefore they formed rosettes with human blymphocytes fig 234 and peritoneal macrophages from guinea pigs,1
turbellarians of the order acoela in particular have a characteristic pattern of axonemal filament termination in the distal tips of their cilia and a characteristic ciliary rootlet system that is not seen in other turbellarian orders nor in other metazoans,1
the neutralization titer of human sera from patients with adenovirus infections as opposed to the rabbit antisera was only slightly increased by addition of antihuman globulin or complement,1
transmission of oesophagostomum species in swine on pasture in the maritime provinces,1
the function of certain residues is discussed in the context of these three known sequences and the previously reported threedimensional structure of human carbonic anhydrase ii possible microheterogeneity of rabbit carbonic anhydrase ii is also discussed,1
mycoplasma mycoides subspecies mycoides as a cause of polyarthritis in goats,1
infection with mycobacterium kansasli and cryptococcus neoformans,1
in a series of 46 aspirations on such hips one instance of staphylococcus aureus three instances of staphylococcus albus one instance of escherichia coli and one instance of tuberculous infections were diagnosed,1
form distribution and structure of liver lymphatics were studied in pig calf kid dog rabbit and human using both light and electron microscopes,1
they were tested on guinea pigs that were infected with yersinia enterocolitica type 9 through different ways,1
antibacterial activity of amniotic fluid against staphylococcus aureus candida albicans and brucella abortus,1
the attachment site for the prophage of spbeta lies between ilva and kaua on the chromosome of bacillus subtilis strain 168,1
the kallikreinkinin system and its role in the hypotensive shock syndrome of animals infected with the haemorprotozoan parasites babesia plasmodium and trypanosoma,1
azotobacter beijerinckii was grown in ammoniafree glucosemineral salts media in chemostat culture under oxygen or nitrogen limitation,1
providenica salmonella and shigella did not interact with human blood,1
antibody prepared against avian smooth muscle actin has been used to localize actin in the slime mold dictyostelium discoideum,1
chromatin structures contained in nuclei of fullgrown oocytes of hibernating northern leopard frogs rana pipiens kept at 4 degrees c were examined by light and electron microscopy with special emphasis on the morphology of spread nucleoli,1
intraperiplasmic growth of bdellovibrio bacteriovorus 109j solubilization of escherichia coli peptidoglycan,1
the effects of pasteurella pneumotropica and mycoplasma pulmonis infections in specificpathogenfree rats were studied to determine whether or not bacterial infections could cause an increase in rat lung lysophospholipase activity andor changes in bone marrow eosinophil levels,1
a case is reported of an 11monthold baby suffering from gangrene of the distal portion of the small bowel due to infestation by larval worms belonging to the order spirurida family physalopteridae and probably the genus physaloptera,1
the remainder involved staphylococcus aureus staphylococcus epidermidis acinetobacter sp and most organisms tested with chloramphenicol,1
colloidal gold was used to label rabbit antigoat igg for the indirect detection of goat antihuman igd and igm,1
1 the diencephalon of the unanaesthetized macaque monkey was radiolabelled with calcium by a microinjection of 68 muc 45ca2 into the third cerebral ventricle through a permanently implanted cannula,1
functional homology of chemotaxis genes in escherichia coli and salmonella typhimurium,1
between september 1977 and november 1978 chlamydiosis psittacoisis was diagnosed in 52 of 128 parrots 5 of 12 cockatiels 2 of 5 cockatoos 3 of 6 macaws 1 of 22 conures 2 of 18 lovebirds and 6 of 76 parakeets 2 lories and 1 lorikeet were chlamydiosis negative,1
secretion of sulfuric acid in cassidaria echinophora lamarck mollusca mesogastropoda marine carnivorous snail,1
phenylethanolamine and octopamine levels were determined in plasma of human subjects and in plasma and csf of dogs,1
populational polymorphisms in silver staining of nucleolus organizer regions nors in human acrocentric chromosomes,1
it has been established in guinea pig experiments that the synergistic combinations administered per os in powder form are able to kill the cholera vibrios within 5 to 10 minutes,1
the possibility that the mechanism of antagonism was induction of inactivating enzymes betalactamase penicillin acylase was studied in two strainsone escherichia coli and one proteus rettgeri and two antagonists were studied in detail,1
the experiments in vitro showed that the effect of propranolol and and p11 on the serum of persons guinea pigs and rabbits presented data on the complement inhibition having the direct effect on the first component of the complementary systems,1
the wholebody irradiation of adult wistar rats with a single dose of 800 r xrays intensifies the lymph node changes and the decrease of the colloidopexic capacity of hepatosplenic macrophages established by the reverse administration of sexual hormones,1
the amygdala and entorhinal area have been ruled out by both the human and animal data,1
fleas of the yellow gopher cittellus fulvus licht and their infection with the causative agent of plague in the territory of kazakhstan and central asia,1
anaplasmosis occurs in those areas of northern and eastern australia infested by the cattle tick boophilus microplus but it has been studied intensively only in queensland,1
thus etiologic significance was highly susceptible in the cases with 03 4 03 3 and 05b 2 of y enterocolitica and y pseudotuberculosis less susceptible in those with 05a 1 and 015 1 of y enterocolitica and not susceptible in those with 06 1 078 1 and 012 1 or y enterocolitica,1
three kinds of the cholinoceptive neurons nicotinic depolarizing d nicotinic hyperpolarizing h and muscarinic htyes as well as two other kinds of neurons gaba h and dopamine htypes were identified in aplysia abdominal ganglion and the effects of disulfide bond reduction and reoxidation on their postsynape acetylcholineinduced responses of both nicotinic types d and h were depressed by reducing the disulfide bonds with dithiothreitol dtt and restored by reoxidizing with 5 5 dithiobis2nitrobenzoic acid dtnb whereas the responses of the muscarinic h gaba h and dopamine hcells were not affected at all by either dtt or dtnb,1
a coupled translation membrane model is in full agreement with those particular results which have been obtained on the green alga acetabularia,1
in view of the potential role of ureaplasma urealyticum in reproductive failure sample of semen from 100 nigerian males was cultured in oxoid mycoplasma broth,1
aurelius cornelius celsus and his medical encyclopedia on the 500th anniversary of the coming to light of the work on medicine,1
effects of aspiculuris tetraptera dn syphacia obvelata on exploratory behavior of an inbred mouse strain,1
according to the anamnesis morphological data and comparing to the data of the literature on presomitic human embryos the age of the embryo krym is determined as old as 17 days,1
work with drosophila mice and human lymphocytes has shown that irradiation with x or gammarays induces aneuploidy presumably by nondisjunction,1
in all test systems the endotoxin activity of veillonella and fusocbacterium lps was comparable to that of lps from salmonella enteritidis which was included as a reference endotoxin,1
alpha1antitrypsin and alpha2macroglobuline are very important proteinase inhibitors for the healing process in chronic otitis media because they can inhibit numerous bacterial and leukocytic proteinases alpha2macroglobuline can block the malignant proteinases of pseudomonas aeruginosa staphylococcus aureus and proteus vulgaris,1
role of ionic strength in salt antagonism of aminoglycoside action on escherichia coli and pseudomonas aeruginosa,1
e histolyticalike amebae laredo type and e moshkovskii formed only tiny colonies in agar,1
these data suggest that pityrosporum ovale plays a pathogenetic part in pityriasis simplex capitis,1
rapid identification of cell wall components as a guide to the classification of aerobic coryneform bacteria from human skin,1
an electron microscopical study was made of the coeloconic and placoid sensilla on the antennae of the aphids aphis pomi macrosiphum euphorbiae nasonovia ribisnigri and pemphigus bursarius,1
groups of bats artibeus lituratus were infected by the intranasal instillation of a suspension of mycelia and spore particles of histoplasma capsulatum containing either 104 or 106 viable units,1
brief digestion of human peripheral blood lymphocytes by vibrio cholera neuraminidase vcn revealed hidden components of the membrane,1
physical measurements were made on the zetaaminolevulinic acid synthetase from rhodopseudomonas spheroides,1
the selenium content of skeletal gluteal muscle of finnish reindeer and cattle,1
2 new species of microsporidians protozoa microsporidia from mosquitoes of the family chironomidae,1
in this study the morphological origins of the responses from the catfish retinal neurons evoked by step inputs were determined by injecting intracellularly a dye procion yellow,1
by measuring dna temperature transition profiles the evidence was obtained that dna of phages tg9 and ob infecting bacillus thuringiensis and brevibacterium flavum respectively have a random base distribution,1
sensorineural hearing loss occurs in only about 65 percent of patients with herpes zoster facial paralysis and no confirmed case of such loss in idiopathic facial paralysis has been reported,1
crohnsdisease tissue was tested by indirect immunofluorescence for antigens of rotavirus pseudomonas maltophilia and mycobacterium kansasii no reactions were obtained with antiserum to p maltophilia and m kansasii and a granular fluorescence seen with rotavirus antibody was probably nonspecific,1
ampicillin and gentamicin are the initial antibiotics of choice for neonatal sepsis at this institution a penicillinaseresistant penicillin should be added when staphylococcus aureus involvement is likely and addition of chloramphenicol or clindamycin should be considered for infants at increased risk for bacteroides fragilis sepsis,1
both debris isolation and beet seed colonization methods were used to ascertain rhizoctonia solani populations in areas of healthy ah and rhizoctonia crown rot diseased da sugarbeets within four fields differing in soil texture over a 1year period august 1976 to july 1977,1
staphylococci streptococci e coli klebsiallaenterobacter indolepsitive proteus strains pseufomonads salmonads salmonellae and serratia marcescens were inhibited to the extent of 100 at a maximun of 40 mugml,1
there are important differences between this test model and aspergillus infections in humans,1
1 the effects of 400 and 575 rads of whole body irradiation in gerbil meriones hurrianae hedgehog hemiechinus auratus collaris and house rat have been studied with a view to compare the effects of irradiation on the desert mammalian species with those of domestic ones,1
haematophagous insects were collected from human and bovine baits during the day and night 687 mansonia amazonensis and 154 culicoides sp indet,1
then measurements of pyrene excimer formation in a series of solvents ranging up to several poise in viscosity are used to determine that the interaction diameter of the excimer formation reaction is 3  1 a finally all these data are brought together in order to conclude that the viscosity of the lipid in the human erythrocyte ghost is 80 40 and 16 p at 10 25 and 40 degrees c respectively,1
clostridium perfringens strains cultured in broilers with necrotising enteritis were characterised by regular toxin production in the context of alpha theta delta as well as nonalphadeltatheta,1
in situ hybridization of sea urchin psammechinus miliaris lytechinus pictus and strongylocentrotus purpuratus histone messenger rna has been used to map complementary sequences on polytene chromosomes from drosophila melanogaster,1
it did inhibit the majority of neisseria gonorrhoeae at 01 mugml and haemophilus influenzae at 63 mugml,1
intracytoplasmic chlamydialike organisms some with phages rickettsialike organisms and mycoplasmalike organisms have been found in clams and oysters from the chesapeake bay area by electron microscopy,1
ribosomal proteins of the dimorphic fungus mucor racemosus,1
the elisa micromethod enzymelinked immunosorbent assay used in the diagnosis of human trichinosis in a confirmed outbreak in emilia,1
rosette formation of human null lymphocytes with rhesus monkey erythrocytes,1
proceedings neuromuscular and cardiovascular studies with dimethyl tubocurarine in anaesthetized cats rhesus monkeys and man,1
antibody positive rodents included muskrats ondatra zebethica 11 rattus spp,1
regeneration of an electrical synapse between particular interneurons in the medicinal leech was traced physiologically and morphologically using intracellular recording the horseradish peroxidase hrp injection,1
the effects of crude extracts of bovine rat and human pineal glands on prolactin prl release were studied using an in vitro system,1
asbestos and glass fibres have been studied in mutation tests using auxotrophic strains of escherichia coli and salmonella typhimurium,1
immunofluorescent study of the basic chromosomal protein set of green algae and euglena,1
hamsters were injected intradermally with axenic trophozoites of a pathogenic strain of entamoeba histolytica and controls similarly with culture medium,1
shedding of chlamydia trachomatis in the eye secretion tears of patients with either hyperendemic trachoma or paratrachoma was studied,1
an epidemic of cholera due to vibrio cholerae biotype el tor occurred in 1977 on tarawa in the gilbert islands,1
purification of a bovine counterpart to human prealbumin and its interaction with a bovine retinolbinding protein,1
this report describes the current status of a colony of rhesus monkeys composed of a group of animals with consistent asthmatic responses to ascaris antigen challenge a variable group and a negative group,1
study of the pseudoperoxidatic activity of soybean leghemoglobin and sperm whale myoglobin,1
resistance of nude mice to herpes simplex virus and correlation with in vitro production of interferon,1
macroscopic anatomy of the human fetal thymus in the 2d half of uterine life,1
kynureninasetype enzymes of penicillum roqueforti aspergillus niger rhizopus stolonifer and pseudomonas fluorescens further evidence for distinct kynureninase and hydroxykynureninase activities,1
human type i procollagen was assayed by double immunodiffusion analysis with type i procollagen antibodies prepared by immunizing rabbits with purified human type i procollagen,1
protection of cotton rats against experimental echinococcus multilocularis infections with bcg cell walls,1
these results are viewed as substantial evidence against the possibility that either mycoplasmas or chlamydiae play an important part in the pathogenesis of acne,1
rabbit serum against crude mc29 hepatoma extract does not contain antiavian gs antibodies detectable by gel diffusion methods,1
both groups of sera were also tested by cf with envelope and capsid antigens of herpes simplex type 1 by sn the majority of the monkeys and all of the humans had a higher titer to herpes simplex type 1 than to h simiae,1
their n2acylderivatives farther with aldehydes and ketones formed derivatives of the previous compounds exert any fungistatic effect neither on trichophyton and epidermophytonspecies nor on other fungistrains,1
outer membrane protein preparations were obtained from strains of salmonella and neisseria meningitidis,1
a polypeptide apa from sea anemone anthopleura xanthogrammica with potent positive inotropic action,1
conidia of pithomyces chartarum formed a small 029 but significant component of the aerospora since this fungus is known to cause hepatogenous photosensitivity,1
as the cheylatus have been fed with dermatophagoides the positive reactions observed for the former could be influenced by this type of feeding,1
three mammalian cell lines wi38 sv40transformed wi38 and chinese hamster ovary were exposed to high doses of 137cs gamma rays and their dna analysed following various periods of postirradiation incubation for products of the 56dihydroxydihydrothymine type,1
control of flagellar motion in chlamydomonas and euglena by mechanical microinjection of mg2 and ca2 and by electric current injection,1
citrus exocortis viroid survey of protein synthesis in xenopus laevis oocytes following addition of viroid rna,1
three of the five dogs embolized with gelatin sponges showed a local stricture within the embolized segment of intestine,1
zymosan depletion of serum complement in guinea pigs rendered them highly resistant to lesion by loxosceles reclusa spider venom,1
gaba and glycine transport in frog cns high affinity uptake and potassiumevoked release in vitro,1
a number of klebsiella pneumoniae and shigella flexneri lipo or capsular polysaccharides containing chain lrhamnosyl residues were tested but none was sensitive to the p22 endorhamnosidase,1
there is an exception to the rule that copperzincsod is found in eukaryotes but not in prokaryotes and that is the symbiotic bacterium photobacterium leiognathi,1
the exact bacteriology is uncertain although vincents spirochaete and the fusiform bacillus in symbiosis have been considered to be the actual cause of the condition,1
the activity of lysed granule fraction from 2monthold chickens was exhibited at ph 50 but not exhibited at ph 60 or 70 to both serotypes of salmonella,1
ntetracosanoic lignoceric acid from penicillium nigricans mycelium,1
anatomy and morphometry of the olfactory organ of the wels silurus glanis l siluridae pisces,1
on the ecology of marine chromatiaceae and chlorobiaceae authors transl,1
we provide evidence that a fraction of gamma chains possess an unblocked n terminal sequence comparable to the vhiii subgroup of human gamma chains and that glycine is the cterminal residue,1
the depth of scallops was less in the human deciduous than in the permanent teeth but no differences were noted between monkey deciduous and permanent dentitions,1
an extracellular inducer of asexual plasmodium formation in physarum polycephalum,1
the fluorescence kinetics of chlorophyll and the phycobilins of the red alga porphyridium cruentum are governed by timedependent kinetics but the observed time dependence of the chlorophyll a fluorescence decay from darkadapted chlorella pyrenoidosa and spinach subchloroplast fractions is still open to conjecture,1
the infectious diseases of the human intestinal tract which are caused by bacteria must be distinguished into two groups on account of their different pathogenesis the cyclic infections typhoid fever parathyphoid fever and the local infections cholera dysentery salmonella enteritis dyspepsia coli infections,1
microscopically rodent fetuses seemed normal and on gross physical examination lambs and calves were free of malformations and ossification variations,1
the maximization test applied on the hartley guinea pig and the mast cell degranulation test performed on the sensibilised guinea pig serum resulted in 1 extreme allergenicity 2 the formation of circulating antibodies anti delta9 thc,1
some fractions of the saccharomyces cerevisiae cell wall have been prepared by the action of helix pomatia juice on intact cells,1
by use of this technique genuine difference turbidity spectra have been recorded for the reaction between human serum albumin and rabbitantihuman serum albumin igg,1
large symbiotic spirochaetes of the family pillotaceae eg pillotinas are found in dry wood and subterranean termites hollande  garagozlou 1967,1
influence of a prolonged period of lowdosage xrays on the optic and ultrastructural appearances of cataract of the human lens,1
the retained cr lymphocytes were recovered by elution of the column with igg fraction purified from a rabbit antiserum to human c3,1
patients with grand mal seizures exhibited csf gaba elevation within 24 hours of the ictus,1
evidence for quasisilent germline genes coding for phylogenetically ancient determinants of the rabbit a locus allotypes,1
conservation of nucleolus organizer regions during evolution in sheep goat cattle and aoudad,1
sporocysts of sarcocystis were observed in 17 of the samples and oocysts of isospora ohioensis were observed in two samples,1
the general peculiarity of the development of microbes in insects which fed on various animals white mice sirian hamsters white rats and guinea pigs is characterized by the decrease in the abundance of the agent during the first hours after feeding,1
in the three reported cases hydrocephalus was not present concomitant malformations of the lamina terminalis were present in two and polymicrogyria was found in all three,1
b1antib2 and b2antib1 alloantisera were raised by iv immunization of homozygous b11 and b22 chickens respectively with b12 cells of the following sources peripheral blood leucocytes pbl erythrocytes thymus cells and bursa cells,1
attachment of virulent treponema pallidum to human mononuclear phagocytes,1
this serum which neutralized the colonization factor activity of cfaiipositive strains in infant rabbits was employed to confirm the presence of cfaii on etec which exhibited mannoseresistant hemagglutination of bovine but not human erythrocytes,1
among the 12 horses excreting salmonella during this month 8 67 were found to be excreting s agona,1
congenital cerebral and ocular malformations induced in rhesus monkeys by venezuelan equine encephalitis virus,1
experimental transmission of gastrointestinal nematodes between sheep ovis aries and thomsons gazelles gazella thomsonii,1
the plasma membrane antigen recognized by xana appeared phylogenetically highly conserved since it was present on viable hela cells and cells from mouse and rabbit spleen rat liver and the slime mould physarum polycephalum,1
rabbit antihuman secretory piece of immunoglobulin a iga and rabbit antihuman igg were used as second antibodies,1
thus rhesus monkeys develop trichinosis which show similarities clinically pathologically and morphologically to human disease,1
renal 25hydroxyvitamin d1hydroxylase the percentage of medullary bone in the femur plasma calcium and plasma phosphorus were measured in female chickens reaching maturity,1
tre rabbits showed no presence of precipitins in the circulation but there were reagins against bovine serum albumin or ferritin,1
various instars of p megistus triatoma infestans and rhodnius prolixus were used,1
comparative studies of erythrophagocytosis in the rabbit and human vitreous,1
antibodydependent lymphocytotoxicity adl was studied with human peripheral blood lymphocytes as effector cells and p815 mouse mastocytoma cells sensitized with rabbit igg antibodies as target cells,1
studies concerning the metabolites produced by stachybotrys atra penicillium islandicum penicillium viridicatum and aspergillus versicolor,1
concentration of microfilariae of onchocerca volvulus by simulium sanguineum during feeding use in mapping parasite distribution in the skin,1
influence of proteolytic enzymes on the mycobacteria and staphylococcus aureus and on their drug resistance,1
dried bacteria micrococcus denitrificans in which tdr in dna was partially substituted by budr were subjected to monoenergetic xrays of energies below or above the kedge for br,1
nude mice were able to produce antibodies against cryptococcal cells indicating that at least one component of c neoformans is a tindependent antigen,1
ultrastructural changes in the mycelium of actinomyces streptomyces chrysomallus 2703 producing the antibiotic chrysomallin in the process of submerged fermentation are described,1
study on the nerve endings in the pancreas of rattus rattus refescens and gallus domsticus as revealed by the cholinesterase technique,1
the kinetics of the phinduced dissociation of the 3 x 106 mol wt hemoglobin from lumbricus terrestris the earthworm have been studied in a lightscattering stoppedflow apparatus,1
pigs and pigeons always had much lower levels of the drug in plasma than did men and dogs given comparable doses,1
among the anaerobic bacteria bacteroides and bifidobacteria disappeared and there was an overgrowth of clostridia instead,1
peripheral blood lymphocytes from 20 atopic dermatitis patients 10 contact dermatitis and 50 healthy subjects were studied by the following methods e rosettes active e rosettes antihtla serum t cells surface immunoglobulins b cells ea rosettes fcgammareceptor bearing cells stimulation by pha cona pwm,1
a comparative study of the digestive enzymes in the hepatopancreas of jonah crab cancer borealis and rock crab cancer irroratus,1
epidemiologic evidence of the occurrence of scabies in humans caused by sarcoptes scabiei degeer 1778 var,1
chylothorax developed in the first patient hypertension blindness and paralysis of the lower extremities in the second volvulus and necrosis around an adhesion in the right upper quadrant in the third and smallbowel obstruction and radiation myelitis in the fourth patient,1
the lambs were killed after six days and the amounts of thrombus surrounding the cathethers were measured,1
turnover and tissue distribution of 125ilabeled low density lipoprotein in swine and dogs,1
whereas transport across the fimbria in vivo was completely inhibited transport down the ampulla was 3 to 7 times slower than normal,1
cells producing antibody to brucella lipopolysaccharide were detected in spleens of mice infected with brucella abortus 19 by a hemolytic plaque assay,1
the effect of intraperitoneally administered penicillic acid a mycotoxin produced by several species of penicillium and aspergillus on female dogs of mixed breeding was determined by serum tests by observation of clinical signs and survival times and by evaluation of gross and microscopic lesions,1
morphometric studies of the epididymal region of three avian species gallus domesticus coturnix coturnix japonica japanese quail and numida meleagris guineafowl were performed using a stereological compensating eyepiece graticule,1
the biparental transmission of these two nonmendelian dk mutations resembles the transmission of acriflavininduced minute mutations of chlamydomonas and is distinct from the uniparentally inherited chloroplast mutations of this alga,1
serologic response of lambs to live virus vaccines containing infectious bovine rhinotracheitis bovine virus diarrhea and bovine myxovirus parainfluenza3,1
in suspensions of escherichia coli both phosphorus31 and carbon13 nmr studies of glycolysis and bioenergetics are presented,1
the occurrence of hepatic trematodes in sheep from emiliaromagna,1
inter and intralaboratory variability in antibiotic susceptibility tests with pseudomonas aeruginosa and enterobacteriaceae,1
spontaneous infection of marmosetmonkeys sanguinus oedipus with a trypanosoma cruzilikestrain springer 1975,1
homology among acid proteases comparison of crystal structures at 3a resolution of acid proteases from rhizopus chinensis and endothia parasitica,1
production of lasparaginase by streptomyces karnatakensis and streptomyces venezuelae,1
the occurrence of bronchopulmonary nematodes in sheep from emiliaromagna,1
surveys among the human population showed that the incidence of new schistosoma mansoni infections in 010 yearold children fell from 22 to 43 while in a comparison area the incidence remained at 20,1
precipitins to a fumigatus were almost exclusively confined to specimens obtained from the compromised human group 51 of those examined while candida precipitating antibodies were detected in the sera of both normal 26 and compromised 49 humans and in 10 of the hedgehog specimens,1
the content of spirillum and flexibacter colonies of parallel rods containing gaseous vacuoles was highest in the zone in which oxygen was still present,1
the serum agglutinins against the causative agents of infection of the urinary system colibacillus proteus enterococcus and creactive protein were studied,1
it was shown that increasing the quantity of tobacco leaves resulted in increasing toxic effect whilst increasing the quantities of leaves of the occimum viride rock salt and juice of citrus medica caused progressive decrease in the toxic effect of the concoction,1
escherichia coli 14 cases was the most common pathogen whereas pseudomonas aeruginosa 2 cases caused fewer infections,1
effect of starvation on fructose diphosphatase glucose6phosphatase and phosphoglucomutase activities in organs of pseudemys chrysemys scripta elegans,1
in tree shrews and galagos muscle is heavier 35 than in pottos and slow lorises below 28 but bone and skin are lighter,1
detection of anticapsular antibodies to bacteroides asaccharolyticus in serum from rabbits and humans by use of an enzymelinked immunosorbent assay,1
a number of diverse compounds including divalent metal ions simple sugars and common counterions buffers and fungicides were surveyed in the laboratory with regard to ability to inhibit germination of fieldcollected sclerotia from whetzelinia sclerotiorum,1
convalescentphase serum samples from 20 patients with a seroconversion to herpes simplex virus and from 20 patients with a seroconversion to varicellazoster virus also had no igm antibodies to cmv,1
the clinical and laboratory findings in ten humans infected with venezuelan equine encephalitis virus subtype id are described in this report,1
nematoda filarioidea a parasite of the ghost bat macroderma gigas dobson authors transl,1
five substituted 2anilinothiophenes and two substituted carbonylcyanidephenylhydrazones were comparatively studied with respect to their capacities for inducing photooxidation of the cytochrome b559 in chloroplast fragments and in whole cells of chlamydomonas reinhardtii wild type and p700lacking mutant fl 5,1
the activity of fk 749 against escherichia coli klebsiella pneumoniae pyogenes was by far superior to that of the three other antibiotics,1
resistance to lyophilization of salmonella typhi escherichia coli and shigella flexneri strains,1
the virus of horse pox has been identified and the occurrence of equine infection with mycoplasma has been confirmed,1
the regional distribution of 3hetorphine binding sites in the rabbit cerebellum points toward concentrations higher in the neocerebellum hemispheres than in the archecerebellum lingula and flocculonodular lobe,1
activation of bovine chymotrypsinogen is catalyzed with increasing velocity by human rabbit boar bull and ram acrosin,1
ultrastructural observations on renal schizogony of leucocytozoon dubreuili in the american robin,1
the polyudirected polyphe synthesis in cellfree systems of bacillus brevis and escherichia coli was highly susceptible to the antibiotic,1
the two copepod fatty acid analyses differed quantitatively in triglyceride 201 and 221 and also in 205 omega 3 and 226 omega 3 confirming the primary role of the wax esters in copepods,1
hematologic and radiographic changes in cats after inoculation with infective larvae of dirofilaria immitis,1
most work was done on ox heart but the results were confirmed on human heart and rabbit heart,1
it is the first time in the crustacea that experiments lead to the conclusion that a sympatheticlike constrictor nervous action can exist in colourchange control colour changes are particularly fast in this species,1
translation of drosophila melanogaster sequences in escherichia coli,1
human hep2 and mouse 3t6 cells infected by mycoplasma hyorhinis showed an increase in 3huracil uptake and a more than 20fold increase in the activity of uracil phosphoribosyltransferase uraprt,1
immunity to plasmodium yoelii and babesia microti modulation by the cban xchromosome,1
analysis of faeces for benzoapyrene after consumption of charcoalbroiled beef by rats and humans,1
a short incubation complement fixation test was found to be more sensitive than the haemagglutination inhibition test in attempts to characterize the virus type inducing convalescent antibody in humans and horses,1
the method utilizes the capacity of a combination of bovine seminal vesicle microsomes bsvm and rabbit lung microsomes tblm to transform arachidonic acid into txb2 12hydroxyheptadecatrienoic acid hht 6ketopgf1 alpha 6kpgf1 alpha pgf2 alpha and pge2 in the ratio of 1080063013005 respectively,1
preliminary linkage data have added new loci to linkage group vi of the rabbit revised the order and map distances on the linkage map and by comparison with rodent species have strengthened the homology of lg vi in the rabbit with chromosome 8 of the mouse and with lg v of the rat,1
in the parasites studied so far the free aminoacid pattern except prolin is rather like that of the teleost fishes whether they are potential hosts of cymothoidae or not,1
immune complexes of horseradish peroxidase hrp and rabbit igg antibodies to hrp were used to study the fcgamma receptors in normal human placenta,1
effects of pcbs ddt and mercury compounds in chickens and japanese quail,1
various methods of isolating allergen fractions from n meningitidis n gonorrhoeae and n perflava were tested,1
the sequential development of the clinical signs and lesions in the organs of desert sheep and nubian goats dosed with jatropha curcas seeds at 005 05 and 1 gkgday was studied,1
sexual stages and oocysts of sarcocystis suihominis were developed in human tissue cultures and studied with the electron microscope,1
calf adult bovine fetal horse and swine sera did not contain detectable levels of this type of mixed disulfide,1
onychia and paronychia were found in 7 patients intertriginous lesions of the fingers in 4 and oral thrush in 2 intradermal skin tests were negative,1
effect of corynebacterium parvum on human tlymphocyte interferon production and tlymphocyte proliferation in vitro,1
l donovani was 2 to 4fold more active in its metabolism of allopurinol to ribonucleotides than l braziliensis,1
identification and antigenic typing of rickettsia tsutsugamushi in naturally infected chiggers acarina trombiculidae by direct immunofluorescence,1
two of the 3alkylmercapto compounds v and vi showed marked inhibitory activity against some strains of staphylococcus streptococcus and diplococcus,1
unprimed thymusderived t cells from spleens of either conventional tepc 15 t15 balbc mice or neonatally suppressed t15 balbc mice were used to reconstitute neonatally suppressed t15 balbc nude mice and conventional t15 balbc nude mice respectively,1
the efficacy of two recently introduced benzimidazole anthelmintics albendazole and fenbendazole was determined for sixday 10day and adult stages of resistant strains of haemonchus contortus and trichostrongylus colubriformis,1
oncogenic transformation of primary hamster cells by herpes simplex virus type 2 hsv2 and an hsv2 temperaturesensitive mutant,1
in the animals previously made hypoxic fio2  012 and hyperventilating the o2test provoked a 5060 fall of v in chickens a decreased vt and an increased t contributed to the transient ventilatory changes in ducks mainly vt changed and in the pigeon only t changed,1
respiratory disease was induced in young dogs by exposure to an aerosol of bordetella bronchiseptica,1
androgenic control of epididymal function in rhesus monkey and rabbit,1
emory milkvetch astragalus emoryanus var emoryanus poisoning in chicks sheep and cattle,1
on parasitization with larval brugia pahangi the infected flight muscle fibres of resistant anopheles labranchiae atroparvus undergo the following ultrastructural changes,1
assessment of group b streptococcal opsonins in human and rabbit serum by neutrophil chemiluminescence,1
the colonization of the human gut by antibiotic resistant escherichia coli from chickens,1
a cytochemical analysis of the follicular cells and the yolk in the growing oocytes of octopus vulgaris cephalopoda mollusca,1
effect of various nitrogen salts in beet pulp medium on polygalacturonase activity of penicillium sp 74bei 1 mutant,1
füleborns method was employed with a total of 24909 coprosamples taken from the animals as follows sheep12690 weaned lambs7370 lambs3355 kids782 and goats712,1
multiple forms involve the palms of soles and their source is unclear,1
the levels of rabbit erythrocyte cab cac and 23dpg were measured in experimental hyperthyroidism by the methods employed for human erythrocytes,1
1 this paper describes an investigation of the kinetics of influx of the dipeptide glycylsarcosine and the amino acids glycine and lleucine into rings of everted hamster small intestine in vitro in proximal and distal small intestine jejunum and ileum,1
the distribution of such endothelial cells is dense in large arteries in the openings to their branches especially in downstream portions of rabbits hens and cocks however the distribution is relatively scanty in arteries of rhesus monkeys and is very scanty in dogs,1
a modern bacteriophage method was tested for the first time in the differentiatons of bacillus cereus which was so far studied mainly in the differentiation of bacillus anthracis,1
a simple screening test is described for separating bacteroides fragilis from other anaerobic gramnegative bacilli,1
in lorisines loris nycticebus perodicticus arctocebus the tip of the ulna is reduced to the dimensions of a styloid process a new and more proximal ulnar head is developed and the pisiform is displaced distally away from its primitive contact with the ulna,1
three biochemical gene markers test the hypothesis that the european hake merluccius merluccius l along the west european continental shelf are one race,1
comparative effects of 60co gammarays 2 mev and 30 mev fast neutrons on artemia authors transl,1
morphologically the microfilaria does not correspond precisely with any previously described species though similarities exist between the patients microfilaria and those of dipetalonema reconditum of the dog and d interstitium of the grey squirrel,1
several epizootics among rainbow trout salmo gairdneri occurred in a tennessee fish hatchery from 1969 to 1973,1
gbanding patterns of bos indicus resembled those of bos taurus and enabled pairing of homologous chromosomes,1
evolutionary aspects of the distribution of ascaridoidea in mammals authors transl,1
developmental stages of taenia krabbei moniez 1879 cysticercus tarandi in deer capreolus capreolus l in czechoslovakia,1
medullary localization of extracellular immunoglobulin and aminopeptidase in lymphoepithelial follicles of the chicken bursa of fabricius and rabbit appendix,1
viral infections of the captive kenya baboon papio cynocephalus a fiveyear epidemiologic study of an outdoor colony,1
choices of antibiotics for sepsis where cultures are unavailable requires a knowledge of current strains in the unit where the patient resides and coverage for both staphylococcus aureus and pseudomonas,1
antisera to pgk2 did not inhibit in vitro fertilization of zonafree hamsters ova by mouse spermatozoa,1
influence of some factors on protein a production by human strains of staphylococcus aureus,1
three rabbit antisera raised to trout igm showed positive immunofluorescent reactions with lymphocytes of trout spleen and thymus,1
speciation studies with eimeria acervulina and eimeria mivati,1
explant culture of human and rabbit articular chondrocytes,1
evaluation of different antigens in the complementfixation test for diagnosis of haemophilus pleuropneumoniae parahaemolyticus infections in swine,1
argas a polonicus sp n parasitizing domestic pigeons in krakow poland,1
precipitating antibodies against haemophilus influenzae and staphylococcus aureus in sputum and serum from patients with cystic fibrosis,1
inorder to study the relationship between epidermal surface saccharides and pemphigus antigens fluoresceinlabelled concanavalin a con a and phytohemagglutininp phap were used,1
ii indirect passive hemagglutination assay for antibody to polysaccharide antigens of pertriellidium allescheria boydii and monosporium apiospermum,1
asymptomatic carriage of dermatophytes by cats,1
anencephalus and spina bifida cystica were observed in 165 of sibs of children with hydrocephalus a 2 to 8fold increased over the population frequencies,1
the rbf values in the ampulla isthmus uterus and cervix of cyclic ewes were markedly raised at prooestrus and declined thereafter to low levels during the remainder of the oestrous cycle,1
presence of antibody against herpes simplex virusspecified thymidine kinase and deoxyribonuclease in human sera,1
ecological analysis of the distribution of louse flies diptera hippoboscidae on migratory birds in southern kazakhstan,1
polymorphic tetrameric superoxide dismutase in the pike esox lucius l pisces esocidae,1
this method is based on the increase of the turbidity due to the formation of precipitating antigenantibody complexes after addition of rabbit antihuman fibrinogen antiserum to human serum,1
the authors identify 3 species of babesia which parasitize cattle in switzerland babesia major b divergens and b hovis,1
three types of stylostome formation were recognized among the different species the epidermal stylostome formed by the larva of l intermedium the mesenchymal stylostome formed by the larva of l fletcheri and the mixed stylostome formed by the larva of both l arenicola and l deliense,1
we have found the sex skin of cycling pigtail macaques macaca nemestrina a predictable model for studies on aging changes in human dermis,1
a 57 yearsold woman developed a right hemiparesis with dysphasia four weeks after left herpes zoster ophthalmicus,1
antigenresponsive cells arc were rare in the peripheral blood spleen bone marrow thymus and bursa of fabricius of unimmunized young birds,1
the reaction of xrays on the incapsulation of subcutaneous implantation of silastic prosthesis and further development of the capsules was studied in an experimental investigation on the basis of 14 rabbits,1
trypanosomes in the lymph nodes of cattle and sheep infected with trypanosoma congolense,1
the effect of in vivo chromium exposure on nakand mgatpase activity was studied in several tissues of the rainbow trout salmo gairdneri,1
the antigenic relationship between salmonella 07 antigen and debaromyces hansenii and its synonym strains,1
two immunohistochemical methods using the enzyme horseradish peroxidase the direct immunoperoxidase dip and the immunoglobulinenzyme bridge ieb method were applied on 129 skin specimens of 81 patients with lupus erythematosus bullous pemphigoid pemphigus vulgaris and rosacea,1
effect of human monocytes and macrophages on trypanosoma cruzi,1
the testing system consisted of vital microscopy of the cheek pouch of the hamster and microangiography of rabbits ear,1
the sensitivity of two vir coliphage p1 mutants to the hostspecificity systems a k rii and b of escherichia coli and to the newly identified hostspecificity systems mir and 59 of klebsiella pneumoniae has been studied,1
highresolution phosphorus31 nuclear magnetic resonance 31p nmr spectra of wildtype and mutant strains of saccharomyces cerevisiae were observed at a frequency of 1457 mhz,1
rabbit horn cancer antisera absorbed with normal bovine liver skin and horn core epithelium antigens when tested with foetal skin and liver 4 to 6 months of gestation revealed the presence of 2 foetal antigens in horn cancer,1
m arginini an arginine utilizer can decrease the yield of herpes simplex virus type 1 grown in vero cells,1
psychoactive butyrophenones binding to human and bovine serum albumin,1
seven are considered to be probable components of the current autoflora p acnes c bifermentans b clostridiiformis ss,1
because of its physiological and morphological properties we assigned it to the genus nitrosococcus and propose the name nitrosococcus mobilis,1
this new formamidase was present in pig rabbit and guinea pig liver and not present in rat or mouse liver,1
this suggests that mania might be quickly controlled with rapid dosage and opens up a new way of analysing the mechanisms of lithium action or of using it to reveal changes in cerebral functioning,1
effect of ozone on the phospholipid composition of escherichia coli and mycobacterium kansasii,1
sojae a fungal pathogen of soybean and botrytis cinerea the common grey mould were much less effective than the c lindemuthianum wallreleased elicitor,1
the inhibition degree depends on the duration of contacts of coparasites as well as on the developmental phase of microsporidians at the moment of penetration of nematodes,1
neisseria gonorrhoeae was identified in 30 men 191 neisseria meningitidis in 32 men 204 and neisseria lactamicus and branhamella catarrhalis in one man each,1
pneumocystis carinii derived from infected murine lung was found to be capable of limited growth in vero african green monkey kidney cell cultures,1
pure suspensions of parasitized erythrocytes were obtained from plasmodium berghei infected rodent blood whereas results with p vivax infected monkey aotus trivirgatus blood were partially successful,1
persistent infection of stable cell cultures by herpes virus of horses type 1 authors transl,1
the blood volumes and erythrokinetics of ndama and zebu cattle experimentally infected with trypanosoma brucei,1
corynebacterium acnes corynebacterium parvum and bacille calmetteguérin were effective in enhancing host resistance,1
a live trap designed to drop a net by radio control was constructed to capture small wild mammals and birds,1
carcinoma of the stomach and large bowela comparative study of the incidence in blacks and whites in zimbabwerhodesia,1
anosmia in male rhesus monkeys does not alter copulatory activity with cycling females,1
eimeria tenella studies in quails and eimeria kofoidi studies in chickens,1
metabolism and cytotoxicity of 712dimethylbenzaanthracene by hamster rat and rabbit embryo cell cultures,1
2 the metabolisable energy content of the diet for chickens infected with e acervulina was 0689 of its gross energy content and n retention was 425 g100 g n intake compared with 0738 and 471 g respectively in uninfected pairfed controls,1
the reductant source for nitrogenase in anabaena and photohydrogen production and photoreduction electron transport in scenedesmus are discussed,1
in mycetomes of leafhoppers helochara communis ultrastructural and histochemical studies revealed that spheroplast symbiotes tsymbiotes were converted to asymbiotes socalled with apparent loss of dnaa phenomenon reminiscent of rhizobiumbacteroid conversion in certain legume nodules,1
oxidative enzymes and myosinatpase in the trunk musculature of the river lamprey lampetra fluviatilis,1
this report describes our results on the effects of bovine and human vitreous on tumor neovascularization with use of a rabbit cornea model,1
the most unusual aspect of this compound is its ability to inhibit graft rejection in goldfish and rabbits,1
interaction of thermostable direct hemolysin of vibrio parahaemolyticus with human erythrocytes,1
the role of the lytic enzyme beta13glucanase in cell wall synthesis and its distribution in the mycelium of the fungus sclerotium rolfsii were studied,1
clinical signs cystic lesions in the liver and spleen recall those of an infection by the fungus ichthyophonus or ichthyosporidium hoferi,1
assessment of the attenuation produced by irradiation of fasciola gigantica metacercariae in hamsters,1
protection of cattle against natural challenge with leptospira interrogans serovar hardjo using a hardjopomona vaccine,1
a series of transcervical uterine biopsy specimens were obtained at various stages of the menstrual cycle from a colony of 11 normally cycling female baboons papio anubis and papio cynocephalus,1
culture samples of lettuce cauliflower celery and taro root colocasia esculenta were assayed for the presence of aflatoxin after inoculation with aspergillus flavus and a parasiticus,1
it is therefore the authors opinion that in patients receiving lithium therapy who present syncope dizziness or bradycardia a sinus node abnormality of iatrogenic origin must be considered,1
the susceptibility of these strains was for e coli 90 klebsiella 6920 staphylococcus 93 and for all strains studied gram  and gram  the percentage was 7551,1
various anatomical structures were examined in 251 domestic mammals and two birds,1
circadian and circannual fluctuations of pineal indoleamines serotonin and melatonin in testudo hermanni gmelin reptilia chelonia,1
a myosinlike protein was extracted and partially purified from a flowering plant egeria densa,1
protection against herpes simplex virus infection in mice by corynebacterium parvum,1
inhibition of glucose metabolism by nhexadecane in cladosporium amorphotheca resinae,1
glycine nmethyltransferase activity has been examined in a number of fetal and adult organs as well as in several rodent hepatomas using both enzymatic and immunological techniques,1
fiftyfour fetuses were of spontaneously aborted cows from 12 farms along with 15 pregnant guinea pigs experimentally infected with aspergillus fumigatus and a total of 14 fetuses of theirs,1
the femo ratio in the femoco from azotobacter vinelandii and clostridium pasteurianum is 81,1
the method was used successfully to prepare glutamine synthetase from escherichia coli rhodopseudomonas sphaeroides and anabaena sp strain ca,1
finding of the subarctic leeches acanthobdella peledina and cystobranchus mammillatus in the lake baikal basin and the reasons for their absence in lake baikal itself,1
cefoxitin and cefotaxime were more effective inhibitors than the 1oxa cephalosporin against a providencia enzyme whereas cefotaxime and 1oxa cephalosporin were more effective inhibitors of a citrobacter cephalosporinase,1
attention is drawn to the absence of toxocara sp and of uncinaria sp,1
isolation of bovine parvovirus type 1 in australia,1
human leukocyte typing sera of known specificities were used to test the leukocyte antigens of vervet monkeys,1
inflammatory occlusion of zeiss or meibomsebaceous gland by saprophytic mites acarus siro demodex folliculorum is discussed,1
possibly the transformation of the normal hamster cell into a tumor cell requires but such a small quantity of the herpes simplex virus dna that it cannot be traced with the present methods,1
lp 42 ps cell line and lp 45 cells infected with shope papilloma virus for 24 h containe shope papilloma virus genome which is able to modify the permissivity of rabbit cells to sv40,1
pneumospirura rodentium a lung parasite of gerbillus dasyurus and meriones crassus is described,1
in a retrospective study typical signs and lesions of enzootic ataxia or swayback were found in 16 young dairy goats from eight widely scattered herds in california,1
in subjects below 50 years of age the prevalence of severe atrophic gastritis of the body intestinal metaplasia and epithelial atypia was also significantly higher in the series,1
the development of an experimental vaccine against fasciola hepatica in cattle,1
ovum aging and ph imbalance as a cause of chromosomal anomalies in the hamster,1
adult specimens of carp cyprinus carpio gengorohbuna carassius auratus cuvieri and their hybrid f1 were examined,1
no hybridization above background was observed between blv 3h cdna and dnas extracted from buffy coat cells and tumors corresponding to sporadic forms of bovine leukosis and some human leukemias and sarcomas,1
scanning microscopy of two strains of chlamydia psittaci and four strains of chlamydia trachomatis representative of the wide diversity in origin and behavior of members of the genus revealed patches of regular arrays of hemispheric projections on the surfaces of elementary bodies of all six strains,1
comparison of the specificity of human and bovine tuberculin ppf for testing cattle,1
normal human serum did not have an effect on growth of staphylococcus aureus,1
of carassius auratus and cyprinus carpio display a positive immunocytological reaction with an anti alphaendorphin serum,1
injection of killed tubercle bacilli into a sensitised guinea pig produces a characteristic biphasic response with the development of an organised epithelioid cell granuloma in the second phase,1
it was dependent on species and genus and on the average was highest in coprinaceae and lowest in polyporaceae,1
focal granulomas caused by fungi in the genus paecilomyces occurred at subcutaneous and laryngeal sites in a rhesus monkey,1
mycobacterium scrofulaceum was cultured from two of seven tuberculin reactors in a group of 12 erythrocebus patas monkeys,1
the effects of certain immunity systemic advuvants pha and human gamma globulin on the thymic cortex of mice a light and electron microscope study,1
incompatibility group p1 plasmids with the bla genotype were transferred from various escherichia coli strains to pseudomonas acidovorans strain 29,1
antigenic activity of lobster homarus vulgaris arginine kinase and its cyanogen bromide fragments,1
except possibly for parainfluenza virus cynomolgus monkey kidney cells appear to be as sensitive as rhesus monkey kidney cells for viral isolation from clinical specimens,1
germination and outgrowth of spores and proliferation of outgrown vegetative cells in the peritoneal cavity of mice intraperitoneally injected with bacillus cereus or bacillus subtilis spores authors transl,1
human peripheral blood mononuclear cells which are precultured in tissue culture medium containing 5 fetal calf serum fcs have markedly augmented reactivity to a suboptimal concentration of phytohemagglutinin pha,1
a renewed interest in these agents has been triggered by the remarkable activity of don and azotomycin against human tumor lines implanted into nude mice,1
in vitro antifungal activity of a32390a was found against candida albicans cryptococcus neoformans and histoplasma capsulatum,1
dicrocoelium hospes schistosoma bovis and paramphistomes were examined for fluorescent antibodies,1
using the indirect immunofluorescence technique the basic kallikreintrypsin inhibitor of bovine organs trasylol could be localized in tissue mast cells of bovine lung liver pancreas and parotid gland,1
pasteurella multocida as a cause of arthrosynovitis and tenosynovitis in broiler chickens,1
in teleostei amphibians and reptiles except alligator spongy myocardium is avascular and receives its nutrition from the ventricle,1
seven continuous cell lines of human malignant melanoma were studied in terms of their in vivo growth potential in the cheeck pouch of the cortisonized golden hamster,1
we have recently found that aphidicolin a tetracyclic diterpenetetraol produced by several fungi blocks dna synthesis of sea urchin embryos by interfering with the activity of dna polyermase alpha,1
clostridiopeptidase b ec 34228 was not inhibited by stoichiometric amounts of lima bean trypsin inhibitor ovomucoid trypsin inhibitor kuntiz bovine trypsin inhibotor kunitz soybean trypsin inhibitor or ovoinhibitor,1
the present study was undertaken to determine the effect of in vivo hydrocortisone on the kinetics of subpopulations of normal human peripheral blood pb thymusderived t cells,1
further after growth at d  003 to 005 h1 the spirillum sp was much more resistant to starvation than was the pseudomonas sp since the microflora of oligotrophic environments are probably often subjected to starvation conditions phb accumulation by spirillum sp during growth in such environments may assist survival,1
on the other hand the energy loss in lengthtension cycling hysteresis of alveolar wall increases in aging humans diminishes in rats and rabbits and shows little change in horses and monkeys,1
two distinct components of both bovine and human tshbeta subunits are observed of which only one recombines with alpha subunits,1
neither the biologically active fgflike mitogen purified from the hypothalamus extracts nor fgf purified from bovine pituitary glands was mitogenic when added to human endothelial cells in vitro suggesting the presence of more than one mitogen in the hypothalamic extracts,1
six chloroplast gene mutants of chlamydomonas reinhardtii resistant to spectinomycin erythromycin or streptomycin have been assessed for antibiotic resistance of their chloroplast ribosomes,1
when such cell cultures are infected with a noncultivable strain of m hyorhinis endogenous peroxide generation is sufficient to permit nearly maximal iodination,1
the stationary and oviparous e gallinacea and t penetrans reveal an extensive and irreversible change of their midgut epithelium,1
serological survey on agglutinins to brucella canis in dogs of the kyushu district,1
aristida plumosa harboured the highest number ie 47 x 103 cellsg while artemisia herbaalba showed the least ie 68 x 103 cellsg,1
in a study of infection due to chlamydia trachomatis in infants chlamydiae were recovered not only from the conjunctiva and respiratory tract but also from the vagina and rectum,1
at least two species of iron were identified in crude membrane preparations of the bluegreen algae chlorogloea fritschii and anacystis nidulans by mössbauer spectroscopy,1
four veterinary surgeons with flareup of eczema during obstetric aid to cows did not have assignable sige against bovine amnion or allantoic fluids,1
interactions between bifidobacterium bifidum n4 and escherichia coli k12 in their mixed cultures,1
this report describes a case of meningitis caused by a lancefield group c streptococcus streptococcus dysgalactiae in a 9weekold infant,1
intact female rats given twice daily injections of 1 mg human placental lactogen hpl showed continued dioestrous vaginal smears and their ovarian corpora lutea were found to be hypertrophied and functiona,1
no 2 fuel oil produced 61 mortality in louisiana heron eggs 56 in sandwich tern eggs and 83 in laughing gull eggs,1
cytoplasmic inclusion bodies in the nerve cells of dogs felidae and a hedgehog,1
experiments on chloraloseanaesthetized cats have shown that lowthreshold neck muscle afferents project to laminae iv and v in the dorsal horn of the upper cervical cord to lamina vi including the region which encompasses the central cervical nucleus as well as to extensive regions of the ventral horn,1
the presence of c botulinum in the feces is detected by demonstrating the presence of botulinal toxin in enrichment culture supernatant by means of toxicity tests in mice,1
mean circulating concentrations of 6ketopgf1alpha in five nonpregnant humans rhesus monkeys and sheep were 115 65 and 25 pgml respectively,1
genome comparison in yeast systematics delimitation of species within the genera schwanniomyces saccharomyces debaryomyces and pichia,1
recent evidence on the life cycles of the toxoplasmids toxoplasma besnoitia sarcocystis hammondia frenkelia has been analysed,1
the degrees of crossreaction between human and animal ldls ranged from 8088 in the old world monkeys to 3658 in the pig 2637 in the guinea pig 110 in the chicken and about 1 in the snakes and fish,1
calculation of the section modulus of the human mandible authors transl,1
effects of staphylococcus aureus lysozyme on human fibroblasts,1
to establish a base for studying the hormonal control of insect epidermal cell activity the ultrastructure of abdominal epidermis was analyzed during the normal pupaladult development of hyalophora cecropia,1
phospholipase a2 present in a highly purified potently bactericidal fraction from rabbit graulocytes produces net bacterial phospholipid degradation during killing of a phospholipase aless strain of escherichia coli,1
norcocaine was administered intravenously 005 05 50 mgkg to three chaired unanesthetized male rhesus monkeys and to three chaired male cynomolgus monkeys,1
the origins of cells projecting to the prefrontal cortex of the rabbit were studied using horseradish peroxidase hrp technique,1
preparation of suspension lymphoblastoid cell cultures containing herpeslike viruses from hematopoietic organs of hamadryas baboons with hematosarcoma,1
based on the results of agar gel double immunodiffusion tests with broad spectrum rabbit antisera and narrow spectrum mouse immune ascitic fluids and formalinfixed purified viruses a close relationship was established between 3 members of the cucumovirus group namely robinia mosaic virus romv clover blotch virus cbv and peanut stunt virus psv,1
in 1798 nicolaus a friedreich of wurzburg published a detailed clinical account of three patients with idopathic peripheral facial nerve paralysis,1
for the examination of aflatoxincontaining extracts from the mycelia of aspergillus flavus moulds an initial freezedrying step has been found to improve appreciably the quality of the chromatograms obtained,1
anesthesia with ketaset plus in guinea pigs and hamsters,1
culicoides the vector of epizootic hemorrhagic disease in whitetailed deer in kentucky in 1971,1
human liver alcohol dehydrogenase an enzyme essential to the metabolism of digitalis,1
weybridge bovine ppd gave significantly better discrimination between tuberculous and nontuberculous cattle than weybridge human ppd when used together with avian ppd in a comparative tuberculin test,1
fertilized and unfertilized rabbit ova exposed to ruthenium red with the zona intact or after mechanical removal for the demonstration of mucopolysaccharides on the surface coat,1
the relative efficiency of trypticase soy broth with added 05 k2so3 and lactose broth as preenrichment media for recovering salmonella from onion powder and garlic powder was collaboratively studied,1
suspensions of erythroctes from certain marine fish cod saithe haddock and mackerel were 416 times more sensitive than human or horse erythrocytes to staphylococcal deltahaemolysin,1
chromosomal homology of rabbit oryctolagus cuniculus linkage group vi with rodent species,1
in the second family a consanguineous marriage of arabs from gaza two of three children are affected,1
evaluation of the effect of calendula officinalis and echinacea angustifolia extracts of trichomonas vaginalis in vitro,1
when n2grown cells of anabaena cylindrica were exposed to ammonia 50 micron to 5 mm in the dark the size of the atp pool was reduced by 40 within 1 min but restored after 5 or 6 min,1
the glucosamine and galactosamine content of mycelia was measured in cultures of neurospora crassa grown on the surface of dialysis membranes,1
turnover of human and monkey plasma kininogens in rhesus monkeys,1
comparative review of the developmental biology of the genera sarcocystis frenkelia isospora cystoisospora hammondia toxoplasma and besnoitia authors transl,1
siphonaptera from mammals in alaska,1
thus assumptions drawn from previous rodent studies do not justify the initiation of more complex laboratorybased human investigations,1
based on this comparison the bacterium pseudomonas fluorescens carries the most efficient kynureninase whereas the amphibian xenopus laevis has the most efficient hydroxykynureniase,1
increased susceptibility of trypanosoma lewisi infected or decomplemented rats to salmonella typhimurium,1
areus aerobacter and proteus species,1
the transplantation resulted in a complete restoration of igm and igg class antibody production against human gammaglobulin and brucella abortus and of microscopic morphology of the bursa of fabricius and of the germinal center formation in the spleen,1
polysaccharide vaccines of group a neisseria meningtitidis and haemophilus influenzae type b a field trial in finland,1
in none of the concentrations did glucagon produce any significant changes in the nakatpase contractility and action potential duration in the myocardium of guinea pig rabbit or pig,1
the authors describe new cases of human dermatitis caused by pyemotes herfsi occurring in the food mixing shed for the farrowing house in the piggery at a farm in the destrict of olomouc where seven persons handling feedstuff were infected,1
lesser though significant elevations were also found after subcutaneous injection of 25 mg of casein bovine serum albumin ovalbumin or monomeric immunoglobulin g whereas pyrogenfree human serum albuminu,1
ct scan is mostly applied to head trauma in the acute stage and as for trauma in the chronic stage there are a few reports on chronic subdural hematoma and posttraumatic hydrocephalus,1
as a part of an investigations on the lipid metabolism in platyhelminthes the acoel convoluta roscoffensis which harbors the green alga platymonas convoluta as a symbiont was studied,1
all cultures for chlamydiae m hominis neisseria gonorrhoeae and anaerobic bacteria were negative,1
biting activity by aedes egypti mosquitoes in guineapigs,1
randomly bred guinea pigs were infected with listeria monocytogenes using the intracardial intravenous and intraperitoneal routes of infection,1
eimeria oocysts were detected in 71 of all the dairy cattle and moniezia eggs were in 10 of the calves and 7 of the heifers,1
thymusderived lymphocyte function was determined in vivo by cutaneous reactivity to several antigens including a soluble preparation derived from trypanosoma cruzi and sensitization to 24dinitrochlorobenzene,1
localization of acid phosphatase in microfilariae of loa loa and dipetalonema perstans from cameroun,1
growing cultures of several strains of pseudomonas fluorescens and pseudomonas chlororaphis produced n2o as the only detectable gaseous product of denitrification and other strains produced n2 as the gaseous end product of denitrification,1
preferential enhancement of ige antibody response was observed in balfc mice by the administration of bordetella pertussis with antigen dnpsalmonella,1
electrophoretic variability in island populations of drosophila simulans and drosophila immigrans,1
chemoprophylactic activity of filaricidal compounds on litomosoides carinii infection of mastomys natalensis authors transl,1
mosquito vectors comprise several aedes species and culiseta inornata all of which have supported replication of ce virus following incubation at 13 degrees c or lower temperatures,1
pathology in malagasy lemurs and their relation to human pathology,1
we reported previously that escherichia coli endotoxin inhibited human neutrophil chemotaxis toward c5a,1
human fibrin foam as a matrix for threedimensional organ cultures was successfully employed for the cultivation of newborn rat and hamster colon tissue,1
bluetongue virus multiplied in cell lines derived from aedes albopictus and aedes pseudoscutellaris cells,1
natural agglutinins to rabbit erythrocytes were found in all human sera studied,1
on the other hand yolk sac cells did not elicit a detectable mlc reaction nor did they respond to pha or con a hence mouse yolk sac cells have the potential to express a certain limited array of immunological reactivities before the development of embryonic thymus and liver,1
the human diploid fibroblast culture wi38 was analyzed for chromosomal damage after 24 h exposures to benzoapyrene bp 3methylcholanthrene mca nmethylnnitrosoguanidine mnng 4nitroquinoline1oxide 4nqo pyrene and caffeine,1
it has been confirmed that injection of chichens with cysteamine or 5hydroxytryptamine 30 min before inoculation of the birds with a lethal dose of e necatrix oocysts reduces subsequent mortality the reason for this however appears not to be the neutralisation of the proposed shock reaction but rather an inhibition of the excystation process brought about indirectly through the host,1
the rodents rattus rattus r exulans bandicota bengalensis mus musculus as well as shrews were commonly caught during routine trapping in the country,1
effects of various gustatory stimulants upon the olfactory spithelia were examined in the olfactory bulb of the bullfrog and the carp,1
in a solution with bovine serum albumin in rat rabbit dog or human plasma the semihydrolysis times are between 5 and 60 min,1
functional expression of two bacillus subtilis chromosomal genes in escherichia coli,1
thetatoxin of clostridium perfringens produced in a synthetic medium showed high toxicity,1
epimastigotes from trypanosoma cruzi and promastigotes from herpetomonas samuelpessoai were fixed with glutaraldehydetannic acid,1
neurospora crassa glutamine synthetase mrna was measured by its capacity to direct the synthesis of the specific protein in a cellfree system derived from rabbit reticulocytes,1
the hydrolysis of the phospholipids of intact human serum high density lipoprotein 3 hdl3 by pure alphaphospholipase a2 from crotalus adamanteus was studied by phstat titration,1
calcium sensitivity of abalone haliotis discus myosin,1
rna polymerase from the fungus aspergillus nidulans,1
mortality weight loss and anaemia in bos taurus calves exposed to boophilus microplus ticks in the tropics of colombia,1
the cell masses of the diencephalon of amphisbaena darwini heterozonata are studied and confronted with those of other reptiles specially with the burrowing ophidian typhlopidae,1
when the use of the drug was heavy and continued for many hours or several days the patients developed successively four stages of psychological reaction euphoria dysphoria hallucinosis and acute paranoid psychosis,1
2422dichlorocyclopropylphenoxy2methylpropanoic acid win 35833 was readily absorbed after oral administration in rats rhesus monkeys and human volunteers peak concentrations of drug in plasma were attained within 2 hr of medication,1
when potential protein adsorption sites on the substratum were covered with bovine serum albumin before initial human fibroblasts attachment their subsequent attachment to the substratum was prevented,1
comparative study on antitumor effect of cellwall skeleton of mycobacterium bovis bcg and nocardia rubra with reference to tcell dependency and independency,1
two benzodeisoquinolinediones namely 5nitro22dimethylaminoethylbenzodeisoquinoline13dione and 5nitro221pyrrolidineethylbenzodeisoquinoline13dione caused inhibition of the viral replication when assayed against herpes simplex and vaccinia viruses in chick embryo cell cultures,1
the average number being 120300 mosquitoes and 50 horseflies per hour the milking qualities in the cattle decreased by 62 the milk fat content by 118,1
noradrenaline na dopamine da 5hydroxytryptamine 5ht or 5hydroxy indoleacetic acid 5hiaa concentrations were measured spectrophotofluorimetrically in discrete brain areas cortex hypothalamus striatum hippocampus with nucleus amygdala and nucleus accumbens limbic system and pons with medulla oblongata,1
a search for causes of polymorphism in clithon oualaniensis lesson gastropoda prosobranchia,1
8 buzzards buteo buteo were infected orally with cysts of frenkelia clethrionomyobuteonis of the bank vole clethrionomys glareolus,1
the relationship between rhythmic hyphal growth and circadian formation of sclerotia in sclerotium rolfsii sacc,1
brood capsules were obtained from freshly collected cysts of equine and ovine strains of echinococcus granulosus,1
in the pituitary gland of mertensiella and triturus six chromophilic cell types could be distinguished,1
these immunoassays employed a monospecific antiserum that was prepared in rabbits against human dbp,1
thirtynine strains of enterobacteriaceae tested included escherichia coli 14 klebsiella pneumoniae 16 citrobacter sp 3 enterobacter sp 3 salmonella enteritidis 1 serratia marcescens 1 and proteus mirabilis 1,1
occasionally the hedgehog erinaceus europaeus is infected by trichophyton mentagrophytes robin blanchard var,1
comparison of vaccination of mice and rats with haemophilus influenzae and bordetella pertussis as models of atopy,1
modification of human parotid saliva proteins by oral streptococcus sanguis,1
the causative microorganisms were streptococcus bovis s faecalis s agalactiae s intermedius and staphylococcus aureus,1
electronmicrographs of both the vermis and hemisphere of the cerebellum of the squirrel monkey saimiri sciureus show numerous granule cell bodies partially or completely surrounded by myelin,1
oral colonization of streptococcus mutans in human subjects with low caries experience given fluoride supplements from birth,1
avian botulism and the high prevalence of clostridium botulinum in the norflok broads,1
preparation of antihuman globulin serum in bangladeshi rabbits and goats,1
ouabain administered 5 min prior to learning induces amnesia for a singletrial passive avoidance task in dayold chickens by inhibiting memory formation during the labile sodiumpump dependent phase,1
experimental infection of whitetailed deer with elaeophora schneideri,1
argon laser photocoagulation of transplanted malignant melanoma in hamsters authors transl,1
intranuclear microtubules were found in lung mast cells during anaphylactic shock following ovalbumin challenge of guinea pigs passively sensitized with homocytotropic antibodies,1
lipases from aspergillus niger and rhizopus delemar synthesized glycerides from not only fatty acid but dibasic acids and aromatic acids making ester bonds only at position 1 and 3 of glycerol,1
mystromys albicaudatus was not responsive however mastomys natalensis developed large numbers of atypical acinar cell nodules and several adenomas in a 6month study,1
after the initial release of the nterminal propro hexa and heptapeptides were formed in larger amounts than tri tetra nona and decapeptides from the tridecapeptide,1
the possibility of transmitting the drug resistance markers of escherichia coli to salmonella typhimurium lt2 made it reasonable to believe that this is one of the routes for spreading the rfactors among salmonella organisms,1
among gramnegative bacteria a target image was regularly obtained with haemophilus influenzae all 10 strains tested and proteus species 9 of 10 strains but with none of the following species escherichia coli salmonella shigella pseudomonas aeruginosa neisseria gonorrhoeae neisseria meningitidis and bacteroides fragilis,1
discharge of atypical mycobacteria in kochi prefecture authors transl,1
eighteen lots of fetal bovine serum were tested for their ability to support clonal growth and 3methylcholanthreneinduced morphological transformation of hamster embryo cells in vitro,1
the production of lesions in the rabbit kidney by xenoperfusion with fresh human blood,1
dopa peroxidase activity in the chloragogen cells of the earthworm lumbricus terrestris l,1
the blood of the cows in these farms was found to contain antibodies to coxiella burnetti and the causative agent of the disease was detected in milk samples of aborting cows by biological assays on hamsters mesocricetus auratus,1
effects of xirradiation on egg hatchability larval and pupal survival in the tobacco hornworm manduca sexta,1
ii the antibiotic sensitivity of pneumococci meningococci influenza bacilli klebsiella enterobacteria pseudomonas aeruginosa and proteus,1
1 artiodactyla haptoglobins hps goat sheep and cattle family bovidae and pig family suidae were structurally characterized,1
the capability of pregnant mare serum pms and human chorionic gonadotropin hcg to induce estrus and ovulation was tested in mature anestrous bitches,1
aqueous alcoholic and ketonic extracts from leaves and stems of plants of the families malvaceae anonaceae punicaceae verbenaceae and urticaceae were analyzed in order to prove their antibacterial proprieties,1
at ph 74 the crossreactivity of normal human gammaglobulin bovine thyroglobulin and pure hcg with btsh binding to both lymphocytes and thyroid cells was below 1,1
organ cultures of two bovine oviducts were infected with the bovine abortion strain of chlamydia psittaci but in these experiments centrifugation of the inocula did not enhance infection,1
enzyme activity also tended to be reduced in the left atria and the left ventricles of guinea pigs with constriction of the aorta,1
folia of the 21st day experimental cerebella were irregular in shape and the area of the midsagittal section was one fourth that of the controls,1
the nonpolar lipids of methanolgrown bacteria which utilize onecarbon c1 compounds via the rmp pathway pseudomonas c pseudomonas methylotropha and methylomonas methanolica were found to contain squalene in concentrations between 01 to 116 mgg of cell dry weight,1
bovine and human sera were analyzed for the presence of antibodies against bovine papillomavirus types 1 and 2 bpv 1 and 2 and human papillomavirus type 1 hpv 1 in a solidphase radioimmunoassay,1
the gastrointestinal parasites that were recovered were bunostomum phlebotomum cooperia pectinata cooperia punctata haemonchus placei oesophagostomum radiatum and trichostongylus spp,1
antisera were raised in rabbits injected with cholylglycine coupled by amide linkage to bovine serum albumin,1
effect of the ph of ascaridia galli egg culture medium on the experimental infection in chickens,1
allescheria boydii petriellidium boydii has previously been described as a cause of madura foot and pulmonary and other visceral infections,1
ninetysix males ss were divided into four drug conditions coltsfoot placebo marijuana low dose and marijuana high dose,1
human and bovine thyroid plasma membranes have specific binding sites for bovine 125itsh,1
binding of 125iprotein a and 125iantiigg to human and rabbit igg was comparable,1
three structurally and antigenically similar capsular polysaccharides two derived from group c neisseria meningitidis oacetylpositive and oacetylnegative variants and one from escherichia coli k92 which crossreacts with polysaccharide from group c n meningitidis were compared for their ability to induce anticapsular and bactericidal antibodies to group c n meningitidis in adult volunteers,1
delayed hypersensitivity responses in mice and guinea pigs to mycobacterium leprae mycobacterium vaccae and mycobacterium nonchromogenicum cytoplasmic proteins,1
biological effects of low frequency vibration on the embryonal development of bufo vulgaris and rana esculenta,1
the rat nephroblastoma morphologically resembled the malignant epithelial component of human wilms tumor whereas rat renal mesenchymal tumor appeared to have counterparts in the mesenchymal component of wilms tumor and in congenital mesoblastic nephroma leiomyomatous hamartoma of infancy,1
the specificity of bandeiraea simplicifolia lectin i bs i has been studied by competitivebinding assays cba using tritiumlabeled human b and hog a substances,1
7 of 30 patients with localized psoriasis of palms and soles had one of these antigens,1
the present paper describes a study on rosette formation by human lymphoid cells with monkey erythrocytes mrbc obtained from two species african green monkey cercopithecus aethiops and rhesus monkey macaca mulata,1
welchii 11 were due to foodborne salmonella infection three to enterotoxigenic staphylococcus aureus and five incidents were of undetermined aetiology,1
cytochemical observations of coelomocytes from the earthworm lumbricus terrestris,1
an enzymelinked immunosorbent assay elisa was used for the detection in human sera of antibody to herpes simplex virus antigens,1
the activity of pectinelyase polygalacturonase pectinemethylesterase amylase and saccharase in pythium ultimum pythium oligandrum and pythium debaryanum was determined,1
to determine whether haemophilus influenzae could be a factor in human atopy its effects were studied on the parasympathic cyclic nucleotidehistamine axis in rats,1
cattle attendants on two farms in the outer bratislava district showed symptoms of qfever,1
hemolytic activity of plasma and urine from rabbits experimentally infected with legionella pneumophila,1
te xrays of the atlantooccipital axis showed a foramen arcuale atlantis,1
multiple infection of hydrobia stagnorum gmelin with larval trematodes,1
colchicine cytochalasin b cyclic amp and pigment granule translocation in melanophores of uca pugilator and hemigrapsus oregonensis crustacea decapoda,1
several agents were employed to induce diarrhea in squirrel monkeys 1 diarrhaogenic diets 2 various doses of cholera toxin 3 prostaglandin derivatives 4 bile 5 lactulose 6 phenolphthalein 7 castor oil,1
disturbance of ammonia metabolism is an important but not the only factor in the genesis of hepatic coma,1
pharmacological properties of axonal sodium channels in the cockroach periplaneta americana l ii slowing of sodium current turnoff by condylactis toxin,1
warthog accounted for 90 of the meals and single bushbuck and ox feeds were identified,1
an attempt has been made to transfer acquired immunity to ancylostoma caninum infective larvae from infected swiss albino female mice to nonimmune isologous recipients of same sex through immunized thymus and bone marrow cells,1
two uvsensitive mutants of saccharomyces cerevisiae rad 3 and rad 6 were tested for sensitivity to xrays mms ems hno2 and deb,1
colombian aotus monkeys infected with the puf strain also developed a suppression to cona stimulation but with a lower parasitemia 1025,1
by use of flow microcalorimetric studies on saccharomyces cerevisiae and kluyveromyces fragilis the role of physical parameters and that of oxygen tension are discussed,1
the purpose of this investigation was to produce experimental tinea versicolor in rabbits and humans with pityrosporum orbiculare,1
quarternary ammonium chlorhexidine and cetylpyridinium chloride were effective against staphylococcus aureus and streptococcus agalactiae but not escherichia coli and pseudomonas aeruginosa,1
fine structure of the mast cell with special reference to human cells,1
effect of contraceptive steroids on mammary gland of beagle dog and its relevance to human carcinogenicity,1
local application of compound 4880 induced long lasting nerve activity in intradental sensory nerves in the teeth of cats and dogs,1
metabolic products of hydrocarbonoxidizing strains of mycococcus lactis and pseudomonas fluorescens and their influence on culture growth,1
the hatching rhythm of polystoma integerrimum a monogenean from the frog rana temporaria,1
laelapid mites acari mesostigmata from mammals of south vietnam,1
endotoxininduced acceleration of ovum transport in rabbits,1
the fungus could be cultured and identified as paracoccidioides brasiliensis,1
the chimpanzee pzp showed reactions of identity with human pzp while the pzp analogue in the orangutan in four species of old world monkeys pigtailed rhesus cynomolgus and stumptailed and in a species of new world monkey squirrel showed equivalent reactions of partial identity with human pzp,1
serratia marcescens sa3 possesses two homoserine dehydrogenases and neither has any aspartokinase activity unlike the case of escherichia coli enzymes,1
immunogenicity of a chaotropically extracted protective antigens of pasteurella multocida type a bovine origin against experimental pasteurellosis in mice,1
vector competence of colonized culiseta melanura diptera culicidae for western equine encephalomyelitis virus,1
the specificity of the reaction observed in the human tissues was established by absorption of the specific igg with a purified gp52 b several relevant and irrelevant viral preparations c normal human plasma leukocytes breast tissue milk actin collagen and hyaluronic acid d sheep erythrocytes bovine mucin and fetal calf serum,1
the antigenic relationship between kloeckera and salmonella choleraesuis o antigen authors transl,1
the lymphocytes of line p chickens showed a higher phytohaemagglutinin pha response than those of line v chickens and p x vf1 hybrids,1
in a survey of 259 newlyimported rhesus monkeys 5 species of nematode parasites were commonly found,1
induction of papillary ependymomas and insulinomas in the syrian golden hamster by bk virus a human papovavirus,1
the effect of bisamidines of 26diaminoanthraquinone on entamoeba histolytica infections in rats and hamsters,1
the roles played by the amygdala and hippocampus in controlling the release of pituitary luteinizing hormone lh were studied in the freely moving rat,1
the antigenicity of toxic proteins from the venoms of elapidae and hydrophiidae,1
results of this study suggest that the ecology of isfahan virus is distinct from the other vsv serotypes and involves chiefly humans gerbils and sandflies a pattern also observed with cutaneous leishmaniasis and sandfly fever in iran,1
antisera raised in mammals to murine immunoglobulin ig do not detect surface ig on thymusdependent t lymphoma cells as assessed by immunofluorescence analysis,1
persistence of coxiella burnetii in beetles,1
effect of human leukocyte interferon on vacciniaand herpes virusinfected cell cultures and monkey corneas,1
a horseradish peroxidaseautoradiographic study of parietopulvinar connections in saimiri sciureus,1
also rabbit antibovine xanthine oxidase failed to crossreact immunologically with xanthine oxidase of mouse milk,1
cells infected with mouse and calf rotaviruses reacted by indirect immunofluorescence fa with convalescent serum from children piglets mice foals lambs calves or rabbits taken after rotavirus infection,1
pamamycin a new antibiotic and stimulator of aerial mycelia formation,1
failure of nude athymic rats to become resistant to reinfection with the intestinal coccidian parasite eimeria nieschulzi or the nematode nippostrongylus brasiliensis,1
the tuberculins were prepared from human tubercle bacillus the gause organism m marinum m avium m fortuitum and m kansasii respectively,1
it is bacteriostatic against gramnegative bacilli of the family enterobacteriaceae and against staphylococcus aureus,1
the effect of mycoplasmas on replication and plaquing ability of herpes simplex virus,1
the chem 1 mural core reacted with specific fluoresceinlabeled h capsulatum antiglobulins produced by adsorption with blastomyces dermatitidis thus indicating at least partial retention of h capsulatumspecific factors,1
however only four strains of l monocytogenes were inhibited by strains of streptococcus faecalis s faecalis v zymogenes or s faecalis v liquefaciens,1
it was remarkably active against multidrugresistant strains of enterobacter spp serratia spp and pseudomonas aeruginosa,1
asymmetry of an energy transducing membrane the location of cytochrome c2 in rhodopseudomonas spheroides and rhodopseudomonas capsulata,1
effects of the following amino acids were examined on the electrical activity of the two giant neurones pon and tan identified in the subesophageal ganglia of achatina fulica férussac  lasp lthr lser lglu lpro gly lalphaala betaala lcysteine lcystine lval lmet lileu lleu ltyr lphe llys lhis larg lcit ltry gaba and gabob,1
eeg was recorded from the dorsal hippocampus of cats during walking in situations intended to elicit a minimum of orienting or attentional behavior,1
isolation and characterization of escherichia coli phase variants and mutants deficient in type 1 pilus production,1
oocysts of wenyonella baghdadensis sp n were found in the feces of 2 of 12 bandicoot rats nesokia indica gray  harwicke from the baghdad area,1
effect of lithium upon plaque and gingivitis in the beagle dog,1
at ph 40 the values of vlambda and deltalambda for carp azidomethemoglobin became 195 and 476 respectively whereas those for the human hemoglobin are virtually unchanged,1
effects of prolonged exposure to ammonia on the blood and liver glycogen of coho salmon oncorhynchus kisutch,1
neurologic signs and symptoms such as opsoclonus dancing eyes ataxia blindness and cord paralysis may precede by several months the manifestations of the primary tumor in a distant site such as the abdomen,1
the comparative sample consists of 42 homo sapiens 27 pan troglodytes 29 gorilla gorilla and 29 pongo pygmaeus,1
a brother and sister with congenital cerebellar ataxia anosmia oligophrenia hypogonadism and anomalies of amino acid distribution are reported,1
eleven rabbits were given bovine serum albumin iv in daily doses of 25 mg,1
ostertagia mossi capillaria sp cooperia sp and oesophagostomum sp were found only in deer of southern illinois,1
passage experiments using a variant of the rabiesvaccine strain era in wildliving species ondatra zibethica and rattus norvegicusa contribution on the oral immunization of foxes against rabies,1
the acrasin specifically attracts the amoebae of p violaceum and p pallidum and fails to do so for six species of dictyostelium tested,1
the adequacy of the correction procedure was assessed in in vivo measurements in cats and dogs,1
2 liver alkaline phosphatase activity expressed in mumoles of pnitrophenol released per minute per gram of protein were as follows micropterus salmoides 2031 stizostedion vitreum 1922 pomoxis nigromaculatus 1876 lepisosteus platostomus 1626 esox lucius 1614 hiodon tergisus 1383 ictalurus punctatus 1087 aplodinotus grunniens 794,1
the tissue distribution of the canine and human homologues of thy1 were studied using quantitative absorption analyses of liver absorbed antibrain xenosera assayed on thymus cells,1
citrulline is present in the stratum corneum proteins of human cow snout pig snout and guinea pig epidermis but is absent from the stratum corneum proteins of frog mouse turtle rat and hamster epidermis,1
protein analysis of earthworm coelomic fluid 1 polymorphic system of the natural hemolysin of eisenia fetida andrei,1
this antiserum also reacted with the enzymes from two other species of sea urchin pseudocentrotus depressus and hemicentrotus pulcherrimus,1
endosymbiotic bacteria in vaucheria xanthophyceae association with cytoplasmic microtubules in vaucheria sessilis,1
clinicopathologic characterization of herpesvirus saimiri malignant lymphoma in new zealand white rabbits,1
thioredoxin activity was not found in cyanophora paradoxa and in porphyridium cruentum using the thioredoxindependent papssulfotransferase activity from synechococcus 6301 as assay system,1
functionally equivalent subunits of rna polymerase from micrococcus luteus and escherichia coli differ from each other in many molecular and antigenic properties,1
the infectious bovine rhinotracheitis ibr virus belongs to the group of herpes viruses,1
the salivary gland chromosomes of anopheles ramsayi and its relationship with anopheles stephensi culicidae diptera,1
in contrast with human ldl and the lipoproteins of the hypercholesterolemic rabbit the entire cd spectrum of human vldl shows increased ellipticity with decreasing temperature which is completely reversible,1
because of the technical problems and length of time involved in the satisfactory performance of the haemagglutinationinhibition test for detection of rubellaspecific antibodies a commercially available passive haemagglutination pha kit utilising rubella antigensensitised human erythrocytes was tested for its suitability for use in diagnostic laboratories,1
p inhibited protein synthesis in the mouse was without significant effect in the guinea pig and was mildly stimulatory in the rabbit and ewe,1
mycelia of the mutants contained higher concentrations of these enzymes when growth media were supplemented with 1mmglycine,1
differences in pulmonary microvascular anatomy between bufo marinus and xenopus laevis,1
the plasmalogenic species are mostly distributed among phosphatidylethanolamines pes and make up about 62 of the total in rabbit sr and about 46 in lobster membranes,1
dust extract with a concentration of 1 mug benzoapyreneml exerted a toxic effect upon mouse macrophages cell line ic21 and human lymphocytes after stimulation,1
a bacterial strain tentatively identified as an actinobacillus species was found to asymptomatically colonize the pharynx of some rats and to bear cell wall antigens which crossreact with noncapsular antigens of haemophilus influenzae type b hib,1
antagonistic interactions of phylloplane bacteria with drechslera dictyoides drechslera shoemaker,1
protection of mice against haemoprotozoan babesia microti with brucella abortus strain 19,1
the gravity of delayed diagnosis in such a situation should prompt the ophthalmologist to consider subdural hematoma as the underlying cause in cases of third nerve paralysis,1
the action of gaba and glycine was reversed nonspecifically by picrotoxin bicuculline and strychnine,1
experimental pathology of the eyes in rabbits and guinea pigs caused by the antibiotic grizin,1
induced isoflavonoids from fungusinfected stems of pigeon pea cajanus cajan,1
ova of h contortus m marshalli o circumcincta t colubriformis t falculatus n spathiger c ovina h placei o ostertagi cooperia spp,1
also the motility of spermatozoa suspended in fasting human blood serum was better than that of spermatozoa suspended in modified tyrodes solution or in seminal plasma,1
in view of increasing topical use of various chemotherapeutic agents for bladder carcinoma an experimental study concerning the effect of triethylene thiophosphoramide thiotepa on cell kinetics of bladder carcinoma cells was performed working on an established cell line of human bladder carcinoma,1
histochemistry and the functional organization of the skin of a livefish clarias batrachus linn clariidae pisces,1
cysteine biosynthesis in a fungus histoplasma capsulatum,1
in this case however the dosage of gaba required to produce a given depression was significantly less than the required dosage of glycine,1
a susceptible and refractive strain of anopheles atroparvus van thiel to infection with plasmodium berghei berghei,1
moreover none of the strains of p asaccharolyticus was typable with the p indolicus typing antisera,1
in our opinion the final application of scleral heterografts human or bovine the role of antigenicity and the ability of osteoblasts to invade either a single piece or layers of sclera warrant further study,1
only 1 patient had a nearnormal mucosa close to the anastomosis in the remainder the gastric remnant showed various degress of dysplasia metaplasia or chronic atrophic gastritis,1
mast cells are relatively common in human omental veins where they generally occur in the tunica adventitia and among the peripheral smooth muscle cells of the tunica media,1
the ecdysteroids from the tobacco hornworm during pupaladult development five days after peak titer of molting hormone activity,1
sarcocystis cernae sp n relacement name for sarcocystis sp cerná and loucková 1976,1
thermal pertubation difference spectra of sperm whale myoglobin mb and soybean leghemoglobin a lb a in the nearultraviolet reveal similarities in the tryptophan environment of the two proteins,1
bacteriological surveys revealed no shigella or salmonella infections during the quarantine period,1
3 the action of phospholipase a2 from bee venom phospholipase c from bacillus cereus and sphingomyelinase c from staphylococcus aureus on granules and their ghosts was followed as a function of time,1
superimposition of trypanosoma vivax infection on e ovis infection did not appear to affect the growth of either parasite,1
studies in vivo and in vitro showed that the active fraction contained skin reactive factor when injected intradermally into guinea pigs and humans lymphotoxin migration inhibition factor chemotactic factor and macrophage activation factor,1
metabolic acidosis developed in dogs with fatal as well as nonfatal babesia canis infection,1
clavulanic acid combined with ampicillin inhibited betalactamaseproducing n gonorrhoeae h influenzae escherichia coli salmonella typhi and shigella sonnei,1
an assay is described for assessing the potency of thymic extracts by the capacity of guinea pig spleen lymphocytes to form rosettes with rabbit red blood cells,1
composition and biologic properties of soluble iggantiigg immune complexes effects of variations in the specificity of rabbit antibodies to different structural components of human igg,1
during the wet seasons of 1972 and 1973 ve virus was detected by sentinel horses and a sentinel hamster in 1972 in a small woods 10 km north of the marsh but virus was undetectable there during the dry seasons of 1973 and 1974 and the wet season of 1974,1
transcription of xenopus tdnamet1 and sea urchin histone dna injected into the xenopus oocyte nucleus,1
evaluation of oxfendazole against natural infections of gastrointestinal nematodes and lungworms in calves,1
the mutagenicity of 99 chemicals was determined in a standard salmonella typhimurium assay with the use of strains ta1535 and ta1538 the dnamodifying capacity was determined with normal and dna polymerasedeficient escherichia coli strains,1
both rabbits produced the acth antibody with a titer of 125000 which could detect acth of 5 pg per tube when applied to the radioimmunoassay of the human acth,1
postimplantation pregnancy disruption in microtus ochrogaster m pennsulvanicus and peromyscus maniculatus,1
as intestinal parasites ascaris sp were detected in two head enterobius vermicularis in eight strongloides sp in two oesophagostomum sp in nine tape worms in four and entamoeba coli in twelve,1
continuous cell lines obtained from mouse and hamster embryonic tissue and human lung contain a homologous series of acidic glycolipids known as gangliosides,1
a modified tetrachrome staining technique for the adenohypophysis of dogs rats and rabbits,1
hfr formation by i pilusdetermining plasmids in escherichia coli k12,1
rabbit antihuman fibrin globulin afg was labelled with iodine 131i and used as a thrombusdetecting agent,1
the uptake of sugar and amino acids was affected by the presence of cations in the filling solution in both the fishes ophiocephalus and heteropneustes,1
since the majority of cases of overwhelming postsplenectomy infection are caused by streptococcus pneumoniae all patients with either anatomical or functional asplenia should receive pneumococcal polysaccharide vaccine,1
menopause in rhesus monkeys model for study of disorders in the human climacteric,1
recently the infection in wild rodents was discovered and the independence of this fungus proved by its perfect form nannizzia persicolor which is called at the present time microsporum persicolor,1
rabbit antiserum was tested by cie against sera from 20 healthy individuals 15 patients with mucosal candidiasis and 48 compromised patients with cultures positive for candida,1
comparative breeding of helisoma duryi and biomphalaria glabrata in laboratory mollusca planorbidae,1
the effects of lamino acids on arginase from the hepatopancreas of the snail ariophanta cryptozona ligulata were studied,1
there were no differences in mean intestinal worm burdens 8 days after subcutaneous injection of 4000 infective larvae of strongyloides ratti into rats in dioestrus prooestrus oestrus and metoestrus,1
one hundred and twentyfive human sera from male and female fertile and infertile subjects were tested by fluorescent techniques against porcine and human zonae for autoantibodies to zona pellucida,1
chronic ethanol administration to cats increased specific 3houabain binding by 63 in cerebral cortex 47 in cerebellum 84 in amygdala and 100 in hippocampus when the binding assays were performed in the presence of 160 nm 3houabain,1
pathogenic germs found on surfaces and equipments were coagulasepositive staphylococcus klebsiella aerobacter pseudomonas aeruginosa citrobacter proteus escherichia coli and enterococci,1
is1 and is5 appear limited to the enteric bacteria whereas is2 sequences can also be detected in pseudomonas putida pseudomonas aeruginosa and serratia marcescens,1
between 20 july and 15 octoboer 1975 five cases of human infection with babesia microti were diagnosed on nantucket island massachusetts,1
sulfide inhibition of photosystem ii in cyanobacteria bluegreen algae and tobacco chloroplasts,1
functional interactions of the genomes of shigella sonnei phages and escherichia coli phage t4 in mixed infection,1
loops of nexus and a redundant right angle nexus were followed through serial crosssections in papillary muscles from the shock cats,1
young male wistar rats were fed with chows containing marketed hizikia preparation,1
the electrodes can be implanted in bundles through the round window or into the modiolus they can however also be introduced individually through several drill holes in the promontory for placement in the scala tympani and vestibuli,1
effect of aerosol immunization with re 595 salmonella minnesota on lung bactericidal activity against serratia marcescens enterobacter cloacae and pseudomonas aeruginosa,1
bioassayguided fractionation of the aqueous alcoholic extract of the marine sponge verongia spengelii for tumor inhibitory agents led to the isolation of aplysinopsin a new tryptophan derivative recently reported from another sponge thorecta aplysinopsis,1
the cytopathic action of haemolysin of pseudomonas aeruginosa has been studied in mouse and human leucocytes,1
does not modify the course of p falciparum infections in douroucouli monkeys,1
experimental infection of h asiaticum and o papillipes with coxiella burnetii and r d sibericus in different succession and individual study of these arthropods by means of the fluorescent antibodies method ordinary microscopy and titration on laboratory animals have revealed an ambiguous outcome of the development of combined rickettsial infection in these ticks,1
in addition both lcwf and pf can fix rabbit and guinea pig complement,1
the main bacteria are staphylococcus aureus streptococcus pseudomonias aeruginosa in spite of antibiotic therapy,1
along with budding typical of saccharomyces partitions characteristic of schizosaccharomyces were encountered,1
stimulation of resistance to taenia taeniaeformis in the rat by infection with fasciola hepatica,1
in fetuses and twoweekold rabbits chyle sinuses are narrow and all flow into the capillaries of the tela submucosa,1
a collection of random drosophila melanogaster dna fragments cloned individually in escherichia coli was screened for the presence of sequences complementary to the 4 s 5 s and 58 s rna species produced in the d melanogaster kc tissue culture line,1
the binding was specific in that it was prevented by unlabeled thyrotropin or cholera toxin but not by insulin glucagon prolactin growth hormone human chorionic gonadotropin or luteinizing hormone,1
however the virus particles are deficient in rnadependent dna polymerase activity under conditions that easily detect rauscher leukemia virus and will infect neither hamster rat mouse human nor rabbit cells,1
likewise all the 59 grampositive strains representing streptococcus bacillus peptostreptococcus peptococcus propionibacterium lactobacillus eubacterium and clostridium did not stain,1
nematode parasites from vespertilio orientalis wallin,1
the cross reactions found in individual cases within up to 39 days since the first reaction to brucellosis in cattle may signalize early leptospira infections,1
the cellular populations present in dorsomedial cortex in the snakes constrictor constrictor natrix sipendon and thamnophis sirtalis are described at the light microscopic level using nissl and golgi preparations as well as at the ultrastructural level,1
continuing interest by oshaniosh and by epa regarding the adequacy of current sulfur oxides standards has prompted a reappraisal of the available human and animal data,1
thetabearing cells in lymphomyeloid tissues of thymusdeprived and normal mice have been studied by the use of antitheta antiserum and cytotoxicity tests in addition to functional tests,1
nklike cytotoxicity of human lymphocytes cultured in media containing fetal bovine serum,1
plaque formation in vitro by actinomyces viscosus in the presence of streptococcus sanguis or streptococcus mutans,1
various f plasmids of escherichia coli k12 could be transferred into mutants of the soil strain 62 classified herein as a pseudomonas fluorescens biotype iv this strain was previously found to receive flac plasmid n,1
i ricinus was already known to be the most important vector of the tick borne encephalitis virus and of protozoans of the babesia genus,1
cylindroid lamellaparticle complexes and nucleoid intracytoplasmic bodies in lymphoma cells of northern pike esox lucius,1
urinary excretion of c21steroids in cercopithecus aethiops and erythrocebus patas,1
proceedings of the newcastle meeting of the society for research into hydrocephalus and spina bifida 1979,1
studies on the malayan forest rat filaria breinlia booliati filarioidea onchocercidae relative susceptibility of various species of mosquitoes,1
compound 4 supported the growth of streptococcus faecium atcc 8043 and its tetrahydro derivative supported the growth of pediococcus cerevisiae atcc 8081,1
the inhibitory effect of bovine rumen fluid on salmonella typhimurium,1
urease has been localized in sections of cotyledons from germinating seeds of jack bean using fitclabelled immunoglobulin prepared from urease antiserum raised in rabbits,1
the extracellular release from human neutrophils of the primary azurophil granule constituents myeloperoxidase mpo chymotrypsinlike cationic protein ccp collagenase and lysozyme and the secondary specific granule constituents lactoferrin and lysozyme was measured during ingestion of staphylococcus proteinaigg complexes,1
babies receiving breast milk produced faeces with low ph high counts of saccharolytic organisms including bifidobacteria and streptococcus faecium and low counts of escherichia coli bacteroides and clostridia,1
these are usually found among fleas parasitizing mammals inhabiting caves subterranean burrows and runs high aerial nests and snow or icebound habitats,1
effect of prostaglandin e2 on the permeability of the iris vessels to horseradish peroxidase in the rabbit,1
detection of metarrhizium anisopliae metsch sorokin deuteromycetes moniliales fungus in larvae and pupae of horseflies in kazakhstan,1
1 in patients with huntingtons chorea the activity of sgot was lower than in controls p  002 in friedreichs ataxia lgpt activity was decreased p less than 0001 in patients suffering from als sgot p  0005 sgpt p less than 0001 and lgot p less than 0001 activities were increased,1
the prognosis was poor for dogs presenting with the triad of complete flaccid paralysis dyspnoea and a subnormal temperature,1
nosocomial infections with providencia stuartii proteus inconstans authors transl,1
a familial disorder was characterized by chorea ataxia myoclonus convulsions dementia and mental retardation,1
antibacterial activity of the amniotic fluid against staphylococcus aureus candida albicans and brucella abortus proceedings,1
the region of bacillus stearothermophilus strain nca 1503 23s ribosomal rna protected from t1 ribonuclease digestion by the 50s ribosomal subunit protein l1 from escherichia coli has been established,1
although hindlimb weakness has been previously reported as a consequence of dietary zpt ingestion in rats and rabbits the cause of the paralysis has been unexplained,1
effects of levamisole and human chorionic gonadotrophin on ostertagiasis in western victoria australia,1
heterotylenchus simplex sp n nematoda sphaerulariidaea parasite of the zoophilic fly morellia simplex lw,1
selective effect of propolis in the isolation of listeria monocytogenes authors transl,1
after immersion fixation argentophilia and chromophilia occurred ubiquitously in the brain of the newborn guinea pig however argentophil neurofibrils were noted in the absence of chromophil neurons in the brain stem of the newborn rat rabbit and cat,1
species difference in ethacrynic acid effect on caaccumulation in kidney cortex mitochondria of rats rabbits and dogs is discussed,1
using antiglobulin and antienzyme reagents prepared in guinea pigs antiovalbumin antibodies are measured in rabbit serum,1
nasal secretions leukocytes and preputial or vaginal swabs from a group of 15 captive wild ruminants comprising six pronghorn antelope antilocapra americana seven fallow deer dama dama and two mule deer odocoileus hemionus and from 50 freeranging pronghorns in southern alberta were examined for viral agents,1
dna synthesis induced by pha pwm or mixed lymphocyte cultures mlc was strongly inhibited by adenosine at concentrations of 104 m or higher when human peripheral blood lymphocytes were cultured in a medium supplemented with horse serum which lacks ada,1
of the species examined the flashinduced changes in fluorescenceyield kinetics appeared to occur at higher temperatures in the members of one group chromatium vinosum rhodopseudomonas gelatinosa and rhodopseudomonas palustris than in the members of the other rhodopseudomonas palustris than in the members of the other rhodopseudomonas sphaeroides and rhodospirillum rubrum,1
all samples before 20 weeks gestation showed week antibacterial activity against staphylococcus aureus but comparatively strong reaction against candida albicans and brucella abortus,1
both igm and iggimmunoglobulins were revealed in the sera of rabbits immunized with lforms of hemolytic streptococcus group a and mycoplasma fermentans,1
in vitro thymidine kinase activity present in hymenolepis diminuta cestoda and moniliformis dubius acanthocephala but apparently lacking in ascaris lumbricoides nematoda,1
inhibition by paromomycin of rfactor transfer of tetracycline resistance between escherichia coli and salmonella pullorum,1
of those sera tested horse bovine lamb goat and fetal bovine provided the highest attachment efficiency whereas rat mouse and human gave the lowest,1
1 the delayed fluorescence of chlorophyll a was measured with a phosphoroscope by changing the temperature in a range of room temperatures in intact cells of bluegreen algae anacystis nidulans two strains of anabaena variabilis and plectonema boryanum and other kinds of algae cyanidium caldarium and chlorella pyrenoidosa,1
bacterial and mycoplasma flora of a laboratory colony of the common marmoset callithrix jacchus,1
rodent and human mammary tumors are also highly active in both steroid alcohol and estrogen sulfotransferases,1
by both methods antithymus and antieall sera reacted with human thymocytes,1
the oncogenic properties of hamster embryo cells transformed by herpes simplex virus type 1 hsv1 and type 2 hsv2 and sv40 virus following photodynamic inactivation using neutral red were determined by subcutaneous inoculation into newborn syrian hamsters,1
in some laboratories it is the rule not to stain semen or serous fluids in bulk staining machines at all and this may have to become the rule everywhere until we are provided with safe individual slide stainers,1
case of human group infection by a natural strain of trichinella in the altai territory,1
the regnier dynamometer was invented in paris in 1798 to measure the traction properties of artilleryhorses but was desinged as an allpurpose instrument to measure specific human muscle groups as well,1
cultured rabbit fibroblasts of bone marrow thymus and spleen origin were added in spleen cell cultures in which the primary antibody response to srbc was induced,1
ten dogs successfully underwent rapa shunting with a conduit with paralled limbs one containing a prosthetic valve,1
nine osteosarcoma cell lines originally developed from six osteosarcoma tumours in five patients and two cell lines of nontumour origin glia and fibroblast were grown in vitro in the presence of human leukocyte interferon lif,1
antigenic relations of rickettsia prowazekii and rickettsia canada established in the study of sera of patients with brills disease,1
nonspecific induction of increased resistance in mice to trypanosoma congolense and trypanosoma brucei by immunostimulants,1
human lenses extracted for cataract 26 years after longterm exposure to an imperfectly shielded radium source were examined by slitlamp photography thinsection light microscopy and electron microscopy,1
seasonal changes in the corpuscles of stannius and the gonads of the catfish heteropneustes fossilis bloch,1
in 297 pregnant women serumlevels of antibody to rubella virus were determined by haemagglutination inhibition and serumlevels of antibodies to herpessimplex virus and toxoplasma gondii were measured by indirect immunofluorescence tests,1
the tests were done on two human immunoglobulines one crude immune serum from the rabbit and two purified resp,1
occurrence of trichomonas vaginitis and yeastlike fungi infections in patients with venereal diseases,1
studies on the incidence of staphylococcus hyicus in the swine or staphylococcus epidermidis biotype 2 in other animal species,1
in contrast such a retrograde transsynaptic transfer is not at all or only very rarely detectable after retrograde transport of cholera toxin ngf wga pha or ricin,1
progressive necrotizing otitis externa in an elderly diabetic with cranial nerve paralysis,1
plasma zinc concentration was significantly decreased in guinea pigs fed soybean diets supplemented with 20 ppm zinc or less,1
the tcapreparation did not elicit delayed hypersensitivity skin reactions in humans in spite of high titred agglutinins in serum but did so in immunized guineapigs,1
leopard frogs rana pipiens given 150 mgkg ip,1
the penicillinsensitive dalanine carboxypeptidases of bacillus subtilis escherichia coli and staphylococcus aureus catalyzed the hydrolysis of the dlactic acid residue from the depsipeptide diacetylllysyldalanyldlactic acid,1
piperacillin inhibited nonbetalactamaseproducing escherichia coli salmonella and shigella at a concentration of 63 microgramsml but 20 of strains of these species containing type iii betalactamase were not inhibited by 100 microgramsml,1
significant levels of human thyroid stimulator activity were found in the culture in which graves lymphocytes were cultured with pha,1
the time spent nursing by the infants studied here resembles closely the times spent nursing by some other macaques and by baboons,1
the effect of plasmiddetermined and other characteristics on the survival of escherichia coli in the alimentary tract of two human beings,1
it was inactive in the following tests a salmonellamicrosome mutagenicity b chinese hamster ovary cell mutagenicity induction of 6thioguanine mutants c enhancement of sa7 virus transformation of primary hamster embryo cells when administered before or after virus and d chemical transformation of secondary hamster embryo cells,1
we have observed two cases of human infection with intraerythrocytic protozoa,1
the authors describe three coccidian species eimeria arloingi e ninakohylakimovae e parva found in the faeces of some nubian ibexes capra ibex nubiana in the haibar wildlife reserve israel,1
evidence for and against the hypothesis of transovarial transmission by culiseta melanura was obtained during an ongoing eastern equine encephalomyelitis eee surveillance and control program,1
inhibition of amino acid uptake and incorporation into histoplasma capsulatum by a lysosomal extract from rabbit alveolar macrophages,1
trypsin activity in the midgut of sarcophaga reficornis and musca domestica diptera insecta,1
they may cause various neurological symptoms including signs of ischemia of the spinal cord or medulla or involvement of the cranial nerves and brain stem and also distant symptoms due to hydrocephalus with various mental disorders including transient recurrent coma,1
the bactericidal activity of monocytes from a child with chronic benign granulocytopenia who has had virtual absence of neutrophils yet minimal infections since birth was examined against escherichia coli and staphylococcus aureus and compared with that of monocyte and neutrophils from 20 control subjects,1
studies on the rebound hypertension after clonidine withdrawal in conscious hypertensive cats rats and dogs proceedings,1
