sentence,species1,relation,species2,label,source,p_yes,raw,verdict
"Six horses severely affected by a seasonal dermatitis similar in both histopathology and epidemiology to Culicoides hypersensitivity (CH) and six unaffected or normal horses were inoculated intradermally with an extract of Culicoides obsoletus (Meigen), the most common Culicoides in southwestern British Columbia.",horses,affected by,Culicoides obsoletus,1,biotx100,0.9999858193257061,YES,1
PI3K-dependent host cell actin rearrangements are required for Cronobacter sakazakii invasion of human brain microvascular endothelial cells.,Cronobacter sakazakii,invasion,human,1,biotx100,0.9999999840644267,YES,1
"Phylogenomic Analyses of Non-Dikarya Fungi Supports Horizontal Gene Transfer Driving Diversification of Secondary Metabolism in the Amphibian Gastrointestinal Symbiont, Basidiobolus.",Dikarya,Symbiont,Basidiobolus,0,biotx100,2.032112052078334e-08,NO,0
"A comparison of the development and survival of the dung beetle, Onthophagus taurus (Schreb.) when fed on the faeces of cattle treated with pour-on formulations of eprinomectin or moxidectin.",Onthophagus taurus,fed on,cattle,1,biotx100,8.340311908583255e-09,NO,0
"Olfersia spinifera is an obligate ectoparasite of the great frigatebird, Fregata minor, living among bird feathers for all of its adult life.",Olfersia spinifera,ectoparasite of,Fregata minor,1,biotx100,0.9999999999498301,YES,1
"When applied to field samples of the carabid predator Pterostichus melanarius (Illiger) nine banding patterns were detected, including one for aphids.",Pterostichus melanarius,predator,Illiger,0,biotx100,1.1911514191840509e-05,NO,0
"Root-hemiparasitic interaction between the dominant grass Calamagrostis epigejos and the hemiparasite Thesium linophyllon was studied to assess the potential of the parasite to regulate dominance of the grass, which is expanding into species-rich steppe grasslands.",Calamagrostis epigejos,hemiparasite,Thesium linophyllon,1,biotx100,0.9999999999616747,YES,1
"(= Crinipellis brasiliensis), a parasite of Heteropterys acutifolia.",Crinipellis brasiliensis,parasite of,Heteropterys acutifolia,1,biotx100,0.9999999974363203,YES,1
"Two cats from a total 102 examined were infested with the dog louse, Heterodoxus spiniger.",cats,infested,Heterodoxus spiniger,1,biotx100,0.9999999857057962,YES,1
"A trematode parasite of the genus Clinostomum new to the shad, Alosa sapidissima.",Clinostomum,parasite of,Alosa sapidissima,1,biotx100,0.9999999997585511,YES,1
"Orthotospovirus tomatomaculae (tomato spotted wilt virus, TSWV) is transmitted by the western flower thrips, Frankliniella occidentalis.","tomato spotted wilt virus, TSWV|Orthotospovirus tomatomaculae",transmitted by,western flower thrips|Frankliniella occidentalis,1,biotx100,0.9999999999914192,YES,1
Life tables of Venturia canescens (Hymenoptera: Ichneumonidae) parasitizing the Mediterranean flour moth (Lepidoptera: Pyralidae).,Venturia canescens,parasitizing,Mediterranean flour moth,1,biotx100,0.9999999939894209,YES,1
"The need for a detoxifying mechanism for the producer plant is self-evident but the larvae of the bruchid beetle Caryedes brasiliensis, that is itself a non-producer, have specialized in feeding on the Lcanavanine-containing seeds of Dioclea megacarpa.",Caryedes brasiliensis,feeding on,Dioclea megacarpa,1,biotx100,0.9996528453513205,YES,1
Differential sensitivity of a predacious cladoceran (Leptodora) and its prey (the cladoceran Bosmina) to the insecticide carbaryl: results of acute toxicity tests.,Leptodora,prey,Bosmina,1,biotx100,0.008915788393057695,NO,0
Chaetogaster limnaei is a predator of Fasciola hepatica devouring an average of 3.79 ¬± 0.21 miracidia.,Chaetogaster limnaei,predator of,Fasciola hepatica,1,biotx100,0.999999999971998,YES,1
"To assess the bioindicator value of parasites, the concentrations of six heavy metals (Cr, Cu, Pb, Cd, Ni and Zn) were analyzed by atomic absorption spectrometry in gravid females of the nematode Philometra ovata, body cavity parasites of gudgeon (Gobio gobio) and muscle samples of infected and uninfected hosts.",Philometra ovata,parasites of,Gobio gobio|gudgeon,1,biotx100,0.9999977800595053,YES,1
Melanoides tuberculata (Mollusca: Thiaridae) as an intermediate host of Centrocestus formosanus (Trematoda: Heterophyidae) in Brazil.,Melanoides tuberculata,host of,Centrocestus formosanus,1,biotx100,0.9999999991474763,YES,1
"The present study assessed the nutritional value of an interesting marine amphipod (Parhyale hawaiensis), and evaluates through a feeding trial its potential use as a natural prey for 10-months lined seahorse, Hippocampus erectus.",Parhyale hawaiensis,prey,lined seahorse|Hippocampus erectus,1,biotx100,0.9999988580907047,YES,1
"A single Mycoplasma bacterial strain, MAG01, dominated the gut metagenome of large, non-parasitized fish, consistent with previous studies showing high levels of Mycoplasma in the gut microbiota of healthy salmon.",Mycoplasma,parasitized,gut metagenome,1,biotx100,0.0008192978919060321,NO,0
"Based on these independent sources of information (morphometric and molecular data), two new species of Gyrodactylus are described: Gyrodactyluspakan n. sp. and Gyrodactylusteken n. sp. The phylogenetic relationships of both new species to other gyrodactylids infecting characiformes (for which molecular data are available) are presented, which suggests that their closest relative is Gyrodactylus carolinae, a parasite of Characidium lanei in Brazil.",Gyrodactylus carolinae,parasite of,Characidium lanei,1,biotx100,0.9999999868138683,YES,1
"Bicolour fangblennies Plagiotremus laudandus gained access to more reef fish victims, which they attack to feed on fins and scales, when they spent more time associated with their model Meiacanthus atrodorsalis.",Plagiotremus laudandus,feed on,Meiacanthus atrodorsalis,1,biotx100,0.9999999994394085,YES,1
"Orchid fleck virus (OFV) is distributed world-wide on several orchid plants and transmitted by the false spider mite, Brevipalpus californicus.",Orchid fleck virus,transmitted by,Brevipalpus californicus,1,biotx100,0.9999999999774787,YES,1
"Mycobacterium marinum is a waterborne pathogen of fish and other ectotherms, closely related to Mycobacterium tuberculosis.",Mycobacterium marinum,pathogen of,Mycobacterium tuberculosis,0,biotx100,0.9999999967510355,YES,1
"Reproduction and morphogenesis of Rickettsiella chironomi, an unusual intracellular procaryotic parasite of midge larvae.",Rickettsiella chironomi,parasite of,midge,1,biotx100,0.9999999528007981,YES,1
"Our results showed that Polyarthra mainly grazed on Chlorophyta, which may result from the high relative abundance of Chlorophyta in ambient waters.",Polyarthra,grazed,Chlorophyta,1,biotx100,1.2864324347004732e-06,NO,0
Fungal Infections as an Uprising Threat to Human Health: Chemosensitization of Fungal Pathogens With AFP From Aspergillus giganteus.,Human,Pathogens,Aspergillus giganteus,0,biotx100,0.9999993280451487,YES,1
"This study assessed the potential role of the Sub-Saharan rodents Arvicanthis neumanni, A. niloticus and Mastomys natalensis as hosts of L. donovani and L. sp. from Ghana, based on experimental infections of animals and xenodiagnoses.",Arvicanthis neumanni,hosts of,Mastomys natalensis,0,biotx100,0.9999999992828776,YES,1
Occurrence of isopod Nerocila phaiopleura infestation on Whitefin wolf-herring (Chirocentrus nudus) from Southeast coast of India.,Nerocila phaiopleura,infestation,Whitefin wolf-herring|Chirocentrus nudus,1,biotx100,0.9999995704543092,YES,1
"Mitochondrial inheritance in Fusarium zanthoxyli and F. continuum, two canker-inducing pathogens of prickly ash (Zanthoxylum bungeanum) in northern China, was investigated by genotyping ascospore progeny obtained from laboratory crosses.",Fusarium zanthoxyli,pathogens of,Zanthoxylum bungeanum,1,biotx100,9.962640136021177e-10,NO,0
"Aroplectrus dimerus (Hymenoptera: Eulophidae), Ectoparasitoid of the Nettle Caterpillar, Oxyplax pallivitta (Lepidoptera: Limacodidae): Evaluation in the Hawaiian Islands.",Aroplectrus dimerus,Ectoparasitoid of,Oxyplax pallivitta,1,biotx100,0.9999999997547451,YES,1
"The new species more closely resembles G. mazzai Lent & Freitas, 1935, parasite of Galea leucoblephara from Argentina, and G. kravetzi Sutton & Durette-Desset, 1995, parasite of Holochilus brasiliensis from Uruguay.",Galea leucoblephara,parasite of,Holochilus brasiliensis,0,biotx100,0.9999933525614207,YES,1
Gene flow in the endophyte Neotyphodium and implications for coevolution with Festuca arizonica.,Neotyphodium,coevolution,Festuca arizonica,1,biotx100,0.9999175606844927,YES,1
GBS expressing pneumococcal NanA had increased invasion of human brain microvascular endothelial cells.,NanA,invasion,human,0,biotx100,0.9999999968848675,YES,1
The skunk Conepatus chinga as new host of Trypanosoma cruzi in Argentina.,Conepatus chinga,host of,Trypanosoma cruzi,1,biotx100,0.9999999997271978,YES,1
"Endemic lizard Gallotia galloti is a paratenic host of invasive Angiostrongylus cantonensis in Tenerife, Spain.",Gallotia galloti,host of,Angiostrongylus cantonensis,1,biotx100,0.9999999986195286,YES,1
"Paranoplocephala etholeni n. sp., parasitizing the meadow vole Microtus pennsylvanicus in Alaska and Wisconsin, USA, is described.",Paranoplocephala etholeni,parasitizing,Microtus pennsylvanicus|meadow vole,1,biotx100,0.9999999999765137,YES,1
Sociality and life histories are well documented for the exoneurine genera (review in ) and Inquilina is an obligate social parasite of species of Exoneura ().,Inquilina,parasite of,Exoneura,1,biotx100,0.9999999952004477,YES,1
"Saprochaete capitata is an arthroconidial yeast, found principally in the environment, even if it belongs also to the normal microbial flora that colonize human subjects.",Saprochaete capitata,colonize,human,1,biotx100,6.277649925746336e-12,NO,0
"BACKGROUND Human toxocariasis, a helminthozoonosis, is due to the migration of Toxocara species larvae into human organisms.",Human|human,migration,Toxocara,1,biotx100,0.9999999990804218,YES,1
"Draft genome sequence of Colletotrichum sansevieriae Sa-1-2, the anthracnose pathogen of Sansevieria trifasciata.",Colletotrichum sansevieriae,pathogen of,Sansevieria trifasciata,1,biotx100,1.5844468246890132e-08,NO,0
Non-typeable Haemophilus influenzae (NTHI) is a pathogen of the human respiratory tract causing the majority of invasive H. influenzae infections.,Haemophilus influenzae,pathogen of,human,1,biotx100,0.9999999951441129,YES,1
"Streptococcus agalactiae, which is regarded as the major bacterial pathogen of farmed Nile tilapia (Oreochromis niloticus), is known to cause high mortality and large economic losses.",Streptococcus agalactiae,pathogen of,Oreochromis niloticus|Nile tilapia,1,biotx100,0.9999999998288727,YES,1
"Nucleospora salmonis, an intranuclear microsporidian parasite of salmonid fish, is often difficult to observe in histological sections or wet mount preparations from lightly infected tissues because of its small size and location within the nuclei of lymphoblast-type cells.",Nucleospora salmonis,parasite of,salmonid fish,1,biotx100,0.9999999927329394,YES,1
"Two disease-sensitive near-isogenic lines, PD94042 and IL41, and one disease-resistant Gossypium mustelinum accession were exposed to Verticillium wilt, to investigate molecular disease resistance mechanisms in cotton.",Gossypium mustelinum,exposed to,Verticillium,1,biotx100,0.9999999966927386,YES,1
Streptococcus agalactiae is a major pathogen of tilapia causing significant economic losses for the global aquatic industry yearly.,Streptococcus agalactiae,pathogen of,tilapia,1,biotx100,0.9999999693662263,YES,1
"Breinlia booliati from a new host is described in this article, with a brief discussion on Rattus species that are hosts of B. booliati and vectors that transmit the parasite.",Breinlia booliati,hosts of,Rattus,1,biotx100,0.9999999807105246,YES,1
A machine learning approach for modelling the occurrence of Galba truncatula as the major intermediate host for Fasciola hepatica in Switzerland.,Galba truncatula,host for,Fasciola hepatica,1,biotx100,3.5613151531032054e-08,NO,0
"Three new species of Demidospermus (Monopisthocotyla: Dactylogyridae) parasitizing Ageneiosus inermis (Siluriformes: Auchenipteridae) from western Amazon, Brazil.",Demidospermus,parasitizing,Ageneiosus inermis,1,biotx100,0.9999999999820794,YES,1
"The human disease, sleeping sickness, and the animal disease, nagana, are caused by trypanosomes, protozoan parasites transmitted by tsetse flies, Glossina spp.",human,transmitted by,Glossina|tsetse flies,1,biotx100,0.9999999999612943,YES,1
"Here, we investigate the importance of native isolates of the endophyte Epichlo√´ elymi in affecting herbivory of the native grass host, Elymus hystrix.",Epichlo√´ elymi,affecting,Elymus hystrix,1,biotx100,0.9999999984496103,YES,1
"Ichthyocotylurus erraticus (Digenea: Strigeidae): factors affecting infection intensity and the effects of infection on pollan ( Coregonus autumnalis ), a glacial relict fish.",Ichthyocotylurus erraticus,affecting,Coregonus autumnalis,1,biotx100,0.9999999995686207,YES,1
Attachment of Salmonella Poona to cantaloupe rind and stem scar tissues as affected by temperature of fruit and inoculum.,Salmonella Poona,affected by,cantaloupe,1,biotx100,0.9999994916002142,YES,1
"represents an important intermediate host for avian schistosomes in South America, constituting a reservoir de schistosomes with zoonotic potential; 4. Coinfection between the two different lineages was found, a finding previously not reported for avian schistosomes; 5. Expansion in the geographic distribution of Nasusbilharzia melancorhypha from its original record in Argentina, with Chilina dombeyana as an additional intermediate host.",avian,host for,Chilina,0,biotx100,0.9999998660416625,YES,1
"The human gut parasite Entamoeba histolytica uses a multifunctional virulence factor, Hgl, a cell surface transmembrane receptor subunit of Gal/GalNAc lectin that contributes to adhesion, invasion, cytotoxicity and immune response in the host.",human,contributes to,Entamoeba histolytica,1,biotx100,0.9999999900106018,YES,1
"Given that common German cockroaches (Blattella germanica) are suitable intermediate hosts of Pterygodermatites nycticebi, 30 specimens were collected from seven different locations around the golden lion tamarins housing.",Blattella germanica,hosts of,Pterygodermatites nycticebi,1,biotx100,0.99999273811037,YES,1
"Toward this goal, we designed a vaccine antigen that induces the formation of antibodies that prevent biofilm formation and, thereby, experimental OM in the middle ears of chinchillas by the predominant Gram-negative pathogen responsible for this disease, nontypeable Haemophilus influenzae These antibodies also significantly disrupt preexisting biofilms formed by diverse pathogens.",chinchillas,pathogens,Haemophilus influenzae,1,biotx100,0.9999952710503514,YES,1
"Salmonella is a foodborne zoonotic pathogen causing diarrhoeal disease to humans after consuming contaminated water, animal, and plant products.",Salmonella,contaminated,humans,1,biotx100,0.9999999975656632,YES,1
Fungi that cause cereal rust diseases (genus Puccinia) are important pathogens of wheat globally.,Puccinia,pathogens of,wheat,1,biotx100,0.999999999858752,YES,1
"To our knowledge, this is the first report of P. nicotianae on G. tataricum in Bulgaria and one of the few reports from Europe of Phytophthora invasion of related Limonium species (2,3).",Phytophthora,invasion,Limonium,1,biotx100,0.9999999822517202,YES,1
BACKGROUND Feline-associated hemotropic Mycoplasma (hemoplasmas) are believed to be transmitted by two primary mechanisms: (1) direct transmission via fighting and (2) vector-borne transmission by the cat flea (Ctenocephalides felis).,Mycoplasma,transmitted by,cat flea|Ctenocephalides felis,1,biotx100,0.9999999984550831,YES,1
These observations suggest that urban drainage and seasonal flooding contribute to norovirus contamination of oysters in the study area.,norovirus,contribute to,oysters,1,biotx100,1.017192213649741e-11,NO,0
A convenient inoculation system based on root inoculation of a highly susceptible loquat (Eriobotrya japonica) with P. noxius-colonized wheat-oat grains was developed to examine the effect of Trichoderma treatment in planta.,loquat|Eriobotrya japonica,colonized,wheat,0,biotx100,0.9998340944696291,YES,1
"Occurrence of Campylobacter jejuni in Gulls Feeding on Zagreb Rubbish Tip, Croatia; Their Diversity and Antimicrobial Susceptibility in Perspective with Human and Broiler Isolates.",Campylobacter jejuni,Feeding on,Human,0,biotx100,0.003949290800986512,NO,0
"Disentangling thermal effects using life cycle simulation modelling on the biology and demographic parameters of Dolichogenidea gelechiidivoris, a parasitoid of Tuta absoluta.",Dolichogenidea gelechiidivoris,parasitoid of,Tuta absoluta,1,biotx100,2.527828888999271e-07,NO,0
"Special emphasis is put on infection of the ciliate Paramecium by Holospora bacteria, which invade the host nuclei with high efficacy.",Paramecium,invade,Holospora,1,biotx100,0.9999999999919651,YES,1
Œ±-Galactosidase and Sucrose-Kinase Relationships in a Bi-functional AgaSK Enzyme Produced by the Human Gut Symbiont Ruminococcus gnavus E1.,Human,Symbiont,Ruminococcus gnavus E1,1,biotx100,2.8762468145739775e-11,NO,0
The bat tick Cariosvespertilionis has been reported from Sweden to occasionally feed on humans resulting in disease symptoms.,bat tick,feed on,humans,0,biotx100,0.9999999997468305,YES,1
"Susceptibility to Brucellosis in Humans depends on immune status, routes of infection, size of the inoculums, and to some extent, the species of Brucella.",Humans,depends on,Brucella,1,biotx100,0.9999999972021114,YES,1
We present transcriptomic and phylogenetic evidence for the existence of heat stress-activated Ty1-copia-type LTR retrotransposons in the coral symbiont Symbiodinium microadriaticum.,copia,symbiont,Symbiodinium microadriaticum,0,biotx100,7.139965211830589e-11,NO,0
Degradation of type I collagen fibrils synthesized by human dental pulp cells in explant exposed to Actinomyces viscosus.,human,exposed to,Actinomyces viscosus,1,biotx100,8.847526754383348e-05,NO,0
Infestation of Lithodes santolla by Eremitione tuberculata: spatial and temporal variations in parasite prevalence and effect on host growth.,Lithodes santolla,Infestation,Eremitione,1,biotx100,0.999999999811808,YES,1
The trypanosomes differ morphologically from Trypanosoma murmanensis transmitted by the leech Johanssonia arctica.,Trypanosoma murmanensis,transmitted by,Johanssonia arctica,1,biotx100,9.569363289123416e-06,NO,0
"Here, we study the oviposition behaviour of a predatory mite (Iphiseius degenerans) in relation to its prey, the western flower thrips (Frankliniella occidentalis).",Iphiseius degenerans,predatory,western flower thrips|Frankliniella occidentalis,1,biotx100,0.9999983696867074,YES,1
"BACKGROUND Similar to the situation in other European countries, Danish wild boars may harbour a wide range of pathogens infectious to humans and domestic pigs.",boars,pathogens,humans,0,biotx100,0.2046285900410879,NO,0
"This study assessed the impact of Lactobacillus-fermented rapeseed meal (LFRM) on broilers exposed to C. jejuni-contaminated litter, evaluating growth performance, Campylobacter levels, and metagenomic profile.",Lactobacillus,exposed to,Campylobacter,0,biotx100,0.3619757291220019,NO,0
"Identification and characterization of a novel Pavlovskyella (Acari: Argasidae) from Chile, parasite of the culpeo fox (Lycalopex culpaeus).",Pavlovskyella,parasite of,Lycalopex culpaeus|culpeo fox,1,biotx100,0.9999999921013522,YES,1
"AaCaMKs Positively Regulate Development, Infection Structure Differentiation and Pathogenicity in Alternaria alternata, Causal Agent of Pear Black Spot.",Alternaria alternata,Positively Regulate,Pear,1,biotx100,0.9887383320694503,YES,1
"This work is the completion of a series of reports describing the nitrogen-fixing bacterial symbionts of sulla (Hedysarum coronarium L., Leguminosae) and providing the grounds for their proposal as a new taxon.",sulla,symbionts of,Hedysarum coronarium,0,biotx100,0.9991043245352264,YES,1
"All of the bats studied inhabit roosts that may be occupied by triatomine bugs and, with the exception of D. rotundus, all also feed to at least some extent upon insects.",bats,roosts,bugs,1,biotx100,0.0022082881830235053,NO,0
"Recent studies have provided evidence that the bacterium that causes human leprosy, Mycobacterium leprae that has a unique capacity to invade Schwann cells of the adult PNS, utilizes the neuregulin-ErbB2/ErbB3 associated signaling network to the bacterial advantage.",human,invade,Mycobacterium leprae,1,biotx100,0.9999999956740109,YES,1
"To investigate if the enteric protozoan Blastocystis degrades human secretory IgA, cell lysate and conditioned medium from two species were exposed to immunoglobulin A. Secretory IgA was cleaved by both cell lysate and conditioned medium with mainly cysteine proteinase activity in B. hominis B isolate and aspartic proteinase activity in B. ratii WR1 isolate.",Blastocystis,exposed to,human,1,biotx100,0.9999998575271497,YES,1
(Acariformes: Psoroptidae) parasitizing the African hedgehog Atelerix albiventris.,Psoroptidae,parasitizing,Atelerix albiventris,1,biotx100,0.9999999999195589,YES,1
"To develop a more accurate predictive model, we conducted controlled lab experiments with rhododendron leaf disks infested with Phytophthora ramorum and P. pini.",rhododendron,infested,Phytophthora ramorum,1,biotx100,0.9999997974867109,YES,1
"Socially housed rhesus macaques are often naturally infected with H. pylori similar to that which colonizes humans, but little is known about the cagPAI.",rhesus macaques,colonizes,humans,0,biotx100,0.9999157750231044,YES,1
"Elephantulus myurus was heavily, and predominantly, parasitized by an as-yet undescribed tick species that we identify as Rhipicephalus sp. near warburtoni.",Elephantulus myurus,parasitized by,Rhipicephalus,1,biotx100,0.9999999999455909,YES,1
"Members of the family Columbidae are hosts for the sarcomastigophoran, Trichomonas gallinae, the causative agent of trichomoniasis.",Columbidae,hosts for,Trichomonas gallinae,1,biotx100,0.9999999999713614,YES,1
The olfactory route is a potential way for SARS-CoV-2 to invade the central nervous system of rhesus monkeys.,SARS-CoV-2,invade,rhesus monkeys,1,biotx100,0.9999993836805778,YES,1
"Interactions between phoretic mites and the Arabian rhinoceros beetle, Oryctes agamemnon arabicus.",rhinoceros beetle,phoretic,Oryctes agamemnon,0,biotx100,0.9999977081926481,YES,1
"CONCLUSIONS Three snail species, Sulcospira quangtriensis, Triculinae sp. 1 and Triculinae sp. 2, serve as the first intermediate hosts of P. westermani, P. heterotremus and P. proliferus, respectively, in Vietnam.",Sulcospira quangtriensis,hosts of,Triculinae,0,biotx100,0.9999999978919225,YES,1
"Overall, there were no detrimental effects of including chicory in swards grazed by beef cattle on their performance, carcass characteristics or helminth parasitism, when compared with steers grazing ryegrass.",chicory,grazing|grazed,cattle,1,biotx100,0.03400443878276595,NO,0
"After the majority (80%) of salmonid smolts have left the study area, birds switch their diet to predominantly juvenile northern pikeminnow (Ptychocheilus oregonensis), which as adults are significant native salmonid predators in the Columbia River.",birds,predators,northern pikeminnow|Ptychocheilus oregonensis,1,biotx100,0.9999999947417572,YES,1
"Harmonia axyridis is the most abundant predator of aphids in corn followed by C. septempunctata, which is the main aphid predator observed in the three other inventoried crops.",Harmonia axyridis,predator|predator of,aphid,1,biotx100,0.9999999987634877,YES,1
The production of the button mushroom Agaricus bisporus with mycelium-colonized alginate pellets as an inoculant of the growing medium was investigated.,Agaricus bisporus,colonized,mycelium,0,biotx100,0.00015153817820492548,NO,0
Colorado tick fever virus is transmitted by Dermacentor andersoni ticks.,Colorado tick fever virus,transmitted by,Dermacentor andersoni,1,biotx100,0.9999999999844945,YES,1
Characterization and expression analysis of a chitinase gene (PmChi-5) from black tiger shrimp (Penaeus monodon) under pathogens infection and ambient ammonia-N stress.,black tiger shrimp|Penaeus monodon,pathogens,ammonia,0,biotx100,5.180198057435331e-09,NO,0
"The saliva of two cereal aphids, Sitobion avenae and Schizaphis graminum in third-instar nymphs, was collected after 24 h of feeding by 30 aphids, separately, on artificial diet sachets, and the salivary enzymes were determined.",Sitobion avenae,feeding by,Schizaphis graminum,0,biotx100,1.2757926296875155e-09,NO,0
The number of mast cells (MCs) was determined in the prescapular lymph nodes of 109 animals seropositive to bovine leukaemia virus (BLV).,mast,seropositive to,bovine,0,biotx100,1.2541967892155433e-12,NO,0
"Vectors for expression of human OX1, OX2 and CB1 receptors, C-terminally fused with either Renilla luciferase or GFP(2) green fluorescent protein variant, were generated.",Renilla,Vectors for,human,0,reject50,5.86517628924164e-13,NO,0
"The proximal end of each vein was ligated, adenovirus containing the Escherichia coli beta-galactosidase gene (Ad.CMVLacZ) was delivered at titers of 2.5 x 10(9) or 5 x 10(9) plaque-forming units (pfu)/mL to the lumen through a distal heparin lock, and the segment was immersed in the viral solution for 1 hour at 37 degrees C. Control segments were exposed to diluent alone in an identical manner.",adenovirus,exposed to,Escherichia coli,0,reject50,0.0006219891509343813,NO,0
"As in the case of other human pathogens, epidemiological conclusions might be more accurate if based on both phenotypic and genotypic methods, therefore molecular typing should be added within the national laboratory-based surveillance of Salmonella infections.",Salmonella,pathogens,human,1,reject50,0.9995249624838171,YES,1
"We exposed juvenile rainbow trout (Oncorhynchus mykiss) to a representative mixture of the five most abundant REEs for 96 h at concentrations similar found in lakes contaminated by mining activities at 0.1, 1, 10, and 100X whereas the 1x mixture contained cerium (Ce, 280 μg/L), lanthanum (La, 140 μg/L), neodymium (Nd, 120 μg/L), praseodymium (Pr, 28 μg/L), and samarium (Sm, 23 μg/L).",rainbow trout,contaminated by,cerium,0,reject50,1.4432027479352658e-12,NO,0
This was due to the fact that the birds migrating to European Russia and a portion of birds migrating from Siberia have common winter nesting areas.,Siberia,migrating,birds,0,reject50,5.147115077666644e-13,NO,0
"In addition, Western blot revealed that recombinant Ra-cyst-1 was not recognized by sera derived from rabbits infested with ticks, suggesting that this cystatin is not secreted into the host during infestation.",ticks,infestation,rabbits,1,reject50,8.631132669927192e-07,NO,0
Contamination is at its highest level in radish and spinach.,spinach,Contamination,radish,0,reject50,2.4272787028318693e-14,NO,0
We examined aspects of both innate and adaptive immune response in adult female Brazilian free-tailed bats (Tadarida brasiliensis) at four maternity roosts (two natural caves and two human-made bridges) in south-central Texas.,Tadarida brasiliensis,roosts,human,0,reject50,1.2702103712385846e-13,NO,0
"infestation in palm trees and natural infection by Trypanosoma cruzi and Trypanosoma rangeli in periurban and rural areas of state of the Rondônia, in the Brazilian Amazon.",Trypanosoma rangeli,infestation,Trypanosoma cruzi,0,reject50,0.9999999984237888,YES,1
"Viruses with icosahedral capsids, which form the largest class of all viruses and contain a number of important human pathogens, can be modelled via suitable icosahedrally invariant finite subsets of icosahedral 3D quasicrystals.",viruses,pathogens,human,1,reject50,7.395496801430664e-12,NO,0
"A full-length cDNA encoding a secreted orthologue of the human cytokine, Macrophage Migration Inhibitory Factor (MIF) has been cloned from the hookworm Ancylostoma ceylanicum.",Ancylostoma ceylanicum,Migration,human,0,reject50,4.369435335151205e-12,NO,0
"METHODS Three dogs (7-, 7-, and 12.5-year-old mixed breeds) and two cats (10- and 14-year-old Domestic shorthair) presented with a 7-13 mm tumor affecting the eyelid and/or conjunctiva in the medial canthal region.",dogs,affecting,cats,0,reject50,2.465687442248784e-13,NO,0
"Our results offer new insight into the relative frequency and distribution of camel crickets living in human homes, and emphasize the importance of the built environment as habitat for two little-known invading species of Orthoptera.",camel crickets,invading,human,0,reject50,1.407663734452624e-13,NO,0
The major pathogens causing HFMD were enterovirus 71 (EV71) and coxsackievirus A16 (CA16).,coxsackievirus A16,pathogens,enterovirus 71,0,reject50,0.9999996896215981,YES,1
"Currently, six species and two genetic variants within Babesia genus have been confirmed as human pathogens.",human,pathogens,Babesia,1,reject50,0.9999998852369502,YES,1
"Real-time loop-mediated isothermal amplification (LAMP) assays for the detection of sporangia of the causal pathogen of late blight, Phytophthora infestans, and spores of the main causal pathogen of early blight, Alternaria solani, were developed to facilitate the in-field detection of airborne inoculum to improve disease forecasting.",Alternaria solani,pathogen of,Phytophthora infestans,0,reject50,1.811599768564235e-10,NO,0
"We sampled feathers from Kauwahaia (n = 18) and Lady Alice Island, New Zealand (n = 30), Lord Howe Island (n = 24) and Western Australia (n = 33) during the 2008 austral summer, making this the most complete assessment of metal and metalloid contamination of any shearwater.",Australia,contamination,Alice,0,reject50,7.72386846745588e-15,NO,0
"CONCLUSIONS Healthy adults in Malawi exposed to higher levels of particulates have higher abundances of potentially pathogenic bacteria (Streptococcus, Neisseria) within their lung microbiome.",Streptococcus,exposed to,Neisseria,0,reject50,0.017841783058198845,NO,0
Overexpression of CaMYB78 transcription factor enhances resistance response in chickpea against Fusarium oxysporum and negatively regulates anthocyanin biosynthetic pathway.,Fusarium oxysporum,negatively regulates,chickpea,0,reject50,2.386325023459774e-08,NO,0
"Venoms of solitary wasps are utilized for prey capture (insects and spiders), paralyzing them with a stinger injection to be offered as food for their larvae.",wasps,prey,spiders,0,reject50,0.9999999977438607,YES,1
"For the elimination of infectious causes, microbial investigation with stool specimens should be performed for common enteric pathogens including assays for Clostridium difficile toxin, and sometimes for amoeba or other parasites.",Clostridium difficile,pathogens,amoeba,0,reject50,0.9999995388218167,YES,1
Discordance in the effects of Yersinia pestis on the dendritic cell functions manifested by induction of maturation and paralysis of migration.,paralysis,migration,Yersinia pestis,0,reject50,0.9302206681049023,YES,1
"The Prospero transcription factor promotes neural differentiation in Drosophila, and its activity is tightly regulated by modulating its subcellular localization.",Prospero,regulated by,Drosophila,0,reject50,3.835192824706968e-14,NO,0
"European sea bass has been and is still the most affected species, and VNN in gilthead sea bream has become an emerging problem in recent years affecting larvae and juveniles and associated to the presence of new nervous necrosis virus (NNV) reassortants.",nervous necrosis virus,affecting,European sea bass,0,reject50,0.9999973964979282,YES,1
"Our analysis demonstrated the need for: (a) inclusion of higher number of potential host species in the case of viruses, (b) research of bacterial effects in tissues other than haemolymph, and (c) more research into potential fungal and fungal-like pathogens other than Aphanomyces astaci.",viruses,pathogens,Aphanomyces astaci,0,reject50,1.0037030968294412e-06,NO,0
"Genetic and structural analysis of the hlyT locus mapped it at co-ordinate 3680 kbp (minute 87) on the chromosome adjacent to the fadBA operon, and identified it specifically as the rfaH (sfrB) locus which is required for transcription of the genes encoding synthesis of the sex pilus and also the lipopolysaccharide core for attachment of the O-antigen of E. coli and Salmonella.",pilus,adjacent to,Salmonella,0,reject50,5.39300141680521e-12,NO,0
"Interactive effect of Enterobacter sp. MN17 and biochar was studied on the growth, physiology and antioxidant defense system of Brassica napus under Cd contaminated soil.",Brassica napus,contaminated,Enterobacter sp. MN17,0,reject50,9.335150581271903e-05,NO,0
"Spike protein is the outermost structural protein of the SARS-CoV-2 virus which interacts with the Angiotensin Converting Enzyme 2 (ACE2), a human receptor, and enters the respiratory system.",SARS-CoV-2,interacts with,human,1,reject50,0.9999999976420445,YES,1
Purified nano-MgO applied in vitro against multi-drug resistant human pathogens and the large inhibition zone recorded against Shigella flexneri (108 ± 10.53 mm).,Shigella flexneri,pathogens,human,1,reject50,0.9995749451389507,YES,1
SMLS (Sitobion miscanthi L type symbiont) is a newly reported aphid secondary symbiont.,Sitobion miscanthi,symbiont,aphid,0,reject50,0.9999988800747023,YES,1
"This study sought to examine the occurrence of bacterial contamination on mobile phones utilized by healthcare workers (HCWs) in intensive care units (ICUs), pediatric intensive care units (PICUs), neonatal intensive care units (NICUs), and cardiac care units (CCUs) within a central hospital (CH) and two peripheral hospitals (PHs) situated in the southwestern province of Saudi Arabia.",PICUs,contamination,ICUs,0,reject50,4.935623622598661e-12,NO,0
"Mycobacterium tuberculosis-infected human monocytes down-regulate microglial MMP-2 secretion in CNS tuberculosis via TNFα, NFκB, p38 and caspase 8 dependent pathways.",Mycobacterium tuberculosis,regulate,human,1,reject50,0.9998095455042654,YES,1
AIM To establish the transgenic cell strains expressing recombinant adenovirus vector of human Oncostain M(hOSM)gene which is supposed to be used as feeder layer cells for the proliferation of umbilical cord blood CD34(+) hematopoietic stem/progenitor cell (HSPC) and compare its migration capacity before and after amplification in vitro.,adenovirus,migration,human,0,reject50,1.2176937087161355e-11,NO,0
An acute toxicity study was performed in 10 dogs and 10 cats exposed to the product orally (po) and dermally at differing doses.,dogs,exposed to,cats,0,reject50,3.068515662055668e-13,NO,0
"Brazil is one of the countries most affected by this disease, and it has been described in humans and dogs in every region in the country.",dogs,affected by,humans,0,reject50,0.999573791125679,YES,1
Xanthomonas citri subsp. citri and Xanthomonas arboricola pv. pruni: Comparative analysis of two pathogens producing similar symptoms in different host plants.,Xanthomonas citri subsp. citri,pathogens,Xanthomonas arboricola pv. pruni,0,reject50,2.2682921693612397e-07,NO,0
"The original idea of a basically linear food chain from diatoms to copepods to fish has given way to an extremely complex model of trophic interactions within a microbial food web, which supports metazoan food webs via biomass production of both heterotrophic and autotrophic cells.",copepods,trophic,diatoms,1,reject50,2.839317160936321e-08,NO,0
"The percentage of non-repaired X-ray-induced DNA damage (residual damage, RD) overall in both seasons was significantly higher in lymphocytes of policemen exposed to c-PAHs than in matched controls (RD(T-DNA), %DNA in the comet tail: winter 36.4+/-22.1 versus 22.7+/-10.8, p < 0.001; summer 47.7+/-22.9 versus 34.7+/-15.2, p < 0.001).",policemen,exposed to,comet,0,reject50,9.911024895547187e-15,NO,0
Alphaviruses are members of the Togaviridae family that are mainly transmitted by arthropods such as mosquitoes.,Togaviridae,transmitted by,arthropods,1,reject50,0.9972407306524123,YES,1
The rhesus macaque model of COVID-19 was utilized to test the added benefit of combinatory parenteral administration of two high-affinity anti-SARS-CoV-2 monoclonal antibodies (mAbs; C144-LS and C135-LS) expressly developed to neutralize the virus and modified to extend their pharmacokinetics.,SARS-CoV-2,neutralize,rhesus macaque,0,reject50,1.3487706815358749e-09,NO,0
"A total of 498 head lice (2nd and 3rd instar larvae, females and males) combed out of the hair of 38 children, were exposed to the delousing formulations Diffusil H Forte Spray (carbaryl 1%), Diffusil Care (isopropyl myristate, cyclomethicone, and dimethiconol) and Paranit (coconut oil, anise oil, and ylang ylang oil) in in vitro tests.",head lice,exposed to,anise,0,reject50,1.1708989749192596e-08,NO,0
"Biology and host associations of redbay ambrosia beetle (Coleoptera: Curculionidae: Scolytinae), exotic vector of laurel wilt killing redbay trees in the southeastern United States.",ambrosia,host,Scolytinae,0,test299,0.9999999836368519,YES,1
Phytopythium litorale: A Novel Killer Pathogen of Plane (Platanus orientalis) Causing Canker Stain and Root and Collar Rot.,Platanus orientalis,Pathogen of,Phytopythium litorale,1,test299,0.999999999866909,YES,1
"Previous studies have recognized South and Central/Latin American mimosoid legumes in the genera Mimosa, Piptadenia and Calliandra as hosts for various nodulating Paraburkholderia species.",Piptadenia,hosts for,Mimosa,0,test299,0.9999999965626842,YES,1
"High-throughput sequencing was used here to reveal the similarities and differences in the structural composition of the soil microbial community of C. salsa from six host plants (i.e., Halocnemum strobilaceum, Atriplex patens, Kalidium foliatum, Caroxylon passerinum, Anabasis aphylla, Krascheninnikovia ceratoides).",C. salsa,host,Caroxylon passerinum,1,test299,1.6599814618816922e-13,NO,0
We describe a molecular and morphological study to diagnose a cluster of asymptomatic abdominal human infections caused by Armillifer grandis.,Armillifer grandis,infections,human,1,test299,0.9999989963773127,YES,1
"mirabilis, D. isaea, H. varicornis, Opius sp. 1, and Opius sp. 2) were infected with Wolbachia, while two endosymbionts (Rickettsia and Wolbachia) co-infected N. okazakii. These findings provide background information about the parasitoid fauna expected to help control the leafminers.",D. isaea,infected with,endosymbionts,0,test299,0.9999291583354281,YES,1
"A previous study showed that both Grapevine Algerian latent virus (GALV) and Tomato bushy stunt virus (TBSV) systemically infect Nicotiana benthamiana, but GALV causes systemic infection whereas TBSV causes only local lesions in Chenopodium quinoa (C.",Nicotiana benthamiana,infection|infect,Chenopodium quinoa,0,test299,0.999999925514017,YES,1
"Under common garden conditions, the spring flowering mustards (Capsella bursa-pastoris, Draba verna, Cardamine impatiens, Barbarea vulgaris, and Arabidopsis thaliana) were significantly more resistant to P. rapae, supporting 42 % less herbivory (Pâ=â0.015) and 64 % lower relative growth rates (Pâ=â0.007), relative to the summer flowering mustards (Sisymbrium altissimum, Brassica nigra, Sinapis arvense, Lepidium campestre, and Arabis canadensis).",Arabidopsis thaliana,herbivory,Sisymbrium altissimum,0,test299,0.9999999985166295,YES,1
"The most frequently isolated pathogens were identified asÂ Allantophomopsis cytisporea, Botrytis cinerea, Coleophoma empetri, Colletotrichum fioriniae, Colletotrichum gloeosporioides, Fusicoccum putrefaciens, Glomerella sp., Phomopsis vaccinii, Phyllosticta elongata, Phyllosticta vaccinii and Physalospora vaccinii. The pathogens Allantophomopsis cytisporea, Phyllosticta spp., and Physalospora vaccinii were found at high incidence.",Colletotrichum gloeosporioides,pathogens,Fusicoccum putrefaciens,0,test299,0.5486017017603181,YES,1
"Here, we present an ecologically more relevant experimental setup to assess the toxicity of potential fungal defense proteins towards the fungivorous, stylet-feeding nematodes Aphelenchus avenae and Bursaphelenchus okinawaensis As a heterologous expression host, we exploited the filamentous fungus Ashbya gossypii Using this new system, we assessed the toxicity of six previously characterized, cytoplasmically localized, potential defense proteins from fruiting bodies of different fungal phyla against the two fungivorous nematodes.",Bursaphelenchus okinawaensis,host,Ashbya gossypii,1,test299,0.9993376699057037,YES,1
"The flower of Hibiscus trionum has the potential to interact with its pollinators (honeybees, other bees, butterflies and flies) through iridescent signals produced by its cuticular diffraction grating.",Hibiscus trionum,pollinators,butterflies,1,test299,0.9999999997921231,YES,1
"Lastly, the life cycle of M. pharyngeus, which is thought to utilize the oligochaete worm Dero digitata as their definitive host, was putatively confirmed by 18S rRNA sequence matching to actinospore stages from oligochaetes in catfish ponds in Mississippi.",M. pharyngeus,host,Dero digitata,1,test299,0.9999997989146899,YES,1
"Biological traits of Quadrastichus mendeli (Hymenoptera, Eulophidae), parasitoid of the eucalyptus gall wasp Leptocybe invasa (Hymenoptera, Eulophidae) in Thailand.",Leptocybe invasa,parasitoid of,Quadrastichus mendeli,1,test299,0.9999998298169899,YES,1
"Sweetpotato weevil, Cylas formicarius (Fab.) (Coleoptera: Brentidae) avoids its host plant when a virulent Metarhizium anisopliae isolate is present.",Metarhizium anisopliae,host,Cylas formicarius|Sweetpotato weevil,1,test299,0.9999999669276223,YES,1
Phytosociological study performed in plots of varying slope and grazing pressure intensity revealed that the dominant grasses were Danthonia cachemyriana and Poa annua and dominant forbs were Trachydium roylei and Geum elatum in all the plots.,Trachydium roylei,grazing,Geum elatum,0,test299,8.17944288383471e-14,NO,0
"Streptococcus pluranimalium, an emerging zoonotic pathogen associated with infections in various animal species and humans, cannot be reliably identified by phenotypic characterization using the commercial kits routinely used in laboratories.",Streptococcus pluranimalium,infections,humans,1,test299,0.9999953518545411,YES,1
"Ultrastructural study of the spermatozoon of Pronoprymna ventricosa (Digenea, Baccigerinae), parasite of the twaite shad Alosa fallax Lacepede (Pisces, Teleostei).",Pronoprymna ventricosa,parasite of,twaite shad|Alosa fallax,1,test299,0.9999998781848504,YES,1
Experimental infection of ponies with Sarcocystis fayeri and differentiation from Sarcocystis neurona infections in horses.,horses,infection|infections,Sarcocystis neurona,1,test299,0.9999999982906308,YES,1
BALB/c mice resistant to Toxoplasma gondii infection proved to be highly susceptible when previously infected with Myocoptes musculinus fur mites.,Toxoplasma gondii,infection|infected with,Myocoptes musculinus,0,test299,0.9999967128800499,YES,1
"Most clusters are found in Bacillus and Streptomyces species which typically inhabit soil and the rhizosphere, but some clusters are found with diverse species representation such as Photorhabdus and Xenorhabdus which are symbiotic with entomopathogenic nematodes; the human skin commensal Cutibacterium acnes, and the marine Bacillus rugosus SPB7, a symbiont to the sea sponge Spongia officinalis.",Cutibacterium acnes,symbiont,Spongia officinalis,0,test299,0.9999999342976875,YES,1
"The peculiar gut morphology of G. nahaensis, coupled with alterations in the arrangement of suckers, is interpreted to be an adaptation to the predominantly herbivorous diets of the definitive hosts.",G. nahaensis,hosts,suckers,0,test299,5.864875525710735e-07,NO,0
Differences in speciation progress in feather mites (Analgoidea) inhabiting the same host: the case of Zachvatkinia and Alloptes living on arctic and long-tailed skuas.,Alloptes,host,Zachvatkinia,0,test299,4.9028481066268885e-09,NO,0
Entyloma spilanthis is found on the host species Acmella papposa var.,Entyloma spilanthis,host,Acmella papposa,1,test299,0.9988537655910107,YES,1
"The most prevalent identified endoparasites were Crenosoma striatum (45%), Capillaria erinacei (42.5%) and Brachylaemus erinacei (22.5%), in accordance with previous reports from hedgehogs in southern Italy.",Capillaria erinacei,endoparasites,Crenosoma striatum,0,test299,0.9999999986522168,YES,1
"Seven species of fishes, Catostomus commersonii (LacÃ©pÃ¨de), Etheostoma nigrum Rafinesque, Micropterus dolomieu LacÃ©pÃ¨de, Notemigonus crysoleucas (Mitchill), Notropis hudsonius (Clinton), Perca flavescens (Mitchill), and Percina caprodes (Rafinesque) from the St. Lawrence River, Quebec, Canada, were found infected with progenetic specimens of Neochasmus spp.",Notemigonus crysoleucas,infected with,Neochasmus,1,test299,0.9999999996370151,YES,1
"Eight new species of lice in the genus Columbicola Ewing are described: C. harbisoni (type host: Phaps histrionica (Gould)), C. koopae (type host: Geophaps scripta (Temminck)), C. eowilsoni (type host: Geophaps smithii (Jardine and Selby), C. wombeyi (type host: Geophaps plumnifera Gould), C. masoni (type host: Petrophassa rufipennis Collett), C. waiteae (type host: Columba leucomela Temminck), C. rodmani (type host: Geopelia humeralis (Temminck)), and C. smithae (type host: Turtur brehmeri (Hartlaub)).",Geophaps smithii,host,Petrophassa rufipennis,0,test299,8.936493885252377e-08,NO,0
Mycobacterium marinum causes both long-term subclinical infection and acute disease in the leopard frog (Rana pipiens).,Rana pipiens,infection,leopard,0,test299,0.9999999999628004,YES,1
"In this report, we have tried to summarize the findings of different research and review articles from Chinese, English, and Mongolian Scientific Literature reporting the evidence for equine influenza virus infections in human beings.",equine,infections,human,0,test299,0.9952998319401408,YES,1
"We compared host survivorship, infection intensity, shedding rates, and zoospore viability between 2 species of endangered tropical frogs, Hylomantis lemur and Atelopus zeteki, when exposed to a highly virulent lineage of Bd (JEL 423).",Hylomantis lemur,infection,Atelopus zeteki,0,test299,0.9999999998893706,YES,1
Histopathologic studies on cerebrospinal nematodiasis of moose in Minnesota naturally infected with Pneumostrongylus tenuis.,moose,infected with,Pneumostrongylus tenuis,1,test299,0.9999411331513861,YES,1
"By comparing the prey capture kinematics and overall feeding behavior in two highly specialized ant-eating lizards (Moloch horridus and Phrynosoma platyrhinos) with those of two closely related dietary generalists (Pogona vitticeps and Uma notata), we investigate whether dietary specialization has been accompanied by changes in the function and use of the feeding system.",Moloch horridus,prey,Phrynosoma platyrhinos,0,test299,8.822130419377789e-11,NO,0
"Nine plant species were determined to be new host recordings for TSWV infection, including Cardamine hirsuta, Eupatorium capillifolium, Geranium carolinianum, Gnaphalium purpureum, Linaria canadense, Molluga verticillata, Pyrrhopappus carolinianus, Raphanus raphanistrum, and Triodanis perfoliata.",Eupatorium capillifolium,infection,Pyrrhopappus carolinianus,0,test299,0.9999999994637682,YES,1
"We studied abundance and distribution of seven ectoparasite species (fleas Chiastopsylla rossi and Dynopsyllus ellobius, a louse Polyplax arvicanthis, mites Androlaelaps fahrenholzi and Laelaps giganteus and two ticks Haemaphysalis elliptica and Hyalomma truncatum) exploiting the same populations of the rodent host Rhabdomys pumilio in South Africa.",Androlaelaps fahrenholzi,host,Rhabdomys pumilio,1,test299,0.999999990938039,YES,1
"Nymphal development showed that peach, almond, and pistachio can sustain H. halys as single host plants until adult eclosion, whereas grapes cannot.",peach,host,almond,0,test299,0.9999999553583561,YES,1
First Report of Meloidogyne enterolobii Infecting Ixora chinensis in China.,Meloidogyne enterolobii,Infecting,Ixora chinensis,1,test299,0.9999999998578579,YES,1
"Interaction Between Two Leafminer Parasitoids, Halticoptera arduine (Hymenoptera: Pteromalidae) and Diglyphus isaea (Hymenoptera: Eulophidae), in the Management of Liriomyza huidobrensis (Diptera: Agromyzidae).",Diglyphus isaea,Parasitoids,Halticoptera arduine,1,test299,0.9380943356656648,YES,1
"We review host and distribution data for the known species, reporting 14 new host species records (including the first rearing records for Cerodontha (Dizygomyza) magnicornis (Loew)) and 12 new state records (including the first USA record for Phytomyza prava Spencer).",Phytomyza prava,host,Dizygomyza,0,test299,3.424883312121746e-08,NO,0
"Five (20.8%) patients had Mucorales infection, 14 (58.3%) Rhizopus infection, 3 (12.5%) had Absidia orchidis infection, and 2 (8.3%) had Scedosporium apiospermum infection.",Rhizopus,infection,Absidia orchidis,0,test299,0.9999009160866267,YES,1
"In 2009, female X. glabratus were equally attracted to traps baited with swampbay (Persea palustris (Rafinesque) Sargent) and camphortree (Cinnamomum camphora (L.) J. Presl), which were more attractive than avocado (Persea americana Miller), lancewood (Ocotea coriacea (Swartz) Britton), and sweetbay (Magnolia virginiana L.).",X. glabratus,attracted,swampbay|Persea palustris,1,test299,9.971765382013052e-10,NO,0
Virus transmission via honey bee prey and potential impact on cocoon-building in labyrinth spiders (Agelena labyrinthica).,Agelena labyrinthica,prey,honey bee,0,test299,0.9999999775530286,YES,1
"Given this complicated taxonomic history, and since a M. hiratsukanum-like rust is strongly impacting Alnus incana stands in the Alps, probably affecting the bank protection role of this species along rivers, the unambiguous identification of this pathogen was a pressing epidemiological and ecological issue.",M. hiratsukanum,pathogen,Alnus incana,1,test299,0.9999999934060947,YES,1
Disseminated protozoal infection in a wild feathertail glider (Acrobates pygmaeus) in Australia.,Acrobates pygmaeus,infection,Australia,0,test299,0.9999999839619726,YES,1
"Based on morphological characteristics and phylogenetic analysis of a combined LSU and ITS sequence dataset, Chaetosphaeria obovoidea, Codinaea aseptata, Codinaeella hyalina, Dictyochaeta guizhouensis and Paragaeumannomyces guttulatus were introduced as new species, Codinaea terminalis was reported as new host record, and Codinaea dwaya and Phialosporostilbe scutiformis were introduced as new collections.",Chaetosphaeria,host,Phialosporostilbe,0,test299,3.8619623431159274e-11,NO,0
"OBJECTIVES The Arctic diet is partly constituted by traditional food characterized by top predator animals such as whales, walrus, and seals with high mercury content.",seals,predator,walrus,0,test299,1.9636489109420025e-08,NO,0
[Natural infection of Lutreolina crassicaudata crassicaudata by Trypanosoma cruzi].,Lutreolina crassicaudata,infection,Trypanosoma cruzi,1,test299,0.9999999999769053,YES,1
"We used the Robinson and Redford (1991) index to identify five prey species hunted at or above maximum sustainable yield within the approximately 150-km(2) core hunting zones of the two communities: woolly monkey (Lagothrix lagotricha), spider monkey (Ateles chamek), white-lipped peccary (Tayassu pecari), Razor-billed Currasow (Mitu tuberosa), and Spix's Guan (Penelope jacquacu).",Lagothrix lagotricha,hunting|hunted,Tayassu pecari|white-lipped peccary,0,test299,4.130916328349135e-07,NO,0
"Selected life history parameters of Trichogramma euproctidis (Girault) (Hymenoptera: Trichogrammatidae), an established egg parasitoid species in Khuzestan- Southwest Iran, were appraised at eight constant temperatures (22.5, 25, 27.5, 30, 32.5, 35, 37.5, and 40Â°C) using Ephestia kuehniella Zeller (Lepidoptera: Pyralidae) eggs as the host.",Ephestia kuehniella,host,Trichogramma euproctidis,1,test299,0.9999977343658687,YES,1
"The gleaning insectivorous bat Micronycteris microtis however, forages in dense understory vegetation and preys on insects, including dragonflies, which rest silent and motionless on vegetation.",dragonflies,preys on,Micronycteris microtis,1,test299,0.9999999991754344,YES,1
"Various species of mammals, including humans and wild boars, can serve as paratenic hosts of Alaria alata mesocercariae - Distomum musculorum suis (DMS).",humans,hosts of,Alaria alata,1,test299,0.9999999967949448,YES,1
"Here, ÎµHao proteins from the host-associated Epsilonproteobacteria Campylobacter fetus and Campylobacter curvus and the deep-sea hydrothermal vent bacteria Caminibacter mediatlanticus and Nautilia profundicola were purified as ÎµHao-maltose binding protein fusions produced in Wolinella succinogenes.",Caminibacter mediatlanticus,host,Campylobacter curvus,0,test299,1.4444482356076579e-11,NO,0
Attraction of Three Mirid Predators to Tomato Infested by Both the Tomato Leaf Mining Moth Tuta absoluta and the Whitefly Bemisia tabaci.,Tomato,Predators,Tuta absoluta,1,test299,0.9999991918943534,YES,1
"In addition to in vitro nitrogen-fixing capacity, one out of 20 colonies also formed nitrogen-fixing root nodules on Alnus rubra, the host plant for the Frankia strain.",Alnus rubra,host,Frankia,1,test299,0.9999999995289348,YES,1
"We detected no infections with species of Plasmodium, Haemoproteus, Leucocytozoon, Sarcocystis or Trypanosoma in blood smears, liver and spleen impressions, and muscle tissue from 136 redheads (Aythya americana) collected or captured at the Chandeleur Islands, Louisiana (USA), during three winters (1987 to 1990).",Aythya americana,infections,Leucocytozoon,0,test299,0.0011468718897519256,NO,0
DNA barcoding implicates 23 species and four orders as potential pollinators of Chinese knotweed (Persicaria chinensis) in Peninsular Malaysia.,Persicaria chinensis,pollinators,Chinese knotweed,0,test299,0.9999999939027976,YES,1
"For the first time, we found fire blight on Pyrus elaeagrifolia and Amelanchier sp. grown in a park area (Plovdiv Region), providing evidence of continuing spread of the pathogen in Bulgaria.",Pyrus elaeagrifolia,pathogen,Amelanchier,0,test299,0.9999999991931793,YES,1
"Thermal effects on the dynamics of infection with metacercariae of Diplostomum baeri and D. spathaceum were monitored between May and September, in a year-class of perch Perca fluviatilis, in an artificial lake receiving warm water discharges from a nuclear power station and in an unheated reference site, for a two year period.",perch|Perca fluviatilis,infection,Diplostomum baeri,1,test299,0.9999998414591051,YES,1
"Kocuria salsicia can survive in extreme environments and cause infections, including catheter-related bacteremia, in humans.",Kocuria salsicia,infections,humans,1,test299,0.9999999970554521,YES,1
"Polyphagous pests, such as true armyworm (Mythimna unipuncta Haworth), black cutworm (Agrotis ipsilon Hufnagel), and common stalk borer (Papaipema nebris Guenee), whose host range includes rye have the potential to cause injury to crops following a rye cover crop.",Papaipema nebris,host,Mythimna unipuncta,0,test299,7.643580289717752e-09,NO,0
Contextual behavioural plasticity in Italian agile frog (Rana latastei) tadpoles exposed to native and alien predator cues.,Rana latastei,predator,agile frog,0,test299,0.9999967236337379,YES,1
Metatranscriptomic Analysis of the Bacterial Symbiont Dactylopiibacterium carminicum from the Carmine Cochineal Dactylopius coccus (Hemiptera: Coccoidea: Dactylopiidae).,Dactylopius coccus,Symbiont,Dactylopiibacterium carminicum,1,test299,2.017465699097345e-06,NO,0
"We identified the abundance of some gut microbes altered post-SARS-CoV-2 infection and related to disease severity, such as Enterococcus faecium, Coprococcus comes, Roseburia intestinalis, Akkermansia muciniphila, Bacteroides cellulosilyticus and Blautia obeum.",Akkermansia muciniphila,infection,Bacteroides cellulosilyticus,0,test299,1.3192917374690045e-09,NO,0
The orange-footed sea cucumber Cucumaria frondosa is a slow-moving suspension feeder that is preyed on by the purple sunstar Solaster endeca.,Solaster endeca,preyed on,Cucumaria frondosa,1,test299,0.9999999999891698,YES,1
"In this way, we obtained GSL profiles of Barbarea australis, Barbarea grayi, Planodes virginica selected for its apparent intermediacy between Barbarea and the remaining tribe and family, and Rorippa sylvestris and Nasturtium officinale, for which the presence of acyl derivatives of GSLs was previously untested.",Rorippa sylvestris,presence of,Nasturtium officinale,0,test299,1.845051835979993e-14,NO,0
"Ultrastructure of vitellogenesis and vitellocytes in the trypanorhynch cestode Aporhynchus menezesi, a parasite of the velvet belly lanternshark Etmopterus spinax.",Etmopterus spinax|velvet belly lanternshark,parasite of,Aporhynchus menezesi,1,test299,0.999884223337026,YES,1
"At Universidade Estadual de MaringÃ¡ Laboratory of Microbial Biotechnology, approximately 500 isolates of endophytic fungi have been studied over the last decade from various host plants, including medicinally and economically important species, such as Luehea divaricata (Martius et Zuccarini), Trichilia elegans A. Juss, Sapindus saponaria L., Piper hispidum Swartz, and Saccharum spp.",fungi,host,Martius,0,test299,4.0472863465128106e-11,NO,0
The effects of the infection caused by the microsporidium Polydispyrenia simulii in gonads of the simuliid Simulium pertinax were evaluated.,Simulium pertinax,infection,Polydispyrenia simulii,1,test299,0.9999999999725524,YES,1
Ancestral state reconstructions of (i) affiliate Ficus subsection and (ii) syconia diameters of natal Ficus species indicate contrasting Ficus species ranges between Arachonia and Sycoryctes parasitoid genera.,Sycoryctes,parasitoid,Arachonia,0,test299,1.950233115626663e-09,NO,0
"Larvae of the pipevine swallowtail, Battus philenor, feed on plants in the genus Aristolochia, which contains aristolochic acids, toxic alkaloids unique to the Aristolochiaceae.",Battus philenor|pipevine swallowtail,feed on,Aristolochia,1,test299,0.9999999999422415,YES,1
"In the present study, three moth species, the garden tiger moth, Arctia caja, the death hawk moth, Acherontia atropos, and the oleander hawk moth, Daphnis nerii, were tested whether they sequester alkaloids from their host plants.",garden tiger moth|Arctia caja,host,Acherontia atropos,0,test299,3.906055231040006e-11,NO,0
"With one exception (Acacia farnesiana with deciduous leaves), the hosts were trees or shrubs with evergreen, sclerophyllous leaves or phyllodes.The measurements confirm previous observations that mistletoes transpire at higher rates than their hosts.",phyllodes,hosts,Acacia farnesiana,0,test299,0.9999961882739361,YES,1
"Primary roots of soybean [Glycine max (L.), cv Harosoy 63] seedlings were inoculated with zoospores from either race 1 (incompatible, host resistant) or race 3 (compatible, host susceptible) of Phytophthora megasperma f. sp. glycinea (Pmg) and the activities of phenylalanine ammonia-lyase (PAL), chalcone synthase (CHS), isoflavone synthase, and dihydroxypterocarpan 6a-hydroxylase related to phytoalexin (glyceollin) biosynthesis, and of glucose-6-phosphate dehydrogenase (Glc-6-PDH) and glutamate dehydrogenase (Glu-DH) were determined at various times after inoculation.",soybean|Glycine max,host,Phytophthora megasperma f. sp. glycinea,1,test299,0.9999998580214106,YES,1
"Muellerius capillaris, M. tenuispiculatus, Cystocaulus ocreatus, Neostrongylus linearis, and Protostrongylus brevispiculum infections were predominantly associated with nodular lesions, and Protostrongylus rufescens, Protostrongylus hobmaieri and Protostrongylus rupicaprae were associated with extensive lesions located mainly along the length of the large bronchi.",Cystocaulus ocreatus,infections,Protostrongylus rufescens,0,test299,0.9999997842685997,YES,1
"Effect of temperature on life history of Cirrospilus vittatus (Hymenoptera: Eulophidae), an ectoparasitoid of Phyllocnistis citrella (Lepidoptera: Gracillariidae).",Phyllocnistis citrella,ectoparasitoid of,Cirrospilus vittatus,1,test299,0.0006765286100796512,NO,0
"In an effort to raise awareness and to better understand the risk of acquiring visceral larva migrans in south central Connecticut, this environmental survey was conducted to determine the prevalence of ascarid ova (Toxocara canis, Toxocara cati, Baylisascaris columnaris, and Baylisascaris procyonis) in public areas of Wallingford, Connecticut, to compare prevalence levels among these public areas, and to determine what host species are primarily responsible for environmental contamination.",Baylisascaris columnaris,host,Toxocara canis,0,test299,7.529101669137143e-08,NO,0
"Additionally, infection with the facultative pathogen Conidiobolus coronatus was recorded from several hosts representing both the subclass Arthropleona (Isotoma anglicana and O. cincta) and the subclass Symphypleona (Dicyrtoma sp. and S. viridis).",Conidiobolus coronatus,hosts,Dicyrtoma,1,test299,0.9999999999517021,YES,1
The Antarctic sea star Odontaster validus and the amphipod Cheirimedon femoratus are important predators in benthic communities.,Odontaster validus,predators,Cheirimedon femoratus,0,test299,0.9999999998849957,YES,1
"Calystegia soldanella, C. hederacea, and C. japonica are self-incompatible, while C. sepium is self-compatible but needs pollinator services for self-pollination.",Calystegia soldanella,pollinator,C. hederacea,0,test299,5.766219701554092e-10,NO,0
"INTRODUCTION Rainlily, the first one-stop crisis centre in Hong Kong, was set up in 2000 to protect female victims of sexual violence.",Rainlily,stop,Hong Kong,0,test299,1.1367511599703418e-14,NO,0
In this study we present a situation where local goose hunting arrangements respond to objectives in an international management plan for pink-footed geese (Anser brachyrhynchus) and a local wish to reduce goose numbers as means to reduce grazing damage on farmland.,goose,hunting,Anser brachyrhynchus,0,test299,1.9610827660431252e-14,NO,0
"Pattern of infection with Parapharyngodon riojensis Ramallo, Bursey, Goldberg 2002 (Nematoda: Pharyngodonidae) in the lizard Phymaturus extrilidus from Puna region, Argentina",Phymaturus extrilidus,infection,Parapharyngodon riojensis,1,test299,0.9999999998144187,YES,1
"Fungal infections due to Cryptococcus neoformans occurred in seven short-eared elephant shrews (Macroscelides proboscides), six large tree shrews (Tupaia tana), and five lesser tree shrews (Tupaia minor) at the National Zoological Park during a 30-mo period in 1991-1993.",Tupaia tana,infections,Cryptococcus neoformans,1,test299,0.9999999996206458,YES,1
"The introduction of exotic grasses and grazing to Santa Cruz Island, California, USA, converted native shrublands (dominated by Artemisia californica and Eriogonum arborescens) into exotic-dominated grasslands (dominated by Avena barbata) over a century ago, altering nutrient-cycling regimes.",Eriogonum arborescens,grazing,Artemisia californica,0,test299,9.357734820364365e-13,NO,0
"Metamicrocotyla macracantha, a polyopisthocotylid gill parasite of the striped mullet, Mugil cephalus: population dynamics in South Carolina estuaries.",striped mullet,parasite of,Metamicrocotyla macracantha,0,test299,0.9999999967046772,YES,1
"In this study, I carried out a census of planthopper (Prokelisia crocea; Hemiptera: Delphacidae) and egg parasitoid (Anagrus columbi; Hymenoptera: Mymaridae) incidence and densities in 147 host-plant patches (Spartina pectinata; Poaceae) over seven planthopper generations in a tall-grass prairie landscape.",Prokelisia crocea,parasitoid,Anagrus columbi,1,test299,0.008123908236534062,NO,0
"Using kinematic measurements, we considered the strategy of red lionfish (Pterois volitans) as they pursued a faster prey fish (Chromis viridis) under laboratory conditions.",red lionfish|Pterois volitans,prey,Chromis viridis,1,test299,0.9999980676589978,YES,1
"Rotavirus was detected in the feces of 20 (57%) of 35 of the animals, which included addax (Addax nasomaculatus), nyala (Tragelaphus angasi), saiga (Saiga tatarica), white-tailed gnu (Connochaetus gnou), greater kudu (Tragelaphus strepsiceros), sitatunga (Tragelaphus spekei), Grant's gazelle (Gazella granti roosevelti), sable antelope (Hippotragus niger niger), kob (Kobus kob leucotis), pygmy marmoset (Callithrix pygmaea), bush dog (Speothos venaticus), grizzly bear (Ursus arctos horribilis), and red kangaroo (Megaleia rufa).",Ursus arctos horribilis,feces,greater kudu|Tragelaphus strepsiceros,0,test299,5.554295726082326e-10,NO,0
"In this study we used laboratory observations to investigate the behavior of longnose killifish, Fundulus similis, that were naturally infected with metacercariae of the trematode, Euhaplorchis sp. A, from Laguna Madre, south Texas.",Euhaplorchis,infected with,longnose killifish|Fundulus similis,1,test299,0.9999999972206424,YES,1
"Protection against atypical Aeromonas salmonicida infection in common carp, Cyprinus carpio L., by oral administration of a mixed microbial culture of Lactobacillus paracasei, Pichia membranifaciens and Saccharomyces cereviciae.",Aeromonas salmonicida,infection,Pichia membranifaciens,1,test299,0.9999998329544892,YES,1
"/ Between 1991 and 1994, we assessed relative abundance, nesting success, and distribution of ferruginous hawks (Buteo regalis), northern harriers (Circus cyaneus), burrowing owls (Athene cunicularia), and short-eared owls (Asio flammeus) inside and outside a military training site in the Snake River Birds of Prey National Conservation Area, southwestern Idaho.",Buteo regalis,Prey,Athene cunicularia,0,test299,1.4189091241166774e-14,NO,0
"Collectively, these findings strongly suggest the presence of compounds within Swietenia macrophylla seed that either reduces Pseudomonas aeruginosa virulence and/or enhance host resistance.",Pseudomonas aeruginosa,host,Swietenia macrophylla,1,test299,0.0005012728181167916,NO,0
"The most significant prey species were northern brown bandicoots (Isoodon macrourus), canefield rats (Rattus sordidus), and agile wallabies (Macropus agilis).",Isoodon macrourus,prey,Rattus sordidus,0,test299,9.913762546338618e-12,NO,0
"Cyclodontostomum purvisi seems to have a wide host range in the Murinae, being distributed widely in the area from India to Australia.",Cyclodontostomum purvisi,host,Murinae,1,test299,1.519098031788429e-09,NO,0
Effects of host plant environment and Ustilago maydis infection on the fungal endophyte community of maize (Zea mays).,Ustilago maydis,infection,Zea mays,1,test299,0.9999999893164113,YES,1
"Moreover, some fish and decapode species were also observed as part of the host's diet, with the most detected preys being Micromesistius poutassou, Sardina pilchardus, Macropipus sp., and Goneplax rhomboides.",Macropipus,preys,Micromesistius poutassou,0,test299,0.9999998089177706,YES,1
"Notwithstanding the stable conditions of almost all hydrological and physico-chemical parameters, we found significant temporal differences in (i) % of mass loss of poplar leaves (ii) number of Ephemeroptera, Plecoptera and Trichoptera taxa, (iii) shredder and predator densities.",Plecoptera,predator,Trichoptera,0,test299,1.4857902055828623e-07,NO,0
"Salicylaldehyde is the major repellent component of secretions emitted by larvae of Chrysomela vigintipunctata and C. lapponica, which feed on salicin-rich Salicaceae.",Chrysomela vigintipunctata,feed on,Salicaceae,1,test299,3.8824263863602584e-08,NO,0
"In North America, the emerald ash borer, Agrilus planipennis Fairmaire (Coleoptera: Buprestidae), continues to spread, and its egg parasitoid, Oobius agrili Zhang and Huang (Hymenoptera: Encyrtidae), is being released for emerald ash borer biocontrol well beyond their endemic climatic ranges in China.",emerald ash borer|Agrilus planipennis,parasitoid,Oobius agrili,1,test299,0.9999999894329408,YES,1
"The two aphid populations were exposed to seven plant species (cotton, okra, watermelon, squash, cucumber, pigweed, and morning glory), and evaluated for their host utilization plasticity by estimating aphid's fitness parameters (nymphal period, adult period, fecundity, and intrinsic rate of increase).",okra,host,cotton,0,test299,1.945826449170728e-09,NO,0
"Accordingly, we investigated the lethal and sublethal effects of carlina oxide isolated from Carlina acaulis (Asteraceae) roots on T. urticae and its natural enemy, the predatory mite, Neoseiulus californicus (McGregor).",Carlina acaulis,predatory,Neoseiulus californicus,1,test299,0.9999956869763009,YES,1
"The entero-pathogenic Cystoisospora suis, a coccidian parasite of swine and close relative to Toxoplasma gondii, undergoes development in one host-cycle.",Toxoplasma gondii,parasite of,swine,0,test299,1.5688958069634355e-05,NO,0
"Corn sheath blight, caused by AG1-IA, a fusion group of Rhizoctonia solani, which acts as a kind of necrotrophic fungal pathogen, poses a global threat to the production of Zea mays.",Zea mays,pathogen,Rhizoctonia solani,1,test299,0.9999999998069428,YES,1
The global occurrence of V. parahaemolyticus accentuates the importance of investigating its virulence factors and their effects on the human host.,V. parahaemolyticus,host,human,1,test299,1.1693048800952866e-09,NO,0
"In infected birds there were found 4 species of trematodes: one of them, Catatropis verrucosa is in Poland new for Cygnus olor; 9 species of cestodes--7 of them are in Poland new for examined hosts; namely: Drepanidotaenia lanceolata for Dendrocygna viduata, Cygnus atratus, Branta bernicla, and Anas platyrhynchos; Microsomacanthus paracompressus for Cygnus olor; Dicranotaenia coronula for Chloephaga picta and Cairina moschata; Cloacotaenia megalops for Branta bernicla, Tschertkovilepis setigera for Cygnus olor, Anser indicus, Branta bernicla and Anas platyrhynchos; Fimbriaria fasciolaris for Cygnus olor and Chloephaga picta; Sobolevicanthus gracilis for Cygnus atratus, Chloephaga picta and Tadorna tadorna; 13 species of nematodes--7 of them are in Poland new for examined hosts, namely: Cyathostoma variegatum for Cygnus atratus, Anser indicus and Anser caerulescens; Syngamus trachea for Anser indicus; Echinuria uncinata for Anser indicus; Ganguleterakis dispar for Cgynus melanocoryphus, Cgynus olor and Anser caerulescens; Pterothominx caudinflata for Anser indicus; Amidostomum ansersis for Cygnus olor and Branta bernicla; Capillaria anatis for Anas acuta.",Echinuria uncinata,hosts,Anas platyrhynchos,0,test299,0.9999999997076283,YES,1
"Host-feeding and oviposition on Musca domestica by Spalangia cameroni, Nasonia vitripennis, and Muscidifurax raptor (Hymenoptera: Pteromalidae) influences their longevity and fecundity.",Musca domestica,Host,Spalangia cameroni,1,test299,0.9011037298768265,YES,1
"Two Erwinia chrysanthemi homologues of the himA and himD genes of Escherichia coli which encode the integration host factor (IHF) were cloned, sequenced and compared to their homolog in other enterobacteria (EMBL accession nos X74749 and X74750).",Erwinia chrysanthemi,host,Escherichia coli,0,test299,1.0778331633441567e-12,NO,0
"Although tobacco plants are relatively poor host plants for the whitefly Bemisia tabaci, tobacco's suitability to the whitefly was substantially increased when infected by the begomovirus Tomato yellow leaf curl China virus.",tobacco,host,Bemisia tabaci,1,test299,0.9999999996526703,YES,1
"Three new sequences of Mitochondrial cytochrome c-oxidase subunit 2 (mtDNA cox-2) from C. pelagicum parasite of Spheniscus magellanicus, the Magelanicus penguin, were determined from Brazilian waters.",Spheniscus magellanicus,parasite of,C. pelagicum,1,test299,0.9999999621557404,YES,1
"In a greenhouse choice-assay, B. tabaci exhibited reduced host preference and reproduction on the commercial tomato cultivars Motelle, VFN8 and Ronita all of which carry the Mi gene resistance to Meloidogyne nematodes and the aphid Macrosiphum euphorbiae (Thomas), than on the Mi-lacking cultivars Moneymaker, Rio Fuego and Roma.",Meloidogyne,host,tomato,1,test299,0.012589714997276798,NO,0
"From these new electron micrographs, we provide a comparative analysis of the intrauterine eggs of four digenean species, representing four genera and three families of the superfamily Microphalloidea, collected from four different host wildlife species in four European countries: 1) Mediogonimus jourdanei (Prosthogonimidae) from Myodes glareolus (Mammalia: Rodentia), collected in France; 2) Maritrema feliui (Microphallidae) from Crocidura russula (Mammalia: Soricimorpha), collected in Spain; 3) Brandesia turgida (Pleurogenidae) from Pelophylax ridibundus (Amphibia: Anura: Ranidae), collected in Russia; and 4) Prosotocus confusus (Pleurogenidae) from Rana lessonae (Amphibia: Anura: Ranidae), collected in Belarus.",Prosotocus confusus,host,Pelophylax ridibundus,0,test299,1.1280626669206016e-09,NO,0
Rearing of tea mosquito bug on cocoa was found to be a failure in the present study hence Helopeltis theivora Waterhouse was maintained on the alternate host mile-a-minute (Mikania micrantha Kunth) under laboratory condition in insect rearing cages.,cocoa,host,Helopeltis theivora,0,test299,4.922359019857553e-08,NO,0
"Helicoductus thulakoceras n. g., n. sp. (Cestoda: Hymenolepididae) a parasite of Charadrius marginatus (Aves: Charadrii) from South Africa.",Charadrius marginatus,parasite of,Helicoductus thulakoceras,1,test299,0.9999999999784372,YES,1
"The type host of the new flea is the southern red-backed vole, Myodes gapperi (Vigors) (25 flea specimens), although small numbers of specimens were also collected from a sympatric northern short-tailed shrew, Blarina brevicauda (Say) (2 fleas), a red squirrel, Tamiasciurus hudsonicus (Erxleben) (1 flea), and a North American deer mouse, Peromyscus maniculatus (Wagner) (1 flea).",North American deer mouse|Peromyscus maniculatus,host of,fleas,1,test299,0.9224384187477435,YES,1
A proteomic study of in-root interactions between chickpea pathogens: the root-knot nematode Meloidogyne artiellia and the soil-borne fungus Fusarium oxysporum f. sp. ciceris race 5.,Meloidogyne artiellia,pathogens,chickpea,1,test299,0.9999999327667938,YES,1
The Eurasian shrew and vole tick Ixodes trianguliceps Birula lives in the nests and burrows of its small mammalian hosts and is-along with larvae and nymphs of Ixodes ricinus or Ixodes persulcatus-one of the most commonly collected tick species from these hosts in its Eurasian range.,Ixodes trianguliceps,hosts,Eurasian shrew,1,test299,0.998955613868806,YES,1
"In 1998, we conducted two factorial field experiments in which we manipulated host plant quality and intensity of parasitoid attack on three salt marsh herbivores, the planthoppers Prokelisia marginata and Pissonotus quadripustulatus (Homoptera: Delphacidae), which feed only on Spartina alterniflora and Borrichia frutescens, respectively, and the gall fly Asphondylia borrichiae (Diptera: Cecidomyiidae), which feeds only on B. frutescens.",Asphondylia borrichiae,host,Borrichia frutescens,1,test299,0.9978405305722543,YES,1
"Nocardia cyriacigeorgica is a well-known agent of human nocardiosis and is considered an emerging pathogen, however, its identification to the species level is complex for many clinical laboratories.",Nocardia cyriacigeorgica,pathogen,human,1,test299,0.0007687414539802579,NO,0
"In this series of studies in rats, dogs, cats, tree shrews, and 5 sides out of 30 crab-eating monkeys, a fine branch of the mylohyoid nerve proceeds to the vibrissal hair follicle.",shrews,eating,cats,0,test299,4.223321678412485e-12,NO,0
"[Interspecific interactions between Cotesia plutellae and Oomyzus sokolowskii, two major parasitoids of diamondback moth, Plutella xylostella].",Cotesia plutellae,parasitoids,Oomyzus sokolowskii,0,test299,0.9999998808281696,YES,1
"Further evidence of host specialization within the Latin American clade of Ceratocystis fimbriata was demonstrated in inoculation experiments in growth chambers using sweet potato, sycamore, Colocasia esculenta, coffee (Coffea arabica), and mango (Mangifera indica) plants; inoculation experiments in Brazil using Brazilian isolates from cacao, Eucalyptus spp., mango, and Gmelina arborea; and inoculation experiments in Costa Rica using Costa Rican isolates from cacao, coffee, and Xantho-soma sp. Hosts native to the Americas appeared to be colonized by only select pathogen genotypes, whereas nonnative hosts were colonized by several genotypes.",Eucalyptus,hosts|Hosts|host,Ceratocystis fimbriata,1,test299,0.9999999996368004,YES,1
Myxidium mackiei (Myxosporea) in Indo-Gangetic flap-shelled turtles Lissemys punctata andersonii: parasite-host interaction and ultrastructure.,Lissemys punctata andersonii,parasite-host,Myxidium mackiei,1,test299,0.9999999999866531,YES,1
"The study consisted of 74 ergot isolates, from four different host species, Lolium perenne, Poa pratensis, Bromus inermis, and Secale cereale plus three additional Claviceps species, C. pusilla, C. paspali and C.fusiformis.",Claviceps,host,Bromus inermis,0,test299,4.044680025276861e-10,NO,0
"The degree of parallel speciation, host switching, and patterns of biogeography were explored in the historical associations between alders and three ECM taxa of Basidiomycetes: Alnicola (Agaricales), Alpova (Boletales), and Lactarius (Russulales).",Lactarius,host,alders,1,test299,0.0004711142496075223,NO,0
"We analyzed a 19-yr time series of patch occupancy by the Glanville fritillary butterfly Melitaea cinxia, its specialist parasitoid wasp Cotesia melitaearum, and the specialist fungal pathogen Podosphaera plantaginis infecting Plantago lanceolata, a host plant of the Glanville fritillary.",Cotesia melitaearum,host,Glanville fritillary|Melitaea cinxia,1,test299,0.9765416363882721,YES,1
PURPOSE Rothia dentocariosa is a common commensal in the oropharyngeal cavity but a rare human pathogen.,Rothia dentocariosa,pathogen,human,1,test299,9.294109353913444e-09,NO,0
The influence of food competition and host specificity on the transmission of Triaenophorus crassus (Cestoda) and Cystidicola farionis (Nematoda) to Coregonus lavaretus and Coregonus albula (Pisces:Coregonidae) in Finland.,Coregonus lavaretus,host,Triaenophorus crassus,1,test299,0.999998514058833,YES,1
"Many culled remains were from insects that do not emit mate-calling songs (e.g. beetles, dragonflies, cockroaches, and female katydids), indicating that eavesdropping on prey signals is not the only prey-finding strategy used by this bat.",katydids,prey,beetles,0,test299,0.6249294874463455,YES,1
"The adherence of Treponema denticola GM-1, TD-4, and MS25 to human gingival fibroblasts (HGFs) was studied to serve as an introduction to investigations into the interactions of these oral bacteria with human host cells.",human,host,Treponema denticola,1,test299,0.999999992273662,YES,1
There were more butterflies but fewer beetles reported from RGS but no consistent patterns for Orthoptera or ground beetles considered common gamebird prey.,Orthoptera,prey,ground beetles,0,test299,3.6176663395364954e-12,NO,0
The RTX haemolysins ApxI and ApxII are major virulence factors of the swine pathogen Actinobacillus pleuropneumoniae: evidence from mutational analysis.,Actinobacillus pleuropneumoniae,pathogen,swine,1,test299,0.9999959569777598,YES,1
"Polykrikos kofoidii ingested all prey species used in this study, exhibiting positive growth on Lingulodinium polyedrum, Scrippsiella trochoidea, Ceratium furca, Gymnodinium catenatum, Gyrodinium impudicum, Prorocentrum micans, and the toxic dinoflagellate Amphidinium carterae, but not on P. minimum.",Polykrikos kofoidii,prey,Lingulodinium polyedrum,1,test299,0.9999999990725021,YES,1
"In this study, males of the oligolectic bee, Peponapis pruinosa Say, were shown to be effective pollinators of summer squash, Cucurbita pepo L. Seven sequential visits from male P. pruinosa maximized squash fruit set and growth.",Cucurbita pepo,pollinators,Peponapis pruinosa,1,test299,0.9999999995770854,YES,1
"The ectoparasite Pthirus pubis (PtP), commonly known as the crab or pubic louse, has plagued primates from prehistoric apes to Homo sapiens.",Pthirus pubis,ectoparasite,Homo sapiens,1,test299,0.9999999891346656,YES,1
"However, there was an overall trend indicating a change in honey bee behavior, with fewer ""trained"" bees visiting alfalfa and carrot and more visiting onion.",alfalfa,visiting,honey bee,1,test299,2.444970477744847e-12,NO,0
"Cabbage and strawberry plants, which were grown in a mixture of soil and CNF with optimized specification, challenged with fungal pathogens showed a reduction in the number of spots caused by Alternaria brassicicola and lesion size by Colletotrichum fructicola, respectively.",Alternaria brassicicola,pathogens,Cabbage,1,test299,0.9999999970555982,YES,1
"Symbiodinium californium (#383, Banaszak etÂ al. 1993) is one of two known dinoflagellate symbionts of the intertidal sea anemones Anthopleura elegantissima, A. xanthogrammica, and A. sola and occurs only in hosts at southern latitudes of the North Pacific.",Symbiodinium californium,interacts with,Anthopleura elegantissima,1,test299,0.9999999999305811,YES,1
"Sarcocystis cruzi was identified by molecular methods from an intermediate host, cattle (Bos taurus), in El-Kharga, New Valley Governorate, Egypt, and its life cycle and pathogenicity were studied in the final host, dogs (Canis familiaris).",Sarcocystis cruzi,host,cattle,1,test299,0.9999999960789819,YES,1
Are EpichloÃ« endophytes specific to Elymus grass hosts?,Elymus,interacts with,Epichloe,1,test299,0.002263188707167697,NO,0
Virulence factors of the human opportunistic pathogen Serratia marcescens identified by in vivo screening.,Serratia marcescens,pathogen,human,1,test299,0.9984351700262285,YES,1
"[35S]methionine-radiolabeled proteins from the Babesia divergens Rouen 1987 isolate were immunoprecipitated with immune sera from three potential hosts: human, ox, and gerbil.",Babesia divergens,hosts,human,1,test299,0.024493810004231332,NO,0
"Three genera, Cheirodendron, Clermontia, and Pisonia, are important host plants for Drosophila.",Cheirodendron,host,Drosophila,1,test299,0.9999950427041335,YES,1
"Pseudopercis numida and P. semifasciata are new host records for all parasite species collected, with the exception of Microcotyle pseudopercis.",Pseudopercis numida,host,Microcotyle pseudopercis,1,test299,0.9999992940975596,YES,1
"This note examines the effect of parasitism on host size, the preference of the parasite for a specific host body area, and the seasonal abundance for the 3 most abundant bat flies (i.e., Trichobius joblingi Wenzel, a parasite of the bat Carollia perspicillata [Linnaeus], and Aspidoptera falcata Wenzel and Megistopoda proxima [SÃ©guy], parasites on Sturnira lilium [Geoffroy]).",Sturnira lilium,interacts with,Megistopoda proxima,1,test299,0.9999999998008684,YES,1
"The Fungus Raffaelea lauricola Modifies Behavior of Its Symbiont and Vector, the Redbay Ambrosia Beetle (Xyleborus Glabratus), by Altering Host Plant Volatile Production.",Xyleborus Glabratus,Host,Raffaelea lauricola,1,test299,0.9999999383654441,YES,1
A mark-recapture study of raccoons (Procyon lotor L.) and Virginia opossums (Didelphis virginiana Kerr) was conducted from February 1991 through April 1994 to determine host interactions with adult Dermacentor variabilis Say.,Procyon lotor,host,Dermacentor variabilis,1,test299,2.2582994377296772e-10,NO,0
"In order to understand the molecular bases of the host immune response to parasitoid attack, we explored the response of Papilio xuthus parasitized by the endoparasitic wasp Pteromalus puparum using proteomic approach.",Pteromalus puparum,parasitized by,Papilio xuthus,1,test299,0.9999999489298554,YES,1
"In the results, three kinds of trematodes of family Heterophyidae (Ohdner, 1914) were obtained from small intesine of domestic cats and identified as follows: five adult worms of Heterophyopsis continua (Onji et Nishio, 1916) from three hosts, two hundreds and twenty three adult worms of Pygidiopsis summa Onji et Nishio, 1916 from seven hosts and twenty six adult worms of Heterophyes heterophyes nocens (Onji et Nishio, 1916) from three hosts.",Heterophyopsis continua,hosts,cats,1,test299,0.9949912044875527,YES,1
"Two species of fleas (Oropsylla montana and Hoplopsyllus anomalous) and their hosts, California ground squirrels (Otospermophilus beecheyi), form a major complex for amplifying epizootic plague in the western United States.",Hoplopsyllus,hosts,Otospermophilus beecheyi,1,test299,0.9999999772092796,YES,1
"The Glugea stephani-induced xenoma in the winter flounder, Pseudopleuronectes americanus, is a large spherical host-parasite complex, up to 4.0 mm in diameter, with the host and parasite components of the xenoma being most active in the peripheral zone.",winter flounder|Pseudopleuronectes americanus,host,Glugea stephani,1,test299,0.9999999998381479,YES,1
Negative Impact of Pseudomonas aeruginosa Y12 on Its Host Musca domestica.,Musca domestica,Host,Pseudomonas aeruginosa,1,test299,0.9999999860397971,YES,1
"The domestic chicken (Gallus domesticus) and the sparrow (Passer domesticus) are known as natural intermediate hosts of N. caninum, whereas the role of other birds such as pigeons is still unclear.",Passer domesticus,hosts of,N. caninum,1,test299,0.9999898201958907,YES,1
"We address this issue by analyzing phylogeny and population genetics of an extensive sample, from a broad geographic area, for commonly occurring parasites of the genus Eimeria within the abundant rodent genera Apodemus, Microtus and Myodes, using two molecular markers.",Myodes,parasites of,Eimeria,1,test299,0.9999998653741583,YES,1
Fine-scale foraging movements by fish-eating killer whales (Orcinus orca) relate to the vertical distributions and escape responses of salmonid prey (Oncorhynchus spp.).,Orcinus orca,prey,Oncorhynchus,1,test299,0.9999999958986543,YES,1
"No pathogens were isolated, but an isolate belonging to Dietzia maris, a potential human pathogenic species, was detected.",human,pathogens,Dietzia maris,1,test299,0.9999995727487352,YES,1
"We investigated the potential of two native pupal parasitoids, Pachycrepoideus vindemmiae and Trichopria drosophilae, to increase their developmental success on the invasive Drosophila suzukii. Replicated populations of the two parasitoids were subjected to 10 generations of laboratory selection on D.Â suzukii with Drosophila melanogaster serving as the co-evolved host.",Drosophila melanogaster,interacts with,Pachycrepoideus vindemmiae,1,test299,0.9999999820812395,YES,1
"The entomopathogenic fungus Lecanicillium lecanii persists in a highly dynamic network of habitat patches (i.e., a metapopulation) formed by its primary host, the green coffee scale Coccus viridis.",Lecanicillium lecanii,host,Coccus viridis,1,test299,0.9999997552307683,YES,1
"Identification of an entomopathogenic bacterium, Xenorhabdus ehlersii KSY, from Steinernema longicaudum GNUS101 and its immunosuppressive activity against insect host by inhibiting eicosanoid biosynthesis.",Steinernema longicaudum,host,Xenorhabdus ehlersii,1,test299,0.9999999954461576,YES,1
"In the insect pathogen Xenorhabdus nematophila, the global transcription factor Lrp is necessary for virulence when injected into Manduca sexta or Drosophila melanogaster insect hosts.",Manduca sexta,pathogen,Xenorhabdus nematophila,1,test299,0.9999999986587511,YES,1
"The actinomycete Corynebacterium amycolatum is a saprophytic bacterium usually associated with the human skin, but it is at present considered an emergent pathogen as it is isolated from nosocomial settings from samples of immunosuppressed patients.",human,pathogen,Corynebacterium amycolatum,1,test299,3.3574058640328224e-05,NO,0
"Helicobacter pylori is a human pathogen, whereas the natural hosts for 'Gastrospirillum hominis' and Helicobacter felis are animals.",Helicobacter felis,pathogen,human,0,test299,5.009417951457245e-09,NO,0
"Echinocephalus pseudouncinatus n. sp, a nematode parasite of the abalone.",abalone,parasite of,Echinocephalus pseudouncinatus,1,test299,0.9999999997256344,YES,1
"The causal agent of grapevine downy mildew, Plasmopara viticola, induces the synthesis of stilbenoid phytoalexins by the host, Vitis vinifera, early upon infection.",Plasmopara viticola,host,Vitis vinifera,1,test299,0.9999999989910922,YES,1
Fatal amebic encephalitis caused by Balamuthia mandrillaris in an immunocompetent host: a clinicopathological review of pathogenic free-living amebae in human hosts.,Balamuthia mandrillaris,hosts|host,human,1,test299,0.9999999963793599,YES,1
"Entamoeba histolytica is a protozoan parasite that causes amoebiasis in humans; as the infection occurs mainly in the intestinal epithelium, the secretory immune response of the host could have an influence on the outcome.",Entamoeba histolytica,host,humans,1,test299,0.9999999957508645,YES,1
"The psyllid Bactericera cockerelli (Sulc) (Hemiptera: Psyllidae) is the vector of a bacterial pathogen causing zebra chip (ZC) disease in potato, Solanum tuberosum L. (Solanaceae).",Solanum tuberosum,pathogen,Bactericera cockerelli,1,test299,0.9999999999773868,YES,1
"McPhail-type traps baited with ammonium acetate and putrescine were used to monitor populations of Anastrepha obliqua (Macquart) and Anastrepha suspensa (Loew) in two orchards with hosts of these flies (mango, Mangifera indica L., and carambola, Averrhoa carambola L.), as well as in forest fragments bordering these orchards.",Anastrepha obliqua,hosts of,mango|Mangifera indica,1,test299,1.0694821162481016e-12,NO,0
"Typically, the dominant species (Chaunocephalus ferox, Tylodelphys excavata and Dictymetra discoidea in C. ciconia, and Cathaemasia hians and Dicheilonema ciconiae in C. nigra) were considered as local, with intermediate host species available onsite.",C. ciconia,host,Chaunocephalus ferox,1,test299,6.680851511521871e-09,NO,0
"If P. simulans is highly prevalent on prairie dogs, it may serve as a ""bridge vector"" between Cynomys and other mammalian hosts of the plague bacterium Yersinia pestis, and even function as a reservoir of Y. pestis between outbreaks.",dogs,hosts of,Y. pestis|Yersinia pestis,0,test299,0.999999997627328,YES,1
"The cattle is intermediate host for Sarcocystis hominis (final host, humans and some primates), Sarcocystis cruzi (final host, domestic and wild canids), and Sarcocystis hirsuta (final host, wild and domestic cats).All these three species of Sarcocystis were identified, variously associated, with the following prevalence: S. cruzi (74.2%), S. hirsuta (1.8%), and S. hominis (42.7%).",Sarcocystis hirsuta,host for|host,cats,1,test299,0.9999999987198295,YES,1
Significantly more stable flies were caught on the trap located between host cattle and trees.,cattle,host,flies,1,test299,0.013482945021187333,NO,0
"Two species were found: Oschmarinella rochebruni in striped dolphins (prevalence (P): 61.2%; mean intensity (MI) (95% CI): 34.2 (25.7-45.6)), and Brachycladium atlanticum in striped dolphins (P: 39.8%; MI: 7.1 (4.8-13.1)) and a single individual of common dolphin (P: 12.5%; intensity: 19), which represents a new host record.",Brachycladium atlanticum,host,common dolphin,1,test299,0.9999852470612863,YES,1
"can complete their annual lifecycle in the cold timberline regions inhabited by the host, the Japanese rock ptarmigan, and that Eimeria spp.",rock ptarmigan,host,Eimeria,1,test299,1.0202215241582154e-07,NO,0
"Pandora neoaphidis and Entomophthora planchoniana (phylum Entomophthoromycota) are important fungal pathogens on cereal aphids, Sitobion avenae and Rhopalosiphum padi.",Sitobion avenae,pathogens,Entomophthora planchoniana,1,test299,0.9999999998750236,YES,1
"MEASURING POLLINATOR-MEDIATED SELECTION ON MORPHOMETRIC FLORAL TRAITS: BUMBLEBEES AND THE ALPINE SKY PILOT, POLEMONIUM VISCOSUM.",BUMBLEBEES,POLLINATOR,POLEMONIUM VISCOSUM,1,test299,0.9999999811429836,YES,1
Pseudomonas aeruginosa is one of the causative pathogens of bovine mastitis.,Pseudomonas aeruginosa,pathogens of,bovine,1,test299,0.999999998735352,YES,1
"The common snook, Centropomus undecimalis, was infected with Rhabdosynochus rhabdosynochus (30 of 37 infected; prevalence 81%), Rhabdosynochus hargisi (9 of 37; 24%), and Rhabdosynochus hudsoni (20 of 37; 46%); the fat snook, Centropomus parallelus, with R. rhabdosynochus (12 of 22; 55%) and R. hudsoni (8 of 22; 36%) (new host records for both); and the tarpon snook, Centropomus pectinatus, with R. hudsoni (3 of 4; 75%) (new host record).",Centropomus undecimalis|common snook,host,Rhabdosynochus hudsoni,1,test299,0.9999999999965887,YES,1
"In laboratory tests, S. festinus did not acquire or transmit X. fastidiosa in tests with infected grape (Vitis spp.) as an acquisition source and grape, almond [Prunus dulcis (Mill.) D.A.Webb], and alfalfa as inoculation hosts.",alfalfa,hosts,S. festinus,1,test299,0.9854795639212995,YES,1
"We quantified predator-prey total length and mass relationships for several freshwater piscivorous taxa: crappie (Pomoxis spp.), largemouth bass (Micropterus salmoides), muskellunge (Esox masquinongy), northern pike (Esox lucius), rock bass (Ambloplites rupestris), smallmouth bass (Micropterus dolomieu), and walleye (Sander vitreus).",Micropterus salmoides|largemouth bass,prey,northern pike|Esox lucius,0,test299,0.035402784859009634,NO,0
"The parasite fauna of the LCR is numerically dominated by B. acheilognathi and metacercariae of Ornithodiplostomum sp. The richest and most diverse component community occurred in a nonnative species, the channel catfish Ictalurus punctatus, but infracommunity species richness was highest in a native host, humpback chub.",humpback chub,host,Ornithodiplostomum,1,test299,0.9999999979493085,YES,1
"Our iiPCR assay detected M. haemolytica clinical isolates successfully and produced negative results on other bovine or ovine respiratory pathogens, including Histophilus somni, Bibersteinia trehalosi, Trueperella pyogenes, Streptococcus suis, and Mycoplasma spp., indicating that the PCR reactions were specific.",bovine,pathogens,Bibersteinia trehalosi,1,test299,1.3432048525998336e-09,NO,0
"Xylella fastidiosa is xylem-limited bacterium capable of infecting a wide range of host plants, resulting in Pierce's disease in grapevine, citrus variegated chlorosis, olive quick decline syndrome, peach phony disease, plum leaf scald, alfalfa dwarf, margin necrosis and leaf scorch affecting oleander, coffee, almond, pecan, mulberry, red maple, oak, and other types of cultivated and ornamental plants and forest trees.",peach,host,Xylella fastidiosa,1,test299,0.9999999997011182,YES,1
"The helminth parasites of cottontail rabbits in Alabama, with notes on the arthropod Linguatula serrata.",rabbits,parasites of,Linguatula serrata,1,test299,0.9999999417963061,YES,1
"Redescription of Travassiella avitellina Rego Pavanelli, 1987 (Proteocephalidea: Monticelliidae, Zygobothriinae), a parasite of Paulicea luetkeni (Siluriformes) from South America.",Travassiella avitellina,parasite of,Paulicea luetkeni,1,test299,0.9999999998407981,YES,1
"We explored variation in iridoid glycoside concentration and composition in white turtlehead, Chelone glabra, as well as sequestration of iridoid glycosides by its specialist herbivore, the Baltimore checkerspot, Euphydryas phaeton, across the development of both herbivore and host plant.",Chelone glabra|turtlehead,host,Euphydryas phaeton|Baltimore checkerspot,1,test299,0.9999999998476237,YES,1
"R. grahamii has a broad-host-range that includes Leucaena leucocephala and Phaseolus vulgaris, although it is a poor competitor for P. vulgaris nodulation in the presence of Rhizobium etli or Rhizobium phaseoli strains.",Leucaena leucocephala,host,Rhizobium etli,1,test299,0.9999870567756842,YES,1
"Though the house finch is the primary host species for M. gallisepticum, the American goldfinch (Spinus tristis) and northern cardinal (Cardinalis cardinalis) are alternate hosts, and laboratory experiments have demonstrated M. gallisepticum transmission between house finches and goldfinches.",M. gallisepticum,hosts|host,Spinus tristis|American goldfinch,1,test299,0.9999999999808241,YES,1
"For Italy the following records are new: hosts: Corvus frugilegus for Ixodes frontalis; Coturnix coturnix and Alauda arvensis for Haemaphysalis sulcata; immature stages: Ixodes canisuga on Vulpes vulpes; Ixodes frontalis on Turdus merula; Haemaphysalis punctata on Coturnix coturnix, Phasianus colchicus, Erinaceus europaeus, Lepus europaeus; Accordingly numerous species, hosts and seasonal records are new for Abruzzo.",Ixodes canisuga,hosts,Vulpes vulpes,1,test299,0.999999998904423,YES,1
Chemical attraction of Dermacentor variabilis ticks parasitic to Peromyscus leucopus based on host body mass and sex.,Peromyscus leucopus,host,Dermacentor variabilis,1,test299,0.9999998852023598,YES,1
"Here, we investigated the effect of leaf stage on basal resistance, effector-triggered immunity (ETI) and nonhost resistance, using eight pathosystems involving the hosts Arabidopsis thaliana, Nicotiana tabacum, and N. benthamiana and the pathogens Sclerotinia sclerotiorum, Pseudomonas syringae pv. tabaci, P. syringae pv. tomato DC3000, and Xanthomonas oryzae pv. oryzae (Xoo).",tomato,hosts,Sclerotinia sclerotiorum,0,test299,0.5443557858943275,YES,1
"However, F. acuminatum in New Zealand was found only on non-wheat hosts.",wheat,hosts,F. acuminatum,0,test299,1.316968678384919e-09,NO,0
"Pin oak, Quercus palustris Muenchhausen, is the primary host for the gall wasp Callirhytis cornigera (Osten Sacken).",Quercus palustris|Pin oak,host for,Callirhytis,1,test299,0.9999999999522673,YES,1
"Virulence of Two Entomophthoralean Fungi, Pandora neoaphidis and Entomophthora planchoniana, to Their Conspecific (Sitobion avenae) and Heterospecific (Rhopalosiphum padi) Aphid Hosts.",Entomophthora planchoniana,Hosts,Rhopalosiphum padi,1,test299,0.9999999988353249,YES,1
The pathogen Sclerotium cepivorum produces long-lived sclerotia that germinate in response to sulfur-containing compounds released from Allium roots.,Sclerotium cepivorum,pathogen,Allium,1,test299,0.9999999999407595,YES,1
"WhileÂ Neisseria gonorrhoeaeÂ andÂ NeisseriaÂ meningitidisÂ are human-restricted pathogens, non-pathogenicÂ NeisseriaÂ species likeÂ Neisseria sicca,Â Neisseria perflava, etc.,Â are primarily commensals that can also behave as opportunistic pathogens.",Neisseria perflava,interacts with,Homo sapiens,1,test299,2.972619278723039e-07,NO,0
"The southern fiddler ray, Trygonorrhina fasciata (Rhinobatidae), is parasitized by 3 monogenean (platyhelminth) species from 3 families on 3 different sites of the host: Calicotyle australis (Monocotylidae) from the cloaca, Pseudoleptobothrium aptychotremae (Microbothriidae) from the skin and Branchotenthes octohamatus (Hexabothriidae) from the gills.",Trygonorrhina fasciata,parasitized by,Branchotenthes octohamatus,1,test299,0.999999999981384,YES,1
"This study provides novel information about natural host-pathogen associations in wildlife, markedly extends the distribution area in South America of arthropods and vector-borne pathogens of veterinary and public health interest, and contributes preliminary evidence about the potential role of A. tigrinum and P. irritans as vectors, respectively, for potentially new species of Hepatozoon from Lycalopex spp.",P. irritans,host,Lycalopex,1,test299,0.999999999936836,YES,1
Parasitism and Suitability of Trichogramma chilonis on Large Eggs of Two Factitious Hosts: Samia cynthia ricini and Antheraea pernyi.,Trichogramma chilonis,Hosts,Samia cynthia ricini,1,test299,0.9999999984971216,YES,1
"METHODS To investigate host-vaginal microbiota interactions and the impact on immune barrier function, we colonized 3-dimensional (3-D) human vaginal epithelial cells with 2 predominant species of vaginal microbiota (Lactobacillus iners and Lactobacillus crispatus) or 2 prevalent bacteria associated with bacterial vaginosis (Atopobium vaginae and Prevotella bivia).",Lactobacillus crispatus,host,human,1,test299,0.39057480481270346,NO,0
Leptographium qinlingensis is a fungal associate of the Chinese white pine beetle (Dendroctonus armandi) and a pathogen of the Chinese white pine (Pinus armandi) that must overcome the terpenoid oleoresin defenses of host trees.,Leptographium,host,Pinus,1,test299,0.9999999998505903,YES,1
"[Euzetiella tetraphylliformis n. gen., n. sp., (Eucestoda: Proteocephalidae), parasite of the neotropical sweat-water fish Paulicea luetkeni (Siluriforme, Pimelodidae)].",Euzetiella tetraphylliformis,parasite of,Paulicea luetkeni,1,test299,0.999999999838259,YES,1
Geographic and host-related variation among species of Fessisentis (Acanthocephala) and confirmation of the Fessisentis fessus life cycle.,Acanthocephala,host,Fessisentis fessus,0,test299,0.00013566252490556987,NO,0
"The present study investigates the potential of Portunus pelagicus Î²-1, 3 glucan binding protein based zinc oxide nanoparticles (PpÎ²-GBP-ZnO NPs) supplemented diet on growth, immune response and disease resistance in Mozambique tilapia, Oreochromis mossambicus.",Oreochromis mossambicus,interacts with,Portunus pelagicus,0,test299,1.0269006671018364e-10,NO,0
"Total nine bacteria were isolated, out of which three (IUBP2, IUBP3, IUBP5) were identified as Brevibacillus formosus, one (IUBP1) was found similar to Brevibacillus agri, four (IUBP7, IUBP8, IUBP13, and IUBP14) shared homology with Burkholderia lata, and one (IUBP15) with Burkholderia pyrrocinia.",Brevibacillus agri,shared,Brevibacillus formosus,0,test299,3.525419147811803e-13,NO,0
"Field-collected specimens of glossiphoniid leeches, Torix tagoi, Torix tukubana, Hemiclepsis marginata, and Hemiclepsis japonica, were surveyed for Rickettsia infection by using a diagnostic PCR assay.",Rickettsia,infection,Hemiclepsis marginata,1,test299,0.999999994497748,YES,1
"Pseudomonas aeruginosa, a Gram-negative bacterium that causes severe hospital-acquired infections, is grouped as an ESKAPE (Enterococcus faecium, Staphylococcus aureus, Klebsiella pneumoniae, Acinetobacter baumannii, Pseudomonas aeruginosa, and Enterobacter species) pathogen because of its extensive drug resistance phenotypes and effects on human health worldwide.",Pseudomonas aeruginosa,infections,Enterococcus faecium,0,test299,2.345056313868398e-09,NO,0
"Through a joint simulation with an atmosphere radiative transfer simulator (ARTS), the TALIS instrument performance is evaluated from the aspects of calibration, the imbalance of two sidebands, the spectrum resolution, and quantization.",TALIS,transfer,simulator,0,test299,1.194772909553185e-14,NO,0
"Our molecular data favored Gondwanan origin of Acrodonta, vicariant divergence of Agamidae and Chamaeleonidae in the drifting India-Madagascar landmass, and migration of the Agamidae to Eurasia with the Indian subcontinent, although Laurasian origin of Acrodonta was not strictly ruled out.",Acrodonta,migration,Chamaeleonidae,0,test299,9.566459131659834e-14,NO,0
"Sequence analysis of the vertebrate mitochondrial DNA amplicons established that they originated from 8 different vertebrate species, namely, human (Homo sapiens), African elephant (Loxodonta cyclotis), African buffalo (Syncerus caffer), waterbuck (Kobus ellipsiprymnus), roan antelope (Hippotragus equinus), greater kudu (Tragelaphus strepsiceros), warthog (Phacochoerus africanus), and goat (Capra hircus).",Capra hircus,originated from,African buffalo|Syncerus caffer,0,test299,1.538185589791834e-14,NO,0
Selection and validation of reference genes for qPCR in the human dermatophyte Trichophyton rubrum exposed to different carbon sources which promote adhesion-inducing conditions.,Trichophyton rubrum,exposed to,human,1,test299,3.060846481257059e-13,NO,0
Stable isotope records of sei whale baleens from Chilean Patagonia as archives for feeding and migration behavior.,Patagonia,migration,sei whale,0,test299,1.3410108749043292e-13,NO,0
"The analysis of the relationship between microbial changes and the main flavor compounds of light-flavored Baijiu showed that bacteria from the Weissella, Acinetobacter, Bacteroides, Psychrobacter, Pseudarthrobacter, Lactococcus, Chloroplast, Saccharopolyspora, Psychrobacter, Saccharopolyspora, Pseudonocardiaceae, Bacteroides genera and fungi from the Thermoascus, Aspergillus, Pichia, Rhizomucor, Papiliotrema, Hyphopichia, and Mucor genera significantly inhibited the synthesis of ethyl hexanoate, ethyl butanoate, ethyl lactate ethyl lactate, and butyl acetate but increased the synthesis of ethyl acetate (pâ<â0.05).",Papiliotrema,interacts with,Rhizomucor,0,test299,7.004455041877338e-06,NO,0
"Using non-invasive genetic analysis, we determined the paternity of an infant born to a female chimpanzee released by HELP (Habitat Ecologique et LibertÃ© des Primates) Congo into the Conkouati-Douli National Park, Republic of Congo.",Pyrus calleryana,interacts with,Primates,0,test299,7.020496707608319e-14,NO,0
"The impact of the nematode-parasitic fungus Hirsutella rhossiliensis on the effectiveness of Steinernema carpocapsae, S. glaseri, and Heterorhabditis bacteriophora against Galleria mellonella larvae was assessed in the laboratory.",Steinernema carpocapsae,impact,Hirsutella rhossiliensis,1,test299,0.999258632131497,YES,1
"Here, we integrated dissection, clearing and staining, histology, micro-CT, and high-speed videography to investigate an isolated and independent origin of jaw protrusion in the hingemouth, Phractolaemus ansorgii, which employs a complex arrangement of bones, musculature, and connective tissues to feed on benthic detritus via a deployable proboscis.",proboscis,feed on,micro,0,test299,4.414585243929938e-13,NO,0
"The Lone Star tick, Amblyomma americanum, transmits several bacterial pathogens including species of Anaplasma and Ehrlichia.",Anaplasma,transmits,Ehrlichia,0,test299,0.9999999999474688,YES,1
"Observations on the sandfly (Diptera: Psychodidae) fauna of AlÃ©m ParaÃ­ba, State of Minas Gerais, Brazil, and the isolation of a parasite of the Leishmania braziliensis complex from Psychodopygus hirsuta hirsuta.",Psychodopygus,interacts with,Leishmania braziliensis,1,test299,0.9999999358715626,YES,1
Observed resistance to G. pallida was lower relative to the levels of resistance observed for G. rostochiensis and G. ellingtonae.,G. ellingtonae,relative to,G. rostochiensis,0,test299,1.5720549915659562e-10,NO,0
"Spironucleus barkhanus from muscle abscesses of farmed Atlantic salmon Salmo salar L., and from the gall bladder of grayling Thymallus thymallus (L.) was cultivated axenically in a medium routinely used for cultivation of the human pathogen Giardia duodenalis.",Giardia duodenalis,farmed,human,1,test299,0.03870677237214945,NO,0
"It is a macrolide endectocide with activity against both endoparasites with cutaneous tropism (Strongyloides stercoralis, Ancylostoma braziliense, Cochliomyia hominivorax, Dermatobia hominis, Filaria bancrofti, Wucheria malayi, Onchocerca volvulus, Loa-loa) and ectoparasites such as Sarcoptes scabies, Pediculus humanus, Demodex folliculorum, and Cheyletiella sp. Ivermectin is of great interest in the treatment of patients with different forms of scabies, head lice, demodecidosis, cutaneous larva migrans, cutaneous larva currens, myiasis, and filariasis.",head lice|Pediculus humanus,ectoparasites,Cheyletiella,0,test299,0.999999731999889,YES,1
Corrigendum: Leishmania infantum infecting the carnivore Nasua nasua from urban forest fragments in an endemic area of visceral leishmaniasis in Brazilian Midwest.,Leishmania infantum,infecting,Nasua nasua,1,test299,0.999999999214007,YES,1
We considered the anti-predator response and ventilation rate of juvenile European eels (Anguilla anguilla) and ventilation rate of juvenile European seabass (Dicentrarchus labrax).,European seabass|Dicentrarchus labrax,predator,Anguilla anguilla,0,test299,1.8504176580566503e-12,NO,0
True infection with Eurytrema would indicate that the policemen ate uncooked grasshoppers and crickets infected with the parasite.,crickets,infection|infected with,policemen,0,test299,0.9999999986068479,YES,1
"The presence of immunoglobulin G antibodies against Rickettsia felis, Rickettsia typhi, Rickettsia conorii, C. burnetii, Bartonella henselae, Bartonella quintana, and Ehrlichia chaffeensis was evaluated by indirect immunofluorescence assay in sera from 197 American Samoan adults.",C. burnetii,presence of,Rickettsia felis,0,test299,7.623214398997589e-12,NO,0
We profiled sugars and starch of jasmonate biosynthesis-deficient and jasmonate-insensitive Nicotiana attenuata plants and manipulated leaf carbohydrates through genetic engineering and inÂ vitro complementation to assess how jasmonate-dependent sugar accumulation affects the growth of Manduca sexta caterpillars.,Manduca sexta,interacts with,Nicotiana attenuata,1,test299,0.9999989540819879,YES,1
"Using Pseudomyrmex penetrator/Tachigali sp. from French Guiana and Petalomyrmex phylax/Leonardoxa africana and Crematogaster margaritae/Keetia hispida, both from Cameroon, as models, we tested the hypothesis that ant-plant-fungus mutualisms co-occur with culturable Actinobacteria.",Pseudomyrmex penetrator,co-occur with,fungus,0,test299,0.019025323068144237,NO,0
"Bacteriophage (or phage) therapy represents a promising, tailor-made approach to control human pathogens in bivalves, but its success depends on a deep understanding of several factors that include the bacterial communities present in the harvesting waters, the appropriate selection of phage particles, the multiplicity of infection that produces the best bacterial inactivation, chemical and physical factors, the emergence of phage-resistant bacterial mutants and the life cycle of bivalves.",bivalves,resistant,human,1,test299,0.9999091800916967,YES,1
"The order of gametophytes based on the average amount of total compounds (sum of A280-320 nm) per mass from the lowest to the highest was Polytrichum commune, Pleurozium schreberi, Hylocomium splendens, Sphagnum angustifolium, Dicranum scoparium, Funaria hygrometrica, Sphagnum fuscum, Sphagnum warnstorfii, Sphagnum capillifolium and Polytrichastrum alpinum, and the amount of UV-B-absorbing compounds per specific surface area correlated with the summertime daily global radiation and latitude.",Polytrichastrum alpinum,absorbing,Pleurozium schreberi,0,test299,1.2521883209269285e-13,NO,0
"Different species (Mytilus galloprovincialis, n=50; Chamelea gallina, n=50; Liza aurata, n=25; Platichthys flesus, n=25; Laminaria digitata, n=15; and Saccharina latissima, n=15) sampled in Tagus estuary, Po delta, Ebro delta, western Scheldt, and in the vicinities of a fish farm area (Solund, Norway), between September and December 2013, were selected to assess metal contamination and potential risks to seafood consumers, as well as to determine the suitability of ecologically distinct organisms as bioindicators in environmental monitoring studies.",Tagus,farm,Platichthys flesus,0,test299,1.8109569554050206e-14,NO,0
"To examine the indirect effects of fishing on energy allocation in non-target prey species, condition and reproductive potential were measured for five representative species (two-spot red snapper Lutjanus bohar, arc-eye hawkfish Paracirrhites arcatus, blackbar devil Plectroglyphidodon dickii, bicolour chromis Chromis margaritifer and whitecheek surgeonfish Acanthurus nigricans) from three reef-fish communities with different levels of fishing and predator abundance in the northern Line Islands, central Pacific Ocean.",whitecheek surgeonfish|Acanthurus nigricans,prey,Paracirrhites arcatus|arc-eye hawkfish,0,test299,2.679340075972324e-12,NO,0
These results underline the fleas' potential for coevolution with Paridae despite their extensive host range.,Paridae,host,fleas,1,test299,3.781321477249472e-09,NO,0
Bearded dragons (Pogona vitticeps) asymptomatically infected with Devriesea agamarum are a source of persistent clinical infection in captive colonies of dab lizards (Uromastyx sp.).,Uromastyx,infection|infected with,Pogona vitticeps,1,test299,0.9999999997965043,YES,1
"During planar polarization of the Drosophila wing epithelium, the homophilic adhesion molecule Flamingo localizes to proximal/distal cell boundaries in response to Frizzled signaling; perturbing Frizzled signaling alters Flamingo distribution, many cell diameters distant, by a mechanism that is not well understood.",Drosophila,alters,Flamingo,0,test299,6.2719913242660266e-15,NO,0
"In order to quantitate betanin in cactus pear fruit extracts (which is difficult by HPLC because of the presence of two isomers, betanin and isobetanin, and the lack of commercial standard with high purity), betanin was purified from Amaranthus retroflexus inflorescence, characterized by the presence of a single isomer.",Amaranthus retroflexus,presence of,pear,0,test299,1.1395521367297378e-13,NO,0
Recombinant E. acervulina oocysts with 0.1% EYFP+ and RFP+ populations were collected from the feces of the inoculated birds.,E. acervulina,feces,birds,1,test299,1.1467328816470505e-06,NO,0
"Field and laboratory studies of Ophryoglena sp. (Ciliata: Ophryoglenidae) infection in zebra mussels, Dreissena polymorpha (Bivalvia: Dreissenidae).",Dreissenidae,infection,Ciliata,1,test299,0.9999999984646947,YES,1
Kinetics of pathogen-specific humoral response in Treponema pallidum-infected young and old inbred strain 2 guinea pigs.,Treponema pallidum,pathogen,guinea pigs,1,test299,0.9999978271536762,YES,1
"Historically, the neogregarine Apicystis bombi was isolated almost exclusively from bumble bees (Bombus spp.) where it disrupts adipose tissue, increasing hosts' mortality rates.",Bombus|bumble bees,hosts,Apicystis bombi,1,test299,0.9999999999365146,YES,1
"A serological survey on Ehrlichia canis was conducted among dogs in the central area of the state of Rio Grande do Sul, where the tick Rhipicephalus sanguineus is a common parasite of dogs.",dogs,parasite of,Grande,0,test299,0.9999993581064917,YES,1
"The house fly (Musca domestica L.) is a well-established vector of human pathogens, including Campylobacter spp., which can cause infection of broiler chicken flocks, and through contaminated broiler meat can cause outbreaks of campylobacteriosis in humans.",house fly|Musca domestica,vector of,Campylobacter,1,test299,0.9999999999289099,YES,1
"This study fit generalized linear models to Atlantic bluefin tuna landings data collected from fishermen's logbooks (1979-2005) as well as the distances between bluefin tuna schools and Atlantic herring (Clupeaharengus), a primary prey species, to test alternative hypotheses for observed shifts in Atlantic bluefin tuna availability in the Gulf of Maine.",Clupeaharengus|Atlantic herring,prey,Atlantic bluefin tuna|bluefin tuna,1,test299,4.296021708530735e-11,NO,0
The aim of the present study was to validate the competence of I. ricinus as a vector of Babesia sp. (EU1) via experimental infections.,I. ricinus,infections,Babesia sp. (EU1,1,test299,0.9999999993814221,YES,1
"In this study, we evaluated the antibacterial potential of different parts of six medicinal plants namely Alstonia boonei, Ageratum conyzoides, Croton macrostachys, Cassia obtusifolia, Catharanthus roseus and Paullinia pinnata against a panel of 36 multi-drug resistant (MDR) Gram-negative and Gram-positive bacteria.",Paullinia pinnata,resistant,Ageratum conyzoides,0,test299,4.70942291144048e-13,NO,0
"Among aphids that feed on this host, Myzus persicae, Aphis gossypii, Rhopalosiphum padi, Aphis fabae, Aphis craccivora, Lipaphis erysimi, and Brevicoryne brassicae were the most frequently recorded.",Lipaphis erysimi,feed on,Rhopalosiphum padi,0,test299,3.471189825246826e-11,NO,0
"Effects of melon yellow spot orthotospovirus infection on the preference and developmental traits of melon thrips, Thrips palmi, in cucumber.",spot,infection,Thrips palmi,0,test299,0.9999999996270496,YES,1
"Plasmodium falciparum infection induced in the black spider monkey, Ateles Fusciceps, and black howler monkey, Alouatta villosa.",Alouatta villosa,infection,Plasmodium falciparum,1,test299,0.9999999968507314,YES,1
The objectives of this investigation were to assess the: (1) effects of a mine effluent and municipal wastewater (CCMWW) mixture on fathead minnow (FHM; Pimephales promelas) reproduction in an on-site artificial stream and (2) importance of food (Chironomus tentans) as a source of exposure using a trophic-transfer system.,Chironomus tentans,trophic,fathead minnow|Pimephales promelas,1,test299,2.669975084217977e-11,NO,0
"When fed foliage from soybean stressed by hemp sesbania, soybean looper larvae remained longer in feeding stages, consumed more foliage, and showed altered weight gain compared with larvae fed control foliage.",sesbania,altered,soybean,1,test299,0.9999999180275881,YES,1
"Both light and electronmicroscopic studies of the duodenal villi of infected chickens during day 5 to day 6 postinfection revealed accumulation of large globules of fat in the villus epithelial cells parasitized by the gammonts of E. acervulina indicating a possible blackade of ""fat exit"" from these cells.",chickens,parasitized by,E. acervulina,1,test299,0.999999974961937,YES,1
"Chemo-attraction was observed in Nostoc strains 8964:3 and PCC 73102 towards exudate or crushed extract of the natural hosts Gunnera manicata, Cycas revoluta and Blasia pusilla, and the nonhost plants Trifolium repens, Arabidopsis thaliana and Oryza sativa.",Trifolium repens,attraction,Oryza sativa,0,test299,0.9999999709239665,YES,1
"Cysticercus fasciolaris can be conveniently produced in the experimental laboratory host, Rattus rattus, and would be of practical value in the immunodiagnosis of cysticercosis in humans.",Cysticercus fasciolaris,host,humans,0,test299,0.999976860495945,YES,1
OBJECTIVE To detect the learning and memory ability in mice model of latent Toxoplasma gondii infection with object recognition test and Morris water maze test.,Toxoplasma gondii,infection,Morris,0,test299,3.3440259116262655e-09,NO,0
"This article describes amebic infections in 4 horses: granulomatous amebic encephalitis caused by Balamuthia mandrillaris and Acanthamoeba culbertsoni and systemic infections caused by Acanthamoeba sp. The former infection occurred in 1 of 4 horses spontaneously without any underlying conditions; the latter amebic infection was perhaps ""opportunistic"" considering the visceral involvement by this protozoan in association with Aspergillus sp. and/or Escherichia coli and Pseudomonas sp. The clinicopathologic findings and demonstration of the amebic organisms using immunohistochemical techniques, culture, polymerase chain reactions, and electron microscopy are presented.",Acanthamoeba sp,infection|infections,Pseudomonas sp,0,test299,0.999999999712351,YES,1
"Molecular and morphological analyses of 117 oomycete isolates from 19 rooibos nurseries and 33 isolates from 11 native rooibos sites revealed the presence of several Pythium spp., including Pythium acanthicum, P. irregulare, P. mamillatum, P. myriotylum, P. pyrilobum, P. cederbergense, and Pythium RB II, and Phytophthora cinnamomi (native site).",Pythium acanthicum,presence of,rooibos,1,test299,4.148765725646849e-05,NO,0
"The highest tick-borne pathogen diversity was detected in domestic animals, and 12 species were shared between humans, wildlife, and domestic hosts, highlighting the following zoonotic species: Anaplasma phagocytophilum, Babesia divergens, Babesia microti, Borrelia afzelii, Borrelia burgdorferi s.s., Borrelia garinii, Borrelia miyamotoi, Crimean-Congo hemorrhagic fever virus, Coxiella burnetii, Rickettsia monacensis and tick-borne encephalitis virus.",Borrelia garinii,hosts,Babesia microti,0,test299,0.9999999832364097,YES,1
"2D-PAGE analysis of the soluble proteins of the tropical liver fluke, Fasciola gigantica and biliary amphistome, Gigantocotyle explanatum, concurrently infecting Bubalus bubalis.",amphistome,infecting,Bubalus bubalis,1,test299,5.720077991514342e-11,NO,0
"Molecular analysis of the GABA-responding cells revealed that both subunits RDL and LCCH3 were expressed out of the three orthologs of Drosophila melanogaster GABA-receptor subunits encoded within the honeybee genome (RDL, resistant to dieldrin; GRD, GABA/glycine-like receptor of Drosophila; LCCH3, ligand-gated chloride channel homologue 3), opening the door to possible homo- and/or heteromeric associations.",honeybee,resistant,homo,0,test299,3.306939199811801e-13,NO,0
"To help identify rare/specialized bacteria and fungi in the most important angiosperm plants, we contrasted microbiomes of the seeds, spermospheres, shoots, roots and rhizospheres of Arabidopsis, Brachypodium, maize, wheat, sugarcane, rice, tomato, coffee, common bean, cassava, soybean, switchgrass, sunflower, Brachiaria, barley, sorghum and pea.",Brachypodium,help,barley,0,test299,7.998417592155783e-13,NO,0
"METHOD A case report is presented in which a patient was submitted to a bariatric surgery and show altered eating behavior like in anorexia nervosa, but without low weight, leading to the diagnostic of an otherwise unspecified eating disorder.",nervosa,altered,unspecified,0,test299,1.8574490604715863e-14,NO,0
"Among the more important human pathogens are Alternaria species, Bipolaris species, Cladophialophora bantiana, Curvularia species, Exophiala species, Fonsecaea pedrosoi, Madurella species, Phialophora species, Scedosporium prolificans, Scytalidium dimidiatum, and Wangiella dermatitidis.",human,pathogens,Phialophora,1,test299,1.412911924267987e-09,NO,0
We investigated the water need of Carpobrotus edulis and Aptenia cordifolia under treatments with different soil-containing and soil-less water-absorbing substrate amenders and humic acid applications.,Aptenia cordifolia,absorbing,Carpobrotus edulis,0,test299,2.675774003869501e-13,NO,0
"The bactericidal activity of recombinant endolysins LysECD7, LysAm24, LysAp22, LysSi3 and LysSt11 was assayed in multidrug resistant strains (n=120) of Salmonella enterica, E. coli, Acinetobacter baumannii, Enterobacter spp., Pseudomonas aeruginosa, Klebsiella pneumoniae, and Campylobacter jejuni.",Enterobacter,resistant,Campylobacter jejuni,0,test299,2.1832494925847925e-09,NO,0
We trained dogs (Canis familiaris) and meerkats (Suricata suricatta) to test whether a canid and a herpestid predator could detect B. arietans using olfaction.,familiaris,predator,B. arietans,0,test299,2.8345107648661878e-09,NO,0
"In view of the increasing problem of the multi-drug resistance, the aim of this study was to investigate the antimicrobial activity of essential oils obtained from star anise (Illicium verum Hook.f.), basil (Ocimum basilicum L.), origanum (Origanum vulgare L.), clary sage (Salvia sclarea L.) and thymus (Thymus vulgaris L.) against multidrug-resistant strains of Escherichia coli, Enterococcus spp., Candida albicans and Candida famata previously isolated from dogs and cats with urinary tract infections.",thymus,resistant|resistance,cats,0,test299,4.806198119603972e-11,NO,0
"One hundred and sixty endophytic fungi derived from Cymodoceaserrulata (Family Cymodoceaceae), Halophilaovalis and Thalassiahemprichii (Family Hydrocharitaceae) were screened for production of antimicrobial compounds by a colorimetric broth microdilution test against ten human pathogenic microorganisms including Staphylococcus aureus ATCC 25923, a clinical isolate of methicillin-resistant S. aureus, Escherichia coli ATCC 25923, Pseudomonas aeruginosa ATCC 27853, Candida albicans ATCC 90028 and NCPF 3153, Cryptococcus neoformans ATCC 90112 and ATCC 90113 and clinical isolates of Microsporumgypseum and Penicilliummarneffei.",Candida albicans,derived from,Penicilliummarneffei,0,test299,6.151581078628653e-12,NO,0
Archaeal host cells infected by Sulfolobus turreted icosahedral virus (STIV) and Sulfolobus islandicus rod-shaped virus 2 (SIRV2) produce unusual pyramid-like structures on the cell surface prior to virus-induced cell lysis.,Sulfolobus islandicus,host,lysis,0,test299,0.9999999984246906,YES,1
"All Gram-positive rods, i.e. Actinomyces viscosus, Lactobacillus acidophilus, Bacillus subtilis and Corynebacterium diphtheriae, and Gram-positive cocci, i.e. Streptococcus spp, Staphylococcus aureus and Micrococcus luteus, were significantly inhibited by saccharin, especially at the higher concentrations.",Micrococcus luteus,inhibited,Lactobacillus acidophilus,0,test299,6.734175295081962e-07,NO,0
"Two yeast species, the budding yeast Saccharomyces cerevisiae and the fission yeast Schizosaccharomyces pombe, engage in various kinds of intraspecies cell-cell communication using peptides and chemical molecules that they produce, constituting a sort of 'language'.",Saccharomyces cerevisiae,communication,Schizosaccharomyces pombe|fission yeast,0,test299,3.4027638908612336e-12,NO,0
"The trophic ecology of eleven predator species (Falconiforms: Buteo polyosoma, Elanus leucurus, Falco sparverius, Geranoaetus melanoleucus, Parabuteo unicinctus; Strigiforms: Athene cunicularia, Bubo virginianus, Tyto alba; Carnivores: Dusicyon culpaeus; Snakes: Philodryas chamissonis, Tachymenis peruviana) in two nearby localities of central Chile is analyzed.",Philodryas chamissonis,predator,Dusicyon culpaeus,1,test299,1.7968770011478848e-11,NO,0
"We aim to examine whether sublethal concentrations of two widespread pollutants (a pesticide with endosulfan and chromium as potassium dichromate) alter the depth selection, vertical migration and grouping of five freshwater species: Argyrodiaptomus falcifer, Notodiaptomus conifer, Pseudosida variabilis, Ceriodaphnia dubia and Daphnia magna.",Pseudosida variabilis,alter,Daphnia magna,0,test299,2.0773854859979846e-14,NO,0
"INTRODUCTION The mnemonic SPICE (Serratia, Pseudomonas, indole-positive Proteus, Citrobacter, and Enterobacter) has served as a reminder to consider when a Gram-negative organism may carry a chromosomal copy of blaampC, with the associated risk of developing resistance to first-, second-, and third-generation cephalosporins.",Citrobacter,copy,Proteus,0,test299,8.130796362100393e-12,NO,0
"The purified PLA(2) EcTx-I was evaluated (250Â Î¼g/ml) for bactericidal activity of a wide variety of human pathogens against Burkholderia pseudomallei (KHW&TES), Enterobacter aerogenes, Escherichia coli, Proteus vulgaris, Proteus mirabilis, Pseudomonas aeruginosa and Staphylococcus aureus.",Burkholderia pseudomallei,interacts with,Proteus mirabilis,0,test299,9.140428477396602e-08,NO,0
"The aim of this review is to describe the effects of melatonin on oxidative stress and the resistance to bacterial (Klebsiella pneumoniae, Helicobacter pylori, Mycobacterium tuberculosis, and Clostridium perfringens), viral (Venezuelan equine encephalomyelitis virus and respiratory syncytial virus), and parasitic (Plasmodium spp., Entamoeba histolytica, Trypanosoma cruzi, Toxoplasma gondii, and Opisthorchis viverrini) infections.",Clostridium perfringens,resistance to,Opisthorchis viverrini,0,test299,0.9999999369952197,YES,1
DNA-DNA hybridization values (in silico) with these two closest relatives were below the threshold value of 70% (33% with Thermococcus sp. AM4 and 32% with T. gammatolerans DSM 15229T) and confirmed that strain 30-1 represents a novel species.,T. gammatolerans,hybridization,Thermococcus sp. AM4,0,test299,5.445008669515562e-13,NO,0
This paper offers new insights into smallholder farmer's practices regarding acquisition and distribution of sweetpotato planting material in the Mwanza and Mara regions of Tanzania by examining three specific issues: (i) farmers' sources of planting material; (ii) factors that influence farmers' sourcing of planting materials outside their own farms and (iii) the types of transactions and social relations involved in farmers' acquisition and distribution of sweetpotato planting material.,sweetpotato,farms,Mara,0,test299,2.1700335591747522e-14,NO,0
"Its predicted protein sequence is conserved in humans, rice, Arabidopsis, and Caenorhabditis elegans, and is virtually identical to that of bovine epsilon-COP, a component of the coatomer complex implicated in membrane transport.",Arabidopsis,transport,bovine,0,test299,2.0358389558719354e-13,NO,0
"Here we analysed the spatiotemporal expression patterns of zebrafish (Danio rerio) pcbp2 (identical to pcbp1 and pcbp2 in mammals), pcbp3 and pcbp4 at various stages of zebrafish embryonic development by whole-mount in situ hybridization.",zebrafish|Danio rerio,hybridization,mammals,0,test299,2.5910250667877637e-14,NO,0
"These signals include some vocalizations and also sounds made using the lips, oral cavity, and/or teeth, but not the vocal tract, such as ""attention-getting"" sounds directed at humans by captive chimpanzees and lip smacking during social grooming.",chimpanzees,grooming,humans,1,test299,1.170936196303814e-13,NO,0
"Through a controlled vaccination study with artificial challenge, the present study was designed to evaluate the protective value of formalin, saponin or binary ethyleneimine inactivated Mycoplasma gallisepticum adjuvanted bacterins, in comparison with the efficacy of the live Mycoplasma gallisepticum ""F"" strain vaccine.",Mycoplasma gallisepticum,vaccination,"Mycoplasma gallisepticum ""F",0,test299,0.999999616009436,YES,1
"The antibacterial activity of the MgO-St (starch), MgO-CP (citrus pectin), and MgO-Av (Aloe vera) oxides was evaluated against pathogens Staphylococcus aureus (ATCC 6538P) and Escherichia coli (ATCC 8739).",Aloe vera,pathogens,citrus,0,test299,9.79256158684181e-09,NO,0
"(Crustacea: Decapoda: Pinnotheridae), symbiont of the slipper shell Crepidula striolata Menke, 1851 (Mollusca: Gastropoda: Calyptraeidae) from the Gulf of California, Mexico.",Pinnotheridae,symbiont of,Crepidula striolata,1,test299,0.9999999391759247,YES,1
"The gene, present in a single copy in the Chlamydomonas genome, encodes a protein with a predicted molecular mass of 52,161 D and 73% and 65% conservation with gamma-tubulin from higher plants and humans, respectively.",higher plants,copy,humans,0,test299,3.974877558557751e-14,NO,0
"Key epizootiological information on major pet metastrongyloids, i.e., Angiostrongylus vasorum and Crenosoma vulpis infecting dogs, and Aelurostrongylus abstrusus and Troglostrongylus brevior infecting cats, is missing from Austria.",Angiostrongylus vasorum,infecting,Aelurostrongylus abstrusus,0,test299,0.005679547866339386,NO,0
"The Pseudoalteromonas diversity on the three unfouled marine organisms Ciona intestinalis, Ulva lactuca and Ulvaria fusca was found to be low, and Ps. tunicata was only detected on these three hosts, which all contain accessible cellulose polymers in their cell walls.",Ulvaria fusca,hosts,Pseudoalteromonas,1,test299,0.0003241149319796491,NO,0
"Of the most common genera, Pestalotia and Botryosphaeria were significantly more common as epiphytes; Colletotrichum, Xylaria, and Guignardia were significantly more common as endophytes.",Botryosphaeria,epiphytes,Guignardia,0,test299,2.102102912854853e-09,NO,0
"Recent studies have revealed that GBPs are essential for mediating activation of the caspase-1 inflammasome in response to the gram-negative bacteria Salmonella enterica serovar Typhimurium, Francisella novicida, Chlamydia muridarum, Chlamydia trachomatis, Legionella pneumophila, Vibrio cholerae, Enterobacter cloacae, and Citrobacter koseri During infection with vacuolar-restricted gram-negative bacteria, GBPs disrupt the vacuolar membrane to ensure liberation of LPS for cytoplasmic detection by caspase-11 and the noncanonical NLRP3 inflammasome.",Salmonella enterica serovar Typhimurium,activation,Chlamydia muridarum,0,test299,0.9999045260045705,YES,1
"The lesser mealworm, Alphitobius diaperinus (Panzer) (Coleoptera: Tenebrionidae) is an important stored-product pest for the poultry industry as it is a vector of dangerous pathogens for humans.",Alphitobius diaperinus|lesser mealworm,pathogens,humans,1,test299,0.9995882277408715,YES,1
"Carios vespertilionis shows the largest distribution range and was found on most host species, being ubiquitous wherever crevice-roosting bats occur.",bats,host,Carios vespertilionis,1,test299,2.6150743905966076e-07,NO,0
"The organisms that were present included Bacillus cereus, Listeria, Salmonella, Escherichia (all of which are usually associated with gastrointestinal infection); Klebsiella pneumonia and Anoxybacillus (both of which are usually associated with respiratory tract infections); and Variovorax, Prevotella, Porphyromonas, and Dialister (all of which are usually associated with periodontitis).",Salmonella,infection|infections,Variovorax,0,test299,7.87369673629099e-12,NO,0
"All three species were provided with: (1) pulp and juice diets derived from a highly domesticated Old World fruit (orange, Citrus sinensis L.) that is only recently sympatric with the Mexican flies and parasitoids and so offered little opportunity for the evolution of feeding-adaptations and (2) a less-domesticated New World fruit (guava, Psidium guajava L.), sympatric over evolutionary time with D. areolatus and U. anastrephae.",guava|Psidium guajava,parasitoids,Citrus sinensis,0,test299,4.2485336138829074e-10,NO,0
"This may lead to strong ecological and economic impacts on commercial bivalve species, such as Venerupis corrugata, Ruditapes decussatus, the introduced Ruditapes philippinarum and Cerastoderma edule, the most relevant in NW Spain.",Cerastoderma edule,impacts,Venerupis corrugata,0,test299,1.8356814395118714e-12,NO,0
"Calcium propionate inhibited growth in vitro of Allantophomopsis cytisporea, A. lycopodina, Coleophoma empetri, Fusicoccum putrefaciens, and Physalospora vaccinii. Calcium chloride and calcium nitrate inhibited growth of Coleophoma empetri and Fusicoccum putrefaciens, but these salts enhanced growth of Physalospora vaccinii. P. vaccinii was the fungus most frequently isolated from rotten berries at the time of harvest.",Allantophomopsis cytisporea,inhibited,Fusicoccum putrefaciens,0,test299,0.9998999041225873,YES,1
"CONCLUSIONS We demonstrate that the peripheral infection by L. chagasi per se can promote the influx of lymphocytes within the nervous milieu as occurs during Toxoplasma and Neospora infections, and the concomitant seropositivity against these pathogens does not exacerbate the inflammatory brain lesions.",per se,infection|infections,Neospora,0,test299,0.9999984135769051,YES,1
"The relative abundance of microbes were tested by Mann-Whitney test between the high and low FCR groups in different organs: Campylobacter, Prevotella and Sphaerochaeta were different in the duodenum (PÂ <Â 0.05); Sanguibacter, Kingella and Anaeroplasma in jejunum; Anaeroplasma, Arthrobacter, Kingella, Megasphaera and SMB53 in the ileum; Butyricicoccus, Campylobacter, Mitsuokella, and Coprobacillus in the cecum; Lactococcus and Peptococcus in the colon; Staphylococcus in the rectum; and Rothia in feces.",Megasphaera,interacts with,Fissidentalium rectum,0,test299,4.483251933450131e-12,NO,0
"Pollen digestion in three pollen-eating scarab beetles, the green protea beetle Trichostetha fascicularis and two monkey beetle species, Peritrichia cinerea and Pachynema flavolineata, was investigated.",flavolineata,eating,Trichostetha fascicularis,0,test299,1.5969781681024326e-07,NO,0
"Bacterial genera, including Selenomonas, Succinivibrio, Ruminobacter, certain genera in Ruminococcaceae, Christensenellaceae_R-7_group and Eubacterium, were more sensitive to the glucogenic to lipogenic nutrients ratio.",Succinivibrio,nutrients,Selenomonas,0,test299,3.764909309545903e-11,NO,0
"In total, 706 birds belonging to 46 species were checked for the presence of various bacterial pathogens (Campylobacter, Yersinia, Salmonella, Listeria, Escherichia coli, Staphylococcus aureus, Francisella tularensis, Coxiella burnetii, Borrelia burgdorferi, and Brucella spp.).",Borrelia burgdorferi,pathogens,Salmonella,0,test299,4.388000156989994e-05,NO,0
"Our results show at a minimum, it is possible to produce spatially explicit waterfowl abundance models that when summed across survey strata will produce similar strata level population estimates as the design-based Waterfowl Breeding Pair and Habitat Survey (r2 = 0.977).",strata,Habitat,waterfowl|Waterfowl,0,test299,2.371189844928211e-15,NO,0
"Microscopic examination of samples showed infection in muscles and head region (gills & branchial cavity) with encysted metacercariae in 91.7% of T. zillii, 82.85% of Cl. gariepinus, 70% of B. bajad and 86.66% of Ch. auratus.",zillii,infection,B. bajad,0,test299,0.9999999998750033,YES,1
"Total epicardial activation time during AT (73 +/- 19 msec) was similar to that during sinus rhythm (72 +/- 13 msec) and on average was <50% of the AT CL. Higher-density mapping of the RA free wall during 30 sustained AT episodes (163 +/- 55 msec) in 9 dogs identified a site of earliest activation along the sulcus terminalis most frequently as a stable, focal activation pattern from a single site.",dogs,activation,terminalis,0,test299,4.108661797632632e-15,NO,0
"Two new species, Philodoria kauaulaensis Kobayashi, Johns & Kawahara, sp. n. (host: Myrsine lanaiensis, M. lessertiana, and M. sandwicensis) and P. kolea Kobayashi, Johns & Kawahara, sp. n. (host: M. lessertiana) are described.",Myrsine lanaiensis,host,P. kolea,0,test299,2.417008130060808e-07,NO,0
