sentence,species1,species2,label,pmid,n_concepts,row,p_yes,raw,verdict
"Relative to control, 10muM THC and 10muM CBD reduced mRNA levels of milk proteins (CSN2 and WAP), lipid synthesizing and glucose transport markers (GLUT 1, HK2, FASN, FABP4, PLIN2 and LPL), as well as whey acidic protein and lipid levels.",lipid,LPL,0,35976913,12,4658,0.9841742683047192,YES,1
"Activated SGK3 can activate ion channels (TRPV5/6, SOC, Kv1.3, Kv1.5, Kv7.1, BKCa, Kir2.1, Kir2.2, ENaC, Nav1.5, ClC-2, and ClC Ka), carriers and receptors (Npt2a, Npt2b, NHE3, GluR1, GluR6, SN1, EAAT1, EAAT2, EAAT4, EAAT5, SGLT1, SLC1A5, SLC6A19, SLC6A8, and NaDC1), and Na+/K+-ATPase, promoting the transportation of calcium, phosphorus, sodium, glucose, and neutral amino acids in the kidney and intestine, the absorption of potassium and neutral amino acids in the renal tubules, the transportation of glutamate and glutamine in the nervous system, and the transportation of creatine.",ENaC,glutamine,0,36531961,37,14790,0.9831937527139952,YES,1
"Effects of 15 torsadogenic hERG blocking drugs (astemizole, chlorpromazine, cisapride, droperidol, ibutilide, dofetilide, haloperidol, moxifloxacin, pimozide, quinidine, risperidone, sotalol, sertindole, terfenadine, and thioridazine) were assessed by telemetry in beagle dogs.",pimozide,terfenadine,0,35751378,17,3998,0.8304150533475919,YES,1
"A significant (p < 0.05) decline in glutathione peroxidase (GPx), superoxide dismutase (SOD,) glutathione, and catalase levels and an elevation in malondialdehyde level in the BPA group confirmed the generation of oxidative stress and lipid peroxidation in experimental mice exposed to BPA.",malondialdehyde,lipid,0,36432690,8,9764,0.9194798007217845,YES,1
"Here, we report that GIGYF1 is the second-most mutated gene among known ASD high-confidence risk genes.",GIGYF1,ASD,1,35917186,2,4523,0.8981870478939665,YES,1
"The results showed that the levels of gene and protein catalyzing lipogenesis were increased (SREBP1, ACC1 and FAS), while those catalyzing lipolysis were decreased (ATGL, HSL and ZAG), accompanied by dyslipidemia, insulin resistance and hepatic fat accumulation, and there were higher expression of TLR4 and NF-kappaB protein and lower expression of ERalpha protein in liver, and increased serum IL-17 and TNF-alpha levels in fructose and/or BPA exposed rats compared with controls.",SREBP1,dyslipidemia,0,31661889,16,12677,0.9840876725984525,YES,1
"Among these, the IDP hub protein G3BP1 can form complexes with cytoplasmic phosphoprotein Caprin1 and ubiquitin peptidase USP10; the resulting control of USP10 activity contributes to a pathogenic virulence system that targets endocytic recycling of the ion channel CFTR.",Caprin1,CFTR,0,36183834,4,6080,0.9738946855180991,YES,1
"However, subgroup analysis revealed a significant association of rs2025345 with spastic tetraplegia (P genotype = 0.048 after correction) and rs12722561 with CP accompanied by global developmental delay (P allele = 0.045 after correction), even after Bonferroni correction.",rs12722561,CP,1,36195861,5,6274,0.996362963905166,YES,1
Effect of Polyphenols and Zinc Co-Supplementation on the Development of Neoplasms in Rats with Breast Cancer.,Zinc,Neoplasms,0,36673448,5,15704,0.90364883376269,YES,1
"Q57H and T151I of ORF3a; T21I and W27L of ORF6; G38V, V82A, and T120I of ORF7a; S31P and T40I of ORF7b; and R52I, C61F, and I121L of ORF8 were highly frequent in most variants of concern and were within known functional domains.",V82A,T120I,0,35764775,17,4168,0.4601022567950377,NO,0
"We also found that either TSH or NAC enhanced PKA, Akt, mTORC, AMPK, Sirtuins, PGC1alpha, NRF-2, mitofusin-2, TFAM and catalase in the N-TSHR-mAb stressed cells.",TFAM,TSHR,0,34801870,14,13458,0.8814528262804153,YES,1
"We observed suggestive evidence (P < 0.05) for eight variants (rs17026425, rs17057166, rs6854845, rs1728400, rs17693104, rs202280, rs6797464, and rs823920) in all colorectal cancer and two variants (rs17026425 and rs6854845) in rectal cancer that were concordant with previous reports.",rs17026425,rectal cancer,1,31488414,10,641,0.9359168034677328,YES,1
"These findings provide evidence of an aggregate effect of the MARC1, ADCY5, and BCO1 variants on the risk of hypertriglyceridemia in Mexican men.",MARC1,hypertriglyceridemia,1,36233117,5,6878,0.9904428819401977,YES,1
"The most common mutation was D614G (1841A>G) observed in 61 sequences, followed by L4715L (14143 C>T) found in 60 sequences.",1841A>G,14143 C>T,0,35598737,4,3759,0.5101649527354609,YES,1
"Cell media assayed for nitrites with chemiluminescence NO analyzer, and conversion of ADMA to L-citrulline was measured by spectrophotometry.",NO,ADMA,0,34151866,4,2060,0.7220120165320727,YES,1
"Cystinuria is a genetically inherited disorder of renal and intestinal transport, featured as a high concentration of cystine in the urine.",disorder of renal,cystine,0,36421847,3,9579,0.7869377570130582,YES,1
"The roles of ABCC5, ABCA8, ABCC10, ABCB10, ABCG1, ATP7B, ABCG2, and mitochondrial SLC25A10 in platinum-receiving urinary bladder cancer patients should be the subject of further investigation.",ABCA8,ABCG2,0,36650399,11,11431,0.009245299715376696,NO,0
"The dopamine- and cAMP-regulated phosphoprotein (DARPP-32), which is encoded by the PPP1R1B gene, plays a converging regulatory role in the central nervous system by mediating the actions of dopamine, serotonin, and glutamate.",serotonin,glutamate,0,36440265,5,9879,0.9270850017953953,YES,1
"SNHG15 was found to bind to miR-18a, which could further target CXCL13.",SNHG15,miR-18a,1,32862188,3,775,0.9755688059805614,YES,1
The m6A reader IMP2 directs autoimmune inflammation through an IL-17- and TNFalpha-dependent C/EBP transcription factor axis.,IL-17,TNFalpha,1,34215679,5,13038,0.9740657459146991,YES,1
"This study was conducted for 28 days, and the results showed that BPA indeed induced an impairment in amino acid metabolism, taking place in the mitochondria by significantly (p < 0.05) decreasing the levels of certain amino acids, i.e., taurine, threonine, asparagine, leucine, norleucine, and glutamic acid in the mice plasma.",impairment in amino acid metabolism,norleucine,0,36432690,9,9717,0.9299445562854826,YES,1
"Overall, we suggest that Pitavastatin and Ivermectin could act synergistically in combination with Paclitaxel, being promising two-drug combinations for high-grade serous carcinoma management.",Ivermectin,serous carcinoma,1,36139522,4,5178,0.9710583568701225,YES,1
We evaluated activity of 4-HPR + ABT-199 in preclinical models of neuroblastoma.,4-HPR,ABT-199,1,31484706,3,591,0.9701035982473473,YES,1
"However, some characteristic mutations like Delta144(S), G204R(N), and T1001I, I2230T, del3675-3677(ORF1ab) were missing in the Pakistani population of alpha-variant.",T1001I,I2230T,0,36512569,5,10316,0.33230375037787546,NO,0
"In summary, our results demonstrate that tyrosine phosphorylation of RIPK1 is critical for regulating RIPK1 activity to limit cell death and inflammation.",tyrosine,inflammation,0,36329033,3,8141,0.8813735807014513,YES,1
"Western blot was performed to detect Cyclin D1, PCNA, MMP-2, MMP-9, inflammatory factors TNF-alpha, IL-1beta, IL-4, IL-10, IL-13, and",PCNA,MMP-2,0,36593749,10,15206,0.0027424683718585393,NO,0
"The cAMP-binding effector, exchange protein activated by cAMP 1 (Epac1), which is known to induce SOCS3, differentially regulated the P2Y11/IL-1R response because pharmacological Epac1 inhibition enhanced sTNFR2 and CCL20 release, but had no effect on VEGF secretion.",cAMP,TNFR2,0,36107259,8,4942,0.9795826011629407,YES,1
"Silencing WWOX to mimic low WWOX protein expression in HCC in patients with the WWOX-rs13338697-GG genotype, enhanced HIF1A increment under hypoxia, further decreased ASS1, and increased cell susceptibility to ADI-PEG 20.",WWOX,ADI-PEG 20,1,36530994,8,14387,0.9726331133677378,YES,1
"Overexpression of human PANK1 and PANK3 in these mutants restored normal cellular activity whereas complementation with PANK2 was partial and could only be achieved with an isoform, PanK2mtmDelta, lacking the mitochondrial transit peptide.",PANK1,PANK2,1,36613877,4,11192,0.9658989826725438,YES,1
"Screening of nine affected families revealed two novel (c.5571_5576delinsCTAGATand c.471dup in EYS and SPATA7 genes, respectively) and six reported pathogenic mutations (c.304C>A, c.187C>T, c.1560C>A, c.547C>T, c.109del and c.9911_11550del in PDE6A, USH2A, USH2A, NMNAT1, PAX6 and ALMS1 genes, respectively) segregating with disease phenotype in each respective family.",PDE6A,NMNAT1,0,36140798,15,5338,0.9615911635802566,YES,1
"Our analysis also observed a triple cysteine motif harboring mutation (L39M, A41S, A41V, C43F, C43R, C43S, C44Y, N45R) which may hinder the binding of E protein with spike glycoprotein.",A41V,C43S,0,33319124,10,15836,0.8284425886987248,YES,1
"Overall, these findings support the hypothesis that CMT-HARS1 alleles exert their toxic effect in a neuronal context, and lead to dysregulated protein synthesis.",CMT,HARS1,1,32543048,2,16605,0.8592877386574349,YES,1
"The triple mutations, K417N-E484K-N501Y, and K417T-E484K-N501Y displayed weaker binding affinity to heparin (-6.6 kcal/mol).",K417N,E484K,0,35194375,5,3261,0.9429929839641129,YES,1
"Following induction, MP animals randomly were assigned to receive alendronate, genistein, lycopene, or the association of genistein and lycopene or saline solution for additional 60 days together with MP.",MP,lycopene,0,36296984,5,7479,0.9487422088876991,YES,1
"Oxidative stress variables (ROS, nitrite, TBARS, SOD, catalase) and inflammatory markers (TNF-alpha, and IL-1beta), which were altered on Cu exposed rats, also responded favorably to ALA+ MiADMSA",SOD,inflammatory,0,36548551,12,10628,0.8867762285931885,YES,1
"The levels of glucose, total protein (TP), total cholesterol (TC), and the proinflammatory cytokines interleukin (IL)-1beta, IL-6 and tumor necrosis factor (TNF)-alpha in blood were examined, and we then detected glycogen and adenosine triphosphate (ATP) content, phosphofructosekinase-1 (PFK1) and glucose-6-phosphate dehydrogenase (G6PDH) activity, glucose transporter (GLUT)1, GLUT4, sodium/glucose cotransporter (SGLT)1 and citrate synthase (CS) protein expression and autophagy levels in circulating neutrophils.",tumor necrosis factor (TNF)-alpha,glycogen,0,36174980,13,5895,0.022055184033322635,NO,0
"In heart failure with preserved ejection fraction and CpcPH models, metabolic syndrome contributes to pulmonary vascular dysfunction and EIPH through enhanced reactive oxygen species and miR-193b expression, which downregulates NFYA-dependent sGCbeta1 expression.",reactive oxygen species,sGCbeta1,1,34157861,8,13015,0.9408357777221421,YES,1
"In order to detect the SARS-CoV-2 variants of concern (VOCs), five real-time reverse transcriptase PCR (rRT-PCR) assays were designed to target the critical discriminatory mutations responsible for the following amino acid changes in the spike protein: two Delta69-70 + N501Y + E gene triplexes (one optimized for Alpha [B.1.1.7] and one optimized for Omicron [B.1.1.529]), a K417N + 242-244 wild-type duplex, a K417T + E484K duplex, and a L452R + P681 + E484Q triplex.",K417T,P681,0,35644262,9,3822,0.5807240087027103,YES,1
"This study was conducted for 28 days, and the results showed that BPA indeed induced an impairment in amino acid metabolism, taking place in the mitochondria by significantly (p < 0.05) decreasing the levels of certain amino acids, i.e., taurine, threonine, asparagine, leucine, norleucine, and glutamic acid in the mice plasma.",impairment in amino acid metabolism,asparagine,0,36432690,9,9715,0.9299445562854826,YES,1
"In this article, we reviewed the clinical activity and adverse events of furmonertinib at 80 mg daily (approved dose), potential usage of 160 mg daily for CNS metastasis in EGFR+ NSCLC, and usage of 160 mg or 240 mg daily in EGFR exon20 insertion positive (EGFRex20ins+) NSCLC patients.",furmonertinib,EGFR,1,36317157,4,8085,0.8209170583161987,YES,1
"Activated SGK3 can activate ion channels (TRPV5/6, SOC, Kv1.3, Kv1.5, Kv7.1, BKCa, Kir2.1, Kir2.2, ENaC, Nav1.5, ClC-2, and ClC Ka), carriers and receptors (Npt2a, Npt2b, NHE3, GluR1, GluR6, SN1, EAAT1, EAAT2, EAAT4, EAAT5, SGLT1, SLC1A5, SLC6A19, SLC6A8, and NaDC1), and Na+/K+-ATPase, promoting the transportation of calcium, phosphorus, sodium, glucose, and neutral amino acids in the kidney and intestine, the absorption of potassium and neutral amino acids in the renal tubules, the transportation of glutamate and glutamine in the nervous system, and the transportation of creatine.",Kv1.3,glutamine,0,36531961,37,14613,0.9831937527139952,YES,1
Fisetin also significantly inhibited T-lymphocytes and F4/80+ macrophage infiltration into skin.,Fisetin,F4/80,0,36741386,2,12135,0.6960358364015872,YES,1
"As ADI-PEG 20 can reduce plasma arginine levels, we examined its pretreatment levels in relation to the WWOX-rs13338697 genotypes.",ADI-PEG 20,rs13338697,1,36530994,4,14370,0.753184866021934,YES,1
"The polymorphisms suitable for meta-analysis were CCND1 (rs17852153), COX2 (rs20417), EGF (rs4444903), EGFR (rs712829, rs11543848, 3'UTR CA repeat), FCGR2A (rs1801274), FCGR3A (rs396991), IL8 (rs4073), KRAS (rs61764370) and VEGFA (rs3025039).",rs396991,rs3025039,0,27897268,19,381,0.015593224939379518,NO,0
"Knockdown and overexpression of Nanog in SNU-601 and SNU-638, respectively, did not affect spheroid-forming capacity, however, its expression was inversely correlated with DR4/DR5 expression and TRAIL sensitivity.",DR4,DR5,0,36661504,6,11525,0.9825549118717304,YES,1
"Results: Association of mRNAs encoding triggering receptor expressed on myeloid cells 2 (TREM2), DNAX-activating protein 12 kDa (DAP12), and colony stimulating factor 1 receptor (CSF1R) with ribosomes isolated from Muller glia was upregulated in both STZ diabetic mice and mice fed an HFHS diet.",colony stimulating factor 1 receptor,diabetic,1,36306144,6,7654,0.9663332548902048,YES,1
Dexamethasone ameliorates H2S-induced acute lung injury by alleviating matrix metalloproteinase-2 and -9 expression.,H2S,matrix metalloproteinase-2 and -9,1,24722316,4,44,0.9836630510050339,YES,1
"Patients with the hotspot H1047R, R88Q, E542K, and G118D variants comprised a subset (n = 41) for epilepsy phenotyping.",H1047R,epilepsy,1,34102393,6,1921,0.31701785998801646,NO,0
"In order to detect the SARS-CoV-2 variants of concern (VOCs), five real-time reverse transcriptase PCR (rRT-PCR) assays were designed to target the critical discriminatory mutations responsible for the following amino acid changes in the spike protein: two Delta69-70 + N501Y + E gene triplexes (one optimized for Alpha [B.1.1.7] and one optimized for Omicron [B.1.1.529]), a K417N + 242-244 wild-type duplex, a K417T + E484K duplex, and a L452R + P681 + E484Q triplex.",E484K,L452R,0,35644262,9,3824,0.5807240087027103,YES,1
"Combination therapy with Ox/Cy and anti-PD-L1 synergistically improves CAR-T cell-mediated tumor control and survival, providing a strategy to improve CAR-T cell efficacy in the clinic.",Ox,PD-L1,0,33357452,4,15866,0.9791986654164703,YES,1
"We found that VER-155008, an HSP70 inhibitor, enhanced the PGE1-stimulated IL-6 release and IL-6 mRNA expression.",HSP70,IL-6,1,36520821,4,14307,0.9835217668270503,YES,1
"Neurotensin addition to NCI-H838 cells increased significantly reactive oxygen species which was inhibited by SR48692, Tiron (superoxide scavenger) and diphenylene iodonium (DPI inhibits the ability of NADPH oxidase and dual oxidase enzymes to produce reactive oxygen species).",reactive oxygen species,dual oxidase,1,31614143,8,12506,0.9778700912895198,YES,1
"Association analysis of three single nucleotide polymorphisms (SNPs) (rs725084, rs2072493_N592S, and rs5744174_F616L) indicated the minor allele of rs2072493_N592S to be associated with increased risk for COPD (OR = 4.41, p < 0.0001) and NSCLC (OR = 5.17, p < 0.0001) development and non-small cell LC risk in the presence of COPD (OR = 1.75, p = 0.0031).",rs5744174,COPD,0,36140341,5,5285,0.996842286732502,YES,1
"Detailed analysis in chondrocytes revealed that Isoprenaline (ISO) and Salbutamol (SBT) increased cell viability and relative Bcl-2 expression, meanwhile, decreased proteins levels of TNF-alpha, IL-6 and IL-8 in arthritic chondrocytes when compared with control, respectively.",IL-6,IL-8,0,36188601,7,6129,0.9627890484137634,YES,1
"We used obese ZSF-1 leptin-receptor knockout rats (heart failure with preserved ejection fraction model), obese ZSF-1 rats treated with SU5416 to stimulate resting pulmonary hypertension (obese+sugen, CpcPH model), and lean ZSF-1 rats (controls).",leptin-receptor,SU5416,0,34157861,6,12896,0.7527309015805796,YES,1
"AMPD1 (rs17602729), ACE (rs4646994), ACTN3 (rs1815739), CKM (rs8111989) and MLCK (rs2849757 and rs2700352) polymorphisms were genotyped by using Single Nucleotide Primer Extension (SNPE).",rs1815739,rs2849757,0,36468031,11,10016,0.028407848770715262,NO,0
"A fast, mild, and efficient catalyst-free approach has been developed for the synthesis of chromonyl-substituted alpha-aminophosphine oxides by the three-component reaction of 3-formyl-6-methylchromone, primary amines, and secondary phosphine oxides at ambient temperature.",3-formyl-6-methylchromone,amines,1,36687078,4,11781,0.3434836219350583,NO,0
We have identified a novel synthetic lethal interaction between ClpP activation and HDAC1/2 inhibition that converges on GBM energy metabolism.,ClpP,HDAC1/2,1,35417530,3,3539,0.9733879758591886,YES,1
"Mutational analysis detected 18,261 mutations in the omicron variant, majority of which were non-synonymous mutations in spike (A67, T547K, D614G, H655Y, N679K, P681H, D796Y, N856K, Q954H), followed by RNA dependent RNA polymerase (rdrp) (A1892T, I189V, P314L, K38R, T492I, V57V), ORF6 (M19M) and nucleocapsid protein (RG203KR).",N679K,I189V,0,35367284,21,3432,0.39213664490372807,NO,0
"TNF-alpha and IL-1beta levels were decreased, but IL-4, IL-10, IL-13, cyclin D1, and PCNA levels were increased in pregnant women with preeclampsia after using progesterone.",TNF-alpha,IL-13,0,36593749,10,15247,0.8900742156162825,YES,1
"Next, the expression and colocalization of p53 and MDM2 in liver cancer cells were evaluated after I3C treatment, and the effect of I3C on p53 protein stability was examined.",MDM2,liver cancer,1,36297369,4,7542,0.787220590649916,YES,1
DDAH1 rs480414 (G > A) that was protective against developing PH.,rs480414,PH,1,34151866,3,2049,0.9535871449827462,YES,1
"Analyses included participants with pathogenic biallelic mutations in adenosine triphosphate (ATP)-binding cassette subfamily B member 11 (ABCB11) (bile salt export pump; BSEP) or adenosine triphosphatase (ATPase) phospholipid transporting 8B1 (ATP8B1) (familial intrahepatic cholestasis; FIC1), or those with monoallelic or biallelic mutations in adenosine triphosphate (ATP)-binding cassette subfamily B member 4 (ABCB4) (multidrug resistance; MDR3), prospectively enrolled in the Longitudinal Study of Genetic Causes of Intrahepatic Cholestasis (LOGIC; NCT00571272) between November 2007 and December 2013.",multidrug resistance,Intrahepatic Cholestasis,1,34016879,5,1889,0.6642480550563334,YES,1
"Knockdown and overexpression of Nanog in SNU-601 and SNU-638, respectively, did not affect spheroid-forming capacity, however, its expression was inversely correlated with DR4/DR5 expression and TRAIL sensitivity.",Nanog,DR5,1,36661504,6,11523,0.9825549118717304,YES,1
"KIR3DL3 recruited SHP-1 and SHP-2 to attenuate Vav1, ERK1/2, AKT, and NF-kappaB signaling.",Vav1,NF-kappaB,0,34244312,7,2118,0.9942068337271317,YES,1
"As a result, a total of 101 common active ingredients and 21 key active ingredients of four CPMs were obtained, including quercetin, luteolin, acacetin, kaempferol, baicalein, naringenin, artemisinin, aloe-emodin, which might be medicinal substances for the treatment of COVID-19.",kaempferol,artemisinin,0,36388945,10,8828,0.8933223109646954,YES,1
"High-glucose-induced expression of inflammatory cytokines (monocyte chemoattractant protein-1, tumour necrosis factor alpha, and interleukin 1beta) was significantly reduced in RPMCs treated with ONO-AE3-208, an EP4 receptor antagonist.",glucose,inflammatory,1,36438844,7,9824,0.9579990170970291,YES,1
"Q57H and T151I of ORF3a; T21I and W27L of ORF6; G38V, V82A, and T120I of ORF7a; S31P and T40I of ORF7b; and R52I, C61F, and I121L of ORF8 were highly frequent in most variants of concern and were within known functional domains.",ORF6,ORF7b,0,35764775,17,4159,0.4601022567950377,NO,0
"These changes were linked with downregulated levels of interleukin (IL)-10, superoxide dismutase 2 and catalase as well as upregulated expression of profibrotic genes and pro-inflammatory cytokines/chemokines.",superoxide dismutase 2,catalase,0,34000358,4,12823,0.9254808047146464,YES,1
"By using an additive model of inheritance, our moderation analysis showed that PNPLA3 rs738409 significantly modulates the relationship between carbohydrate (%), n-3 PUFAs, total isoflavones, methionine, and choline intakes and fibrosis severity in a dose-dependent, genotype manner.",n-3 PUFAs,fibrosis,1,33306506,8,1096,0.9794330593363637,YES,1
"The numbers of cells expressing RAGE, NLRP3 and TXNIP among a specific subpopulation of CD16+CD14+CD206- (""pro-inflammatory"") alveolar macrophages were higher in patients with lung injury.",RAGE,inflammatory,0,36232959,9,6814,0.9419335751729979,YES,1
"D820A, E829A, and R845A which removed the charge and the side chain of the residues were tested by 500 muM adenosine diphosphate-ribose (ADPR) or 50 mM Ca2+. E829A and R845A affected the characteristic of channel currents, while D820A behaved similarly to WT, indicating the participations of E829 and R845 in channel gating.",E829A,Ca2+,1,36353687,5,8290,0.9347040258680541,YES,1
"Conclusions: LOX and LOXL4 may be susceptibility genes for single IA rupture, whereas LOXL1-3 may have a role in susceptibility to multiple IAs ruptures in the Chinese population, suggesting that LOX family genes may be associated with aSAH.",LOX,LOXL1-3,0,36172092,5,5820,0.9891407401878971,YES,1
Molecular dynamics simulations highlight the altered binding landscape at the spike-ACE2 interface between the Delta and Omicron variants compared to the SARS-CoV-2 original strain.,spike,ACE2,1,36055162,3,15994,0.9847674175436641,YES,1
"EZH2 and G9a inhibitors impaired cell cycle withdrawal, differentiation commitment, and myotube formation in wildtype progenitors, while they had no effect on emerin-null progenitors.",EZH2,G9a,0,36274837,3,7272,0.9653258030141335,YES,1
"Using this multiplexed approach we showed that Vps45 and Rab14 are selective regulators of GLUT4, but Trarg1, Stx6, Stx16, Tbc1d4 and Rab10 knockdown affected both GLUT4 and TfR translocation.",Vps45,TfR,0,36283703,9,7310,0.9832143240171622,YES,1
"Our structure-based virtual screening of the FDA-approved drug library has revealed that sonidegib, a smoothened antagonist clinically used to treat basal cell carcinoma, is a potential c-Jun N-terminal kinase 3 (JNK3) inhibitor.",smoothened,c-Jun N-terminal kinase 3,0,36142500,4,13629,0.9930385439756213,YES,1
"It was transcriptionally repressed by DDP-activated PI3K/AKT/c-Myc signal in LUAD, promoting DDP-acquired chemotherapeutic resistance by regulating miR-1275 to suppress PROCA1/ZFP36L2-induced BCL2 degradation, which led to apoptotic signal reduction.",LUAD,BCL2,1,36627670,8,15492,0.9809051834258496,YES,1
"Xbp1 deficiency decreased the mtDNA cytosolic release and STING/NLRP3 activation by promoting BNIP3-mediated mitophagy activation in macrophages, which was abrogated by Bnip3 knockdown.",Xbp1,NLRP3,1,36185574,4,13745,0.9807499394573688,YES,1
"Collectively, our results disclose two LINC00589-initiated ceRNA networks, the LINC00589-miR-100-DLG5 and LINC00589-miR-452-PRDM16- mucin4 axes, which regulate trastuzumab resistance, CSC-like properties and multiple chemoresistance of breast cancer, thus providing potential diagnostic and prognostic markers and therapeutic targets for HER2-positive breast cancer.",DLG5,HER2,0,36309503,9,7840,0.9724380469837354,YES,1
Sik1 and Sik2 also mediate PTHrP/cAMP/PKA signaling when Sik3 activity is low.,Sik2,PTHrP,1,33148508,6,914,0.9629046731791673,YES,1
"Patients with the hotspot H1047R, R88Q, E542K, and G118D variants comprised a subset (n = 41) for epilepsy phenotyping.",H1047R,E542K,0,34102393,6,1919,0.31701785998801646,NO,0
"Furthermore, our study identified four novel P/LP mutations: Q3508X in TTN, A990G in KCNH2, G1220E, and D372H (in a representative pedigree) in SCN5A. CONCLUSIONS: Our study showed the variant spectrum of a suspected Chinese BrS cohort, and we identified four novel P/LP mutations in TTN, KCNH2, and SCN5A.",TTN,KCNH2,0,36354768,8,8307,0.8768452043955834,YES,1
"Effects of 15 torsadogenic hERG blocking drugs (astemizole, chlorpromazine, cisapride, droperidol, ibutilide, dofetilide, haloperidol, moxifloxacin, pimozide, quinidine, risperidone, sotalol, sertindole, terfenadine, and thioridazine) were assessed by telemetry in beagle dogs.",chlorpromazine,risperidone,0,35751378,17,3932,0.8304150533475919,YES,1
"Novel compound heterozygous variations, c.4301delA (p.Asp1434fs*3) and c.5255C>G (p.Ser1752Ter), in the multiple PDZ domain (MPDZ) proteins were identified via whole-exome analysis on the proband with isolated bilateral macular coloboma in a Chinese family.",c.5255C>G,p.Ser1752Ter,0,36429029,6,9697,0.9326013127274473,YES,1
"Results: Regarding rs822336 G>C, we found that the CG genotype was the most common among women that harbored Stage IV breast tumors (81.8%; p = 0.022), recurred (38.9%; p = 0.02) and died (66.7%; p = 0.04).",rs822336 G>C,recurred,1,36295559,5,7435,0.9811110815923367,YES,1
"Particularly in neutrophils, DEX injection inhibited p65-NFkappaB activation and elevated glycogen and ATP contents and SGLT1, GLUT1 and GR expression while inhibiting PFK1 activity, enhancing G6PDH activity and CS expression and lowering cell autophagy levels.",p65-NFkappaB,SGLT1,0,36174980,10,5963,0.9898205798360803,YES,1
SkQ1 partially suppressed STAT3 and ERK1/2 activation.,SkQ1,STAT3,1,36406976,3,14038,0.9820083780685432,YES,1
"Six SNPs of ABCB1 (rs3842, rs1045642, rs2032582, rs1128503, rs3213619, and rs3747802), one SNP of CYP3A5 (rs776746), seven SNPs of APOB (rs1042034, rs2163204, rs693, rs679899, rs13306194, rs13306198, and rs1367117), and two SNPs of APOE (rs429358 and rs7412) were analyzed by a TaqMan genotyping assay.",rs1042034,rs2163204,0,36145636,20,5565,0.03417951892894838,NO,0
"Activated SGK3 can activate ion channels (TRPV5/6, SOC, Kv1.3, Kv1.5, Kv7.1, BKCa, Kir2.1, Kir2.2, ENaC, Nav1.5, ClC-2, and ClC Ka), carriers and receptors (Npt2a, Npt2b, NHE3, GluR1, GluR6, SN1, EAAT1, EAAT2, EAAT4, EAAT5, SGLT1, SLC1A5, SLC6A19, SLC6A8, and NaDC1), and Na+/K+-ATPase, promoting the transportation of calcium, phosphorus, sodium, glucose, and neutral amino acids in the kidney and intestine, the absorption of potassium and neutral amino acids in the renal tubules, the transportation of glutamate and glutamine in the nervous system, and the transportation of creatine.",ClC-2,GluR6,0,36531961,37,14823,0.9831937527139952,YES,1
"We determined that CINC-1 (a functional IL-8 analog in rats) induces internalization of beta2 -AR from the cell surface, and arrestin-2, PDE4, and beta2 -AR form a complex during this process.",CINC-1,arrestin-2,1,34555226,6,2509,0.9825313838658704,YES,1
"In vitro, fisetin significantly inhibited mTOR activity, increased the expression of autophagy markers LC3A/B and Atg5 in HEKa cells and suppressed the secretion of IL-17A by activated CD4+ T lymphocytes or T lymphocytes co-cultured with HEKa.",mTOR,LC3A/B,0,36741386,7,12100,0.9769393802559637,YES,1
Recently two other 3G EGFR TKIs (aumolertinib and furmonertinib) have been approved in China for treatment of EGFR T790M+ NSCLC.,aumolertinib,NSCLC,1,36317157,5,8077,0.8831571623798982,YES,1
"Excessive intake of heavy metals, such as arsenic (As), manganese (Mn), mercury (Hg), aluminium (Al), lead (Pb), nickel (Ni), bismuth (Bi), cadmium (Cd), copper (Cu), zinc (Zn), and iron (Fe), is neurotoxic and it promotes neurodegeneration.",lead,cadmium,0,33412145,14,1308,0.8941381350807671,YES,1
"Among individuals with ASD, cognitive impairments were less likely in those with GIGYF1 LGD variants relative to those with other high-confidence gene mutations.",cognitive impairments,GIGYF1,1,35917186,3,4525,0.9717763578016655,YES,1
"Significant associations at MTHFR and ALDH2 robustly confirm deleterious effects of genetically elevated homocysteine and alcohol intake, respectively, on ischemic stroke.",MTHFR,homocysteine,1,36193932,5,6237,0.9848310818163175,YES,1
"In fact, we showed the increased expression of the pro-inflammatory markers iNOS, Caspase 1, IL-1beta, in response to IFN-gamma plus high glucose, a non-specific disease stimulus that emphasized the dynamic polarization and heterogenicity of the microglial population.",inflammatory,iNOS,1,36523814,6,10397,0.9232174616430927,YES,1
"Mutational analysis detected 18,261 mutations in the omicron variant, majority of which were non-synonymous mutations in spike (A67, T547K, D614G, H655Y, N679K, P681H, D796Y, N856K, Q954H), followed by RNA dependent RNA polymerase (rdrp) (A1892T, I189V, P314L, K38R, T492I, V57V), ORF6 (M19M) and nucleocapsid protein (RG203KR).",A67,P681H,0,35367284,21,3373,0.39213664490372807,NO,0
The miR-196a SNP Rs11614913 but not the miR-499 rs37464444 SNP is a Risk Factor for Non-small Cell Lung Cancer in an Iranian Population.,Rs11614913,rs37464444,0,36258913,5,7017,0.9820845073678872,YES,1
"Among them, shinflavanone had better affinity to 3CL, ACE2, and S protein of SARS-CoV-2 than these four antiviral drugs.",ACE2,S,0,36388945,5,8902,0.9967353483734177,YES,1
"T and c.871G > A. Seven rare single variants (c.25C > T, c.152C > T, c.406C > T, c.497G > A, c.679C > T, c.854G > A and c.1057C > T) and two rare multiple variants (IVS-5 637/638T del/c.1311C >",c.497G > A,c.679C > T,0,36212142,9,6483,0.03846905042041923,NO,0
"Complexome profiling recently identified TMEM126B as a component of the mitochondrial complex I assembly complex alongside proteins ACAD9, ECSIT, NDUFAF1, and TIMMDC1.",ECSIT,NDUFAF1,0,27374774,5,142,0.9895182829792739,YES,1
"LOXL1 rs2165241, LOXL2 rs1063582, and LOXL3 rs17010021 showed risk effects on multiple IAs rupture.",LOXL1,LOXL2,0,36172092,7,5804,0.9572323085872295,YES,1
"Case presentation: A 33-year-old woman presented with fever, maculopapular rashes, hypereosinophilia, and hepatic involvement, which occurred 4 weeks after a fixed-dose combination of first-line ATD containing rifampicin, isoniazid, pyrazinamide, and ethambutol.",pyrazinamide,ethambutol,1,36147124,9,5633,0.9261476007150274,YES,1
"Moreover, the variants severely affected the expression and function of Cubilin in renal proximal tubules and caused albuminuria, increasing levels in urine transferrin and alpha1-microglobulin, but without progressive glomerular filtration barrier (GFB) impairment, vitB12 deficiencies or abnormal blood levels of HDL and albumin.",Cubilin,vitB12,1,36266725,6,7199,0.9465789639059005,YES,1
"Similarly, the PFS was significantly longer after second-line treatment with EGFR TKIs in patients harboring A763_Y764insFQEA and D770delinsGY compared to those with other insertions (median, 6.77 vs.2.23 months, HR = 0.14, p < 0.001).",A763_Y764insFQEA,D770delinsGY,0,36425568,4,9656,0.9892463355804925,YES,1
"Chronic oral mucocutaneous candidiasis, recurrent respiratory infection, hepatosplenomegaly, and autoimmune diabetes mellitus: A case report of a gain-of-function mutation of STAT1 in a Chinese boy.",autoimmune diabetes mellitus,STAT1,1,36304533,5,7607,0.9274406350348444,YES,1
"The results showed that the levels of gene and protein catalyzing lipogenesis were increased (SREBP1, ACC1 and FAS), while those catalyzing lipolysis were decreased (ATGL, HSL and ZAG), accompanied by dyslipidemia, insulin resistance and hepatic fat accumulation, and there were higher expression of TLR4 and NF-kappaB protein and lower expression of ERalpha protein in liver, and increased serum IL-17 and TNF-alpha levels in fructose and/or BPA exposed rats compared with controls.",dyslipidemia,TNF-alpha,0,31661889,16,12745,0.9840876725984525,YES,1
"SNP-SNP interactions involving CRISPLD2 variants and rs1046117 (FOS), rs3769825 (CASP8) and rs243836 (MMP2) yielded several significant p values, mostly driven by FOS rs1046117 and CASP8 rs3769825 in NSCL+-P, FOS rs1046117 in NSCLO and CRISPLD2 rs8061351 in NSCLP.",rs1046117,rs243836,0,36661544,10,16426,0.9794476369396595,YES,1
"In order to detect the SARS-CoV-2 variants of concern (VOCs), five real-time reverse transcriptase PCR (rRT-PCR) assays were designed to target the critical discriminatory mutations responsible for the following amino acid changes in the spike protein: two Delta69-70 + N501Y + E gene triplexes (one optimized for Alpha [B.1.1.7] and one optimized for Omicron [B.1.1.529]), a K417N + 242-244 wild-type duplex, a K417T + E484K duplex, and a L452R + P681 + E484Q triplex.",N501Y,P681,0,35644262,9,3813,0.5807240087027103,YES,1
"ELISA was performed to measure progesterone, MMP-2, MMP-9, pro-inflammatory factors TNF-alpha, IL-1beta, and anti-inflammatory factors IL-4, IL-10, and IL-13 levels.",progesterone,IL-10,1,36593749,9,15167,0.055885769728328774,NO,0
We show that Mcm10 binds a conserved motif located between the oligonucleotide/oligosaccharide fold (OB-fold) and A subdomain of Mcm2.,Mcm10,oligonucleotide,1,28270517,4,424,0.9972225506976086,YES,1
"Thus, we concluded that the wild-type NRXN2alpha may be involved in pathways related to the development of neurodegenerative disorders, and that biological processes related to the ribosome, transcription, and tRNA, specifically at the synapse, could be an important mechanism in PD.",NRXN2alpha,PD,1,36533174,3,10524,0.921827805360602,YES,1
"Activated SGK3 can activate ion channels (TRPV5/6, SOC, Kv1.3, Kv1.5, Kv7.1, BKCa, Kir2.1, Kir2.2, ENaC, Nav1.5, ClC-2, and ClC Ka), carriers and receptors (Npt2a, Npt2b, NHE3, GluR1, GluR6, SN1, EAAT1, EAAT2, EAAT4, EAAT5, SGLT1, SLC1A5, SLC6A19, SLC6A8, and NaDC1), and Na+/K+-ATPase, promoting the transportation of calcium, phosphorus, sodium, glucose, and neutral amino acids in the kidney and intestine, the absorption of potassium and neutral amino acids in the renal tubules, the transportation of glutamate and glutamine in the nervous system, and the transportation of creatine.",NHE3,calcium,0,36531961,37,14925,0.9831937527139952,YES,1
"Particularly in neutrophils, DEX injection inhibited p65-NFkappaB activation and elevated glycogen and ATP contents and SGLT1, GLUT1 and GR expression while inhibiting PFK1 activity, enhancing G6PDH activity and CS expression and lowering cell autophagy levels.",ATP,GR,0,36174980,10,5978,0.9898205798360803,YES,1
"Fenretinide via NOXA Induction, Enhanced Activity of the BCL-2 Inhibitor Venetoclax in High BCL-2-Expressing Neuroblastoma Preclinical Models.",BCL-2,Neuroblastoma,1,31484706,5,579,0.9675882356953044,YES,1
"Results: Association of mRNAs encoding triggering receptor expressed on myeloid cells 2 (TREM2), DNAX-activating protein 12 kDa (DAP12), and colony stimulating factor 1 receptor (CSF1R) with ribosomes isolated from Muller glia was upregulated in both STZ diabetic mice and mice fed an HFHS diet.",triggering receptor expressed on myeloid cells 2,STZ,0,36306144,6,7648,0.9663332548902048,YES,1
Thrombomodulin blocked S-protein-induced expression and secretion of fibrinogen but had no effect on S-protein-induced expression of Factor-V or thrombin.,fibrinogen,Factor-V,0,36142345,5,13605,0.9748616723147673,YES,1
MYC promotes tryptophan uptake and metabolism by the kynurenine pathway in colon cancer.,tryptophan,colon cancer,1,31416966,4,519,0.9858216011728675,YES,1
"The results showed that the levels of gene and protein catalyzing lipogenesis were increased (SREBP1, ACC1 and FAS), while those catalyzing lipolysis were decreased (ATGL, HSL and ZAG), accompanied by dyslipidemia, insulin resistance and hepatic fat accumulation, and there were higher expression of TLR4 and NF-kappaB protein and lower expression of ERalpha protein in liver, and increased serum IL-17 and TNF-alpha levels in fructose and/or BPA exposed rats compared with controls.",HSL,insulin resistance,0,31661889,16,12724,0.9840876725984525,YES,1
"We obtained structural insights for dabigatran, estazolam, and pitavastatin binding to JNK3, revealing a significant contribution of the hydrophobic regions and significant residues of active site regions.",dabigatran,JNK3,1,33384558,4,1204,0.9961466806766689,YES,1
"The results showed that the application of biochar and especially chemically modified biochars reduced fluoride (about 15-37%) and cadmium (30-52%) contents in mint leaves, while increased soil pH and cation exchange capacity (CEC), nitrogen (12-35%), phosphorus (16-59%), potassium (17-52%), calcium (19-47%), magnesium (28-77%), iron (37-114%), zinc (45-226%), photosynthetic pigments of leaves and plant biomass (about 10-25%) under toxic conditions.",potassium,zinc,0,36578343,11,11039,0.42066597346288725,NO,0
"In the presence of flumazenil, zebrafish locomotion was enhanced by diazepam at concentrations up to 30 muM and suppressed at 100 muM, suppressed by midazolam and enhanced by flurazepam.",flumazenil,flurazepam,1,34386973,5,2468,0.9785636553340595,YES,1
Clinical Significance of Somatic Mutations in RAS/RAF/MAPK Signaling Pathway in Moroccan and North African Colorectal Cancer Patients.,RAS,RAF,1,36444585,5,9923,0.39538129697360747,NO,0
"The results showed that the application of biochar and especially chemically modified biochars reduced fluoride (about 15-37%) and cadmium (30-52%) contents in mint leaves, while increased soil pH and cation exchange capacity (CEC), nitrogen (12-35%), phosphorus (16-59%), potassium (17-52%), calcium (19-47%), magnesium (28-77%), iron (37-114%), zinc (45-226%), photosynthetic pigments of leaves and plant biomass (about 10-25%) under toxic conditions.",nitrogen,iron,0,36578343,11,11029,0.42066597346288725,NO,0
Structural modeling and in vitro assays using purified proteins confirmed the PLG mutation c.988A>G; p.K330E to be a gain of function mutation resulting in an increased bradykinin release by direct cleavage of high molecular weight kininogen (HMWK).,PLG,bradykinin,0,36685169,4,11764,0.9847994994537661,YES,1
"The survival rate of laryngeal squamous cell carcinoma: impact of IL1RAP rs4624606, IL1RL1 rs1041973, IL-6 rs1800795, BLK rs13277113, and TIMP3 rs9621532 single nucleotide polymorphisms.",laryngeal squamous cell carcinoma,rs1800795,1,36682035,11,11668,0.8156409881225608,YES,1
"The SNPs rs1046117 (FOS), rs3769825 (CASP8) and rs243836 (MMP2) were genotyped using TaqMan allelic discrimination assays in a case-control sample containing 801 NSCL+-P patients (233 nonsyndromic cleft lip only (NSCLO) and 568 nonsyndromic cleft lip and palate (NSCLP)) and 881 healthy controls via logistic regression analysis adjusted for the effects of sex and genomic ancestry proportions with a multiple comparison p value set at <=0.01.",CASP8,NSCL+-P,1,36661544,9,16403,0.933046051650068,YES,1
"Y383F mice are largely alleviated by RIPK1 kinase inhibition, and prevented by genomic deletions targeted to the upstream pathway (either to Tumor necrosis factor receptor 1 or RIPK3 and Caspase8 simultaneously).",RIPK1,Tumor necrosis factor receptor 1,1,36329033,6,8134,0.878728489055642,YES,1
"Serine/Threonine phosphorylation of RIPK1 is known to suppress RIPK1 kinase-mediated cell death in the contexts of inflammation, infection and embryogenesis, however, regulation by tyrosine phosphorylation has not been reported.",Threonine,tyrosine,0,36329033,6,8103,0.8794300220109016,YES,1
"Six SNPs of ABCB1 (rs3842, rs1045642, rs2032582, rs1128503, rs3213619, and rs3747802), one SNP of CYP3A5 (rs776746), seven SNPs of APOB (rs1042034, rs2163204, rs693, rs679899, rs13306194, rs13306198, and rs1367117), and two SNPs of APOE (rs429358 and rs7412) were analyzed by a TaqMan genotyping assay.",rs3842,rs1367117,0,36145636,20,5490,0.03417951892894838,NO,0
"Cells treated with AVB-500 plus carboplatin had more DNA damage, slower DNA replication fork progression, and fewer RAD51 foci than cells treated with carboplatin alone, indicating AVB-500 impaired homologous recombination (HR).",carboplatin,RAD51,1,34670865,4,13302,0.9891898413962523,YES,1
"Additionally, blocking the interaction of PD-1 with PD-L1 in lymphocytes demonstrated visible improvement in their immune activation status through release of pro-inflammatory cytokines (IFN-gamma and TNF-alpha).",PD-1,TNF-alpha,1,36419668,5,9377,0.970456959601266,YES,1
A recurrent SHANK1 mutation implicated in autism spectrum disorder causes autistic-like core behaviors in mice via downregulation of mGluR1-IP3R1-calcium signaling.,autism spectrum disorder,calcium,1,35388181,7,3515,0.9840513532610203,YES,1
"In the yeast S. cerevisiae, Pol II attenuation was initially shown to rely on Nrd1-Nab3-Sen1 termination, but more recently our lab characterized a hybrid termination pathway involving Hrp1, an RNA-binding protein in the 3'-end cleavage factor (CF).",Nrd1,Nab3,1,36315099,6,7973,0.8828818189020933,YES,1
A Multisystem Mitochondrial Disease Caused by a Novel MT-TL1 mtDNA Variant: A Case Report.,Mitochondrial Disease,MT-TL1,1,36404555,2,9149,0.9026887620747813,YES,1
"Reactive oxygen species generation using dihydroethidium staining, expression of vascular cell adhesion molecule-1 and monocyte chemoattractant protein-1, and immune cell infiltration by immunofluorescence demonstrated that S2Ba rats present less inflammation under NSD and more under HSD versus SS rats.",Reactive oxygen species,monocyte chemoattractant protein-1,0,33161775,6,952,0.9254655063224284,YES,1
"Association of MARC1, ADCY5, and BCO1 Variants with the Lipid Profile, Suggests an Additive Effect for Hypertriglyceridemia in Mexican Adult Men.",ADCY5,Hypertriglyceridemia,1,36233117,6,6848,0.9935035981436264,YES,1
"Prompted by the observation that C/EBPbeta/delta-encoding transcripts contain m6A consensus sites, we show that Cebpd and Cebpb mRNAs are subject to m6A modification.",m6A,Cebpb,1,34215679,4,13061,0.8402184328626697,YES,1
"In conclusion, 10muM THC and CBD altered the differentiation of HC11 cells, in part via the CB2 receptor.",CBD,CB2 receptor,1,35976913,4,4685,0.9632378274155202,YES,1
"AGGF1 antagonizes MDM2 function to inhibit p53 ubiquitination, increases the acetylation, phosphorylation, stability and expression levels of p53, activates transcription of p53 target genes, and regulates cell proliferation, cell cycle, and apoptosis.",AGGF1,MDM2,1,33069768,3,841,0.9951412385387541,YES,1
YM-08 stimulated the PGE1-induced phosphorylation of p38 MAPK.,PGE1,p38 MAPK,1,36520821,3,14338,0.9686807043312381,YES,1
"Mechanistically, LIF-LIFR-EGR1 axis and Sonic Hedgehog signaling formed a vicious cycle between fibroblasts and proximal tubular cells to augment LIF expression and promote the pro-fibrotic response via ERK and STAT3 activation.",EGR1,Sonic Hedgehog,0,36335669,7,8206,0.9531993579133332,YES,1
"[4/30; 13%] were the most common genes bearing pathogenic alterations in HGSC, while VUS germline mutations commonly affected HRR-related genes, including ATM (c.7816A>G), BRIP (c.2327 C>A), CHEK2 (c.320-5T>A).",HGSC,c.320-5T>A,1,36531003,7,14464,0.7582882426391365,YES,1
We have previously demonstrated that combined inhibition of Src with dasatinib and the MAPK pathway with trametinib synergistically inhibits growth and induces apoptosis in BRAF- and RAS-mutant thyroid cancer cells.,Src,MAPK,0,36672327,7,11574,0.9861120502510463,YES,1
"Onset of symptoms occurred by age 2 years in most with FIC1 and BSEP deficiency, but was later and more variable for MDR3.",BSEP,MDR3,0,34016879,3,1894,0.9327349134996961,YES,1
"To explore the mechanistic basis by which CPE alters permeability, this study tested the permeability effects of several recombinant CPE (rCPE) species: rCPE and rCPEC186A (which form pores), rC-CPE and rCPED48A (which bind to receptors but cannot oligomerize), rCPEC186A/F91C (which binds and oligomerizes without pore formation), and rCPEY306A/L315A (which has poor receptor-binding ability).",F91C,Y306A,0,36069435,6,16021,0.8816066447363764,YES,1
We found that only kynurenine and no other tryptophan metabolite promotes the nuclear translocation of the transcription factor aryl hydrocarbon receptor (AHR).,tryptophan,aryl hydrocarbon receptor,0,31416966,3,561,0.987871461826591,YES,1
"Q57H and T151I of ORF3a; T21I and W27L of ORF6; G38V, V82A, and T120I of ORF7a; S31P and T40I of ORF7b; and R52I, C61F, and I121L of ORF8 were highly frequent in most variants of concern and were within known functional domains.",Q57H,C61F,0,35764775,17,4125,0.4601022567950377,NO,0
"Furthermore, CALCB increases ERK1/2 phosphorylation in a time-dependent manner in RUASM, and the protective effect of CALCB on TNFalpha-induced inhibition of CALCRL/RAMP1 associations was significantly blocked in presence of ERK inhibitor (PD98059).",TNFalpha,ERK,0,27784654,7,275,0.9838023258484616,YES,1
"We identified and characterized a homozygous loss-of-function stop mutation underlying IL23R deficiency, resulting in near absent expression of membrane bound IL23R. IL23R deficiency was characterized by impaired IL-23-mediated IFN-gamma secretion in CD4+, CD8+ T, and mucosal-associated invariant T (MAIT) cells, and low frequencies of circulating Th17 (CD3+CD45RA-CCR4+CXCR3-RORgammaT+), Th1* (CD45RA-CCR4-CXCR3+RORgammaT+), and MAIT (CD3+CD8+Valpha7.2+CD161+) cells.",IL-23,CD8,0,35829840,10,4308,0.9883632831107724,YES,1
"Thence, we design a three-pronged platinum@polymer-catechol nanobraker to deliver mTOR inhibitor TAK228 and anti-PD-L1 antibody (aPD-L1) for impeding the melanoma-PD-1-driven aggression and maximizing the melanoma eradication.",mTOR,PD-L1,1,36203954,7,6358,0.9147238995630536,YES,1
"Chd8-mutant mice with a C-terminal protein-truncating mutation (N2373K) display male-preponderant behavioral deficits as juveniles and adults, although whether this also applies to other Chd8 mutations remains unknown.",Chd8,behavioral deficits,1,36385756,4,8706,0.9353578868720639,YES,1
"This study investigated the association of pluripotency factor expression with the clinicopathological characteristics of gastric cancer patients, as well as changes in the expression of these factors upon the stem cell-enriching spheroid culture of gastric cancer cells, regulation of sphere-forming capacity, and response to cisplatin and TRAIL treatments by Nanog and KLF4.",gastric cancer,TRAIL,1,36661504,6,11502,0.9738100726749035,YES,1
"We recruited 157 type 2 diabetes patients over 55 years old and investigated the prevalence of sarcopenia in diabetes patients and examined the association of ET-1 alterations with HbA1c, creatinine, or AMS/ht2.",type 2 diabetes,ET-1,0,35468098,7,3699,0.9506252162158867,YES,1
"The dopamine- and cAMP-regulated phosphoprotein (DARPP-32), which is encoded by the PPP1R1B gene, plays a converging regulatory role in the central nervous system by mediating the actions of dopamine, serotonin, and glutamate.",cAMP,DARPP-32,1,36440265,5,9874,0.9270850017953953,YES,1
CYP2C19-rs4986893 confers risk to major depressive disorder and bipolar disorder in the Han Chinese population whereas ABCB1-rs1045642 acts as a protective factor.,CYP2C19,bipolar disorder,1,36698099,6,11830,0.9811331194376375,YES,1
Topical administration of fisetin in an imiquimod (IMQ)-induced mouse psoriasis model exhibited a better effect than rapamycin in reducing psoriasis-like inflammation and Akt/mTOR phosphorylation and promoting keratinocyte differentiation and autophagy in mice skin lesions.,fisetin,inflammation,0,36741386,9,12113,0.991031497291967,YES,1
"In addition, mAbs such as Adalimumab, Eculizumab, Natalizumab used in autoimmune disorders and Alemtuzumab, Trastuzumab, Cetuximab, and Rituximab that are prescribed for tumors will be reviewed.",Adalimumab,Trastuzumab,0,35071113,9,3035,0.7094246586876102,YES,1
Inhibition of sphingosine-1-phosphate receptor 3 suppresses ATP-induced NLRP3 inflammasome activation in macrophages via TWIK2-mediated potassium efflux.,sphingosine-1-phosphate receptor 3,potassium,1,36798132,5,16501,0.9581296402776072,YES,1
"Guanosine accelerated the malignant progression of ICC inhibition of purine metabolism-related genes, PPAT and IMPDH2, suppressed the malignant phenotype in HCCC-9810 cells, and inhibited tumor growth.",purine,IMPDH2,1,36711025,7,11954,0.8163220327223722,YES,1
Disruption of C/EBPbeta-Clec7a axis exacerbates neuroinflammatory injury via NLRP3 inflammasome-mediated pyroptosis in experimental neuropathic pain.,C/EBPbeta,neuroinflammatory injury,1,36503542,5,14147,0.9492547610353094,YES,1
"Furthermore, these treatments reduced the production of stress hormones [abscisic acid (27-55%), salicylic acid (31-50%), and jasmonic acid (6-12%)], but increased indole-3-acetic acid (14-31%) in plants under fluoride and cadmium stresses.",salicylic acid,fluoride,0,36578343,6,11056,0.8502377597520352,YES,1
"Toll Like receptors (TLRs) specifically TLR2 and TLR4, are PRRs, which have gained prominence due to their exceptional capacity to recognize unique molecular patterns from invading pathogens.",Toll Like receptors,TLR4,0,36419668,3,9333,0.8127912852842523,YES,1
"Serum butyric acid, 2-hydroxybutyric acid, l-glutamic acid, l-phenylalanine, l-serine, l-lactic acid, and cholesterol were enriched in COVID-19 and COVID-19-like patients versus HCs.",butyric acid,l-phenylalanine,0,33662365,9,1578,0.9544044203096912,YES,1
"Unexpectedly, we found that lack of chemerin-CMKLR1 signaling specifically reduced expression of lactoperoxidase (LPO), a peroxidase that is predominantly expressed in colonic ECs and utilizes H2O2 to oxidize thiocyanates to the antibiotic compound, thereby leading to the outgrowth and mucosal invasion of gram-negative bacteria and dysregulated CXCL1/2-mediated neutrophilia.",thiocyanates,neutrophilia,0,35858331,7,4433,0.8857447459228635,YES,1
"Unexpectedly, we found that lack of chemerin-CMKLR1 signaling specifically reduced expression of lactoperoxidase (LPO), a peroxidase that is predominantly expressed in colonic ECs and utilizes H2O2 to oxidize thiocyanates to the antibiotic compound, thereby leading to the outgrowth and mucosal invasion of gram-negative bacteria and dysregulated CXCL1/2-mediated neutrophilia.",CMKLR1,thiocyanates,0,35858331,7,4422,0.8857447459228635,YES,1
"Human PANK1, PANK2, and PANK3 genes encode several pantothenate kinase isoforms that catalyze the phosphorylation of vitamin B5 (pantothenic acid) to phosphopantothenate, a critical step in the biosynthesis of the major cellular cofactor, Coenzyme A (CoA).",PANK3,pantothenate kinase,1,36613877,8,11170,0.9405663749893907,YES,1
B7-H4 Polymorphism Influences the Prevalence of Diabetes Mellitus and Pro-Atherogenic Dyslipidemia in Patients with Psoriasis.,B7-H4,Diabetes Mellitus,1,36362461,6,8481,0.9903959497848703,YES,1
"The obtained data demonstrated that genistein and lycopene but in particular their association might prevent GC's adverse effects, thus stimulating bone formation and reducing bone resorption, improving bone structure and microarchitecture, through different molecular pathways, such as the Wnt/beta-catenin and the Nrf-2 signaling.",lycopene,GC,0,36296984,5,7513,0.9703621543970397,YES,1
"Herein, using the molecular docking and interaction energy analysis, we showed that N501Y, L452R-E484Q, and E484K mutations bind strongly with heparin in the range of - 7.4 to - 8.0 kcal/mol.",N501Y,E484K,0,35194375,5,3253,0.9939782633195404,YES,1
"Stratified analysis found that associations of RAD54L2 rs11720298, RAD54L2 rs4687592, RAD54L2 rs9864693 and GTF2H1 rs4150667 with lung cancer risk were found in subjects aged <= 59 years.",rs4687592,rs9864693,0,36384536,7,8685,0.9972115376878389,YES,1
"Human PANK1, PANK2, and PANK3 genes encode several pantothenate kinase isoforms that catalyze the phosphorylation of vitamin B5 (pantothenic acid) to phosphopantothenate, a critical step in the biosynthesis of the major cellular cofactor, Coenzyme A (CoA).",PANK3,Coenzyme A,1,36613877,8,11173,0.9405663749893907,YES,1
We showed that an N-TSHR monoclonal antibody (mAb) failed to induce any G proteins to sustain survival signaling and lead to excessive stress and apoptosis.,TSHR,monoclonal antibody,1,34801870,3,13335,0.7864536875834752,YES,1
"Haploinsufficiency of GIGYF1 was associated with autistic behavior, likely through interference with IGF-1R/ERK signaling pathway.",GIGYF1,IGF-1R,1,35917186,4,4534,0.9896487333738186,YES,1
Diminishing HMGB2 expression by miR-127 or SHP may provide a potential means to decrease the pluripotency of tumor initiating cells.,miR-127,SHP,0,29218329,4,489,0.8397182082996159,YES,1
"In addition, the expression of TNF- alpha, p-P65, MLCK, and Myocilin (MyoC) was up-regulated and the mechanical pain threshold was decreased.",Myocilin,pain,0,36408215,5,9185,0.8762225392531339,YES,1
"Direct regulation of death receptor expression and TRAIL response by KLF4 and Nanog have not been well documented previously, and the regulatory mechanism behind the process remains to be elucidated.",TRAIL,Nanog,1,36661504,3,11554,0.45636729023355743,NO,0
The genetic polymorphism rs6276 in DRD2 was associated with chronic pain (p=0.033).,DRD2,chronic pain,1,36043564,3,4719,0.997599600624927,YES,1
"Further, high-Z metal platinum sensitizing TAK228-enhanced radiotherapy confers the nanobraker on remarkable tumoricidal efficacy.",metal,TAK228,0,36203954,3,6389,0.6981696468953854,YES,1
"We create eight mutants with single substitutions at one of the four positions Ala2, Phe4, Tyr10, and Val12 to decrease the hydrophobicity at respective positions (A2T, A2S, F4A, F4S, Y10A, Y10S, V12A, and V12S) and one mutant (Y10F) to remove the polar nature of Tyr10.",A2S,Y10S,0,36411082,9,9254,0.654708589401342,YES,1
GAS6/AXL Inhibition Enhances Ovarian Cancer Sensitivity to Chemotherapy and PARP Inhibition through Increased DNA Damage and Enhanced Replication Stress.,GAS6,AXL,1,34670865,5,13264,0.9699445665698851,YES,1
"In Sprague-Dawley rats, administration of UII into the RVLM resulted in an increase in mean arterial pressure (MAP), heart rate (HR), ROS production, nicotinamide adenine dinucleotide phosphate (NADPH) oxidase activity, and phosphorylation of p47phox, extracellular signal-regulated protein kinase (ERK)1/2 and p38MAPK, but not stress-activated protein kinase/Jun N-terminal kinase (SAPK/JNK).",p47phox,extracellular signal-regulated protein kinase (ERK)1/2,0,36421438,9,9445,0.9816947906287624,YES,1
"AMPD1 (rs17602729), ACE (rs4646994), ACTN3 (rs1815739), CKM (rs8111989) and MLCK (rs2849757 and rs2700352) polymorphisms were genotyped by using Single Nucleotide Primer Extension (SNPE).",rs17602729,rs8111989,0,36468031,11,10003,0.028407848770715262,NO,0
"Excessive intake of heavy metals, such as arsenic (As), manganese (Mn), mercury (Hg), aluminium (Al), lead (Pb), nickel (Ni), bismuth (Bi), cadmium (Cd), copper (Cu), zinc (Zn), and iron (Fe), is neurotoxic and it promotes neurodegeneration.",arsenic,neurotoxic,0,33412145,14,1274,0.8941381350807671,YES,1
"Therefore, afatinib, neratinib, and zanubrutinib could be used as drug candidates against the KRASG12C protein.",neratinib,zanubrutinib,0,36614109,5,11246,0.949812512577554,YES,1
"The most frequent mutations in E, M, N, and S proteins were T9I, I82T, R203M/R203K, and D614G. D614G was the most frequent mutation in all six geographical areas.",T9I,I82T,0,36528612,9,10470,0.5434558527822623,YES,1
"CONCLUSIONS: The ANGPTL6 rs8112063, FOXO3 rs4946936, DOCK6 rs737337, and rs17699089 nucleotide variants are predictors of survival in patients undergoing HD.",rs8112063,rs4946936,0,36143124,8,5426,0.970024425281356,YES,1
"This study aimed to evaluate the effect of epistasis of gene cytokines such as interleukin (IL)-alpha, IL-6, tumor necrosis factor (TNFalpha), and interferon-gamma (IFN-gamma) on the susceptibility to the development of dementia.",cytokines,dementia,1,36389080,6,8998,0.8818711085835104,YES,1
"Serine/Threonine phosphorylation of RIPK1 is known to suppress RIPK1 kinase-mediated cell death in the contexts of inflammation, infection and embryogenesis, however, regulation by tyrosine phosphorylation has not been reported.",infection,tyrosine,0,36329033,6,8108,0.8794300220109016,YES,1
"Activated SGK3 can activate ion channels (TRPV5/6, SOC, Kv1.3, Kv1.5, Kv7.1, BKCa, Kir2.1, Kir2.2, ENaC, Nav1.5, ClC-2, and ClC Ka), carriers and receptors (Npt2a, Npt2b, NHE3, GluR1, GluR6, SN1, EAAT1, EAAT2, EAAT4, EAAT5, SGLT1, SLC1A5, SLC6A19, SLC6A8, and NaDC1), and Na+/K+-ATPase, promoting the transportation of calcium, phosphorus, sodium, glucose, and neutral amino acids in the kidney and intestine, the absorption of potassium and neutral amino acids in the renal tubules, the transportation of glutamate and glutamine in the nervous system, and the transportation of creatine.",sodium,creatine,0,36531961,37,15132,0.9831937527139952,YES,1
"Experiments presented here highlight significant differences between aggregation rates, the number of aggregates produced, and overall fibril morphologies of wild-type alphaS, and the missense mutations A30P, E46K, H50Q, G51D and A53T, in the presence of lipid vesicles.",A30P,E46K,0,36208776,7,6434,0.9679979074200527,YES,1
"The types and mechanisms of atrazine-metolachlor toxicity, an herbicide composed of atrazine (ATR) and metolachlor (MET), need to be further investigated.",atrazine-metolachlor,metolachlor,0,36262065,4,7069,0.28453633987216514,NO,0
These results indicate that PDE4 plays a role in CINC-1-induced heterologous internalization of the beta2 -AR; PDE4 inhibition reverses these effects and may be a useful adjunct in particular ARDS patients.,CINC-1,beta2 -AR,1,34555226,5,2536,0.970755334437546,YES,1
"When culturing primary thyrocytes with cytokines or sodium hydrosulfide (NaHS) plus cytokines, we found that ACE2 and NRP1 mRNA levels were upregulated while TMPRSS2 levels were downregulated by interferon-gamma (IFN-gamma) and tumor necrosis factor-alpha (TNF-alpha).",ACE2,NRP1,0,36362417,6,13890,0.9405737836027226,YES,1
"SLC7A5, SLC1A5, and AFMID were elevated in colon cancer cells and tissues, and kynurenine was significantly greater in tumor samples than in the respective adjacent normal tissue from patients with colon cancer.",SLC1A5,AFMID,0,31416966,7,548,0.9795429727353346,YES,1
"Here, we show that non-receptor tyrosine kinases Janus kinase 1 (JAK1) and SRC are able to phosphorylate RIPK1 at Y384 (Y383 in murine RIPK1), leading to suppression of TNF-induced cell death.",Janus kinase 1,TNF,0,36329033,7,8113,0.9933735337488485,YES,1
"12/102 were found to have novel variants in potential diabetes genes (RFX2, RREB1, SLC5A1 (3 patients with variants in this gene), GCKR, MC4R, CASP10, TMPRSS6, HGFAC, DACH1, ZBED3).",TMPRSS6,ZBED3,0,36585034,12,16283,0.9457223638297677,YES,1
"Through a Connectivity Map (CMap) analysis, we revealed that certain drugs/molecules, including omeprazole, methacholine chloride, ioversol, fulvestrant, difenidol, cycloserine, and MK-801, may serve as potential treatments for tamoxifen-resistant breast cancer patients.",methacholine chloride,ioversol,0,36619229,10,11291,0.98644717694539,YES,1
"Families with at least three members and at least one confirmed carrier of a pathogenic or likely pathogenic variant in a DNA mismatch repair gene (MLH1, MSH2, MSH6, or PMS2) were included.",MLH1,MSH2,0,34111421,4,2006,0.5906702164400248,YES,1
"Serum butyric acid, 2-hydroxybutyric acid, l-glutamic acid, l-phenylalanine, l-serine, l-lactic acid, and cholesterol were enriched in COVID-19 and COVID-19-like patients versus HCs.",butyric acid,cholesterol,0,33662365,9,1581,0.9544044203096912,YES,1
Methylation of the CpG site in the SP4 promoter region and VEGF production were measured under these treatments in HPMCs.,SP4,VEGF,1,36619221,2,15346,0.14628318087561643,NO,0
"We also found that either TSH or NAC enhanced PKA, Akt, mTORC, AMPK, Sirtuins, PGC1alpha, NRF-2, mitofusin-2, TFAM and catalase in the N-TSHR-mAb stressed cells.",NRF-2,TFAM,0,34801870,14,13449,0.8814528262804153,YES,1
"MT-TL1 mutations, among which the m.3243A>G mutation is the most frequent, are associated with myopathy, maternal inherited diabetes and deafness, MELAS, cardiomyopathy, and focal segmental glomerulosclerosis.",MT-TL1,focal segmental glomerulosclerosis,1,36404555,7,9154,0.9980198320590378,YES,1
"We found that cell pyroptosis effector GSDMD and NLRP3 inflammasome were activated in abdominal aorta, and inflammatory cytokines in serum were elevated in AAA models of ApoE-/- mice.",NLRP3,ApoE,0,35217818,5,3311,0.9145484442855294,YES,1
"This case report describes a 12-year-old girl with recurrent oral ulcers, severe chronic periodontitis, and pathological tooth migration as the initial and main clinical symptoms of CyN. Two novel mutations in ELANE, c.180T>G (p.I60M) and c.182C>G (p.A61G) associated with CyN were observed.",CyN,p.I60M,1,36386806,8,8733,0.969432144225665,YES,1
Compounds activating TRKB may therefore provide beneficial effects in tauopathies.,TRKB,tauopathies,1,36361524,2,8381,0.8812153337824462,YES,1
"Benzodiazepine binding to transmembrane anaesthetic binding sites of the GABAA receptor can produce positive or negative modulation manifesting as decreases or increases in locomotion, respectively.",Benzodiazepine,GABAA receptor,1,34386973,2,2472,0.9717007320165589,YES,1
Activated Protein C Strengthens Cardiac Tolerance to Ischemic Insults in Aging.,Activated Protein C,Ischemic,1,34930019,2,2930,0.937489730013876,YES,1
"Peripheral TNF- alpha injection significantly decreased the mechanical pain threshold and increased the expression of p-P65, MLCK, MEF2C, and MyoC in healthy rats.",pain,MLCK,0,36408215,7,9192,0.9524954830716708,YES,1
"Activated SGK3 can activate ion channels (TRPV5/6, SOC, Kv1.3, Kv1.5, Kv7.1, BKCa, Kir2.1, Kir2.2, ENaC, Nav1.5, ClC-2, and ClC Ka), carriers and receptors (Npt2a, Npt2b, NHE3, GluR1, GluR6, SN1, EAAT1, EAAT2, EAAT4, EAAT5, SGLT1, SLC1A5, SLC6A19, SLC6A8, and NaDC1), and Na+/K+-ATPase, promoting the transportation of calcium, phosphorus, sodium, glucose, and neutral amino acids in the kidney and intestine, the absorption of potassium and neutral amino acids in the renal tubules, the transportation of glutamate and glutamine in the nervous system, and the transportation of creatine.",TRPV5/6,SLC6A19,0,36531961,37,14536,0.9831937527139952,YES,1
"Genes provided in the present study with genetic variants associated with VTE were FVL (G1691A), Prothrombin (G20210A), MTHFR (C677T, A1298C), PAI-1 (4G/5G), factor VII activating protease (1601G > A), and endothelial protein C receptor (g.6936A_G, c.4600A_G).",A1298C,g.6936A_G,0,36316870,14,8036,0.9524318438580108,YES,1
"The survival rate of laryngeal squamous cell carcinoma: impact of IL1RAP rs4624606, IL1RL1 rs1041973, IL-6 rs1800795, BLK rs13277113, and TIMP3 rs9621532 single nucleotide polymorphisms.",IL-6,BLK,0,36682035,11,11687,0.8156409881225608,YES,1
"Mice bearing a homozygous Ripk1 mutation that prevents tyrosine phosphorylation of RIPK1 (Ripk1Y383F/Y383F), develop systemic inflammation and emergency haematopoiesis.",tyrosine,systemic inflammation,0,36329033,5,8127,0.9835410170032052,YES,1
"Taken together, KRGE-induced bilirubin production is required for enhanced astrocytic mitochondrial function in an LKB1-dependent and AMPKalpha-independent manner under physiological conditions.",LKB1,AMPKalpha,0,36139815,4,5271,0.8569899723121033,YES,1
"Moreover, beta2-AR agonist increased mitochondrial biogenesis and proteoglycan biosynthesis by upregulating the gene expression of PGC1-alpha, NRF2 and COL2A1, Acan, respectively.",NRF2,Acan,1,36188601,5,6155,0.9593170990603523,YES,1
"In addition, mAbs such as Adalimumab, Eculizumab, Natalizumab used in autoimmune disorders and Alemtuzumab, Trastuzumab, Cetuximab, and Rituximab that are prescribed for tumors will be reviewed.",Adalimumab,tumors,0,35071113,9,3038,0.7094246586876102,YES,1
"Ginsenoside Rg1, calpain-1 knockout, OKA, NAC and TEMPOL treatment protected against CIH-induced VED, oxidative stress and mitochondrial dysfunction, which is likely concomitant with the downregulated protein expression of calpain-1 and PP2A and the upregulation of p-eNOS in mice and cellular levels.",Ginsenoside Rg1,CIH,1,36644390,11,15641,0.970540654988419,YES,1
"The numbers of cells expressing RAGE, NLRP3 and TXNIP among a specific subpopulation of CD16+CD14+CD206- (""pro-inflammatory"") alveolar macrophages were higher in patients with lung injury.",RAGE,TXNIP,1,36232959,9,6810,0.9419335751729979,YES,1
"IFNgamma-primed, TLR-induced macrophage killing required iNOS, which licensed apoptotic caspase-8 activity and reduced the BAX and BAK inhibitors, A1 and MCL-1.",caspase-8,BAX,1,35139355,7,3144,0.9128975304550626,YES,1
"We unveil, for the first time, that high-frequency mutations R346K/S, N439K, G446V, L455F, V483F/A, F486L, F490L/S, Q493L, and S494P might compromise some of mAbs in clinical trials.",N439K,S494P,0,34273397,9,2143,0.9516719651403289,YES,1
A total of 5 CACNA1C SNPs and 9 KCNH2 SNPs were found and genotyped in 77 unmedicated schizophrenia patients and 144 healthy controls.,CACNA1C,KCNH2,0,36421807,4,9521,0.4838545347370643,NO,0
"Furthermore, treating with neutralizing antibodies against TNF-alpha and IFN-gamma protected mice from mortality during SARS-CoV-2 infection, sepsis, hemophagocytic lymphohistiocytosis, and cytokine shock.",TNF-alpha,sepsis,1,33278357,7,1017,0.9284845143606648,YES,1
"Denosumab, used to treat musculoskeletal disorders, will be also discussed.",Denosumab,musculoskeletal disorders,1,35071113,2,3030,0.5716912305125295,YES,1
"The majority of MR-MRSA isolates were resistant to erythromycin, clindamycin, tetracycline, ciprofloxacin, and gentamicin, but the rates of resistance to rifampin and fusidic acid were 8.7% and 6.5%, respectively.",tetracycline,rifampin,0,36622214,8,11342,0.9437554410573266,YES,1
"Both in vivo and in vitro assays demonstrated that C/EBPbeta knockdown significantly suppressed CCI- or LPS/ATP-induced Clec7a upregulation, and subsequently reduced Syk, ERK and JNK phosphorylation, NLRP3 oligomerization, caspase-1 activation, GSDMD expression and pyroptosis, which were markedly reversed by the co-transfection of Clec7a expression vector.",CCI,Syk,0,36503542,11,14208,0.9773593910389481,YES,1
IL-6 activates the trans-signaling pathway via the formation of the IL-6/sIL-6Ra/gp130 receptor complex and subsequent activation of the JAK/STAT3 signaling pathway and PI3K/AKT and MEK/ERK kinases in some cases.,IL-6,STAT3,1,36406976,9,13942,0.9863290895697999,YES,1
Methods and materials: The cohort study included 100 pediatric epileptic patients aged 2-18 years who had been on sodium valproate monotherapy for at least 1 month.,epileptic,sodium valproate,1,36160414,3,16068,0.5158560732123315,YES,1
"In summary, I3C inhibited the degradation of p53 by MDM2 in liver cancer cells; stable p53 induced miR-34a, which targeted LDHA, a key enzyme for aerobic glycolysis, suggesting cancer metabolism is an important target for I3C in liver cancer cells.",liver cancer,LDHA,1,36297369,7,7574,0.9880590410260963,YES,1
"Excessive intake of heavy metals, such as arsenic (As), manganese (Mn), mercury (Hg), aluminium (Al), lead (Pb), nickel (Ni), bismuth (Bi), cadmium (Cd), copper (Cu), zinc (Zn), and iron (Fe), is neurotoxic and it promotes neurodegeneration.",manganese,zinc,0,33412145,14,1283,0.8941381350807671,YES,1
"Regarding warfarin, only 20% of the participants exhibited reference alleles at VKORC1-1639G > A, CYP2C9*2, and CYP2C9*3, leaving 80% with alternative genotypes at any of the two genes that can be integrated into the warfarin dosing algorithms and can be used whenever the patient receives a warfarin prescription.",warfarin,-1639G > A,1,36154845,5,5717,0.8324324960623544,YES,1
"The majority of MR-MRSA isolates were resistant to erythromycin, clindamycin, tetracycline, ciprofloxacin, and gentamicin, but the rates of resistance to rifampin and fusidic acid were 8.7% and 6.5%, respectively.",ciprofloxacin,gentamicin,0,36622214,8,11344,0.9437554410573266,YES,1
"Mechanistically, TNF-alpha and IFN-gamma co-treatment activated the JAK/STAT1/IRF1 axis, inducing nitric oxide production and driving caspase-8/FADD-mediated PANoptosis.",TNF-alpha,IFN-gamma,1,33278357,8,978,0.9824661099733611,YES,1
"Mutational analysis detected 18,261 mutations in the omicron variant, majority of which were non-synonymous mutations in spike (A67, T547K, D614G, H655Y, N679K, P681H, D796Y, N856K, Q954H), followed by RNA dependent RNA polymerase (rdrp) (A1892T, I189V, P314L, K38R, T492I, V57V), ORF6 (M19M) and nucleocapsid protein (RG203KR).",Q954H,K38R,0,35367284,21,3472,0.39213664490372807,NO,0
"Using a combination of regional association studies, a linkage disequilibrium map, and multivariate analysis, we revealed that the APOB locus variants rs144467873, rs13306194, and rs1367117 were independently associated with total, low-density lipoprotein (LDL), and non-high-density lipoprotein (non-HDL) cholesterol levels; rs1318006 was associated with HDL cholesterol levels; rs13306194 and rs35131127 were associated with serum triglyceride levels; rs144467873, rs13306194, rs56213756, and rs679899 were associated with remnant cholesterol levels; and rs144467873 and rs4665709 were associated with metabolic syndrome.",rs13306194,metabolic syndrome,0,36499290,12,10106,0.9986474089940667,YES,1
"Herein, we report a case of diffuse hemangiomatosis in the liver and spleen accompanied by KMS in a 59-year-old woman who carried two novel heterozygous CTC1 variants: c.435+9A>C and c.3074C>T (p.Ala1025Val).",diffuse hemangiomatosis,CTC1,1,36761951,6,12330,0.9128058341066412,YES,1
"Additionally, ABCB1 rs3842 variant homozygote carriers (CC) and APOB rs13306198 variant allele carriers (AG, AA) had a higher risk of bleeding risk compared with that of wild-type allele carriers (TT, TC) and wild-type homozygote carriers (GG), respectively.",ABCB1,APOB,0,36145636,5,5603,0.9905720841066429,YES,1
Immunofluorescent confocal microscopy of Trpm3-M/M mutant lenses revealed fiber cell membrane degeneration that was accompanied by accumulation of alpha-smooth muscle actin positive (alpha-SMA+ve) myofibroblast-like cells and macrosialin positive (CD68+ve) macrophage-like cells.,Trpm3,alpha-smooth muscle actin,1,33484482,3,1373,0.7322836593167855,YES,1
SHANK family genes (SHANK1/2/3) are well known ASD-related genes.,SHANK,ASD,1,35388181,3,3523,0.9774789061346778,YES,1
"Mutational analysis detected 18,261 mutations in the omicron variant, majority of which were non-synonymous mutations in spike (A67, T547K, D614G, H655Y, N679K, P681H, D796Y, N856K, Q954H), followed by RNA dependent RNA polymerase (rdrp) (A1892T, I189V, P314L, K38R, T492I, V57V), ORF6 (M19M) and nucleocapsid protein (RG203KR).",spike,nucleocapsid,0,35367284,21,3368,0.39213664490372807,NO,0
"In this context, previous studies reported the efficacy of some isoflavones and carotenoids, such as lycopene and genistein, on the reduction of the risk of fracture related to osteoporosis.",isoflavones,genistein,0,36296984,6,7456,0.936435808937451,YES,1
Dexamethasone enhances glucose uptake by SGLT1 and GLUT1 and boosts ATP generation through the PPP-TCA cycle in bovine neutrophils.,glucose,ATP,0,36174980,7,5843,0.978145090252734,YES,1
"Using this multiplexed approach we showed that Vps45 and Rab14 are selective regulators of GLUT4, but Trarg1, Stx6, Stx16, Tbc1d4 and Rab10 knockdown affected both GLUT4 and TfR translocation.",Stx16,Tbc1d4,0,36283703,9,7333,0.9832143240171622,YES,1
The WWOX-rs13338697-GG genotype was associated with decreased tissue levels of WWOX and ASS1.,WWOX,ASS1,1,36530994,3,14377,0.976203301839751,YES,1
"Further, HTL incubation or iNOS overexpression promoted endothelial cellular senescence, but abolished by exogenous expression of MT-GCH1 or pharmacological approaches including N-acetyl-cysteine, L-sepiapterin, and tempol.",iNOS,tempol,1,36399957,6,9095,0.9483292643187691,YES,1
"CONCLUSIONS: Mutations in CCND3, a gene not commonly mutated in AML, are a novel cause of clinical primary resistance to FLT3 inhibitors in AML and may have sensitivity to CDK4/6 inhibition.",AML,FLT3,1,34103301,4,1957,0.9745607028610183,YES,1
"We sought to assess the influence of the O6-methylguanine-DNA methyltransferase (MGMT) promoter methylation on response and progression-free survival (PFS) following initiation of irinotecan and temozolomide (IT), PFS following initiation of vincristine, doxorubicin, and cyclophosphamide alternating with ifosfamide and etoposide (VDC-IE), and overall survival (OS).",IT,cyclophosphamide,0,36523794,10,10363,0.9123665938573653,YES,1
"Ginsenoside Rg1, calpain-1 knockout, OKA, NAC and TEMPOL treatment protected against CIH-induced VED, oxidative stress and mitochondrial dysfunction, which is likely concomitant with the downregulated protein expression of calpain-1 and PP2A and the upregulation of p-eNOS in mice and cellular levels.",mitochondrial dysfunction,PP2A,1,36644390,11,15676,0.970540654988419,YES,1
"Collectively, our results disclose two LINC00589-initiated ceRNA networks, the LINC00589-miR-100-DLG5 and LINC00589-miR-452-PRDM16- mucin4 axes, which regulate trastuzumab resistance, CSC-like properties and multiple chemoresistance of breast cancer, thus providing potential diagnostic and prognostic markers and therapeutic targets for HER2-positive breast cancer.",LINC00589,breast cancer,1,36309503,9,7826,0.9724380469837354,YES,1
"Also, rs2020921 and rs8176592, in clot dissolution genes, tissue Plasminogen activator (tPA) and tissue factor pathway inhibitor (TFPI) respectively showed significant genotypic and allelic difference in patients of COVID-19 compared to healthy controls.",rs2020921,COVID-19,1,36387492,6,8750,0.9858733350867315,YES,1
"Administration of CCl4 caused a significant elevation in alanine aminotransferase and aspartate aminotransferase activities, the concentration of alpha-2-macroglobulin, and bilirubin concentration.",alanine aminotransferase,bilirubin,0,35881285,5,4482,0.9007756175258691,YES,1
"Alpha Lipoic Acid and Monoisoamyl-DMSA Combined Treatment Ameliorates Copper-Induced Neurobehavioral Deficits, Oxidative Stress, and Inflammation.",Alpha Lipoic Acid,Inflammation,1,36548551,5,10579,0.9916431159676009,YES,1
"TNF-alpha and IL-1beta levels were decreased, but IL-4, IL-10, IL-13, cyclin D1, and PCNA levels were increased in pregnant women with preeclampsia after using progesterone.",IL-4,preeclampsia,1,36593749,10,15263,0.8900742156162825,YES,1
"CONCLUSIONS: Two of the reported mutations (11085TTT insertion and C27945T nonsense), which seemed to reduce Type I interferon response are linked to specific geographical locations of the host and implicate region-specific mutations in the virus.",11085TTT insertion,C27945T,0,36343703,3,8226,0.9381408102170917,YES,1
"Significant differences were observed in the Total Correct (TC), Total Errors (TE), and Conceptual Level Responses (CLR) scores of the WCST among the three rs12601930C/T genotypes (p = 0.044, 0.044, and 0.047, respectively); in TC, TE, Non-Perseverative Errors (NPE), and CLR scores between participants with the CC and (CT + TT) rs12601930C/T polymorphism genotypes (p = 0.032, 0.032, 0.019, and 0.029, respectively); in TC, TE, Perseverative Errors (PE), NPE, and CLR scores between participants with the (CT + CC) and TT rs12601930C/T polymorphism genotypes (p = 0.001, 0.001, 0.011, 0.004, and 0.001, respectively); and in NPE and CLR scores between participants with the GG and (AG + AA) genotypes of the rs3764352A/G polymorphism (p = 0.011 and 0.010).",rs12601930,C/T,0,36440265,5,9890,0.9787568631365562,YES,1
"We used a partial loss-of-function variant in TYK2 (rs34536443), previously shown to protect against psoriasis and other autoimmune diseases, to evaluate the potential effect of therapeutic TYK2 inhibition on risk of lung cancer and non-Hodgkin lymphoma.",rs34536443,lung cancer,0,35747941,6,3882,0.9711422613474676,YES,1
"In heart failure with preserved ejection fraction and CpcPH models, metabolic syndrome contributes to pulmonary vascular dysfunction and EIPH through enhanced reactive oxygen species and miR-193b expression, which downregulates NFYA-dependent sGCbeta1 expression.",heart failure,NFYA,0,34157861,8,12999,0.9408357777221421,YES,1
"These data were not consistent with the previously described role of LINC00173 in SCLC or LUSC, which suggested that LINC00173 could play fine-tuned DDP resistance roles in different pathological subtypes of lung cancer.",LINC00173,DDP,1,36627670,5,15501,0.7378984238591675,YES,1
"In search of channel-encoding genes that are associated with both CADF and schizophrenia, CACNA1C and KCNH2 are promising candidates.",CACNA1C,KCNH2,0,36421807,4,9517,0.942882880119551,YES,1
"Nevertheless, several common mutational pathways to nirmatrelvir resistance were preferred, with a majority of the viruses descending from T21I, P252L or T304I as precursor mutations.",nirmatrelvir,T304I,1,36351451,4,8272,0.8083112013585974,YES,1
"Missense variants located in the N-terminal region of WDR37 were recently identified to cause a multisystemic syndrome affecting neurological, ocular, gastrointestinal, genitourinary, and cardiac development.",WDR37,multisystemic syndrome,1,34642815,2,15920,0.9913049592804822,YES,1
"Particularly in neutrophils, DEX injection inhibited p65-NFkappaB activation and elevated glycogen and ATP contents and SGLT1, GLUT1 and GR expression while inhibiting PFK1 activity, enhancing G6PDH activity and CS expression and lowering cell autophagy levels.",SGLT1,GLUT1,0,36174980,10,5982,0.9898205798360803,YES,1
"In cells expressing IL-10R1-WT, cmvIL-10 (both non-glycosylated- and HeLa-expressed) resulted in equal or slightly stronger STAT3 phosphorylation compared with hIL-10.",IL-10R1,hIL-10,1,19016528,5,12,0.9924070020577435,YES,1
"Fenretinide via NOXA Induction, Enhanced Activity of the BCL-2 Inhibitor Venetoclax in High BCL-2-Expressing Neuroblastoma Preclinical Models.",NOXA,Neuroblastoma,0,31484706,5,577,0.9675882356953044,YES,1
"Moreover, unmedicated patients with previously identified schizophrenia risk alleles in KCNH2 rs11763131 A, rs3807373 A, rs3800779 C, rs748693 G, and 1036145 T showed increased mean HR and QTvi as compared to non-risk alleles.",schizophrenia,rs11763131,1,36421807,8,9532,0.9907328595196047,YES,1
"Fumaric acid (FMA), isoliquiritigenin (ISO), cinnamaldehyde (CA), ferulic acid (FA), sulforaphane (SFN), and chlorogenic acid (CGA) exhibited varying improvements in colitis on clinical signs, colonic histopathology, inflammatory and oxidative indicators, and Nrf2 pathway in a sequence of SFN, ISO > FA, CA > FMA, CGA.",sulforaphane,chlorogenic acid,0,36552614,9,10711,0.9806721943696832,YES,1
"Furthermore, allergic rhinitis mice exhibited overproduction of epithelial-derived cytokines (thymic stromal lymphopoietin, interleukin-25, interleukin-33), C-C motif chemokine ligand 26 (CCL26), and mucin 5 AC (MUC5AC).",allergic rhinitis,interleukin-25,0,36571426,7,10960,0.8870453089636152,YES,1
"This was a single-arm, open-label adaptive Bayesian dose-escalation study of Bermekimab combined with Nal-Iri and 5FU/FA in patients with advanced or locally advanced PDAC who failed gemcitabine-based chemotherapy.",Iri,gemcitabine,0,36056179,7,4747,0.9786384443317753,YES,1
"Compared with wildtype POLE, overexpression of POLE variants promoted cisplatin resistance, G0/G1 cell cycle arrest, and cell migration and invasion in EC cells.",POLE,EC,1,36313640,3,7952,0.9849244519236744,YES,1
Deubiquitinating Enzyme USP12 Regulates the Pro-Apoptosis Protein Bax.,USP12,Bax,1,36361894,2,8469,0.9961946451928934,YES,1
"Binding of BAFF to BAFFR was affected by P21R and A52T. Spontaneous oligomerization of BAFFR was disturbed by P21R, A52T, G64V, and P146S. BAFF-dependent activation of NF-kappaB2 was reduced by P21R and P146S, while interactions between BAFFR and the B cell antigen receptor component CD79B and AKT phosphorylation were impaired by P21R, A52T, G64V, and DUP92-95.",BAFF,BAFFR,1,36308663,9,7761,0.997610295340725,YES,1
"BACKGROUND: Isoniazid-resistant, rifampicin-susceptible (INH-R) tuberculosis is the most common form of drug resistance, and is associated with failure, relapse, and acquired rifampicin resistance if treated with first-line anti-tuberculosis drugs.",rifampicin,tuberculosis,1,29595509,3,12417,0.9438010820611159,YES,1
"Q57H and T151I of ORF3a; T21I and W27L of ORF6; G38V, V82A, and T120I of ORF7a; S31P and T40I of ORF7b; and R52I, C61F, and I121L of ORF8 were highly frequent in most variants of concern and were within known functional domains.",T21I,G38V,0,35764775,17,4142,0.4601022567950377,NO,0
"Using proximity ligation assay in RUASM cells, this study shows that CALCRL predominantly associates with RAMP1 forming a CALCB receptor, and minimally with RAMP2 and RAMP3 that confer specificity for ADM and ADM2.",RAMP1,ADM2,0,27784654,7,233,0.993770779005349,YES,1
"The results showed that the levels of gene and protein catalyzing lipogenesis were increased (SREBP1, ACC1 and FAS), while those catalyzing lipolysis were decreased (ATGL, HSL and ZAG), accompanied by dyslipidemia, insulin resistance and hepatic fat accumulation, and there were higher expression of TLR4 and NF-kappaB protein and lower expression of ERalpha protein in liver, and increased serum IL-17 and TNF-alpha levels in fructose and/or BPA exposed rats compared with controls.",SREBP1,ACC1,0,31661889,16,12672,0.9840876725984525,YES,1
"Guanosine accelerated the malignant progression of ICC inhibition of purine metabolism-related genes, PPAT and IMPDH2, suppressed the malignant phenotype in HCCC-9810 cells, and inhibited tumor growth.",Guanosine,tumor,0,36711025,7,11949,0.8163220327223722,YES,1
"Representative molecular characteristics of the ""penetration-affinity-covalent binding"" procedure, logP value, Keap1 affinity energy, and electrophilic index of FECs were theoretically calculated, among which logP value revealed a strong correlation with colitis improvements, which was related to the expression of Nrf2 and its downstream proteins.",Keap1,colitis,1,36552614,3,10720,0.944395727736719,YES,1
"The roles of ABCC5, ABCA8, ABCC10, ABCB10, ABCG1, ATP7B, ABCG2, and mitochondrial SLC25A10 in platinum-receiving urinary bladder cancer patients should be the subject of further investigation.",ABCC5,platinum,1,36650399,11,11425,0.009245299715376696,NO,0
CRISPR-Cas9 deletion of PPIA or inhibition of PPIA with a small molecule inhibitor (ciclosporin) significantly sensitizes MM tumor cells to proteasome inhibitors.,ciclosporin,MM,1,33619369,3,1543,0.9891611027561248,YES,1
"The roles of ABCC5, ABCA8, ABCC10, ABCB10, ABCG1, ATP7B, ABCG2, and mitochondrial SLC25A10 in platinum-receiving urinary bladder cancer patients should be the subject of further investigation.",ABCB10,SLC25A10,0,36650399,11,11445,0.009245299715376696,NO,0
"We found that, in addition to its interaction with HDAC3, emerin interacts with the histone methyltransferases EZH2 and G9a in myogenic progenitor cells.",HDAC3,G9a,0,36274837,4,7260,0.9960239624158325,YES,1
"Thus, we have shown that SkQ1 suppresses not only NF-kB-dependent expression of IL-6 and other proinflammatory genes but also IL-6-induced activation of JAK/STAT3 and STAT3-dependent expression of MCP-1, which probably contributes to the overall therapeutic effect of SkQ1.",NF-kB,MCP-1,0,36406976,6,14049,0.9806647166864906,YES,1
The effect of AT1R-1166A/C and AT2R-1675A/G polymorphisms on susceptibility to preeclampsia: A systematic review and meta-analysis.,AT1R,AT2R,0,36397318,5,9031,0.7872724054940745,YES,1
"We also found that either TSH or NAC enhanced PKA, Akt, mTORC, AMPK, Sirtuins, PGC1alpha, NRF-2, mitofusin-2, TFAM and catalase in the N-TSHR-mAb stressed cells.",PKA,TFAM,0,34801870,14,13404,0.8814528262804153,YES,1
Cells were treated with the ERK/MEK antagonist U0126 to assess the role of the ERK/MEK signaling pathway in N2a cell growth.,ERK,MEK,1,32862188,4,763,0.9017344357793035,YES,1
Forced NYFA expression by adeno-associated virus 6 delivery increased sGCbeta1 levels and improved exercise pulmonary hypertension in obese+sugen rats.,NYFA,sugen,1,34157861,6,12958,0.9556783395974746,YES,1
"Specifically, we report the 1.50 A-resolution structure of the I45T HDAC8-suberoylanilide hydroxamic acid complex, the 1.84 A-resolution structure of E66D/Y306F HDAC8 complexed with a peptide assay substrate, and the 2.40 A-resolution structure of G320R HDAC8 complexed with the inhibitor M344.",E66D,G320R,0,33316326,5,1136,0.9241534089385262,YES,1
Induction of BVR-A Expression by Korean Red Ginseng in Murine Hippocampal Astrocytes: Role of Bilirubin in Mitochondrial Function via the LKB1-SIRT1-ERRalpha Axis.,Korean Red Ginseng,LKB1,0,36139815,7,5186,0.8574964987467145,YES,1
"Here we report that HDAC1 is unable to occupy at the promoters of oncogenes but maintains its occupancy with the tumor suppressors due to its interaction with CREPT (cell cycle-related and expression-elevated protein in tumor, also named RPRD1B), an oncoprotein highly expressed in tumors.",HDAC1,CREPT,1,36230720,3,6658,0.9637801336558286,YES,1
"The results showed that the application of biochar and especially chemically modified biochars reduced fluoride (about 15-37%) and cadmium (30-52%) contents in mint leaves, while increased soil pH and cation exchange capacity (CEC), nitrogen (12-35%), phosphorus (16-59%), potassium (17-52%), calcium (19-47%), magnesium (28-77%), iron (37-114%), zinc (45-226%), photosynthetic pigments of leaves and plant biomass (about 10-25%) under toxic conditions.",fluoride,magnesium,0,36578343,11,11015,0.42066597346288725,NO,0
"Moreover, the lipolytic activity of ATGL was negatively regulated by PNPLA3 and perilipin 5, whereas perilipin 1 displaced PNPLA3 from the ATGL complex.",ATGL,perilipin 5,1,36611868,4,11142,0.9918052074616038,YES,1
A single dose of sirolimus 2 mg (N = 12) or everolimus 0.75 mg (N = 12) was administered in Period 1.,sirolimus,everolimus,0,36416673,2,9301,0.8626253811083081,YES,1
"Six SNPs of ABCB1 (rs3842, rs1045642, rs2032582, rs1128503, rs3213619, and rs3747802), one SNP of CYP3A5 (rs776746), seven SNPs of APOB (rs1042034, rs2163204, rs693, rs679899, rs13306194, rs13306198, and rs1367117), and two SNPs of APOE (rs429358 and rs7412) were analyzed by a TaqMan genotyping assay.",rs2163204,rs429358,0,36145636,20,5578,0.03417951892894838,NO,0
"Specifically, cells that are sensitive to combined dasatinib and trametinib treatment have inhibition of FAK/Src, MEK/ERK, and AKT, resulting in the dramatic upregulation of BIM, while cells that are resistant lack inhibition of AKT and have a dampened induction of BIM.",trametinib,MEK,1,36672327,8,11606,0.9876817738549598,YES,1
"[4/30; 13%] were the most common genes bearing pathogenic alterations in HGSC, while VUS germline mutations commonly affected HRR-related genes, including ATM (c.7816A>G), BRIP (c.2327 C>A), CHEK2 (c.320-5T>A).",HGSC,BRIP,1,36531003,7,14461,0.7582882426391365,YES,1
"IFNgamma-primed, TLR-induced macrophage killing required iNOS, which licensed apoptotic caspase-8 activity and reduced the BAX and BAK inhibitors, A1 and MCL-1.",BAK,MCL-1,1,35139355,7,3152,0.9128975304550626,YES,1
"Therefore, the CHD8-S62X mutation induces ASD-like behaviors in juvenile male mice and adult male and female mice, pointing to an age-differential sexual dimorphism and also distinct sexual dimorphisms in different Chd8 mutations (N2373K and S62X).",S62X,ASD,1,36385756,5,8713,0.9725079646168953,YES,1
Genetic variation in ST6GAL1 is a determinant of capecitabine and oxaliplatin induced hand-foot syndrome.,capecitabine,hand-foot syndrome,1,35467766,4,3618,0.992267536595,YES,1
MTX significantly downregulated the level of anti-atherogenic lipid ApoA1 in AA genotype carriers of rs2066398.,atherogenic,ApoA1,0,36362461,4,8523,0.9434438994665174,YES,1
Induction of BVR-A Expression by Korean Red Ginseng in Murine Hippocampal Astrocytes: Role of Bilirubin in Mitochondrial Function via the LKB1-SIRT1-ERRalpha Axis.,BVR-A,SIRT1,1,36139815,7,5183,0.8574964987467145,YES,1
"We also found that either TSH or NAC enhanced PKA, Akt, mTORC, AMPK, Sirtuins, PGC1alpha, NRF-2, mitofusin-2, TFAM and catalase in the N-TSHR-mAb stressed cells.",AMPK,TFAM,0,34801870,14,13431,0.8814528262804153,YES,1
"MYC induced the expression of the tryptophan transporters SLC7A5 and SLC1A5 and the enzyme arylformamidase (AFMID), involved in the conversion of tryptophan into kynurenine.",tryptophan,kynurenine,1,31416966,6,536,0.9776427951807031,YES,1
"We identified and characterized a homozygous loss-of-function stop mutation underlying IL23R deficiency, resulting in near absent expression of membrane bound IL23R. IL23R deficiency was characterized by impaired IL-23-mediated IFN-gamma secretion in CD4+, CD8+ T, and mucosal-associated invariant T (MAIT) cells, and low frequencies of circulating Th17 (CD3+CD45RA-CCR4+CXCR3-RORgammaT+), Th1* (CD45RA-CCR4-CXCR3+RORgammaT+), and MAIT (CD3+CD8+Valpha7.2+CD161+) cells.",CD8,RORgammaT,0,35829840,10,4330,0.9883632831107724,YES,1
"Meanwhile, Mg2+ binding was favored for the S55D/E59D alphaPV and D94S/",E59D,D94S,0,34115511,5,15905,0.6617947192031439,YES,1
"Effects of 15 torsadogenic hERG blocking drugs (astemizole, chlorpromazine, cisapride, droperidol, ibutilide, dofetilide, haloperidol, moxifloxacin, pimozide, quinidine, risperidone, sotalol, sertindole, terfenadine, and thioridazine) were assessed by telemetry in beagle dogs.",droperidol,thioridazine,0,35751378,17,3959,0.8304150533475919,YES,1
"Our analysis also observed a triple cysteine motif harboring mutation (L39M, A41S, A41V, C43F, C43R, C43S, C44Y, N45R) which may hinder the binding of E protein with spike glycoprotein.",C43S,N45R,0,33319124,10,15847,0.8284425886987248,YES,1
"Mutational analysis detected 18,261 mutations in the omicron variant, majority of which were non-synonymous mutations in spike (A67, T547K, D614G, H655Y, N679K, P681H, D796Y, N856K, Q954H), followed by RNA dependent RNA polymerase (rdrp) (A1892T, I189V, P314L, K38R, T492I, V57V), ORF6 (M19M) and nucleocapsid protein (RG203KR).",P314L,V57V,0,35367284,21,3494,0.39213664490372807,NO,0
Klotho deficiency-induced arterial calcification involves osteoblastic transition of VSMCs and activation of BMP signaling.,arterial calcification,BMP,0,34368951,3,2253,0.952706928738055,YES,1
"The expression of Carnitine palmitoyltransferase I (CPT-I), carnitine palmitoyltransferase II (CPT-II), lecithin-cholesterol acyltransferase (LCAT), carnitine O-octanoyltransferase (CROT), carnitine-acylcarnitine translocase (CACT), and 5-methyltetrahydrofolate-homocysteine methyltransferase (MTR) genes was significantly upregulated in the liver tissue homogenates of experimental mice exposed to BPA, although RSV regulated the expression of these genes when compared with BPA treated experimental mice.",carnitine O-octanoyltransferase,RSV,0,36432690,9,9787,0.9905919677459878,YES,1
"Genes provided in the present study with genetic variants associated with VTE were FVL (G1691A), Prothrombin (G20210A), MTHFR (C677T, A1298C), PAI-1 (4G/5G), factor VII activating protease (1601G > A), and endothelial protein C receptor (g.6936A_G, c.4600A_G).",VTE,factor VII activating protease,1,36316870,14,8003,0.9524318438580108,YES,1
"This study investigated the association of pluripotency factor expression with the clinicopathological characteristics of gastric cancer patients, as well as changes in the expression of these factors upon the stem cell-enriching spheroid culture of gastric cancer cells, regulation of sphere-forming capacity, and response to cisplatin and TRAIL treatments by Nanog and KLF4.",Nanog,KLF4,1,36661504,6,11510,0.9738100726749035,YES,1
"Using proximity ligation assay in RUASM cells, this study shows that CALCRL predominantly associates with RAMP1 forming a CALCB receptor, and minimally with RAMP2 and RAMP3 that confer specificity for ADM and ADM2.",CALCRL,RAMP1,1,27784654,7,223,0.993770779005349,YES,1
"We hypothesized that THC and CBD will negatively impact the synthesis of milk proteins and lipids, as well as lipid markers in HC11 cells.",CBD,lipids,1,35976913,4,4612,0.8401877971618601,YES,1
"The polymorphisms suitable for meta-analysis were CCND1 (rs17852153), COX2 (rs20417), EGF (rs4444903), EGFR (rs712829, rs11543848, 3'UTR CA repeat), FCGR2A (rs1801274), FCGR3A (rs396991), IL8 (rs4073), KRAS (rs61764370) and VEGFA (rs3025039).",rs396991,rs4073,0,27897268,19,379,0.015593224939379518,NO,0
Anti-RGMb mAb (9D1) treatment decreased IFN-gamma and significantly increased IL-5 and IL-10 in the gut of the treated mice compared to the isotype control treated mice.,RGMb,IFN-gamma,1,36420263,5,9405,0.9789340387724428,YES,1
"Using specific inhibitors, the authors have shown that, in EA.hy926 cells, IL-6-induced expression of MCP-1 and ICAM-1 depends on the signaling protein and transcription activator STAT3 and, in some cases, on JNK, PI3K, and MEK1/2 kinases and is independent of p38 kinase.",STAT3,p38 kinase,0,36406976,9,14021,0.9836930546545755,YES,1
Raising intracellular cyclic AMP (cAMP) in M2 macrophages through phosphodiesterase 4 inhibition enhanced P2Y11-driven responses.,cyclic AMP,P2Y11,1,36107259,3,4936,0.9155538783928048,YES,1
"The results showed that the levels of gene and protein catalyzing lipogenesis were increased (SREBP1, ACC1 and FAS), while those catalyzing lipolysis were decreased (ATGL, HSL and ZAG), accompanied by dyslipidemia, insulin resistance and hepatic fat accumulation, and there were higher expression of TLR4 and NF-kappaB protein and lower expression of ERalpha protein in liver, and increased serum IL-17 and TNF-alpha levels in fructose and/or BPA exposed rats compared with controls.",TLR4,NF-kappaB,0,31661889,16,12755,0.9840876725984525,YES,1
"Our analysis also observed a triple cysteine motif harboring mutation (L39M, A41S, A41V, C43F, C43R, C43S, C44Y, N45R) which may hinder the binding of E protein with spike glycoprotein.",C43R,N45R,0,33319124,10,15845,0.8284425886987248,YES,1
"Furthermore, we proved that ALA counteracts the effects of bleomycin on HK2, PFKFB3, LC3, Parkin, and LF activation in vivo.",ALA,HK2,1,36635651,6,15573,0.9282247077852936,YES,1
"Using NCI-H838 cells, neurotensin or neurotensin8-13 but not neurotensin1-8 increased EGFR, ERK and HER2 tyrosine phosphorylation which was blocked by SR48692.",ERK,HER2,0,31614143,6,12493,0.9912890864456756,YES,1
"FOXO3, IGFBP3, L-FABP, PCSK9, ANGPTL6, and ANGPTL8 plasma concentrations were measured by ELISA in 86 individuals.",L-FABP,ANGPTL6,0,36143124,6,5419,0.0009805720987073928,NO,0
"ELISA was performed to measure progesterone, MMP-2, MMP-9, pro-inflammatory factors TNF-alpha, IL-1beta, and anti-inflammatory factors IL-4, IL-10, and IL-13 levels.",MMP-9,IL-13,0,36593749,9,15181,0.055885769728328774,NO,0
"Herein, we reported the first autosomal recessive CC patients with c.265C>T (p.Arg89Cys) or c.[265C>T;267C>A] variant in Iranian population for the FYCO1 gene.",CC,c.265C>T,1,36274208,6,7241,0.932034878987556,YES,1
This study shows that substituting bendamustine for cyclophosphamide in combination with clofarabine and etoposide is safe and effective.,cyclophosphamide,etoposide,0,33598942,4,1495,0.9863360553033407,YES,1
"Particularly in neutrophils, DEX injection inhibited p65-NFkappaB activation and elevated glycogen and ATP contents and SGLT1, GLUT1 and GR expression while inhibiting PFK1 activity, enhancing G6PDH activity and CS expression and lowering cell autophagy levels.",p65-NFkappaB,G6PDH,0,36174980,10,5967,0.9898205798360803,YES,1
"Four novel QDPR variants [c.714dup or p.(Leu239Thrfs*44), c.106-1G>T or p.(?), c.214G>T or p.(Gly72*), and c.187_189dup or p.(Gln63dup)] were identified.",c.714dup,p.(Leu239Thrfs*44),0,36313470,8,7902,0.1179726127793296,NO,0
"The aim of the study was to compare success, mortality, and acquired rifampicin resistance in patients with INH-R pulmonary tuberculosis given different durations of rifampicin, ethambutol, and pyrazinamide (REZ); a fluoroquinolone plus 6 months or more of REZ; and streptomycin plus a core regimen of REZ.",pulmonary tuberculosis,fluoroquinolone,1,29595509,6,12423,0.9741626883210157,YES,1
Allele-Specific Role of ERBB2 in the Oncogenic Function of EGFR L861Q in EGFR-Mutant Lung Cancers.,EGFR,Lung Cancers,0,33038514,4,791,0.8467149751666352,YES,1
"The most frequent mutations in E, M, N, and S proteins were T9I, I82T, R203M/R203K, and D614G. D614G was the most frequent mutation in all six geographical areas.",E,M,0,36528612,9,10464,0.5434558527822623,YES,1
"This strategy allowed us to identify the emergence of the B.1.621 lineage, considered a variant of interest (VOI) with the accumulation of several substitutions affecting the Spike protein, including the amino acid changes I95I, Y144T, Y145S and the insertion 146 N in the N-terminal domain, R346K, E484K and N501Y in the Receptor binding Domain (RBD) and P681H in the S1/S2 cleavage site of the Spike protein.",I95I,R346K,0,34403832,8,2476,0.607504465408199,YES,1
"Western blot was performed to detect Cyclin D1, PCNA, MMP-2, MMP-9, inflammatory factors TNF-alpha, IL-1beta, IL-4, IL-10, IL-13, and",MMP-2,IL-13,0,36593749,10,15220,0.0027424683718585393,NO,0
The TREM2/DAP12 receptor-adaptor complex signals in coordination with CSF1R to activate spleen tyrosine kinase (SYK).,DAP12,spleen tyrosine kinase,1,36306144,4,7660,0.9930625363492291,YES,1
"Acute lung injury (ALI) is one of the fatal outcomes after exposure to high levels of hydrogen sulfide (H2S), and the matrix metalloproteinases (MMPs) especially MMP-2 and MMP-9 are believed to be involved in the development of ALI by degrading the extracellular matrix (ECM) of blood-air barrier.",hydrogen sulfide,MMP-2,1,24722316,5,51,0.9334170789879003,YES,1
These data reveal that combined PEM and CD73 inhibition can co-opt tumor cell STING induction in TKI-resistant EGFR-mutated lung cancers and promote immunogenicity.,CD73,lung cancers,1,36066413,6,4831,0.9481017654610734,YES,1
"Whereas the activity of the MgO/xAl_SBA-15 systems was moderate for the conversion of glycidol to the corresponding cyclic carbonate, the Al_SBA-15-supported imidazolium chloride catalysts gave excellent results over different epoxides (conversion of glycidol, epichlorohydrin, and styrene oxide up to 89%, 78%, and 18%, respectively).",MgO,epichlorohydrin,0,36558016,8,10829,0.04896003045284735,NO,0
The anti-mineralocorticoid activity of drospirenone seems to positively counteract the renin-angiotensin-aldosterone-system-activating action of ethinylestradiol.,renin,ethinylestradiol,1,36744531,5,12183,0.9885747310428961,YES,1
"We determined that CINC-1 (a functional IL-8 analog in rats) induces internalization of beta2 -AR from the cell surface, and arrestin-2, PDE4, and beta2 -AR form a complex during this process.",beta2 -AR,PDE4,1,34555226,6,2515,0.9825313838658704,YES,1
"Moreover, the variants severely affected the expression and function of Cubilin in renal proximal tubules and caused albuminuria, increasing levels in urine transferrin and alpha1-microglobulin, but without progressive glomerular filtration barrier (GFB) impairment, vitB12 deficiencies or abnormal blood levels of HDL and albumin.",Cubilin,alpha1-microglobulin,1,36266725,6,7198,0.9465789639059005,YES,1
"Thus, PTHrP triggers a kinase cascade that leads to inhibition of the key transcription factors (Mef2 and Runx2) that promote chondrocyte hypertrophy.",PTHrP,Mef2,1,33148508,3,927,0.9569799383423789,YES,1
"23% of adult pan-cancer samples had KRAS alterations; 88% were mutations, most commonly G12D/G12V/G12C/G13D/G12R, and prevalence was similar in liquid biopsies.",pan-cancer,G12C,1,36494601,5,10064,0.7359780156365993,YES,1
"KLF4 is supposed to play a critical role in DR4/DR5 expression and responses to TRAIL and cisplatin, whereas Nanog is only implicated in the former events only.",KLF4,TRAIL,1,36661504,6,11540,0.9510585935961047,YES,1
A mechanical study demonstrated that Rab31 modulated IVIG response through NLRP3 and p38 pathways.,Rab31,p38,0,36329997,4,8167,0.9451670447917853,YES,1
"In this study, analyzing genotype and haplotype data from the 1000 Genomes Project, we found that the R71H-G230A-R293Q (HAQ) MPYS allele frequency increased 57-fold in East Asians compared with sub-Saharan Africans.",R71H,G230A,0,36261171,4,7056,0.9836608295900653,YES,1
"Subjects exhibited a decrease in inflammatory cytokines, notably, vascular endothelial growth factor (-0.86, p = 0.017) with Bermekimab.",inflammatory,Bermekimab,0,36056179,3,4755,0.8935258600305137,YES,1
Conclusion: Our results suggest that CYP1A1 gene polymorphisms might be associated with a reduced risk of RPL.,CYP1A1,RPL,1,36313260,2,7889,0.9913031370212148,YES,1
"In heart failure with preserved ejection fraction and CpcPH models, metabolic syndrome contributes to pulmonary vascular dysfunction and EIPH through enhanced reactive oxygen species and miR-193b expression, which downregulates NFYA-dependent sGCbeta1 expression.",CpcPH,reactive oxygen species,1,34157861,8,13001,0.9408357777221421,YES,1
"Our findings suggested that IFN-gamma and TNF-alpha, which are elevated in AITDs, promoted ACE2 and NRP1 expression and inhibited TMPRSS2 expression.",AITDs,TMPRSS2,1,36362417,6,13926,0.9621890920207429,YES,1
"Regulatory network of KLF12, ZNF281 and RELA controlled the expression of these four prognostic target genes (LDHA, ACLY, ME2 and IDH2).",ZNF281,IDH2,1,36121916,7,5003,0.9624318241609267,YES,1
"In exon 3 codon 61, 2.3% patients were detected with two concurrent mutations (Q61R, Q61H), and 4.4% with three concurrent mutations (Q61R, Q61H, Q61L).",Q61R,Q61H,0,36444585,3,9957,0.371102554052403,NO,0
"Targeted SARS-CoV-2 sequencing allowed for detection of important genetic mutations, such as spike: K417N, D614G, P681H, T716I, S982A, and D1118H, commonly associated with increased cell entry and reinfection.",D614G,T716I,0,35726918,8,3857,0.937540843822795,YES,1
"In the presence of flumazenil, micromolar concentrations of diazepam and midazolam both potentiated and inhibited wildtype GABAA receptor currents.",flumazenil,GABAA receptor,1,34386973,4,2459,0.9861030217168771,YES,1
"Furthermore, allergic rhinitis mice exhibited overproduction of epithelial-derived cytokines (thymic stromal lymphopoietin, interleukin-25, interleukin-33), C-C motif chemokine ligand 26 (CCL26), and mucin 5 AC (MUC5AC).",C-C motif chemokine ligand 26,mucin 5 AC,0,36571426,7,10973,0.8870453089636152,YES,1
"Using proximity ligation assay in RUASM cells, this study shows that CALCRL predominantly associates with RAMP1 forming a CALCB receptor, and minimally with RAMP2 and RAMP3 that confer specificity for ADM and ADM2.",RAMP1,RAMP2,0,27784654,7,230,0.993770779005349,YES,1
Downregulation of Linc00173 increases BCL2 mRNA stability via the miR-1275/PROCA1/ZFP36L2 axis and induces acquired cisplatin resistance of lung adenocarcinoma.,cisplatin,lung adenocarcinoma,1,36627670,7,15414,0.9835965697061463,YES,1
"Here, we have analysed the proportional expression patterns of TLR2 and TLR4 on the surface of CD3+, CD4+, CD8+, CD19+ and CD161+ lymphocytes and CD14+ monocytes in different groups of leprosy patients.",TLR2,TLR4,0,36419668,10,9335,0.6016632707918362,YES,1
"Y383F mice are largely alleviated by RIPK1 kinase inhibition, and prevented by genomic deletions targeted to the upstream pathway (either to Tumor necrosis factor receptor 1 or RIPK3 and Caspase8 simultaneously).",Tumor necrosis factor receptor 1,RIPK3,0,36329033,6,8137,0.878728489055642,YES,1
"We also found that either TSH or NAC enhanced PKA, Akt, mTORC, AMPK, Sirtuins, PGC1alpha, NRF-2, mitofusin-2, TFAM and catalase in the N-TSHR-mAb stressed cells.",PKA,Akt,0,34801870,14,13397,0.8814528262804153,YES,1
"The DPP4 rs3788979 polymorphism was associated with a high risk of COVID-19 disease and, the TT genotype carriers had the lowest DPP4 levels.",rs3788979,COVID-19,1,33774023,3,1727,0.9886356160811987,YES,1
"12/102 were found to have novel variants in potential diabetes genes (RFX2, RREB1, SLC5A1 (3 patients with variants in this gene), GCKR, MC4R, CASP10, TMPRSS6, HGFAC, DACH1, ZBED3).",RFX2,ZBED3,0,36585034,12,16250,0.9457223638297677,YES,1
"Serum levels of total cholesterol (TC), triglycerides (TG), lipoprotein (a) (LP(a)), high-density lipoprotein cholesterol (HDL-C), low-density lipoprotein (LDL), apolipoprotein A1 (ApoA1), and apolipoprotein B (ApoB) were measured at baseline and week 12.",cholesterol,lipoprotein (a),0,36362461,7,8492,0.006108953479732544,NO,0
"The impact of supplementation with the above-mentioned compounds on the content of modified derivatives: 1-methyladenosine, N6-methyl-2'-deoxyadenosine, O-methylguanosine, 7-methylguanine, 3-methyladenine, 1-methylguanine, 2-amino-6,8-dihydroxypurine, and 8-hydroxy-2'-deoxyguanosine in the urine of rats with mammary cancer was also assessed.",7-methylguanine,3-methyladenine,0,36673448,9,15745,0.6747023681293349,YES,1
"Activated SGK3 can activate ion channels (TRPV5/6, SOC, Kv1.3, Kv1.5, Kv7.1, BKCa, Kir2.1, Kir2.2, ENaC, Nav1.5, ClC-2, and ClC Ka), carriers and receptors (Npt2a, Npt2b, NHE3, GluR1, GluR6, SN1, EAAT1, EAAT2, EAAT4, EAAT5, SGLT1, SLC1A5, SLC6A19, SLC6A8, and NaDC1), and Na+/K+-ATPase, promoting the transportation of calcium, phosphorus, sodium, glucose, and neutral amino acids in the kidney and intestine, the absorption of potassium and neutral amino acids in the renal tubules, the transportation of glutamate and glutamine in the nervous system, and the transportation of creatine.",EAAT2,glucose,0,36531961,37,15018,0.9831937527139952,YES,1
"In summary, PNPLA3- and ATGL-driven lipolysis is significantly regulated by perilipin 1 and 5 in steatohepatitis.",PNPLA3,ATGL,1,36611868,4,11153,0.9423276059738128,YES,1
The present work was aimed to investigate the roles of MMP-2 and MMP-9 in H2S-induced ALI and the protective effects of DXM.,H2S,DXM,1,24722316,5,74,0.7078167380543468,YES,1
"The Swiss Army Knife (del19, L858R, T790M, Exon 20 Insertions, ""uncommon-G719X, S768I, L861Q"")",L858R,L861Q,0,36317157,6,8062,0.003269642096126013,NO,0
"Although the disease caused by recessive genetic mutation of the tyrosine hydroxylase (TH) gene is rare, we found that the clinical manifestations of seven children with tyrosine hydroxylase gene mutations are similar to dopa-responsive dystonia.",tyrosine hydroxylase,dopa-responsive dystonia,1,36568392,2,10927,0.9458442088604219,YES,1
"Fibroblasts from HFrEF show higher migratory rate compared with control (P = 0.0036), and increased expression of HF markers [fold-change (Log2): COL1A1-1.3; IL-1b-1.9; IL-6-1.7; FN1-2.9 (P < 0.05)].",HFrEF,FN1,1,36303443,6,13791,0.9667354064912858,YES,1
"Activated SGK3 can activate ion channels (TRPV5/6, SOC, Kv1.3, Kv1.5, Kv7.1, BKCa, Kir2.1, Kir2.2, ENaC, Nav1.5, ClC-2, and ClC Ka), carriers and receptors (Npt2a, Npt2b, NHE3, GluR1, GluR6, SN1, EAAT1, EAAT2, EAAT4, EAAT5, SGLT1, SLC1A5, SLC6A19, SLC6A8, and NaDC1), and Na+/K+-ATPase, promoting the transportation of calcium, phosphorus, sodium, glucose, and neutral amino acids in the kidney and intestine, the absorption of potassium and neutral amino acids in the renal tubules, the transportation of glutamate and glutamine in the nervous system, and the transportation of creatine.",TRPV5/6,GluR6,0,36531961,37,14528,0.9831937527139952,YES,1
"Six SNPs of ABCB1 (rs3842, rs1045642, rs2032582, rs1128503, rs3213619, and rs3747802), one SNP of CYP3A5 (rs776746), seven SNPs of APOB (rs1042034, rs2163204, rs693, rs679899, rs13306194, rs13306198, and rs1367117), and two SNPs of APOE (rs429358 and rs7412) were analyzed by a TaqMan genotyping assay.",rs1042034,rs429358,0,36145636,20,5571,0.03417951892894838,NO,0
"Activated SGK3 can activate ion channels (TRPV5/6, SOC, Kv1.3, Kv1.5, Kv7.1, BKCa, Kir2.1, Kir2.2, ENaC, Nav1.5, ClC-2, and ClC Ka), carriers and receptors (Npt2a, Npt2b, NHE3, GluR1, GluR6, SN1, EAAT1, EAAT2, EAAT4, EAAT5, SGLT1, SLC1A5, SLC6A19, SLC6A8, and NaDC1), and Na+/K+-ATPase, promoting the transportation of calcium, phosphorus, sodium, glucose, and neutral amino acids in the kidney and intestine, the absorption of potassium and neutral amino acids in the renal tubules, the transportation of glutamate and glutamine in the nervous system, and the transportation of creatine.",Npt2a,potassium,0,36531961,37,14886,0.9831937527139952,YES,1
Adeno-associated virus-mediated NFYA overexpression and SGLT2 inhibition restore NFYA-sGCbeta1-cGMP signaling and ameliorate EIPH.,SGLT2,sGCbeta1,0,34157861,5,13023,0.9732449726231456,YES,1
"In addition, mAbs such as Adalimumab, Eculizumab, Natalizumab used in autoimmune disorders and Alemtuzumab, Trastuzumab, Cetuximab, and Rituximab that are prescribed for tumors will be reviewed.",Natalizumab,Rituximab,0,35071113,9,3050,0.7094246586876102,YES,1
"Expression of the Q276* and T283A mutations in FLT3-ITD MV4;11 cells conferred resistance to apoptosis, decreased cell-cycle arrest, and increased proliferation in the presence of pexidartinib and other FLT3 inhibitors.",Q276*,pexidartinib,1,34103301,5,1948,0.9785429855931715,YES,1
"The results showed that the levels of gene and protein catalyzing lipogenesis were increased (SREBP1, ACC1 and FAS), while those catalyzing lipolysis were decreased (ATGL, HSL and ZAG), accompanied by dyslipidemia, insulin resistance and hepatic fat accumulation, and there were higher expression of TLR4 and NF-kappaB protein and lower expression of ERalpha protein in liver, and increased serum IL-17 and TNF-alpha levels in fructose and/or BPA exposed rats compared with controls.",FAS,NF-kappaB,0,31661889,16,12705,0.9840876725984525,YES,1
She was diagnosed with JAK2 L611S/V617L double-mutant PV after a detailed medical examination in 2017.,L611S,PV,1,36483035,4,10047,0.9416217707583927,YES,1
Cc > V11I Cc > Q12M > D50A >,V11I,D50A,0,36552779,4,10744,0.041406257675104675,NO,0
"Neurotensin binds with high affinity to the neurotensin receptor 1, and functions as an autocrine growth factor in lung cancer cells.",Neurotensin,neurotensin receptor 1,1,31614143,3,12473,0.9823619832408736,YES,1
"Effects of 15 torsadogenic hERG blocking drugs (astemizole, chlorpromazine, cisapride, droperidol, ibutilide, dofetilide, haloperidol, moxifloxacin, pimozide, quinidine, risperidone, sotalol, sertindole, terfenadine, and thioridazine) were assessed by telemetry in beagle dogs.",chlorpromazine,terfenadine,0,35751378,17,3935,0.8304150533475919,YES,1
"A deleterious mutation in the phosphodiesterase-4D-interacting-protein (PDE4DIP) gene resulting in p.A123T substitution (NM_001002811:c.367G>A) was identified that segregated with early-onset AF, heart block, and the DES mutation.",p.A123T,c.367G>A,0,34289528,6,2214,0.9737622989725722,YES,1
"Using major-mismatched HCT mouse models, treatment with an anti-RGMb monoclonal antibody (mAb) that blocks the interaction with BMP-2/4 and neogenin prevented GvHD and improved survival compared to isotype control (75% versus 30% survival at 60 days after transplantation).",RGMb,neogenin,1,36420263,5,9395,0.9921065857812275,YES,1
GAS6/AXL Inhibition Enhances Ovarian Cancer Sensitivity to Chemotherapy and PARP Inhibition through Increased DNA Damage and Enhanced Replication Stress.,PARP,DNA,0,34670865,5,13273,0.9699445665698851,YES,1
"RNA sequencing revealed transcriptome-wide IL-17-induced transcripts that are IMP2 influenced, and RNA immunoprecipitation sequencing identified the subset of mRNAs that are directly occupied by IMP2, which included Cebpb and Cebpd Lipocalin-2 (Lcn2), a hallmark of autoimmune kidney injury, was strongly dependent on IL-17, IMP2, and C/EBPbeta/delta.",IMP2,Cebpd,1,34215679,7,13091,0.9581138831910386,YES,1
"He was treated with the FGFR inhibitor, erdafitinib, with excellent partial response including resolution of intracranial disease and cancer-related pain, ongoing 2 years after drug initiation.",erdafitinib,cancer-related pain,1,35761436,4,4115,0.9818369599044766,YES,1
"The roles of ABCC5, ABCA8, ABCC10, ABCB10, ABCG1, ATP7B, ABCG2, and mitochondrial SLC25A10 in platinum-receiving urinary bladder cancer patients should be the subject of further investigation.",ABCC10,ABCG1,0,36650399,11,11436,0.009245299715376696,NO,0
"We observed suggestive evidence (P < 0.05) for eight variants (rs17026425, rs17057166, rs6854845, rs1728400, rs17693104, rs202280, rs6797464, and rs823920) in all colorectal cancer and two variants (rs17026425 and rs6854845) in rectal cancer that were concordant with previous reports.",rs6854845,rs823920,0,31488414,10,654,0.9359168034677328,YES,1
"The polymorphisms suitable for meta-analysis were CCND1 (rs17852153), COX2 (rs20417), EGF (rs4444903), EGFR (rs712829, rs11543848, 3'UTR CA repeat), FCGR2A (rs1801274), FCGR3A (rs396991), IL8 (rs4073), KRAS (rs61764370) and VEGFA (rs3025039).",rs396991,rs61764370,0,27897268,19,380,0.015593224939379518,NO,0
"However, their Ca2+ affinities and selectivities against competing ions like Mg2+ can widely vary.",Ca2+,Mg2+,1,34115511,2,15872,0.31205383159454037,NO,0
"The levels of glucose, total protein (TP), total cholesterol (TC), and the proinflammatory cytokines interleukin (IL)-1beta, IL-6 and tumor necrosis factor (TNF)-alpha in blood were examined, and we then detected glycogen and adenosine triphosphate (ATP) content, phosphofructosekinase-1 (PFK1) and glucose-6-phosphate dehydrogenase (G6PDH) activity, glucose transporter (GLUT)1, GLUT4, sodium/glucose cotransporter (SGLT)1 and citrate synthase (CS) protein expression and autophagy levels in circulating neutrophils.",cholesterol,glycogen,0,36174980,13,5868,0.022055184033322635,NO,0
"Through a Connectivity Map (CMap) analysis, we revealed that certain drugs/molecules, including omeprazole, methacholine chloride, ioversol, fulvestrant, difenidol, cycloserine, and MK-801, may serve as potential treatments for tamoxifen-resistant breast cancer patients.",methacholine chloride,tamoxifen,1,36619229,10,11296,0.98644717694539,YES,1
"Silencing WWOX to mimic low WWOX protein expression in HCC in patients with the WWOX-rs13338697-GG genotype, enhanced HIF1A increment under hypoxia, further decreased ASS1, and increased cell susceptibility to ADI-PEG 20.",hypoxia,ASS1,1,36530994,8,14397,0.9726331133677378,YES,1
"In contrast, the MAFs of three variants were higher in lean-normal BMI groups; rs3764261 A = 0.38, rs9941349 T = 0.43, and rs7799039 G = 0.40-0.43).",rs3764261,rs7799039,0,36126070,3,5095,0.8094162060920278,YES,1
"PPARgamma/delta dual modulators functioning as both PPARgamma partial agonists and PPARdelta antagonists promoted adiponectin production, suggesting their therapeutic potential against hypoadiponectinemia-associated cancer and metabolic diseases.",PPARgamma,hypoadiponectinemia,1,33325691,7,1167,0.9639210029419814,YES,1
"After the virtual screening, dabigatran, estazolam, leucovorin, and pitavastatin were further examined in ischemic stroke using an animal rodent model of focal cerebral ischemia using transient middle cerebral artery occlusion (t-MCAO).",estazolam,pitavastatin,0,33384558,7,1191,0.8962071361268603,YES,1
"In preclinical patient-derived xenograft and cell line models, resistance to KRAS(G12C) inhibition was associated with low allele frequency hotspot mutations in KRAS(G12V or G13D), NRAS(Q61K or G13R), MRAS(Q71R) and/or BRAF(G596R), mirroring observations in patients.",G13R,G596R,0,34759319,12,15979,0.9804906606128873,YES,1
"Six SNPs of ABCB1 (rs3842, rs1045642, rs2032582, rs1128503, rs3213619, and rs3747802), one SNP of CYP3A5 (rs776746), seven SNPs of APOB (rs1042034, rs2163204, rs693, rs679899, rs13306194, rs13306198, and rs1367117), and two SNPs of APOE (rs429358 and rs7412) were analyzed by a TaqMan genotyping assay.",rs1045642,rs3213619,0,36145636,20,5495,0.03417951892894838,NO,0
"Thus, we can provide clinical and experimental evidence that mutant plasminogen in HAE-PLG is bypassing FXII/kallikrein to generate bradykinin.",kallikrein,bradykinin,0,36685169,5,11776,0.9034680040517867,YES,1
"0.17, P < 0.01), isoflavones (mg/d) (Adj. OR: 0.74, P = 0.049), methionine (mg/d) (Adj. OR: 0.32, P < 0.01), and choline (mg/d) (Adj. OR: 0.32, P < 0.01) intakes were inversely associated with increased risk of significant fibrosis (stage of fibrosis >=2).",isoflavones,methionine,0,33306506,4,1070,0.9691049502755658,YES,1
"Activated SGK3 can activate ion channels (TRPV5/6, SOC, Kv1.3, Kv1.5, Kv7.1, BKCa, Kir2.1, Kir2.2, ENaC, Nav1.5, ClC-2, and ClC Ka), carriers and receptors (Npt2a, Npt2b, NHE3, GluR1, GluR6, SN1, EAAT1, EAAT2, EAAT4, EAAT5, SGLT1, SLC1A5, SLC6A19, SLC6A8, and NaDC1), and Na+/K+-ATPase, promoting the transportation of calcium, phosphorus, sodium, glucose, and neutral amino acids in the kidney and intestine, the absorption of potassium and neutral amino acids in the renal tubules, the transportation of glutamate and glutamine in the nervous system, and the transportation of creatine.",TRPV5/6,glutamate,0,36531961,37,14545,0.9831937527139952,YES,1
"LINC00173 had been reported as a cisplatin (cis-diamminedichloroplatinum, DDP) chemotherapy-resistant inducer in small-cell lung cancer (SCLC) and lung squamous cell carcinoma (LUSC).",cisplatin,lung squamous cell carcinoma,1,36627670,4,15419,0.9713753801710595,YES,1
"Activated SGK3 can activate ion channels (TRPV5/6, SOC, Kv1.3, Kv1.5, Kv7.1, BKCa, Kir2.1, Kir2.2, ENaC, Nav1.5, ClC-2, and ClC Ka), carriers and receptors (Npt2a, Npt2b, NHE3, GluR1, GluR6, SN1, EAAT1, EAAT2, EAAT4, EAAT5, SGLT1, SLC1A5, SLC6A19, SLC6A8, and NaDC1), and Na+/K+-ATPase, promoting the transportation of calcium, phosphorus, sodium, glucose, and neutral amino acids in the kidney and intestine, the absorption of potassium and neutral amino acids in the renal tubules, the transportation of glutamate and glutamine in the nervous system, and the transportation of creatine.",SLC6A19,creatine,0,36531961,37,15087,0.9831937527139952,YES,1
"Moreover, scavengers of O2   -, H2O2, complex I or mitoKATP abolished CIH-induced impairment in endothelial-dependent relaxation.",H2O2,CIH,0,36644390,2,15691,0.9064559920670352,YES,1
"Six SNPs of ABCB1 (rs3842, rs1045642, rs2032582, rs1128503, rs3213619, and rs3747802), one SNP of CYP3A5 (rs776746), seven SNPs of APOB (rs1042034, rs2163204, rs693, rs679899, rs13306194, rs13306198, and rs1367117), and two SNPs of APOE (rs429358 and rs7412) were analyzed by a TaqMan genotyping assay.",rs1045642,rs2163204,0,36145636,20,5499,0.03417951892894838,NO,0
"Additionally, we determined that rolipram, a PDE4 inhibitor, reversed CINC-1-induced derangements of cAMP and also caused beta2 -AR to successfully recycle back to the cell surface.",CINC-1,cAMP,1,34555226,5,2525,0.9842812640630515,YES,1
Metabolic Syndrome Mediates ROS-miR-193b-NFYA-Dependent Downregulation of Soluble Guanylate Cyclase and Contributes to Exercise-Induced Pulmonary Hypertension in Heart Failure With Preserved Ejection Fraction.,NFYA,Soluble Guanylate Cyclase,1,34157861,7,12886,0.9675186690436778,YES,1
"Conclusion: Mutation of PRRT2 led to a significant decrease in its protein expression level and that of SNAP25, suggesting that the mutant protein may lead to the loss of its function and that of related proteins.",PRRT2,SNAP25,1,36467477,2,9996,0.9511371842224989,YES,1
"We found that, in addition to its interaction with HDAC3, emerin interacts with the histone methyltransferases EZH2 and G9a in myogenic progenitor cells.",EZH2,G9a,0,36274837,4,7263,0.9960239624158325,YES,1
"We concluded that the efflux transporters ABCB1, ABCC2, SLC25A21, ATP7A, and the uptake transporter OCT2, as well as the organic anion uptake transporters OAT1 and OAT2, are linked to cisplatin accumulation, toxicity, and resistance in urinary bladder cancer patients.",ABCB1,urinary bladder cancer,1,36650399,11,11368,0.9907323302828556,YES,1
MET-Induced CD73 Restrains STING-Mediated Immunogenicity of EGFR-Mutant Lung Cancer.,EGFR,Lung Cancer,1,36066413,5,4773,0.958852852425608,YES,1
"Furthermore, ATR-MET induced cardiovascular toxicity (increased levels of plasma total cholesterol, HDL-cholesterol, LDL-cholesterol, and triglycerides) with concomitant induction of renal toxicity (increased plasma creatinine and urea levels), and hepatotoxicity (increased plasma bilirubin, alkaline phosphatase, acid phosphatase, alanine aminotransferase and aspartate aminotransferase).",ATR-MET,alkaline phosphatase,1,36262065,13,7112,0.9258537486728653,YES,1
Oxidative mitochondrial injury facilitated cytosolic leakage of macrophage self-mtDNA and cGAS/STING/NLRP3 signalling activation to promote liver fibrosis.,cGAS,STING,0,36185574,5,13736,0.8281872748775462,YES,1
"IMP2 facilitated IL-17-mediated Cebpd mRNA stabilization and promoted translation of C/EBPbeta/delta in response to IL-17A, IL-17F, and TNFalpha.",Cebpd,IL-17F,1,34215679,6,13079,0.9847608275167384,YES,1
These observations signify that N-TSHR-mAb in GD under low TSH conditions caused by the hyperthyroidism could be detrimental for thyrocyte survival which would be another factor able to precipitate ongoing autoinflammation.,mAb,GD,0,34801870,6,13500,0.8660100667470123,YES,1
"Binding of BAFF to BAFFR was affected by P21R and A52T. Spontaneous oligomerization of BAFFR was disturbed by P21R, A52T, G64V, and P146S. BAFF-dependent activation of NF-kappaB2 was reduced by P21R and P146S, while interactions between BAFFR and the B cell antigen receptor component CD79B and AKT phosphorylation were impaired by P21R, A52T, G64V, and DUP92-95.",BAFFR,AKT,1,36308663,9,7767,0.997610295340725,YES,1
"When culturing primary thyrocytes with cytokines or sodium hydrosulfide (NaHS) plus cytokines, we found that ACE2 and NRP1 mRNA levels were upregulated while TMPRSS2 levels were downregulated by interferon-gamma (IFN-gamma) and tumor necrosis factor-alpha (TNF-alpha).",sodium hydrosulfide,interferon-gamma,1,36362417,6,13888,0.9405737836027226,YES,1
"The results showed that the levels of gene and protein catalyzing lipogenesis were increased (SREBP1, ACC1 and FAS), while those catalyzing lipolysis were decreased (ATGL, HSL and ZAG), accompanied by dyslipidemia, insulin resistance and hepatic fat accumulation, and there were higher expression of TLR4 and NF-kappaB protein and lower expression of ERalpha protein in liver, and increased serum IL-17 and TNF-alpha levels in fructose and/or BPA exposed rats compared with controls.",HSL,dyslipidemia,0,31661889,16,12723,0.9840876725984525,YES,1
"Genes provided in the present study with genetic variants associated with VTE were FVL (G1691A), Prothrombin (G20210A), MTHFR (C677T, A1298C), PAI-1 (4G/5G), factor VII activating protease (1601G > A), and endothelial protein C receptor (g.6936A_G, c.4600A_G).",G1691A,G20210A,0,36316870,14,8013,0.9524318438580108,YES,1
IL-37 or a small interfering RNA (siRNA) targeting IL-24 was delivered intranasally to verify the effect in a murine model of house dust mite (HDM)/lipopolysaccharide (LPS)-induced neutrophilic asthma.,IL-24,lipopolysaccharide,1,36174993,7,16100,0.5427246004763487,YES,1
"Oxidative stress variables (ROS, nitrite, TBARS, SOD, catalase) and inflammatory markers (TNF-alpha, and IL-1beta), which were altered on Cu exposed rats, also responded favorably to ALA+ MiADMSA",inflammatory,MiADMSA,1,36548551,12,10644,0.8867762285931885,YES,1
"Altogether, this study proposes a novel EGFR (L858R/T790M/C797S) TK inhibitor scaffold and provides a detailed understanding of compounds' recognition and susceptibility at the molecular level.",T790M,C797S,0,36558033,4,16231,0.7898173712667567,YES,1
TIMP3 Gene Polymorphisms of -1296 T > C and -915 A > G Increase the Susceptibility to Arsenic-Induced Skin Cancer: A Cohort Study and In Silico Analysis of Mutation Impacts.,Arsenic,Skin Cancer,1,36499314,5,10157,0.9937396604356188,YES,1
"Activated SGK3 can activate ion channels (TRPV5/6, SOC, Kv1.3, Kv1.5, Kv7.1, BKCa, Kir2.1, Kir2.2, ENaC, Nav1.5, ClC-2, and ClC Ka), carriers and receptors (Npt2a, Npt2b, NHE3, GluR1, GluR6, SN1, EAAT1, EAAT2, EAAT4, EAAT5, SGLT1, SLC1A5, SLC6A19, SLC6A8, and NaDC1), and Na+/K+-ATPase, promoting the transportation of calcium, phosphorus, sodium, glucose, and neutral amino acids in the kidney and intestine, the absorption of potassium and neutral amino acids in the renal tubules, the transportation of glutamate and glutamine in the nervous system, and the transportation of creatine.",Kir2.2,ClC Ka,0,36531961,37,14740,0.9831937527139952,YES,1
High-mobility-group protein 2 regulated by microRNA-127 and small heterodimer partner modulates pluripotency of mouse embryonic stem cells and liver tumor initiating cells.,High-mobility-group protein 2,microRNA-127,1,29218329,4,449,0.9684410614154101,YES,1
"However, how GLUL regulates the tumor microenvironment for tamoxifen-resistant ER+ breast cancer remains unexplored.",GLUL,tamoxifen,1,36619229,5,11273,0.12333855097550316,NO,0
"In vitro, RAGE promoted cytokine release and ROS production in macrophages and upregulated NLRP3 and TXNIP mRNA expression in response to S100A12.",NLRP3,S100A12,1,36232959,5,6795,0.9816579256846074,YES,1
"Downregulation of apelin and ACE2 and upregulation of SGLT2, endothelin-1 and pro-inflammatory cytokines contribute to SARS-CoV-2-mediated cardiorenal injury, indicating that the apelin-ACE2 signaling and SGLT2 inhibitors are potential therapeutic targets for COVID-19 patients.",ACE2,cardiorenal injury,1,34000358,9,12864,0.9827007234289039,YES,1
"We conclude that apnea coincident with the tonic phase of a seizure, and subsequent failure to resume breathing, are the determining events that cause seizure-induced death in Scn8a mutant mice.",death,Scn8a,0,33604927,6,1524,0.7545267667894937,YES,1
"Phase 1 study of bendamustine in combination with clofarabine, etoposide, and dexamethasone in pediatric patients with relapsed or refractory hematologic malignancies.",clofarabine,etoposide,1,33598942,6,1457,0.9608810853517361,YES,1
"KRT80 overexpression increased the expression of BCL2/BAX, CyclinD1, MMP2, MMP9, and N-cadherin, decreased the expression of E-cadherin, and increased the phosphorylation of MEK and ERK.",CyclinD1,N-cadherin,0,34659572,10,2669,0.9919152378253429,YES,1
"SLC7A5, SLC1A5, and AFMID were elevated in colon cancer cells and tissues, and kynurenine was significantly greater in tumor samples than in the respective adjacent normal tissue from patients with colon cancer.",kynurenine,tumor,0,31416966,7,556,0.9795429727353346,YES,1
SNPs Rs11614913 in miR196a and Rs3746444 in miR-499 are implicated in the development of cancers such as non-small cell lung cancer (NSCLC) in non-Arabic subjects.,Rs3746444,cancers,0,36258913,6,7027,0.9514684001306345,YES,1
"We performed functional validation of the R381X mutation by evaluating IL23R expression and IL-23 signaling (STAT3 phosphorylation, IFN-gamma production) in primary cells (PBMCs, EBV-B cells) and cell lines (HeLa) with or without back-complementation of wild-type IL23R. RESULTS:",IL23R,IFN-gamma,0,35829840,6,4293,0.6681126565704417,YES,1
"PD98059, a p44/p42 MAPK inhibitor, and SP600125, a SAPK/JNK inhibitor, upregulated PGE1-stimulated IL-6 release.",SAPK,PGE1,1,36520821,6,14327,0.9745405955698396,YES,1
"Furthermore, ATR-MET induced cardiovascular toxicity (increased levels of plasma total cholesterol, HDL-cholesterol, LDL-cholesterol, and triglycerides) with concomitant induction of renal toxicity (increased plasma creatinine and urea levels), and hepatotoxicity (increased plasma bilirubin, alkaline phosphatase, acid phosphatase, alanine aminotransferase and aspartate aminotransferase).",triglycerides,aspartate aminotransferase,0,36262065,13,7143,0.9258537486728653,YES,1
Phase I trial of Bermekimab with nanoliposomal irinotecan and 5-fluorouracil/folinic acid in advanced pancreatic ductal adenocarcinoma.,5-fluorouracil,folinic acid,1,36056179,5,4730,0.9462865854939825,YES,1
"IFNgamma-primed, TLR-induced macrophage killing required iNOS, which licensed apoptotic caspase-8 activity and reduced the BAX and BAK inhibitors, A1 and MCL-1.",caspase-8,MCL-1,0,35139355,7,3147,0.9128975304550626,YES,1
The current case suggests that afatinib is effective in NSCLC patients with EGFR L858R and L747V mutations and that a therapeutic approach combining appropriately timed systemic therapies with local consolidative therapies for oligometastatic lesions improves long-term survival.,NSCLC,L858R,1,36193787,7,6204,0.9832514874531961,YES,1
"The aim of the study was to compare success, mortality, and acquired rifampicin resistance in patients with INH-R pulmonary tuberculosis given different durations of rifampicin, ethambutol, and pyrazinamide (REZ); a fluoroquinolone plus 6 months or more of REZ; and streptomycin plus a core regimen of REZ.",fluoroquinolone,streptomycin,1,29595509,6,12427,0.9741626883210157,YES,1
"We also determined if these receptor component associations are decreased by tumor necrosis factor (TNF) alpha and if CALCB, ADM, or ADM2 can rescue CALCRL/RAMP associations.",ADM2,RAMP,0,27784654,6,221,0.9137274092110795,YES,1
"Effects of 15 torsadogenic hERG blocking drugs (astemizole, chlorpromazine, cisapride, droperidol, ibutilide, dofetilide, haloperidol, moxifloxacin, pimozide, quinidine, risperidone, sotalol, sertindole, terfenadine, and thioridazine) were assessed by telemetry in beagle dogs.",chlorpromazine,pimozide,0,35751378,17,3930,0.8304150533475919,YES,1
Keratin 80 regulated by miR-206/ETS1 promotes tumor progression via the MEK/ERK pathway in ovarian cancer.,Keratin 80,ERK,0,34659572,7,2619,0.9898509457112776,YES,1
"Moreover, afatinib, neratinib, and zanubrutinib exhibited a distance deviation between the KRASG2C protein-ligand complex similar to the KRASG12C inhibitors.",afatinib,G2C,1,36614109,5,11236,0.8842308844558158,YES,1
Individuals older than 18 years with GT3 CHC treated with SOF + DCV +- ribavirin (RBV) or SOF + peginterferon (PEG),SOF,peginterferon,1,36410397,6,16171,0.94990364272439,YES,1
"Activated SGK3 can activate ion channels (TRPV5/6, SOC, Kv1.3, Kv1.5, Kv7.1, BKCa, Kir2.1, Kir2.2, ENaC, Nav1.5, ClC-2, and ClC Ka), carriers and receptors (Npt2a, Npt2b, NHE3, GluR1, GluR6, SN1, EAAT1, EAAT2, EAAT4, EAAT5, SGLT1, SLC1A5, SLC6A19, SLC6A8, and NaDC1), and Na+/K+-ATPase, promoting the transportation of calcium, phosphorus, sodium, glucose, and neutral amino acids in the kidney and intestine, the absorption of potassium and neutral amino acids in the renal tubules, the transportation of glutamate and glutamine in the nervous system, and the transportation of creatine.",Kv1.3,EAAT2,0,36531961,37,14598,0.9831937527139952,YES,1
"This was evidenced by elevated levels of autophagy related proteins including beclin 1, LC3A, LC3B, ULK1, p62, and also activated pink and perkin mitophagy related proteins.",beclin 1,LC3B,0,34801870,7,13358,0.6022567942778587,YES,1
"In clones expressing IL-10R1-SNP3, IL-10R1-SNP4 or IL-10R1-SNP3+4, the cmvIL-10 showed significantly less STAT3 phosphorylation, especially when HeLa-expressed cytokines were used.",cmvIL-10,STAT3,1,19016528,4,18,0.9307683620929931,YES,1
"At least eight single-point mutations linked to familial Parkinson's disease (A30G/P, E46K, H50Q, G51D, A53T/E/V) are located in proximity of the preNAC region, strongly implicating its pathogenic role in alphaS-mediated cytotoxicity.",E46K,H50Q,0,36208776,7,6418,0.9760390366042172,YES,1
"IMP2 facilitated IL-17-mediated Cebpd mRNA stabilization and promoted translation of C/EBPbeta/delta in response to IL-17A, IL-17F, and TNFalpha.",Cebpd,TNFalpha,1,34215679,6,13080,0.9847608275167384,YES,1
"Finally, our findings in sub-cutaneous and genetically engineered mouse model (K14-CreERtam;LSL-KrasG12D/+;Trp53R172H/+) studies showed a significant reduction in the tumor growth and delayed tumor progression after combination treatment.",G12D,R172H,0,33878394,7,1829,0.8979870731373598,YES,1
"In summary, the four CPMs may play a role in the treatment of COVID-19 by binding flavonoids such as quercetin, luteolin, and acacetin to target proteins such as ACE2, 3CLpro, and S protein and acting on TNF, IL6, IL1B, CXCL8, and other targets to participate in broad-spectrum antiviral, immunomodulatory and inflammatory responses.",luteolin,TNF,0,36388945,14,8952,0.9613090808512945,YES,1
"Methods: We present a new metabolite-sensitive computational model of human induced pluripotent stem cell-derived cardiomyocytes (hiPSC-CMs) electromechanics to investigate the pathology of R403Q HCM mutation and the effect of MAVA, BLEB, and OM on the cell mechano-energetics.",R403Q,OM,0,36388127,6,8770,0.8377259595222306,YES,1
"The levels of glucose, total protein (TP), total cholesterol (TC), and the proinflammatory cytokines interleukin (IL)-1beta, IL-6 and tumor necrosis factor (TNF)-alpha in blood were examined, and we then detected glycogen and adenosine triphosphate (ATP) content, phosphofructosekinase-1 (PFK1) and glucose-6-phosphate dehydrogenase (G6PDH) activity, glucose transporter (GLUT)1, GLUT4, sodium/glucose cotransporter (SGLT)1 and citrate synthase (CS) protein expression and autophagy levels in circulating neutrophils.",glucose,tumor necrosis factor (TNF)-alpha,0,36174980,13,5856,0.022055184033322635,NO,0
"The Swiss Army Knife (del19, L858R, T790M, Exon 20 Insertions, ""uncommon-G719X, S768I, L861Q"")",del19,T790M,0,36317157,6,8055,0.003269642096126013,NO,0
"OBJECTIVE/BACKGROUND: Recurrent somatic mutations in the JAK2, calreticulin (CALR), and the MPL genes are described as drivers of BCR-ABL1-negative myeloproliferative neoplasms (MPN) that includes polycythemia vera (PV), essential thrombocytosis (ET), primary myelofibrosis (PMF), and MPN unclassified (MPN-U).",MPL,polycythemia vera,1,33789164,9,1752,0.9522920241120166,YES,1
"We report a case of reinfection by SARS-CoV-2 with the second virus harboring amino acid changes in the Spike protein (141-143del, D215A, ins215AGY, L452R, D614G), orf1a, helicase, orf3a, and Nucleocapside.",reinfection by SARS-CoV-2,orf1a,1,34107326,10,1985,0.568178950435231,YES,1
"The combination of 2-hydroxy-3-methylbutyric acid, 3-hydroxybutyric acid, cholesterol, succinic acid, L-ornithine, oleic acid and palmitelaidic acid predicted patients who progressed from mild to severe COVID-19, with an AUC of 0.969.",palmitelaidic acid,COVID-19,1,33662365,9,1657,0.9709358714095636,YES,1
"In this case report, the authors present a case of hypertrophic mutations pachymeningitis with Factor V Leiden (G1691A), MTHFR C677T, MTHFR A1298C, PAI-1",G1691A,C677T,0,36348907,7,8251,0.653123280330563,YES,1
"Applying structural analysis to highly transmissible variants, we find that circulating point mutations S477N, E484K and N501Y form high-affinity complexes (~40% more than wild-type).",S477N,E484K,0,33992693,3,1870,0.9684910159060474,YES,1
"By using an additive model of inheritance, our moderation analysis showed that PNPLA3 rs738409 significantly modulates the relationship between carbohydrate (%), n-3 PUFAs, total isoflavones, methionine, and choline intakes and fibrosis severity in a dose-dependent, genotype manner.",carbohydrate,n-3 PUFAs,0,33306506,8,1088,0.9794330593363637,YES,1
"In summary, the four CPMs may play a role in the treatment of COVID-19 by binding flavonoids such as quercetin, luteolin, and acacetin to target proteins such as ACE2, 3CLpro, and S protein and acting on TNF, IL6, IL1B, CXCL8, and other targets to participate in broad-spectrum antiviral, immunomodulatory and inflammatory responses.",flavonoids,S,0,36388945,14,8932,0.9613090808512945,YES,1
"Relative to control, 10muM THC and 10muM CBD reduced mRNA levels of milk proteins (CSN2 and WAP), lipid synthesizing and glucose transport markers (GLUT 1, HK2, FASN, FABP4, PLIN2 and LPL), as well as whey acidic protein and lipid levels.",CBD,HK2,1,35976913,12,4630,0.9841742683047192,YES,1
"Using specific inhibitors, the authors have shown that, in EA.hy926 cells, IL-6-induced expression of MCP-1 and ICAM-1 depends on the signaling protein and transcription activator STAT3 and, in some cases, on JNK, PI3K, and MEK1/2 kinases and is independent of p38 kinase.",IL-6,ICAM-1,1,36406976,9,14001,0.9836930546545755,YES,1
"12/102 were found to have novel variants in potential diabetes genes (RFX2, RREB1, SLC5A1 (3 patients with variants in this gene), GCKR, MC4R, CASP10, TMPRSS6, HGFAC, DACH1, ZBED3).",SLC5A1,HGFAC,0,36585034,12,16263,0.9457223638297677,YES,1
Conclusion: NSCLC patients harboring A763_Y764insFQEA and D770delinsGY insertions of EGFR are responsive to the currently approved EGFR TKIs as opposed to patients with the D770_N771insSVD and V769_D770insASV variants.,A763_Y764insFQEA,D770_N771insSVD,0,36425568,6,9665,0.9747578012642791,YES,1
"According to the important role of non-structural protein 1 on the host mRNA translation, developing drug design against the protein could be so hopeful to find more effective ways the control and then treatment of the global pandemic coronavirus disease 2019.",non-structural protein 1,coronavirus disease 2019,0,36473671,2,10027,0.716693102231867,YES,1
"In this study, we investigated the effects of THC and CBD on the differentiation of MECs by assessing changes in cellular viability, lipid accumulation, and gene and protein expression of major milk protein and lipid synthesizing markers.",THC,lipid,1,35976913,3,4608,0.8813470916495693,YES,1
"Logistic regression analysis was used to evaluate the association between TPO rs2048722, PTCSC2 rs925489, SEMA4G rs4919510 polymorphisms and THCA susceptibility.",TPO,PTCSC2,0,36737753,7,12021,0.9925640687584737,YES,1
"The polymorphisms suitable for meta-analysis were CCND1 (rs17852153), COX2 (rs20417), EGF (rs4444903), EGFR (rs712829, rs11543848, 3'UTR CA repeat), FCGR2A (rs1801274), FCGR3A (rs396991), IL8 (rs4073), KRAS (rs61764370) and VEGFA (rs3025039).",CCND1,EGF,0,27897268,19,308,0.015593224939379518,NO,0
"Our study supports the clinical development of therapeutic strategies co-targeting ER, CDK4/6 and CDK2 following progression on AI-monotherapy or combined CDK4/6i and ET to improve survival of patients exhibiting high tumor levels of CDK6, p-CDK2, and/or cyclin E1.",ER,CDK2,0,36153348,7,5693,0.9258922884864754,YES,1
"Activated SGK3 can activate ion channels (TRPV5/6, SOC, Kv1.3, Kv1.5, Kv7.1, BKCa, Kir2.1, Kir2.2, ENaC, Nav1.5, ClC-2, and ClC Ka), carriers and receptors (Npt2a, Npt2b, NHE3, GluR1, GluR6, SN1, EAAT1, EAAT2, EAAT4, EAAT5, SGLT1, SLC1A5, SLC6A19, SLC6A8, and NaDC1), and Na+/K+-ATPase, promoting the transportation of calcium, phosphorus, sodium, glucose, and neutral amino acids in the kidney and intestine, the absorption of potassium and neutral amino acids in the renal tubules, the transportation of glutamate and glutamine in the nervous system, and the transportation of creatine.",Kir2.2,SLC6A19,0,36531961,37,14753,0.9831937527139952,YES,1
"The results showed that the application of biochar and especially chemically modified biochars reduced fluoride (about 15-37%) and cadmium (30-52%) contents in mint leaves, while increased soil pH and cation exchange capacity (CEC), nitrogen (12-35%), phosphorus (16-59%), potassium (17-52%), calcium (19-47%), magnesium (28-77%), iron (37-114%), zinc (45-226%), photosynthetic pigments of leaves and plant biomass (about 10-25%) under toxic conditions.",cadmium,phosphorus,0,36578343,11,11019,0.42066597346288725,NO,0
"The results showed that the levels of gene and protein catalyzing lipogenesis were increased (SREBP1, ACC1 and FAS), while those catalyzing lipolysis were decreased (ATGL, HSL and ZAG), accompanied by dyslipidemia, insulin resistance and hepatic fat accumulation, and there were higher expression of TLR4 and NF-kappaB protein and lower expression of ERalpha protein in liver, and increased serum IL-17 and TNF-alpha levels in fructose and/or BPA exposed rats compared with controls.",ERalpha,BPA,1,31661889,16,12769,0.9840876725984525,YES,1
"Activated SGK3 can activate ion channels (TRPV5/6, SOC, Kv1.3, Kv1.5, Kv7.1, BKCa, Kir2.1, Kir2.2, ENaC, Nav1.5, ClC-2, and ClC Ka), carriers and receptors (Npt2a, Npt2b, NHE3, GluR1, GluR6, SN1, EAAT1, EAAT2, EAAT4, EAAT5, SGLT1, SLC1A5, SLC6A19, SLC6A8, and NaDC1), and Na+/K+-ATPase, promoting the transportation of calcium, phosphorus, sodium, glucose, and neutral amino acids in the kidney and intestine, the absorption of potassium and neutral amino acids in the renal tubules, the transportation of glutamate and glutamine in the nervous system, and the transportation of creatine.",TRPV5/6,Nav1.5,0,36531961,37,14521,0.9831937527139952,YES,1
"After the virtual screening, dabigatran, estazolam, leucovorin, and pitavastatin were further examined in ischemic stroke using an animal rodent model of focal cerebral ischemia using transient middle cerebral artery occlusion (t-MCAO).",dabigatran,ischemic stroke,0,33384558,7,1187,0.8962071361268603,YES,1
"Mutational analysis detected 18,261 mutations in the omicron variant, majority of which were non-synonymous mutations in spike (A67, T547K, D614G, H655Y, N679K, P681H, D796Y, N856K, Q954H), followed by RNA dependent RNA polymerase (rdrp) (A1892T, I189V, P314L, K38R, T492I, V57V), ORF6 (M19M) and nucleocapsid protein (RG203KR).",P681H,D796Y,0,35367284,21,3439,0.39213664490372807,NO,0
"The results showed that the levels of gene and protein catalyzing lipogenesis were increased (SREBP1, ACC1 and FAS), while those catalyzing lipolysis were decreased (ATGL, HSL and ZAG), accompanied by dyslipidemia, insulin resistance and hepatic fat accumulation, and there were higher expression of TLR4 and NF-kappaB protein and lower expression of ERalpha protein in liver, and increased serum IL-17 and TNF-alpha levels in fructose and/or BPA exposed rats compared with controls.",SREBP1,insulin resistance,0,31661889,16,12678,0.9840876725984525,YES,1
"Serine/Threonine phosphorylation of RIPK1 is known to suppress RIPK1 kinase-mediated cell death in the contexts of inflammation, infection and embryogenesis, however, regulation by tyrosine phosphorylation has not been reported.",Threonine,infection,0,36329033,6,8102,0.8794300220109016,YES,1
"When WWOX is downregulated in middle age, aggregation of a protein cascade, including TRAPPC6ADelta (TPC6ADelta), TIAF1, and SH3GLB2, may start to occur, and the event lasts more than 30 years, which results in amyloid precursor protein (APP) degradation, amyloid beta (Abeta) generation, and neurodegeneration, as shown in Alzheimer's disease (AD).",WWOX,SH3GLB2,1,36498839,7,14061,0.9544366950344466,YES,1
"Interestingly, CALCB reverses the TNFalpha-induced decreases in CALCRL/RAMP1 associations.",CALCRL,RAMP1,1,27784654,4,261,0.9788084220941878,YES,1
"Activated SGK3 can activate ion channels (TRPV5/6, SOC, Kv1.3, Kv1.5, Kv7.1, BKCa, Kir2.1, Kir2.2, ENaC, Nav1.5, ClC-2, and ClC Ka), carriers and receptors (Npt2a, Npt2b, NHE3, GluR1, GluR6, SN1, EAAT1, EAAT2, EAAT4, EAAT5, SGLT1, SLC1A5, SLC6A19, SLC6A8, and NaDC1), and Na+/K+-ATPase, promoting the transportation of calcium, phosphorus, sodium, glucose, and neutral amino acids in the kidney and intestine, the absorption of potassium and neutral amino acids in the renal tubules, the transportation of glutamate and glutamine in the nervous system, and the transportation of creatine.",SOC,ClC-2,0,36531961,37,14556,0.9831937527139952,YES,1
"Immune and genomic profiling were obtained to guide systemic treatment, showing a PD-L1 score of 2% and FGFR2V395D and SMOW535L mutations.",FGFR2,SMO,0,35761436,5,4109,0.2692635399176116,NO,0
"Activated SGK3 can activate ion channels (TRPV5/6, SOC, Kv1.3, Kv1.5, Kv7.1, BKCa, Kir2.1, Kir2.2, ENaC, Nav1.5, ClC-2, and ClC Ka), carriers and receptors (Npt2a, Npt2b, NHE3, GluR1, GluR6, SN1, EAAT1, EAAT2, EAAT4, EAAT5, SGLT1, SLC1A5, SLC6A19, SLC6A8, and NaDC1), and Na+/K+-ATPase, promoting the transportation of calcium, phosphorus, sodium, glucose, and neutral amino acids in the kidney and intestine, the absorption of potassium and neutral amino acids in the renal tubules, the transportation of glutamate and glutamine in the nervous system, and the transportation of creatine.",ClC Ka,EAAT1,0,36531961,37,14849,0.9831937527139952,YES,1
"Phase 1 study of bendamustine in combination with clofarabine, etoposide, and dexamethasone in pediatric patients with relapsed or refractory hematologic malignancies.",etoposide,dexamethasone,1,33598942,6,1460,0.9608810853517361,YES,1
"Mechanistically, TNF-alpha and IFN-gamma co-treatment activated the JAK/STAT1/IRF1 axis, inducing nitric oxide production and driving caspase-8/FADD-mediated PANoptosis.",IFN-gamma,caspase-8,1,33278357,8,989,0.9824661099733611,YES,1
"Whereas the activity of the MgO/xAl_SBA-15 systems was moderate for the conversion of glycidol to the corresponding cyclic carbonate, the Al_SBA-15-supported imidazolium chloride catalysts gave excellent results over different epoxides (conversion of glycidol, epichlorohydrin, and styrene oxide up to 89%, 78%, and 18%, respectively).",imidazolium chloride,epoxides,1,36558016,8,10846,0.04896003045284735,NO,0
"The combination of 2-hydroxy-3-methylbutyric acid, 3-hydroxybutyric acid, cholesterol, succinic acid, L-ornithine, oleic acid and palmitelaidic acid predicted patients who progressed from mild to severe COVID-19, with an AUC of 0.969.",3-hydroxybutyric acid,oleic acid,0,33662365,9,1640,0.9709358714095636,YES,1
"ATR-MET-induced-testicular toxicity (reduced sperm motility, count, and daily sperm production and increased live/dead ratio) was accompanied with testicular oxidative stress (diminished level of reduced glutathione, activities of glutathione-S-transferase, superoxide dismutase and catalase and increased level of malondialdehyde).",testicular toxicity,superoxide dismutase,0,36262065,7,7091,0.8514734011054361,YES,1
"We observed a significant association between the ARNTL-rs7924734, ARNTL-rs10832027, VRK2- rs2678902 SNPs, and CLOCK gene expression; the PER3-rs228642 and PER3-rs10127838 were related to PER1 expression, and the ARNTL-rs10832027, ARNTL-rs11022778, and MNTR1B-rs10830963 were associated with VRK2 gene expression (p < 0.05).",rs7924734,rs2678902,0,36143969,12,5441,0.9962824850513073,YES,1
"Activated SGK3 can activate ion channels (TRPV5/6, SOC, Kv1.3, Kv1.5, Kv7.1, BKCa, Kir2.1, Kir2.2, ENaC, Nav1.5, ClC-2, and ClC Ka), carriers and receptors (Npt2a, Npt2b, NHE3, GluR1, GluR6, SN1, EAAT1, EAAT2, EAAT4, EAAT5, SGLT1, SLC1A5, SLC6A19, SLC6A8, and NaDC1), and Na+/K+-ATPase, promoting the transportation of calcium, phosphorus, sodium, glucose, and neutral amino acids in the kidney and intestine, the absorption of potassium and neutral amino acids in the renal tubules, the transportation of glutamate and glutamine in the nervous system, and the transportation of creatine.",Kv7.1,GluR6,0,36531961,37,14658,0.9831937527139952,YES,1
"The expression levels of THY1+, CD73+, and CD271+ were highest and those of CD54+ and CD29+ were lowest in CD34+THY1",CD271,CD34,0,35168627,6,3198,0.6327161370898136,YES,1
"To further investigate the functional role of EP4, ONO-AE3-208 was administrated for 4 weeks in a rat model of PD, the results of which showed that ONO-AE3-208 inhibited peritoneal fibrosis and improved peritoneal dysfunction.",ONO-AE3-208,peritoneal fibrosis,1,36438844,5,9852,0.9093111918253893,YES,1
"Logistic regression analysis was used to evaluate the association between TPO rs2048722, PTCSC2 rs925489, SEMA4G rs4919510 polymorphisms and THCA susceptibility.",rs2048722,THCA,1,36737753,7,12026,0.9925640687584737,YES,1
"A, c.1265T>C), 3 splicing (c.316+1G>T, c.682-2A>G, c.572-16C>G), 2 nonsenses (c.790delC, c.1248G>A), and 1 frameshift (c.1346delA).",c.316+1G>T,c.1248G>A,0,36760778,7,12308,0.06695305271048033,NO,0
"Ginsenoside Rg1, calpain-1 knockout, OKA, NAC and TEMPOL treatment protected against CIH-induced VED, oxidative stress and mitochondrial dysfunction, which is likely concomitant with the downregulated protein expression of calpain-1 and PP2A and the upregulation of p-eNOS in mice and cellular levels.",CIH,PP2A,1,36644390,11,15672,0.970540654988419,YES,1
"Thus, we have shown that SkQ1 suppresses not only NF-kB-dependent expression of IL-6 and other proinflammatory genes but also IL-6-induced activation of JAK/STAT3 and STAT3-dependent expression of MCP-1, which probably contributes to the overall therapeutic effect of SkQ1.",IL-6,MCP-1,1,36406976,6,14052,0.9806647166864906,YES,1
"With flumazenil blocking classical high-affinity extracellular benzodiazepine site effects, modulation of GABA-activated currents by diazepam, midazolam and flurazepam was measured electrophysiologically in wildtype and M2-15' mutant alpha1 beta3 gamma2L GABAA receptors.",GABA,midazolam,0,34386973,10,2429,0.9339893202023084,YES,1
"Specifically, we examined a D94S/G98E construct with a lower Ca2+ affinity ( -18 kcal/mol) relative to the wild type (WT) ( -22 kcal/mol) and an S55D/E59D variant with enhanced affinity ( -24 kcal/mol).",Ca2+,E59D,1,34115511,5,15882,0.9607709441026133,YES,1
"Genes provided in the present study with genetic variants associated with VTE were FVL (G1691A), Prothrombin (G20210A), MTHFR (C677T, A1298C), PAI-1 (4G/5G), factor VII activating protease (1601G > A), and endothelial protein C receptor (g.6936A_G, c.4600A_G).",VTE,A1298C,1,36316870,14,8001,0.9524318438580108,YES,1
S-adenosyl-l-methionine (SAM) is an important intermediate of folic acid pathway and acts as methyl donor and substrate for DNA (cytosine-5)-methyltransferase 3B (DNMT3B - EC 2.1.1.37) de novo methylation processes during embryogenesis.,folic acid,DNA (cytosine-5)-methyltransferase 3B,0,29379364,3,496,0.9097880035112446,YES,1
Neuroprotective Action of Coumarin Derivatives through Activation of TRKB-CREB-BDNF Pathway and Reduction of Caspase Activity in Neuronal Cells Expressing Pro-Aggregated Tau Protein.,Coumarin Derivatives,TRKB,1,36361524,5,8360,0.9102468495107758,YES,1
The novel CPLANE1 c.8948dupT (p.P2984Tfs*7) variant will assist clinicians and geneticists in reaching a precise diagnosis for JBTS.,CPLANE1,JBTS,1,36789003,4,12367,0.7640682736423255,YES,1
"Using NCI-H838 cells, neurotensin or neurotensin8-13 but not neurotensin1-8 increased EGFR, ERK and HER2 tyrosine phosphorylation which was blocked by SR48692.",EGFR,HER2,0,31614143,6,12491,0.9912890864456756,YES,1
"ST6GAL1 was associated with T2D (lead SNP rs3887925, OR=0.94, 95%CI=0.92-0.96, P=1.2x10-8 ) and the rs6783836-T allele was associated with lowered HbA1c levels (P=5.9x10-3 ) and lymphocyte count (P=2.7x10-3 ), and psoriasis (P=7.5x10-3 ) beyond thresholds for multiple testing.",rs3887925,psoriasis,0,35467766,5,3667,0.9946656958729988,YES,1
"TNF, IL6, IL1B, CXCL8, CCL2, IL2, IL4, ICAM1, IFNG, and IL10 has been predicted as key targets.",IL4,IFNG,0,36388945,10,8881,0.008693877970056278,NO,0
"80% of cases belongs to 8 mutants: 241C toT, 1163A toT, 3037C toT, 14408C toT, 23403A toG, 28881G toA, 28,882 G toA, and 28883G toC. Observed dominance of GR clade variants that have strong presence in Europe, suggesting European channel a possible entry route.",241C toT,14408C toT,0,36182010,8,6024,0.6074178020369988,YES,1
"Using a combination of regional association studies, a linkage disequilibrium map, and multivariate analysis, we revealed that the APOB locus variants rs144467873, rs13306194, and rs1367117 were independently associated with total, low-density lipoprotein (LDL), and non-high-density lipoprotein (non-HDL) cholesterol levels; rs1318006 was associated with HDL cholesterol levels; rs13306194 and rs35131127 were associated with serum triglyceride levels; rs144467873, rs13306194, rs56213756, and rs679899 were associated with remnant cholesterol levels; and rs144467873 and rs4665709 were associated with metabolic syndrome.",rs1367117,metabolic syndrome,0,36499290,12,10114,0.9986474089940667,YES,1
"There was significant interaction between FNDC5 (rs16835198) and PGC-1alpha (rs3755863, rs8192678), healthy eating behaviors, moderate-to-vigorous physical activity time, interaction between PGC-1alpha (rs8192678) and moderate-to-vigorous physical activity time in the occurrence of overweight or obesity in Chinese children and adolescents.",rs16835198,overweight,1,36760581,8,12272,0.9596904461007482,YES,1
"The aim of the study was to assess whether polymorphisms of SCL1A2 (rs4354668), SCL6A5 (rs2000959), and SCL6A9 (rs2486001) play a role in the development of MDD and its clinical picture in the Polish population.",rs2000959,rs2486001,0,36233781,7,6909,0.5532224866195508,YES,1
"Furthermore, we determined that cAMP associated with the plasma membrane was adversely affected by beta2 -AR heterologous desensitization.",cAMP,beta2 -AR,1,34555226,2,2517,0.7442918410099341,YES,1
"ELISA was performed to measure progesterone, MMP-2, MMP-9, pro-inflammatory factors TNF-alpha, IL-1beta, and anti-inflammatory factors IL-4, IL-10, and IL-13 levels.",progesterone,IL-4,1,36593749,9,15166,0.055885769728328774,NO,0
H2S attenuate UII-induced cardiovascular effects via Galphao-ROS-p38MAPK/ERK1/2 pathway.,H2S,UII,1,36421438,6,9484,0.9182373722015541,YES,1
"The deletion of iNOS or caspase-8 limited SARS-CoV-2-induced disease in mice, while caspase-8 caused lethality independent of iNOS in a model of hemophagocytic lymphohistiocytosis.",iNOS,caspase-8,1,35139355,5,3154,0.9517155884144786,YES,1
"Furthermore, ATR-MET induced cardiovascular toxicity (increased levels of plasma total cholesterol, HDL-cholesterol, LDL-cholesterol, and triglycerides) with concomitant induction of renal toxicity (increased plasma creatinine and urea levels), and hepatotoxicity (increased plasma bilirubin, alkaline phosphatase, acid phosphatase, alanine aminotransferase and aspartate aminotransferase).",cardiovascular toxicity,creatinine,0,36262065,13,7118,0.9258537486728653,YES,1
"This increased p-S6 expression was drastically reduced after combination treatment with afatinib and palbociclib in the cell lines and mouse models, suggesting its utiliy as a prognostic marker in HNSCC.",S6,palbociclib,1,33878394,5,1818,0.9117747218248728,YES,1
"Effects of 15 torsadogenic hERG blocking drugs (astemizole, chlorpromazine, cisapride, droperidol, ibutilide, dofetilide, haloperidol, moxifloxacin, pimozide, quinidine, risperidone, sotalol, sertindole, terfenadine, and thioridazine) were assessed by telemetry in beagle dogs.",chlorpromazine,haloperidol,0,35751378,17,3928,0.8304150533475919,YES,1
"By using an additive model of inheritance, our moderation analysis showed that PNPLA3 rs738409 significantly modulates the relationship between carbohydrate (%), n-3 PUFAs, total isoflavones, methionine, and choline intakes and fibrosis severity in a dose-dependent, genotype manner.",carbohydrate,methionine,0,33306506,8,1090,0.9794330593363637,YES,1
"The numbers of cells expressing RAGE, NLRP3 and TXNIP among a specific subpopulation of CD16+CD14+CD206- (""pro-inflammatory"") alveolar macrophages were higher in patients with lung injury.",NLRP3,inflammatory,0,36232959,9,6820,0.9419335751729979,YES,1
"Factor V Leiden (G1691A), MTHFR C677T, MTHFR A1298C, and",G1691A,A1298C,0,36348907,5,8241,0.0004735603622777435,NO,0
"Collectively, our results disclose two LINC00589-initiated ceRNA networks, the LINC00589-miR-100-DLG5 and LINC00589-miR-452-PRDM16- mucin4 axes, which regulate trastuzumab resistance, CSC-like properties and multiple chemoresistance of breast cancer, thus providing potential diagnostic and prognostic markers and therapeutic targets for HER2-positive breast cancer.",LINC00589,HER2,0,36309503,9,7827,0.9724380469837354,YES,1
"Acute lung injury (ALI) is one of the fatal outcomes after exposure to high levels of hydrogen sulfide (H2S), and the matrix metalloproteinases (MMPs) especially MMP-2 and MMP-9 are believed to be involved in the development of ALI by degrading the extracellular matrix (ECM) of blood-air barrier.",Acute lung injury,MMP-2,1,24722316,5,48,0.9334170789879003,YES,1
"We observed a significant association between the ARNTL-rs7924734, ARNTL-rs10832027, VRK2- rs2678902 SNPs, and CLOCK gene expression; the PER3-rs228642 and PER3-rs10127838 were related to PER1 expression, and the ARNTL-rs10832027, ARNTL-rs11022778, and MNTR1B-rs10830963 were associated with VRK2 gene expression (p < 0.05).",rs228642,rs10830963,0,36143969,12,5463,0.9962824850513073,YES,1
"The results showed that the levels of gene and protein catalyzing lipogenesis were increased (SREBP1, ACC1 and FAS), while those catalyzing lipolysis were decreased (ATGL, HSL and ZAG), accompanied by dyslipidemia, insulin resistance and hepatic fat accumulation, and there were higher expression of TLR4 and NF-kappaB protein and lower expression of ERalpha protein in liver, and increased serum IL-17 and TNF-alpha levels in fructose and/or BPA exposed rats compared with controls.",NF-kappaB,BPA,1,31661889,16,12765,0.9840876725984525,YES,1
"Besides, A-kinase Anchoring Protein 8 Like (AKAP8L) was shown as the linkage unit between M, E, and E cluster genes.",A-kinase Anchoring Protein 8 Like,E,1,36528612,3,10491,0.9498319391966904,YES,1
"To explore the association between TPO rs2048722, PTCSC2 rs925489, SEMA4G rs4919510 polymorphisms and THCA susceptibility in Chinese population.",TPO,PTCSC2,0,36737753,7,12009,0.7548564052961113,YES,1
"OEA, but not PEA, attenuated TLR3-induced increases in the expression of all IRF- and NFkappaB-related genes examined in the hypothalamus, but not in the spleen.",PEA,NFkappaB,0,34265624,5,13198,0.9686500249602424,YES,1
"After pretreatment with NaHS in thyrocytes, ACE2 and NRP1 expression were downregulated compared to IFN-gamma or TNF-alpha treatment, and NaHS had no effect on TMPRSS2 expression.",ACE2,NRP1,0,36362417,6,13905,0.9419555985699931,YES,1
and CXCL13 were overexpressed and miR-18a was underexpressed in MCAO-induced mice and OGD-treated N2a cells.,miR-18a,MCAO,0,32862188,5,768,0.6023820751156116,YES,1
"Here, we explored the mechanisms activating and regulating NLRP3 inflammasomes via the acid sphingomyelinase (ASM)-ceramide signaling pathway.",NLRP3,acid sphingomyelinase,1,36252682,3,6924,0.8206892195763537,YES,1
"Six SNPs of ABCB1 (rs3842, rs1045642, rs2032582, rs1128503, rs3213619, and rs3747802), one SNP of CYP3A5 (rs776746), seven SNPs of APOB (rs1042034, rs2163204, rs693, rs679899, rs13306194, rs13306198, and rs1367117), and two SNPs of APOE (rs429358 and rs7412) were analyzed by a TaqMan genotyping assay.",rs679899,rs13306194,0,36145636,20,5586,0.03417951892894838,NO,0
"The combination of zinc with flavonoids (apigenin, epicatechin, and naringenin) seems to stimulate the process of carcinogenesis.",epicatechin,naringenin,1,36673448,6,15778,0.8352050038206933,YES,1
"Associations of CRISPLD2 (cysteine-rich secretory protein LCCL domain containing 2) and genes belonging to its activation pathway, including FOS (Fos proto-oncogene), CASP8 (caspase 8) and MMP2 (matrix metalloproteinase 2), with nonsyndromic orofacial cleft risk, have been reported, but the results are yet unclear.",FOS,MMP2,0,36661544,5,16376,0.9649385033976008,YES,1
"Above all, SFN and ISO possessed high logP values and effectively improving DSS-induced colitis by activating the Keap1-Nrf2 pathway to alleviate oxidative stress and inflammatory responses.",colitis,Nrf2,1,36552614,7,10739,0.9277471994496254,YES,1
"After MCAO surgery, severe neurological deficits were detected in the MCAO group compared with the sham controls, which were significantly reversed by dabigatran, estazolam, and pitavastatin treatment.",MCAO,pitavastatin,1,33384558,5,1231,0.9784922708323991,YES,1
"Furthermore, CALCB, ADM, and ADM2 have no effects on the associations of CALCRL with any of the RAMPs in RUASM cells.",CALCB,CALCRL,1,27784654,4,252,0.6776279785146039,YES,1
"TNF, IL6, IL1B, CXCL8, CCL2, IL2, IL4, ICAM1, IFNG, and IL10 has been predicted as key targets.",IL6,CXCL8,0,36388945,10,8851,0.008693877970056278,NO,0
"The cAMP-binding effector, exchange protein activated by cAMP 1 (Epac1), which is known to induce SOCS3, differentially regulated the P2Y11/IL-1R response because pharmacological Epac1 inhibition enhanced sTNFR2 and CCL20 release, but had no effect on VEGF secretion.",P2Y11,TNFR2,0,36107259,8,4957,0.9795826011629407,YES,1
"In the case of the AGT (rs699) and ABCA1 (rs2230806) genes polymorphisms, the risk of death was higher in GG homozygotes compared to the A allele carriers in the 10-year period.",rs699,death,1,36421822,5,9565,0.9756085576370126,YES,1
"PROCA1 played a potential tumor-suppressive role inducing cell apoptosis and DDP chemosensitivity via recruiting ZFP36L2 to bind to the 3' untranslated region of BCL2, reducing the stability of BCL2 mRNA and thus activating the apoptotic signal.",PROCA1,tumor,0,36627670,5,15461,0.9899001023548534,YES,1
"Maslinic acid increased the mechanical pain threshold and inhibited the expression of p-P65, MLCK, MEF2C, and MyoC.",MLCK,MyoC,0,36408215,6,9214,0.9808431462289664,YES,1
"Insulin and IGF-1 receptors (IR/IGF1R) are highly homologous and share similar signaling systems, but each has a unique physiological role, with IR primarily regulating metabolic homeostasis and IGF1R regulating mitogenic control and growth.",Insulin and IGF-1 receptors,IGF1R,1,36548088,3,10529,0.9614829931295229,YES,1
"In comparison, OEA and PEA attenuated the TLR3-induced hyperthermia, although only OEA attenuated the expression of hyperthermia-related genes (IL-1beta, iNOS, COX2 and m-PGES) in the hypothalamus.",OEA,hyperthermia,1,34265624,8,13166,0.9752574877963897,YES,1
"The distribution of allelic frequencies in the AMPD1 and MLCK c.37885C>A polymorphisms were different between non-injured and injured soccer players (p < 0.001 and p = 0.003, respectively).",AMPD1,injured,1,36468031,4,10023,0.9754896385188991,YES,1
"Compared with the wild type (WT), the M5D mutant (Q34P/A37P/M176V/G177A/M294R/ G28C-P206C), which contains five single-point mutations and one additional disulfide bond, displayed a 14.0  C increase in the melting temperature (Tm), 5  C in the optimal temperature, and 1154.3-fold in the half-life (t1/2) at 55  C.",Q34P,P206C,0,36553811,8,10757,0.985077459858442,YES,1
"Pemetrexed (PEM), which is commonly used following EGFR-TKI treatment failure, was identified as an effective potentiator of STING-dependent TBK1-IRF3-STAT1 signaling in MET-amplified, EGFR-TKI-resistant cells.",IRF3,MET,0,36066413,7,4813,0.9761722754312495,YES,1
"Western blot was performed to detect Cyclin D1, PCNA, MMP-2, MMP-9, inflammatory factors TNF-alpha, IL-1beta, IL-4, IL-10, IL-13, and",inflammatory,IL-13,1,36593749,10,15231,0.0027424683718585393,NO,0
"Relative to control, 10muM THC and 10muM CBD reduced mRNA levels of milk proteins (CSN2 and WAP), lipid synthesizing and glucose transport markers (GLUT 1, HK2, FASN, FABP4, PLIN2 and LPL), as well as whey acidic protein and lipid levels.",glucose,FASN,1,35976913,12,4661,0.9841742683047192,YES,1
"From 67 FDA-covalent drugs, afatinib, dacomitinib, acalabrutinib, neratinib, zanubrutinib, dutasteride, and finasteride were predicted to be active inhibitors.",afatinib,zanubrutinib,0,36614109,7,11204,0.9426846822286868,YES,1
"Two novel variants, c.286C>A (p.(Pro96Thr), RNA not analyzed) in exon 5 and deletion c.685_688+6del(p.(Lys229Glyfs*4), RNA not analyzed) in exon 10, were found in one Lebanese and one Syrian family, respectively, and were correlated with early-onset and severe clinical presentation.",c.286C>A,p.(Lys229Glyfs*4),0,36680390,4,11649,0.9919256114416729,YES,1
"In contrast, the combination of dapagliflozin + spironolactone did not change the migration rate of fibroblast but significantly altered SGLT2i responses on MMP9, GAL3, and IL-1b expression, in association with increased phosphorylation of the kinases AKT/GSK3 and ERK1/2.",IL-1b,AKT,1,36303443,8,13858,0.9686935711976551,YES,1
"12/102 were found to have novel variants in potential diabetes genes (RFX2, RREB1, SLC5A1 (3 patients with variants in this gene), GCKR, MC4R, CASP10, TMPRSS6, HGFAC, DACH1, ZBED3).",GCKR,CASP10,0,36585034,12,16267,0.9457223638297677,YES,1
"Western blot was performed to detect Cyclin D1, PCNA, MMP-2, MMP-9, inflammatory factors TNF-alpha, IL-1beta, IL-4, IL-10, IL-13, and",PCNA,TNF-alpha,0,36593749,10,15209,0.0027424683718585393,NO,0
"Activated SGK3 can activate ion channels (TRPV5/6, SOC, Kv1.3, Kv1.5, Kv7.1, BKCa, Kir2.1, Kir2.2, ENaC, Nav1.5, ClC-2, and ClC Ka), carriers and receptors (Npt2a, Npt2b, NHE3, GluR1, GluR6, SN1, EAAT1, EAAT2, EAAT4, EAAT5, SGLT1, SLC1A5, SLC6A19, SLC6A8, and NaDC1), and Na+/K+-ATPase, promoting the transportation of calcium, phosphorus, sodium, glucose, and neutral amino acids in the kidney and intestine, the absorption of potassium and neutral amino acids in the renal tubules, the transportation of glutamate and glutamine in the nervous system, and the transportation of creatine.",ClC Ka,GluR1,0,36531961,37,14846,0.9831937527139952,YES,1
"Further analysis indicated that PRKD1 might be a cooperating factor to regulate the expression of FOXG1, MECP2 and CDKL5 to contribute the RTT/RTT-like disorders.",FOXG1,RTT/RTT-like disorders,1,36568277,5,10915,0.9615668051178912,YES,1
"Activated SGK3 can activate ion channels (TRPV5/6, SOC, Kv1.3, Kv1.5, Kv7.1, BKCa, Kir2.1, Kir2.2, ENaC, Nav1.5, ClC-2, and ClC Ka), carriers and receptors (Npt2a, Npt2b, NHE3, GluR1, GluR6, SN1, EAAT1, EAAT2, EAAT4, EAAT5, SGLT1, SLC1A5, SLC6A19, SLC6A8, and NaDC1), and Na+/K+-ATPase, promoting the transportation of calcium, phosphorus, sodium, glucose, and neutral amino acids in the kidney and intestine, the absorption of potassium and neutral amino acids in the renal tubules, the transportation of glutamate and glutamine in the nervous system, and the transportation of creatine.",TRPV5/6,SGLT1,0,36531961,37,14534,0.9831937527139952,YES,1
"Six SNPs of ABCB1 (rs3842, rs1045642, rs2032582, rs1128503, rs3213619, and rs3747802), one SNP of CYP3A5 (rs776746), seven SNPs of APOB (rs1042034, rs2163204, rs693, rs679899, rs13306194, rs13306198, and rs1367117), and two SNPs of APOE (rs429358 and rs7412) were analyzed by a TaqMan genotyping assay.",rs776746,rs1042034,0,36145636,20,5555,0.03417951892894838,NO,0
"Altogether, our findings suggest fisetin as a potential treatment for psoriasis and possibly other inflammatory skin diseases.",fisetin,inflammatory skin diseases,0,36741386,3,12152,0.9556877124153644,YES,1
"Effects of 15 torsadogenic hERG blocking drugs (astemizole, chlorpromazine, cisapride, droperidol, ibutilide, dofetilide, haloperidol, moxifloxacin, pimozide, quinidine, risperidone, sotalol, sertindole, terfenadine, and thioridazine) were assessed by telemetry in beagle dogs.",sotalol,thioridazine,0,35751378,17,4011,0.8304150533475919,YES,1
"Excessive intake of heavy metals, such as arsenic (As), manganese (Mn), mercury (Hg), aluminium (Al), lead (Pb), nickel (Ni), bismuth (Bi), cadmium (Cd), copper (Cu), zinc (Zn), and iron (Fe), is neurotoxic and it promotes neurodegeneration.",aluminium,nickel,0,33412145,14,1298,0.8941381350807671,YES,1
"Activated SGK3 can activate ion channels (TRPV5/6, SOC, Kv1.3, Kv1.5, Kv7.1, BKCa, Kir2.1, Kir2.2, ENaC, Nav1.5, ClC-2, and ClC Ka), carriers and receptors (Npt2a, Npt2b, NHE3, GluR1, GluR6, SN1, EAAT1, EAAT2, EAAT4, EAAT5, SGLT1, SLC1A5, SLC6A19, SLC6A8, and NaDC1), and Na+/K+-ATPase, promoting the transportation of calcium, phosphorus, sodium, glucose, and neutral amino acids in the kidney and intestine, the absorption of potassium and neutral amino acids in the renal tubules, the transportation of glutamate and glutamine in the nervous system, and the transportation of creatine.",SLC6A8,glutamate,0,36531961,37,15095,0.9831937527139952,YES,1
"We found mutations (V416L, A428D, M437R, T474I, and L528W) that were clustered in the kinase domain of BTK and that conferred resistance to both noncovalent BTK inhibitors and certain covalent BTK inhibitors.",M437R,L528W,0,35196427,6,3291,0.9882003393639845,YES,1
"Activated SGK3 can activate ion channels (TRPV5/6, SOC, Kv1.3, Kv1.5, Kv7.1, BKCa, Kir2.1, Kir2.2, ENaC, Nav1.5, ClC-2, and ClC Ka), carriers and receptors (Npt2a, Npt2b, NHE3, GluR1, GluR6, SN1, EAAT1, EAAT2, EAAT4, EAAT5, SGLT1, SLC1A5, SLC6A19, SLC6A8, and NaDC1), and Na+/K+-ATPase, promoting the transportation of calcium, phosphorus, sodium, glucose, and neutral amino acids in the kidney and intestine, the absorption of potassium and neutral amino acids in the renal tubules, the transportation of glutamate and glutamine in the nervous system, and the transportation of creatine.",GluR6,sodium,0,36531961,37,14966,0.9831937527139952,YES,1
"Screening of nine affected families revealed two novel (c.5571_5576delinsCTAGATand c.471dup in EYS and SPATA7 genes, respectively) and six reported pathogenic mutations (c.304C>A, c.187C>T, c.1560C>A, c.547C>T, c.109del and c.9911_11550del in PDE6A, USH2A, USH2A, NMNAT1, PAX6 and ALMS1 genes, respectively) segregating with disease phenotype in each respective family.",SPATA7,USH2A,0,36140798,15,5318,0.9615911635802566,YES,1
"Q57H and T151I of ORF3a; T21I and W27L of ORF6; G38V, V82A, and T120I of ORF7a; S31P and T40I of ORF7b; and R52I, C61F, and I121L of ORF8 were highly frequent in most variants of concern and were within known functional domains.",T21I,T120I,0,35764775,17,4144,0.4601022567950377,NO,0
"We report a case of reinfection by SARS-CoV-2 with the second virus harboring amino acid changes in the Spike protein (141-143del, D215A, ins215AGY, L452R, D614G), orf1a, helicase, orf3a, and Nucleocapside.",reinfection by SARS-CoV-2,D614G,1,34107326,10,1984,0.568178950435231,YES,1
"A, c.1265T>C), 3 splicing (c.316+1G>T, c.682-2A>G, c.572-16C>G), 2 nonsenses (c.790delC, c.1248G>A), and 1 frameshift (c.1346delA).",c.1265T>C,c.1248G>A,0,36760778,7,12303,0.06695305271048033,NO,0
"The combination of 2-hydroxy-3-methylbutyric acid, 3-hydroxybutyric acid, cholesterol, succinic acid, L-ornithine, oleic acid and palmitelaidic acid predicted patients who progressed from mild to severe COVID-19, with an AUC of 0.969.",cholesterol,COVID-19,1,33662365,9,1647,0.9709358714095636,YES,1
"We observed suggestive evidence (P < 0.05) for eight variants (rs17026425, rs17057166, rs6854845, rs1728400, rs17693104, rs202280, rs6797464, and rs823920) in all colorectal cancer and two variants (rs17026425 and rs6854845) in rectal cancer that were concordant with previous reports.",rs6854845,rs17693104,0,31488414,10,651,0.9359168034677328,YES,1
High-mobility-group protein 2 (HMGB2) expression is upregulated in human liver cancer.,High-mobility-group protein 2,liver cancer,0,29218329,3,452,0.9516225612799649,YES,1
"Through a bioinformatics analysis, we revealed that glutamine synthetase/glutamate-ammonia ligase (GLUL) might play essential roles in the recurrence of tamoxifen-resistant ER+ patients.",glutamine synthetase,tamoxifen,1,36619229,5,11264,0.922036009455107,YES,1
"After MCAO surgery, severe neurological deficits were detected in the MCAO group compared with the sham controls, which were significantly reversed by dabigatran, estazolam, and pitavastatin treatment.",dabigatran,estazolam,0,33384558,5,1235,0.9784922708323991,YES,1
Receptor for Advanced Glycation End-Products Promotes Activation of Alveolar Macrophages through the NLRP3 Inflammasome/TXNIP Axis in Acute Lung Injury.,TXNIP,Acute Lung Injury,1,36232959,4,6755,0.9799955728613876,YES,1
"We observed suggestive evidence (P < 0.05) for eight variants (rs17026425, rs17057166, rs6854845, rs1728400, rs17693104, rs202280, rs6797464, and rs823920) in all colorectal cancer and two variants (rs17026425 and rs6854845) in rectal cancer that were concordant with previous reports.",rs17693104,rs202280,0,31488414,10,663,0.9359168034677328,YES,1
"TPO rs2048722, PTCSC2 rs925489 and SEMA4G rs4919510 polymorphisms were evidently associated with the risk of THCA in the Chinese population, which was affected by age, gender, smoking and drinking consumption.",PTCSC2,SEMA4G,0,36737753,7,12047,0.9926939648242478,YES,1
"Exposure to Cu led to significant neurobehavioral abnormalities; treatment with MiADMSA, and in particular MiADMSA + ALA, significantly ameliorated the neurobehavioral parameters and restored the memory deficits in rats.",Cu,MiADMSA,1,36548551,6,10592,0.9868236825679145,YES,1
"Treatment of ERK inhibitor U0126 or PI3K inhibitor wortmannin decreased p-CREB, BDNF and BCL2 in these cells, implying that the neuroprotective effects of LMDS-1/2 are via activating TRKB downstream ERK, PI3K-AKT and CREB signaling.",ERK,PI3K,0,36361524,10,8400,0.9644053837301948,YES,1
"Activation of induced cell death by C9 and C21 with apoptotic and necrosis-like characteristics was observed, including an increase in annexin-V+propidium iodide-, annexin-V+propidium iodide+, cleaved caspase 3 and PARP, cytochrome c release, and nuclear alterations.",annexin-V,caspase 3,0,36500726,6,10250,0.8585531693903027,YES,1
"Guanosine accelerated the malignant progression of ICC inhibition of purine metabolism-related genes, PPAT and IMPDH2, suppressed the malignant phenotype in HCCC-9810 cells, and inhibited tumor growth.",Guanosine,purine,0,36711025,7,11946,0.8163220327223722,YES,1
Statin prevents cancer development in chronic inflammation by blocking interleukin 33 expression.,Statin,interleukin 33,1,36711701,4,11961,0.9828663573054092,YES,1
Conclusions Significant associations at MYRF-FADS1-FADS2 indicate that genetically elevated polyunsaturated fatty acids may decrease ischemic stroke risk in East Asians.,MYRF,FADS2,0,36193932,5,6227,0.9733282541325877,YES,1
Endothelin-1-mediated miR-let-7g-5p triggers interlukin-6 and TNF-alpha to cause myopathy and chronic adipose inflammation in elderly patients with diabetes mellitus.,interlukin-6,diabetes mellitus,0,35468098,8,3689,0.963075557006533,YES,1
"In nude mice, the IMPDH1 inhibitory drug MMF inhibited tumor growth and reduced the expression of tumor stem cell characteristic markers CD133 and SOX2.",IMPDH1,MMF,1,36711025,6,11935,0.9855199460821807,YES,1
"In conclusion, HFS is a biomarker of treatment outcome and rs6783836 in ST6GAL1 is a potential biomarker for HFS with links to T2D and inflammation.",rs6783836,T2D,1,35467766,5,3671,0.9564723474334316,YES,1
"In vitro, N-acetylcysteine (NAC) inhibited NLRP3 inflammasome activation and NLRP3 knockdown reduced GSDMD expression, in MOVAS cells treated with TNF-alpha.",N-acetylcysteine,GSDMD,0,35217818,5,3336,0.9659262201367271,YES,1
"TNF-alpha and IFN-gamma caused a lethal cytokine shock in mice that mirrors the tissue damage and inflammation of COVID-19, and inhibiting PANoptosis protected mice from this pathology and death.",IFN-gamma,COVID-19,1,33278357,7,1013,0.9719114172677372,YES,1
"The multifactor-dimensionality reduction (MDR) analysis was performed to identify the epistasis between SNP located in genes of IL-alpha (rs1800587), IL-6 (rs1800796), TNFalpha (rs361525 and rs1800629), and IFNgamma (rs2069705).",rs1800587,rs361525,0,36389080,9,9013,0.7994912225153692,YES,1
"Our study supports the clinical development of therapeutic strategies co-targeting ER, CDK4/6 and CDK2 following progression on AI-monotherapy or combined CDK4/6i and ET to improve survival of patients exhibiting high tumor levels of CDK6, p-CDK2, and/or cyclin E1.",CDK6,cyclin E1,0,36153348,7,5706,0.9258922884864754,YES,1
"Pemetrexed (PEM), which is commonly used following EGFR-TKI treatment failure, was identified as an effective potentiator of STING-dependent TBK1-IRF3-STAT1 signaling in MET-amplified, EGFR-TKI-resistant cells.",Pemetrexed,EGFR,0,36066413,7,4794,0.9761722754312495,YES,1
"Mutational analysis detected 18,261 mutations in the omicron variant, majority of which were non-synonymous mutations in spike (A67, T547K, D614G, H655Y, N679K, P681H, D796Y, N856K, Q954H), followed by RNA dependent RNA polymerase (rdrp) (A1892T, I189V, P314L, K38R, T492I, V57V), ORF6 (M19M) and nucleocapsid protein (RG203KR).",D796Y,RG203KR,0,35367284,21,3459,0.39213664490372807,NO,0
Topical administration of fisetin in an imiquimod (IMQ)-induced mouse psoriasis model exhibited a better effect than rapamycin in reducing psoriasis-like inflammation and Akt/mTOR phosphorylation and promoting keratinocyte differentiation and autophagy in mice skin lesions.,inflammation,mTOR,0,36741386,9,12131,0.991031497291967,YES,1
"Mutational analysis detected 18,261 mutations in the omicron variant, majority of which were non-synonymous mutations in spike (A67, T547K, D614G, H655Y, N679K, P681H, D796Y, N856K, Q954H), followed by RNA dependent RNA polymerase (rdrp) (A1892T, I189V, P314L, K38R, T492I, V57V), ORF6 (M19M) and nucleocapsid protein (RG203KR).",Q954H,V57V,0,35367284,21,3474,0.39213664490372807,NO,0
"Therefore, abnormal lipid metabolism in the liver of developmental rats could be exacerbated by combined exposed to fructose and BPA.",abnormal lipid metabolism,BPA,1,31661889,4,12777,0.8925658498862145,YES,1
"Background: In this study, we evaluated the clinical characteristics, prognosis, and gene mutations of five children with citrullinemia type I (CTLN1) diagnosed in our department and identified two novel ASS1 gene mutations.",citrullinemia type I,ASS1,1,36263152,3,7182,0.8609428432065879,YES,1
"In summary, the four CPMs may play a role in the treatment of COVID-19 by binding flavonoids such as quercetin, luteolin, and acacetin to target proteins such as ACE2, 3CLpro, and S protein and acting on TNF, IL6, IL1B, CXCL8, and other targets to participate in broad-spectrum antiviral, immunomodulatory and inflammatory responses.",quercetin,luteolin,0,36388945,14,8938,0.9613090808512945,YES,1
"Furthermore, allergic rhinitis mice exhibited overproduction of epithelial-derived cytokines (thymic stromal lymphopoietin, interleukin-25, interleukin-33), C-C motif chemokine ligand 26 (CCL26), and mucin 5 AC (MUC5AC).",interleukin-25,interleukin-33,0,36571426,7,10968,0.8870453089636152,YES,1
"Mechanistically, LINC00589 serves as a ceRNA platform that simultaneously sponges miR-100 and miR-452 and relieves their repression of tumor suppressors, including discs large homolog 5 (DLG5) and PR/SET domain 16 (PRDM16, a transcription suppressor of mucin4), thereby exerting multiple cancer inhibitory functions and counteracting drug resistance.",miR-100,discs large homolog 5,1,36309503,7,7807,0.9599412314421549,YES,1
"We demonstrate that impaired IL-23 immunity caused by a homozygous R381X mutation in IL23R underlies MSMD, corroborating earlier findings with a homozygous p.C115Y IL23R mutation.",MSMD,p.C115Y,0,35829840,5,4350,0.9708138397810974,YES,1
"Wnt5a, beta-catenin, and Nrf-2 expression were significantly increased following genistein and lycopene treatment (p < 0.0001), thus confirming their antioxidant activity as well as their ability in stimulating osteoblast function, mostly when genistein and lycopene were used in association.",Nrf-2,lycopene,1,36296984,5,7501,0.9459634582884482,YES,1
"Expressions of surface markers associated with MSCs (THY1, CD34, CD73, CD271, CD54, CD44, and CD29) were evaluated in fleshly isolated SF subsets by flow cytometry.",CD271,CD44,0,35168627,7,3182,0.15404514795233903,NO,0
"Repeated treatment with combined 5-Fu, cisplatin, and paclitaxel induced cross-resistance against TMZ and EP.",cisplatin,paclitaxel,1,36660193,5,11482,0.9863931193722212,YES,1
"Y383F mice are largely alleviated by RIPK1 kinase inhibition, and prevented by genomic deletions targeted to the upstream pathway (either to Tumor necrosis factor receptor 1 or RIPK3 and Caspase8 simultaneously).",RIPK3,Caspase8,0,36329033,6,8139,0.878728489055642,YES,1
"Using a combination of regional association studies, a linkage disequilibrium map, and multivariate analysis, we revealed that the APOB locus variants rs144467873, rs13306194, and rs1367117 were independently associated with total, low-density lipoprotein (LDL), and non-high-density lipoprotein (non-HDL) cholesterol levels; rs1318006 was associated with HDL cholesterol levels; rs13306194 and rs35131127 were associated with serum triglyceride levels; rs144467873, rs13306194, rs56213756, and rs679899 were associated with remnant cholesterol levels; and rs144467873 and rs4665709 were associated with metabolic syndrome.",rs1318006,rs679899,0,36499290,12,10125,0.9986474089940667,YES,1
"After pretreatment with NaHS in thyrocytes, ACE2 and NRP1 expression were downregulated compared to IFN-gamma or TNF-alpha treatment, and NaHS had no effect on TMPRSS2 expression.",IFN-gamma,TMPRSS2,1,36362417,6,13913,0.9419555985699931,YES,1
"We performed patch-clamp recordings of MSNs in rat striatal slices subjected to oxygen and glucose deprivation (OGD) to investigate the effects of A2A receptor ligands or ion channel blockers on AD and OGD-induced ionic imbalance, measured as a positive shift in Erev of ramp currents.",glucose,A2A receptor,1,35817954,5,4258,0.7746576674303643,YES,1
"The results of this study extend genotype-phenotype correlations between the CHST6 gene mutations and MCD clinical findings, contributing to a more accurate diagnosis and the development of potential gene-targeted MCD therapies.",CHST6,MCD,1,33987320,2,1854,0.9873104376210406,YES,1
"Guanosine reversed IMPDH1 expression in HCCC-9810 cells, promoting the secretion of inflammatory factors IL-6, IL-8, OPN, VEGF, and VCAM-1 and intensifying epithelial-mesenchymal transition (EMT) progression in the cells.",IMPDH1,VCAM-1,0,36711025,9,11919,0.9704636956035768,YES,1
"The aim of this study was to investigate the effects of a combined oral treatment, consisting of genistein and lycopene, in an experimental model of glucocorticoid-induced osteoporosis (GIO).",lycopene,osteoporosis,1,36296984,4,7472,0.9203379964073378,YES,1
"Our results indicate that circFAT1 promote tumorigenesis in LUAD through sequestering miR-7, consequently upregulating IRS2-ERK1/2-mediated CCND1 expression, and can be a valuable therapeutic target and an important parameter for precision treatment in LUAD patients.",miR-7,ERK1/2,1,35844799,6,4392,0.9927806174101165,YES,1
Subsequent echocardiography showed that APC and APC-2Cys but not APC-E170A ameliorated cardiac dysfunction during I/R in both young and aged mice.,E170A,I/R,1,34930019,5,2948,0.9764359485006343,YES,1
"Since SARS-CoV-2 enters and infects target cells by binding its spike (S) protein to cellular angiotensin-converting enzyme 2 (ACE2), and there is evidence that vascular endothelial cells and neutrophils express ACE2, we investigated the effect of S-proteins and cell-cell communication on primary human lung microvascular endothelial cells (HLMEC) and neutrophils expression of thrombogenic factors and the potential mechanisms.",spike,angiotensin-converting enzyme 2,1,36142345,5,13555,0.9405320675675143,YES,1
"Using a combination of regional association studies, a linkage disequilibrium map, and multivariate analysis, we revealed that the APOB locus variants rs144467873, rs13306194, and rs1367117 were independently associated with total, low-density lipoprotein (LDL), and non-high-density lipoprotein (non-HDL) cholesterol levels; rs1318006 was associated with HDL cholesterol levels; rs13306194 and rs35131127 were associated with serum triglyceride levels; rs144467873, rs13306194, rs56213756, and rs679899 were associated with remnant cholesterol levels; and rs144467873 and rs4665709 were associated with metabolic syndrome.",APOB,cholesterol,1,36499290,12,10085,0.9986474089940667,YES,1
"In Sprague-Dawley rats, administration of UII into the RVLM resulted in an increase in mean arterial pressure (MAP), heart rate (HR), ROS production, nicotinamide adenine dinucleotide phosphate (NADPH) oxidase activity, and phosphorylation of p47phox, extracellular signal-regulated protein kinase (ERK)1/2 and p38MAPK, but not stress-activated protein kinase/Jun N-terminal kinase (SAPK/JNK).",UII,p47phox,1,36421438,9,9429,0.9816947906287624,YES,1
"Association Study of the SLC1A2 (rs4354668), SLC6A9 (rs2486001), and SLC6A5 (rs2000959) Polymorphisms in Major Depressive Disorder.",SLC6A9,Major Depressive Disorder,1,36233781,7,6889,0.90606395045575,YES,1
"Thence, we design a three-pronged platinum@polymer-catechol nanobraker to deliver mTOR inhibitor TAK228 and anti-PD-L1 antibody (aPD-L1) for impeding the melanoma-PD-1-driven aggression and maximizing the melanoma eradication.",platinum@polymer,catechol,1,36203954,7,6346,0.9147238995630536,YES,1
"In vitro, fisetin significantly inhibited mTOR activity, increased the expression of autophagy markers LC3A/B and Atg5 in HEKa cells and suppressed the secretion of IL-17A by activated CD4+ T lymphocytes or T lymphocytes co-cultured with HEKa.",Atg5,CD4,0,36741386,7,12108,0.9769393802559637,YES,1
This revealed the ability of WDR37 to form homodimers and to strongly bind PACS1 and PACS2 phosphofurin acidic cluster sorting proteins; immunocytochemistry confirmed colocalization of WDR37 with PACS1 and PACS2 in human cells.,WDR37,PACS1,1,34642815,4,15927,0.9980859875001962,YES,1
"MYC induced the expression of the tryptophan transporters SLC7A5 and SLC1A5 and the enzyme arylformamidase (AFMID), involved in the conversion of tryptophan into kynurenine.",SLC7A5,arylformamidase,0,31416966,6,538,0.9776427951807031,YES,1
"KRT80 overexpression increased the expression of BCL2/BAX, CyclinD1, MMP2, MMP9, and N-cadherin, decreased the expression of E-cadherin, and increased the phosphorylation of MEK and ERK.",CyclinD1,E-cadherin,0,34659572,10,2670,0.9919152378253429,YES,1
"SLC7A5, SLC1A5, and AFMID were elevated in colon cancer cells and tissues, and kynurenine was significantly greater in tumor samples than in the respective adjacent normal tissue from patients with colon cancer.",SLC7A5,tumor,0,31416966,7,547,0.9795429727353346,YES,1
"A 72-year-old man, who received seven courses of atezolizumab/bevacizumab for hepatocellular carcinoma due to hepatitis B, was admitted to our department with idiopathic abdominal pain and diarrhea (grade 2",atezolizumab,hepatocellular carcinoma,1,36224043,7,6607,0.8671330327237486,YES,1
"Six SNPs of ABCB1 (rs3842, rs1045642, rs2032582, rs1128503, rs3213619, and rs3747802), one SNP of CYP3A5 (rs776746), seven SNPs of APOB (rs1042034, rs2163204, rs693, rs679899, rs13306194, rs13306198, and rs1367117), and two SNPs of APOE (rs429358 and rs7412) were analyzed by a TaqMan genotyping assay.",rs776746,rs693,0,36145636,20,5557,0.03417951892894838,NO,0
"Effects of 15 torsadogenic hERG blocking drugs (astemizole, chlorpromazine, cisapride, droperidol, ibutilide, dofetilide, haloperidol, moxifloxacin, pimozide, quinidine, risperidone, sotalol, sertindole, terfenadine, and thioridazine) were assessed by telemetry in beagle dogs.",astemizole,sertindole,0,35751378,17,3921,0.8304150533475919,YES,1
"He was treated with the FGFR inhibitor, erdafitinib, with excellent partial response including resolution of intracranial disease and cancer-related pain, ongoing 2 years after drug initiation.",erdafitinib,intracranial disease,1,35761436,4,4114,0.9818369599044766,YES,1
"This strategy allowed us to identify the emergence of the B.1.621 lineage, considered a variant of interest (VOI) with the accumulation of several substitutions affecting the Spike protein, including the amino acid changes I95I, Y144T, Y145S and the insertion 146 N in the N-terminal domain, R346K, E484K and N501Y in the Receptor binding Domain (RBD) and P681H in the S1/S2 cleavage site of the Spike protein.",R346K,P681H,0,34403832,8,2491,0.607504465408199,YES,1
"Six SNPs of ABCB1 (rs3842, rs1045642, rs2032582, rs1128503, rs3213619, and rs3747802), one SNP of CYP3A5 (rs776746), seven SNPs of APOB (rs1042034, rs2163204, rs693, rs679899, rs13306194, rs13306198, and rs1367117), and two SNPs of APOE (rs429358 and rs7412) were analyzed by a TaqMan genotyping assay.",rs679899,rs7412,0,36145636,20,5590,0.03417951892894838,NO,0
KRT80 expression is an independent prognostic factor in patients with ovarian cancer.,KRT80,ovarian cancer,1,34659572,3,2641,0.972234502933088,YES,1
"P2Y11-induced IL-1R upregulation formed the basis for reinforced IL-1 responsiveness of activated M2 macrophages, as IL-1alpha and IL-1ss each enhanced P2Y11-induced secretion of VEGF and CCL20 as well as the previously reported shedding of soluble tumor necrosis factor receptor 2 (sTNFR2).",IL-1R,tumor necrosis factor receptor 2,0,36107259,8,4919,0.9589939728664298,YES,1
"The results showed that the application of biochar and especially chemically modified biochars reduced fluoride (about 15-37%) and cadmium (30-52%) contents in mint leaves, while increased soil pH and cation exchange capacity (CEC), nitrogen (12-35%), phosphorus (16-59%), potassium (17-52%), calcium (19-47%), magnesium (28-77%), iron (37-114%), zinc (45-226%), photosynthetic pigments of leaves and plant biomass (about 10-25%) under toxic conditions.",biochar,nitrogen,1,36578343,11,11003,0.42066597346288725,NO,0
Randomized Phase 3 trials of these two 3G EGFR TKIs have also demonstrated PFS over gefitinib respectively.,EGFR,gefitinib,0,36317157,2,8081,0.9604798013349346,YES,1
"Tiron or DPI impaired the ability of neurotensin to increase EGFR, ERK and HER2 tyrosine phosphorylation.",neurotensin,EGFR,1,31614143,6,12526,0.9815762115743317,YES,1
We conducted the present study to determine whether conserved glycosylated sites in eel FSHR are necessary for cyclic adenosine monophosphate (cAMP) signal transduction.,FSHR,cyclic adenosine monophosphate,1,36361582,3,8451,0.49350867799004405,NO,0
"Effects of 15 torsadogenic hERG blocking drugs (astemizole, chlorpromazine, cisapride, droperidol, ibutilide, dofetilide, haloperidol, moxifloxacin, pimozide, quinidine, risperidone, sotalol, sertindole, terfenadine, and thioridazine) were assessed by telemetry in beagle dogs.",hERG,ibutilide,1,35751378,17,3899,0.8304150533475919,YES,1
"Thus, our findings elucidated the molecular and cellular basis for the inhibitory function of KIR3DL3, demonstrating that the KIR3DL3-HHLA2 pathway is a potential immunotherapeutic target for cancer.",HHLA2,cancer,1,34244312,3,2128,0.9580909947183744,YES,1
"knockdown markedly attenuated CCI-induced mechanical allodynia, obstructed Syk, ERK and JNK phosphorylation, inhibited NLRP3 inflammasome and caspase-1 activation, GSDMD cleavage, and consequently reduced the release of pro-inflammatory cytokines (all P < 0.05).",NLRP3,GSDMD,0,36503542,9,14189,0.9176985862639891,YES,1
The possible mechanism is that Rab31 regulates the NLRP3 pathway negatively to inhibit IVIG response.,Rab31,NLRP3,0,36329997,3,8176,0.9001685523758974,YES,1
"When culturing primary thyrocytes with cytokines or sodium hydrosulfide (NaHS) plus cytokines, we found that ACE2 and NRP1 mRNA levels were upregulated while TMPRSS2 levels were downregulated by interferon-gamma (IFN-gamma) and tumor necrosis factor-alpha (TNF-alpha).",ACE2,TMPRSS2,0,36362417,6,13891,0.9405737836027226,YES,1
"The MDD group had a higher MAF of SCN2A-rs17183814 than controls (0.1743 vs. 0.1207, OR = 1.538, P < 0.05).",MDD,rs17183814,1,36698099,3,11854,0.9865750494811975,YES,1
"The aim of this study was to evaluate 3 gene polymorphisms including rs1048943 of CYP1A1, rs28371725 of CYP2D6, and rs7830 of NOS3 in idiopathic RPL to identify their association with RPL.",CYP1A1,NOS3,0,36313260,7,7876,0.9353345199252008,YES,1
"We further show that TWEAK enhances spheroid formation ability, asymmetric division capacity, and expression of SOX2 and EMT genes VIM and ZEB1 in ovarian cancer cells, phenotypes that are enhanced when TWEAK is combined with carboplatin.",SOX2,VIM,0,36214671,6,6520,0.9750233081609949,YES,1
"We performed patch-clamp recordings of MSNs in rat striatal slices subjected to oxygen and glucose deprivation (OGD) to investigate the effects of A2A receptor ligands or ion channel blockers on AD and OGD-induced ionic imbalance, measured as a positive shift in Erev of ramp currents.",oxygen,glucose,0,35817954,5,4255,0.7746576674303643,YES,1
"Our results suggest that women harboring the single nucleotide polymorphism DNMT 3B rs2424913 have a decreased risk of a DS pregnancy, and further studies are necessary to confirm this protective effect.",DNMT 3B,DS,1,29379364,4,499,0.9859282115988817,YES,1
"Furthermore, ATR-MET induced cardiovascular toxicity (increased levels of plasma total cholesterol, HDL-cholesterol, LDL-cholesterol, and triglycerides) with concomitant induction of renal toxicity (increased plasma creatinine and urea levels), and hepatotoxicity (increased plasma bilirubin, alkaline phosphatase, acid phosphatase, alanine aminotransferase and aspartate aminotransferase).",cardiovascular toxicity,alanine aminotransferase,0,36262065,13,7123,0.9258537486728653,YES,1
"Here, we showed that replacement of a single amino acid at position 973, just distal to the NPEY motif in the intracellular juxtamembrane region, from leucine, which is highly-conserved in IRs, to phenylalanine, the highly-conserved homologous residue in IGF1Rs, resulted in decreased IRS-1-PI3K-Akt-mTORC1 signaling and increased of Shc-Gab1-MAPK-cell cycle signaling.",PI3K,Shc,0,36548088,9,10554,0.9595435811888774,YES,1
IL-24 enhanced IL-17A production in bronchial epithelial cells via the STAT3 and ERK1/2 signaling pathways; this effect was reversed by exogenous IL-37.,IL-24,ERK1/2,1,36174993,5,16105,0.992782682683461,YES,1
"TNF, IL6, IL1B, CXCL8, CCL2, IL2, IL4, ICAM1, IFNG, and IL10 has been predicted as key targets.",TNF,IFNG,0,36388945,10,8848,0.008693877970056278,NO,0
"We observed suggestive evidence (P < 0.05) for eight variants (rs17026425, rs17057166, rs6854845, rs1728400, rs17693104, rs202280, rs6797464, and rs823920) in all colorectal cancer and two variants (rs17026425 and rs6854845) in rectal cancer that were concordant with previous reports.",rs17057166,rs1728400,0,31488414,10,643,0.9359168034677328,YES,1
"Herein, we demonstrate that Toll-like receptor (TLR)3/4-TBK1-IRF3 pathway activation links environmental insults to IL-33 induction in the skin and pancreas.",Toll-like receptor (TLR)3/4,IL-33,1,36711701,4,11968,0.9501309003418585,YES,1
"In Sprague-Dawley rats, administration of UII into the RVLM resulted in an increase in mean arterial pressure (MAP), heart rate (HR), ROS production, nicotinamide adenine dinucleotide phosphate (NADPH) oxidase activity, and phosphorylation of p47phox, extracellular signal-regulated protein kinase (ERK)1/2 and p38MAPK, but not stress-activated protein kinase/Jun N-terminal kinase (SAPK/JNK).",p47phox,stress-activated protein kinase,0,36421438,9,9447,0.9816947906287624,YES,1
Administration of different doses of dopamine in presence of bromocriptine or capergoline resulted in significantly rising in the heart rate percentage comparing to dopamine alone.,bromocriptine,capergoline,1,34777640,3,2795,0.9525022901872056,YES,1
"Using conventional criteria, the respective response rates for spleen and ""transfusion-dependent anemia"" were 47%, 32%, 83%, 62% and 51%, 30%, 10%, 44%, respectively, favoring momelotinib for anemia response (p = 0.02) and fedratinib for spleen response (p < 0.01).",anemia,fedratinib,0,36599841,3,11108,0.9792484300706924,YES,1
"Adding oxaliplatin (Ox) to the lymphodepletion regimen activates tumor macrophages to express T-cell-recruiting chemokines, resulting in improved CAR-T cell infiltration, remodeling of the tumor microenvironment, and increased tumor sensitivity to anti-PD-L1.",oxaliplatin,PD-L1,0,33357452,3,15863,0.972117922728391,YES,1
HeLa cell clones expressing different IL-10R1 haplotypes (WT or any variant) were incubated with hIL-10 or cmvIL-10.,IL-10R1,cmvIL-10,1,19016528,4,8,0.8606123800118582,YES,1
"Six SNPs of ABCB1 (rs3842, rs1045642, rs2032582, rs1128503, rs3213619, and rs3747802), one SNP of CYP3A5 (rs776746), seven SNPs of APOB (rs1042034, rs2163204, rs693, rs679899, rs13306194, rs13306198, and rs1367117), and two SNPs of APOE (rs429358 and rs7412) were analyzed by a TaqMan genotyping assay.",rs2163204,rs1367117,0,36145636,20,5577,0.03417951892894838,NO,0
"We observed suggestive evidence (P < 0.05) for eight variants (rs17026425, rs17057166, rs6854845, rs1728400, rs17693104, rs202280, rs6797464, and rs823920) in all colorectal cancer and two variants (rs17026425 and rs6854845) in rectal cancer that were concordant with previous reports.",rs17693104,rs6797464,0,31488414,10,664,0.9359168034677328,YES,1
"These data indicate that OEA may be the primary FAAH substrate that modulates TLR3-induced neuroinflammation and hyperthermia, effects partially mediated by PPARalpha.",FAAH,TLR3,1,34265624,6,13222,0.931698511403222,YES,1
Naturally occurring mutations of SARS-CoV-2 main protease confer drug resistance to nirmatrelvir.,main protease,nirmatrelvir,1,36119652,3,16048,0.9816225344421221,YES,1
"Therefore, afatinib, neratinib, and zanubrutinib could be used as drug candidates against the KRASG12C protein.",afatinib,G12C,1,36614109,5,11245,0.949812512577554,YES,1
"Mechanistically, cultured PA smooth muscle cells from obese rats and humans with diabetes or treated with palmitic acid, glucose, and insulin showed increased mitochondrial reactive oxygen species, which enhanced miR-193b-dependent RNA degradation of nuclear factor Y alpha subunit (NFYA), resulting in decreased sGCbeta1-cGMP signaling.",diabetes,cGMP,1,34157861,12,12926,0.9539616862672647,YES,1
"Furthermore, ATR-MET induced cardiovascular toxicity (increased levels of plasma total cholesterol, HDL-cholesterol, LDL-cholesterol, and triglycerides) with concomitant induction of renal toxicity (increased plasma creatinine and urea levels), and hepatotoxicity (increased plasma bilirubin, alkaline phosphatase, acid phosphatase, alanine aminotransferase and aspartate aminotransferase).",hepatotoxicity,alanine aminotransferase,0,36262065,13,7167,0.9258537486728653,YES,1
"Prevalence, Treatment Patterns, and Outcomes of Individuals with EGFR Positive Metastatic Non-Small Cell Lung Cancer in a Canadian Real-World Setting: A Comparison of Exon 19 Deletion, L858R, and Exon 20 Insertion EGFR Mutation Carriers.",L858R,Exon 20 Insertion,0,36290844,5,7376,0.9099838159610008,YES,1
"These include the following: (1) c.662A > G (p.Asp221Gly) in LDLR, causing heterozygous familial hypercholesterolemia; (2) c.3700_3704del in BRCA1, associated with hereditary breast and ovarian cancer syndrome; (3) c.1528G > C (p.Glu510Gln) in HADHA, seen in long-chain 3-hydroxy acyl-CoA dehydrogenase (LCHAD) deficiency, and (4) c.1032delT in NPHS2, associated with steroid-resistant nephrotic syndrome.",c.3700_3704del,c.1032delT,0,35971028,12,4582,0.9924589197938207,YES,1
"Flurazepam plus flumazenil only inhibited wildtype receptor currents, an effect unaltered by M2-15' mutations.",Flurazepam,flumazenil,1,34386973,2,2465,0.8847469217679074,YES,1
"Subjects characterized as having punctual mutations were more frequently administered with everolimus, sunitinib and bevacizumab drug series (p=0.06).",sunitinib,bevacizumab,1,36511679,3,10285,0.9385740206564284,YES,1
"The addition of three variants, namely PTGS2 rs4648268, PTGES3 rs2958155 and PTGES3 rs11300958, to a predictive model for CV events containing classic risk factors in nephrosclerosis patients, significantly enhanced its statistical power (AUC value increased from 78.6 to 87.4%, p = 0.0003).",rs11300958,nephrosclerosis,1,36690661,7,11826,0.9858628454295968,YES,1
"Here we propose a rapid and accessible protocol based on Sanger sequencing of a single PCR fragment that is able to identify and discriminate all SARS-CoV-2 variants of concern (VOCs) identified so far, according to each characteristic mutational profile at the Spike-RBD region (K417N/T, E484K, N501Y, A570D).",N501Y,A570D,0,33975021,6,1844,0.4609001741908206,NO,0
"The polymorphisms suitable for meta-analysis were CCND1 (rs17852153), COX2 (rs20417), EGF (rs4444903), EGFR (rs712829, rs11543848, 3'UTR CA repeat), FCGR2A (rs1801274), FCGR3A (rs396991), IL8 (rs4073), KRAS (rs61764370) and VEGFA (rs3025039).",rs17852153,rs4073,0,27897268,19,321,0.015593224939379518,NO,0
"Unexpectedly, we found that lack of chemerin-CMKLR1 signaling specifically reduced expression of lactoperoxidase (LPO), a peroxidase that is predominantly expressed in colonic ECs and utilizes H2O2 to oxidize thiocyanates to the antibiotic compound, thereby leading to the outgrowth and mucosal invasion of gram-negative bacteria and dysregulated CXCL1/2-mediated neutrophilia.",H2O2,thiocyanates,1,35858331,7,4429,0.8857447459228635,YES,1
All four LMDS compounds reduced tau aggregation and reactive oxygen species.,LMDS,reactive oxygen species,1,36361524,3,8387,0.9381563689389543,YES,1
"Additionally, inflammatory cytokines in the peritoneum of PD rats treated with ONO-AE3-208 were downregulated, in line with inhibition of the NLRP3 inflammasome and NF-kappaB phosphorylation.",inflammatory,ONO-AE3-208,1,36438844,5,9854,0.9180463366196835,YES,1
"The KRGE-stimulated BVR-A-LKB1-SIRT1-ERRalpha pathway regulates the levels of mitochondria-localized proteins such as SIRT5, translocase of the outer mitochondrial membrane 20 (Tom20), Tom22, cytochrome c (Cyt c), and superoxide dismutase 2 (SOD2).",ERRalpha,superoxide dismutase 2,0,36139815,9,5252,0.9596053781946601,YES,1
"The polymorphisms suitable for meta-analysis were CCND1 (rs17852153), COX2 (rs20417), EGF (rs4444903), EGFR (rs712829, rs11543848, 3'UTR CA repeat), FCGR2A (rs1801274), FCGR3A (rs396991), IL8 (rs4073), KRAS (rs61764370) and VEGFA (rs3025039).",IL8,KRAS,0,27897268,19,382,0.015593224939379518,NO,0
Extracellular lipid accumulation was investigated via Oil Red O staining.,lipid,Oil Red O,0,36559664,2,10856,0.027288728595857247,NO,0
"Using S-proteins of two different SARS-CoV-2 variants (Wuhan and Delta), we demonstrate that exposure of HLMEC or neutrophils to S-proteins, co-culture of HLMEC exposed to S-proteins with non-exposed neutrophils, or co-culture of neutrophils exposed to S-proteins with non-exposed HLMEC induced transcriptional upregulation of tissue factor (TF), significantly increased the expression and secretion of factor (F)-V, thrombin, and fibrinogen and inhibited tissue factor pathway inhibitor (TFPI), the primary regulator of the extrinsic pathway of blood coagulation, in both cell types.",tissue factor,tissue factor pathway inhibitor,0,36142345,9,13565,0.9576114796405858,YES,1
"KLF4 is supposed to play a critical role in DR4/DR5 expression and responses to TRAIL and cisplatin, whereas Nanog is only implicated in the former events only.",TRAIL,Nanog,1,36661504,6,11551,0.9510585935961047,YES,1
"The addition of three variants, namely PTGS2 rs4648268, PTGES3 rs2958155 and PTGES3 rs11300958, to a predictive model for CV events containing classic risk factors in nephrosclerosis patients, significantly enhanced its statistical power (AUC value increased from 78.6 to 87.4%, p = 0.0003).",rs4648268,rs2958155,0,36690661,7,11820,0.9858628454295968,YES,1
Recently two other 3G EGFR TKIs (aumolertinib and furmonertinib) have been approved in China for treatment of EGFR T790M+ NSCLC.,EGFR,furmonertinib,1,36317157,5,8073,0.8831571623798982,YES,1
"Thus, the potential associations of KCNJ11 and ABCC8 single nucleotide polymorphisms (SNPs) with T2DM were investigated in a Kinh Vietnamese population.",KCNJ11,ABCC8,0,36401380,3,9116,0.9152020369385337,YES,1
"A cross-sectional study consisting of 404 subjects including 202 T2DM cases and 202 non-T2DM controls was designed to examine the potential associations of 4 KCNJ11 and ABCC8 SNPs (rs5219, rs2285676, rs1799859, and rs757110) with T2DM.",rs2285676,rs1799859,0,36401380,8,9129,0.9084831368273855,YES,1
"Finally, treatment with the PARP inhibitor olaparib plus AVB-500 led to decreased ovarian cancer-cell survival in vitro and less tumor burden in vivo.",AVB-500,ovarian cancer,1,34670865,5,13311,0.9849870684606222,YES,1
"Treatment of ERK inhibitor U0126 or PI3K inhibitor wortmannin decreased p-CREB, BDNF and BCL2 in these cells, implying that the neuroprotective effects of LMDS-1/2 are via activating TRKB downstream ERK, PI3K-AKT and CREB signaling.",BCL2,TRKB,0,36361524,10,8439,0.9644053837301948,YES,1
"ATR-MET-induced-testicular toxicity (reduced sperm motility, count, and daily sperm production and increased live/dead ratio) was accompanied with testicular oxidative stress (diminished level of reduced glutathione, activities of glutathione-S-transferase, superoxide dismutase and catalase and increased level of malondialdehyde).",ATR-MET,malondialdehyde,1,36262065,7,7088,0.8514734011054361,YES,1
"It reduced the lipopolysaccharide (LPS)-induced production of pro-inflammatory factors, including interleukin-1beta (IL-1beta), IL-6, tumor necrosis factor-alpha (TNF-alpha), and nitric oxide (NO), and the expression of inducible NO synthase and cyclooxygenase-2.",IL-6,nitric oxide,0,36142500,7,13658,0.9136884119201301,YES,1
"MMTT analysis showed that probands with variants in MC4R, CASP10, TMPRSS6, HGFAC, and SLC5A1 (c.1415T>C) had sufficient residual beta-cell function with stimulated C-peptide (CP) >200 pmol/L. Seven individuals with variants in RFX2, RREB1, GCKR, DACH1, ZBED3 and SLC5A1 (c.1415T>C, and c.932A>T) presented with complete beta-cell failure.",TMPRSS6,RREB1,0,36585034,14,16312,0.9708836182768376,YES,1
"Four novel QDPR variants [c.714dup or p.(Leu239Thrfs*44), c.106-1G>T or p.(?), c.214G>T or p.(Gly72*), and c.187_189dup or p.(Gln63dup)] were identified.",c.714dup,p.(Gly72*),0,36313470,8,7905,0.1179726127793296,NO,0
"Finally, in a cohort of patients with psoriasis receiving anti-IL-17A treatment, a positive correlation was found between the expression of NFKBIZ and IL36G. In conclusion, these data reveal a novel crucial regulatory mechanism by which TNFalpha and IL-17A regulate IL-36gamma expression.",IL-17A,IL36G,1,33491092,6,1427,0.979467493290387,YES,1
To explore the influence of B7-H4 polymorphism on the prevalence of diabetes mellitus (DM) and dyslipidemia in psoriasis.,B7-H4,dyslipidemia,1,36362461,4,8488,0.727681768819097,YES,1
"Activated SGK3 can activate ion channels (TRPV5/6, SOC, Kv1.3, Kv1.5, Kv7.1, BKCa, Kir2.1, Kir2.2, ENaC, Nav1.5, ClC-2, and ClC Ka), carriers and receptors (Npt2a, Npt2b, NHE3, GluR1, GluR6, SN1, EAAT1, EAAT2, EAAT4, EAAT5, SGLT1, SLC1A5, SLC6A19, SLC6A8, and NaDC1), and Na+/K+-ATPase, promoting the transportation of calcium, phosphorus, sodium, glucose, and neutral amino acids in the kidney and intestine, the absorption of potassium and neutral amino acids in the renal tubules, the transportation of glutamate and glutamine in the nervous system, and the transportation of creatine.",SLC6A19,calcium,0,36531961,37,15080,0.9831937527139952,YES,1
"In this study, we aimed to investigate effects of the TIMP3 -1296 T > C (rs9619311) and -915 A > G (rs2234921) single-nucleotide polymorphisms (SNPs) on skin cancer risk in an arsenic-exposed population, and to evaluate the influence of allele-specific changes by an in silico analysis.",skin cancer,arsenic,1,36499314,5,10169,0.5464172436639589,YES,1
"PTHrP targets salt-inducible kinases, HDAC4 and HDAC5, to repress chondrocyte hypertrophy in the growth plate.",PTHrP,HDAC5,1,33148508,4,888,0.97784630600121,YES,1
"Human PANK1, PANK2, and PANK3 genes encode several pantothenate kinase isoforms that catalyze the phosphorylation of vitamin B5 (pantothenic acid) to phosphopantothenate, a critical step in the biosynthesis of the major cellular cofactor, Coenzyme A (CoA).",PANK3,phosphopantothenate,1,36613877,8,11172,0.9405663749893907,YES,1
"Five other known variants: c.535T>C (p.(Trp179Arg), RNA not analyzed) in exon 8, c.787G>A (p.(Val263Met), RNA not analyzed) in exon 12, c.847G>A (p.(Glu283Lys), RNA not analyzed) in exon 13, c.910C>T (p.(Arg304Trp), RNA not analyzed) in exon 13, and c.1168G>A (p.(Gly390Arg), RNA not analyzed) in exon 15, were found in Lebanese, Syrian, and Iraqi families, and were associated with diverse clinical presentations.",c.535T>C,c.787G>A,0,36680390,5,11653,0.9784735327276491,YES,1
A mechanical study demonstrated that Rab31 modulated IVIG response through NLRP3 and p38 pathways.,IVIG,NLRP3,0,36329997,4,8168,0.9451670447917853,YES,1
"Characterization of PDE4DIPA123T in vitro suggested impaired compartmentalization of PKA and PDE4D characterized by reduced colocalization with PDE4D, increased cAMP activation leading to higher PKA phosphorylation of the beta2-adrenergic-receptor, and decreased PKA phosphorylation of desmin after isoproterenol stimulation.",beta2-adrenergic-receptor,desmin,0,34289528,8,2241,0.9472334651651828,YES,1
"Activated SGK3 can activate ion channels (TRPV5/6, SOC, Kv1.3, Kv1.5, Kv7.1, BKCa, Kir2.1, Kir2.2, ENaC, Nav1.5, ClC-2, and ClC Ka), carriers and receptors (Npt2a, Npt2b, NHE3, GluR1, GluR6, SN1, EAAT1, EAAT2, EAAT4, EAAT5, SGLT1, SLC1A5, SLC6A19, SLC6A8, and NaDC1), and Na+/K+-ATPase, promoting the transportation of calcium, phosphorus, sodium, glucose, and neutral amino acids in the kidney and intestine, the absorption of potassium and neutral amino acids in the renal tubules, the transportation of glutamate and glutamine in the nervous system, and the transportation of creatine.",ClC-2,phosphorus,0,36531961,37,14836,0.9831937527139952,YES,1
"Mechanistically, cultured PA smooth muscle cells from obese rats and humans with diabetes or treated with palmitic acid, glucose, and insulin showed increased mitochondrial reactive oxygen species, which enhanced miR-193b-dependent RNA degradation of nuclear factor Y alpha subunit (NFYA), resulting in decreased sGCbeta1-cGMP signaling.",nuclear factor Y alpha subunit,cGMP,0,34157861,12,12953,0.9539616862672647,YES,1
"The genotypes rs12025144 and rs2066398 in B7-H4 were correlated with a higher prevalence of DM and dyslipidemia in psoriasis, respectively.",rs2066398,psoriasis,1,36362461,6,8531,0.9969738050164496,YES,1
"Also identified that TNF-alpha, IL-6beta, and visfatin releases were found in co-cultured with conditioned medium of ET-1/C2C12 in 3T3-L1 cells.",visfatin,ET-1,0,35468098,6,3735,0.5709104298602093,YES,1
"Transcription factor analysis of these 23 super-enhancer-controlled genes related to glucose metabolism was performed, and 20 transcription factors were obtained, of which KLF12, ZNF281 and RELA had a significant prognostic impact.",KLF12,RELA,0,36121916,4,4991,0.8766295293463664,YES,1
"TNF-alpha and IL-1beta levels were decreased, but IL-4, IL-10, IL-13, cyclin D1, and PCNA levels were increased in pregnant women with preeclampsia after using progesterone.",IL-10,preeclampsia,1,36593749,10,15268,0.8900742156162825,YES,1
"Effects of 15 torsadogenic hERG blocking drugs (astemizole, chlorpromazine, cisapride, droperidol, ibutilide, dofetilide, haloperidol, moxifloxacin, pimozide, quinidine, risperidone, sotalol, sertindole, terfenadine, and thioridazine) were assessed by telemetry in beagle dogs.",hERG,terfenadine,1,35751378,17,3908,0.8304150533475919,YES,1
"BACKGROUND: Mutations in RAS (KRAS, NRAS) and BRAF genes are the main biomarker predicting response to anti-EGFR monoclonal antibodies in targeted therapy in colorectal cancer (CRC).",NRAS,BRAF,1,36444585,6,9938,0.9586419909888031,YES,1
"Overall, we report six genetic variants of ADIPOQ, FTO and LEPR genes as obesity-risk markers and a CETP gene variant as lean mass/obesity protective marker in studied Pakistani cohort.",FTO,LEPR,0,36126070,5,5101,0.994325795078179,YES,1
"Genomes recovered from two placentas belong to the B.1.1.28 and B.1.1.33 lineages and present nonsynonymous mutations associated with virus fitness and infectivity; other not frequently reported mutations (B.1.1.33: NSP3 V2090G, M A2S and ORF3ab S253P and Y264N; B.1.1.28: NSP3 E995D, NSP12 R240K, NSP14H1897Y and in ORF7b V21F) were found in proteins involved in viral replication, viral induction of apoptosis, viral interference on interferon and on NF-Kappabeta pathways.",V2090G,Y264N,0,35123044,14,3078,0.819439827384335,YES,1
"ATP stimulation induced TWIK2 expression in the plasma membrane of LPS-primed BMDMs, and inhibition of S1PR3 impeded the membrane expression of TWIK2 induced by ATP.",TWIK2,LPS,0,36798132,4,16549,0.9664729654509355,YES,1
"Patients with the hotspot H1047R, R88Q, E542K, and G118D variants comprised a subset (n = 41) for epilepsy phenotyping.",G118D,epilepsy,1,34102393,6,1927,0.31701785998801646,NO,0
"Further, knockdown of FoxP1 in lung epithelial cells by RNA interference led to increased mRNA levels for matrix metalloproteinases 1, 2, 3 and pro-inflammatory cytokines IL-6 & IL-8, as well as reduced cell viability after exposure to cigarette smoke-all processes implicated in the pathogenesis of COPD and IPF.",FoxP1,IL-8,1,36221131,7,6553,0.9620150574708756,YES,1
"Fenretinide via NOXA Induction, Enhanced Activity of the BCL-2 Inhibitor Venetoclax in High BCL-2-Expressing Neuroblastoma Preclinical Models.",Fenretinide,Neuroblastoma,1,31484706,5,574,0.9675882356953044,YES,1
"Through a Connectivity Map (CMap) analysis, we revealed that certain drugs/molecules, including omeprazole, methacholine chloride, ioversol, fulvestrant, difenidol, cycloserine, and MK-801, may serve as potential treatments for tamoxifen-resistant breast cancer patients.",omeprazole,fulvestrant,0,36619229,10,11285,0.98644717694539,YES,1
"We validated that the C allele of rs9619311 attenuated the binding affinity of BACH2, MEIS2, NFE2L2, and PBX2 to the TIMP3 promoter, and that the G allele of rs2234921 reduced the affinity of E2F8 and RUNX1 to bind to the promoter.",rs9619311,rs2234921,0,36499314,9,10177,0.9922205376283298,YES,1
"In addition to cAMP, calcium and protein kinase C participated in P2Y11 signaling.",cAMP,protein kinase C,0,36107259,4,4967,0.8946848638287715,YES,1
"We identified one new risk variant rs61204179 (Pcombined = 1.47 x 10-9) with low allele frequency, four previously reported risk variants (NUCKS1/RAB29-rs11557080, SNCA-rs356182, FYN-rs997368, and VPS13C-rs2251086), as well as three risk variants in LRRK2 coding region (A419V, R1628P, and G2385R) with genome-wide significance (P < 5 x 10-8) for PD in Chinese population.",rs356182,PD,1,36759515,15,12231,0.9900230188161001,YES,1
"The aPD-L1 collaborated with TAK228 restrains melanoma cell-intrinsic PD-1: PD-L1 tumorigenic interaction via blocking melanoma-PD-L1 ligand and the melanoma-PD-1 receptor-driven mTOR signaling; corresponding downregulation of mTOR downstream protumorigenic cellular MYC and proangiogenic hypoxia-inducible factor 1-alpha is conducive to preventing tumorigenesis and angiogenesis, respectively.",TAK228,MYC,1,36203954,7,6376,0.9723590679914353,YES,1
"Effects of 15 torsadogenic hERG blocking drugs (astemizole, chlorpromazine, cisapride, droperidol, ibutilide, dofetilide, haloperidol, moxifloxacin, pimozide, quinidine, risperidone, sotalol, sertindole, terfenadine, and thioridazine) were assessed by telemetry in beagle dogs.",hERG,thioridazine,1,35751378,17,3909,0.8304150533475919,YES,1
"In HAEnCI patients mutations have been identified in the F12, PLG, KNG1, ANGPT1, MYOF, and HS3ST6 genes.",KNG1,ANGPT1,0,36685169,8,11748,0.9585387653926342,YES,1
"The cAMP-binding effector, exchange protein activated by cAMP 1 (Epac1), which is known to induce SOCS3, differentially regulated the P2Y11/IL-1R response because pharmacological Epac1 inhibition enhanced sTNFR2 and CCL20 release, but had no effect on VEGF secretion.",cAMP,CCL20,0,36107259,8,4943,0.9795826011629407,YES,1
Thrombomodulin blocked S-protein-induced expression and secretion of fibrinogen but had no effect on S-protein-induced expression of Factor-V or thrombin.,Thrombomodulin,thrombin,0,36142345,5,13601,0.9748616723147673,YES,1
Klotho deficiency-induced arterial calcification is an active process that involves the osteoblastic transition of SMCs and activation of the BMP2-RUNX2 signaling.,arterial calcification,BMP2,0,34368951,4,2310,0.901507480659361,YES,1
"The results showed that the levels of gene and protein catalyzing lipogenesis were increased (SREBP1, ACC1 and FAS), while those catalyzing lipolysis were decreased (ATGL, HSL and ZAG), accompanied by dyslipidemia, insulin resistance and hepatic fat accumulation, and there were higher expression of TLR4 and NF-kappaB protein and lower expression of ERalpha protein in liver, and increased serum IL-17 and TNF-alpha levels in fructose and/or BPA exposed rats compared with controls.",SREBP1,NF-kappaB,0,31661889,16,12680,0.9840876725984525,YES,1
"Serum butyric acid, 2-hydroxybutyric acid, l-glutamic acid, l-phenylalanine, l-serine, l-lactic acid, and cholesterol were enriched in COVID-19 and COVID-19-like patients versus HCs.",cholesterol,COVID-19,1,33662365,9,1603,0.9544044203096912,YES,1
We further elucidate a trancrptional mechanism controlling HMGB2 mRNA expression by nuclear receptor SHP and transcription factor E2F1.,HMGB2,E2F1,1,29218329,3,461,0.9292837739506914,YES,1
"Guanosine reversed IMPDH1 expression in HCCC-9810 cells, promoting the secretion of inflammatory factors IL-6, IL-8, OPN, VEGF, and VCAM-1 and intensifying epithelial-mesenchymal transition (EMT) progression in the cells.",Guanosine,VEGF,1,36711025,9,11912,0.9704636956035768,YES,1
"More specifically, we demonstrated the polarization of HMC3 cells through the upregulation of iNOS expression and nitrite production in response to the Parkinson's like stimuli, 6-hydroxidopamine (6-OHDA) and 1-methyl-4-phenyl-1,2,3,6-tetrahydropyridine (MPTP), the latter depending on the NF-kappaB pathway.",Parkinson's,NF-kappaB,0,36523814,7,10423,0.920110898588067,YES,1
"We screened the mutations of del69-70, E484K, E484Q, D614G, L452R, and T478K in 100 cases from SARS-COV-2 positive patients in Kurdistan- Iran population.",E484K,L452R,0,35271889,8,3358,0.31870788304949577,NO,0
"Dapagliflozin slowed the migration rate of HFrEF fibroblasts in a dose-dependent manner and markedly decreased the expression of IL-1beta, IL-6, MMP3, MMP9, GAL3, and FN1. SGLT2i",HFrEF,IL-1beta,1,36303443,8,13809,0.9723528941218608,YES,1
"Furthermore, ATR-MET induced cardiovascular toxicity (increased levels of plasma total cholesterol, HDL-cholesterol, LDL-cholesterol, and triglycerides) with concomitant induction of renal toxicity (increased plasma creatinine and urea levels), and hepatotoxicity (increased plasma bilirubin, alkaline phosphatase, acid phosphatase, alanine aminotransferase and aspartate aminotransferase).",triglycerides,creatinine,0,36262065,13,7136,0.9258537486728653,YES,1
"Here, we have analysed the proportional expression patterns of TLR2 and TLR4 on the surface of CD3+, CD4+, CD8+, CD19+ and CD161+ lymphocytes and CD14+ monocytes in different groups of leprosy patients.",TLR2,CD14,0,36419668,10,9341,0.6016632707918362,YES,1
"Upregulation of IL-1 receptor (IL-1R) and its known downstream effectors VEGF, CCL20 and SOCS3 as well as downregulation of the ATP-degrading ecto-ATPase CD39 emerged as hallmarks of P2Y11 activation.",VEGF,P2Y11,1,36107259,6,4897,0.9571422725009663,YES,1
N-acylethanolamine regulation of TLR3-induced hyperthermia and neuroinflammatory gene expression: A role for PPARalpha.,hyperthermia,PPARalpha,0,34265624,5,13119,0.8125537574509777,YES,1
"However, no association was found between AT2R-1675A/G polymorphism and susceptibility to PE.",-1675A/G,PE,0,36397318,3,9046,0.565359145909027,YES,1
"Immune and genomic profiling were obtained to guide systemic treatment, showing a PD-L1 score of 2% and FGFR2V395D and SMOW535L mutations.",V395D,W535L,0,35761436,5,4110,0.2692635399176116,NO,0
These dietary factors tended to have a larger and significant effect on fibrosis severity among rs738409 G-allele carriers.,fibrosis,rs738409,1,33306506,2,1103,0.8930238548755397,YES,1
"Both in vivo and in vitro assays demonstrated that C/EBPbeta knockdown significantly suppressed CCI- or LPS/ATP-induced Clec7a upregulation, and subsequently reduced Syk, ERK and JNK phosphorylation, NLRP3 oligomerization, caspase-1 activation, GSDMD expression and pyroptosis, which were markedly reversed by the co-transfection of Clec7a expression vector.",C/EBPbeta,Syk,1,36503542,11,14199,0.9773593910389481,YES,1
"These mutations did not interfere with the formation of an ELMO3/DOCK1 complex, but markedly impaired the ability of the complex to promote RAC1-GTP-loading.",ELMO3,RAC1,1,33660564,4,1569,0.940456445319738,YES,1
"Activated SGK3 can activate ion channels (TRPV5/6, SOC, Kv1.3, Kv1.5, Kv7.1, BKCa, Kir2.1, Kir2.2, ENaC, Nav1.5, ClC-2, and ClC Ka), carriers and receptors (Npt2a, Npt2b, NHE3, GluR1, GluR6, SN1, EAAT1, EAAT2, EAAT4, EAAT5, SGLT1, SLC1A5, SLC6A19, SLC6A8, and NaDC1), and Na+/K+-ATPase, promoting the transportation of calcium, phosphorus, sodium, glucose, and neutral amino acids in the kidney and intestine, the absorption of potassium and neutral amino acids in the renal tubules, the transportation of glutamate and glutamine in the nervous system, and the transportation of creatine.",Npt2a,Npt2b,0,36531961,37,14867,0.9831937527139952,YES,1
"TNF, IL6, IL1B, CXCL8, CCL2, IL2, IL4, ICAM1, IFNG, and IL10 has been predicted as key targets.",IFNG,IL10,0,36388945,10,8885,0.008693877970056278,NO,0
"Using NCI-H838 cells, neurotensin or neurotensin8-13 but not neurotensin1-8 increased EGFR, ERK and HER2 tyrosine phosphorylation which was blocked by SR48692.",EGFR,SR48692,1,31614143,6,12492,0.9912890864456756,YES,1
"A significant (p < 0.05) decline in glutathione peroxidase (GPx), superoxide dismutase (SOD,) glutathione, and catalase levels and an elevation in malondialdehyde level in the BPA group confirmed the generation of oxidative stress and lipid peroxidation in experimental mice exposed to BPA.",glutathione peroxidase,lipid,0,36432690,8,9750,0.9194798007217845,YES,1
"Herein, we show that upregulation of CDK6, p-CDK2, and/or cyclin E1 is associated with adaptation and resistance to AI-monotherapy and combined CDK4/6i and ET in ER+ advanced breast cancer.",CDK2,breast cancer,1,36153348,6,5667,0.9921456194735939,YES,1
Metabolic Syndrome Mediates ROS-miR-193b-NFYA-Dependent Downregulation of Soluble Guanylate Cyclase and Contributes to Exercise-Induced Pulmonary Hypertension in Heart Failure With Preserved Ejection Fraction.,miR-193b,NFYA,1,34157861,7,12882,0.9675186690436778,YES,1
"The neuromodulator adenosine accumulates extracellularly during ischaemia and activates four metabotropic receptors: A1 , A2A , A2B and A3 .",ischaemia,A3,1,35817954,6,4247,0.9162834500984222,YES,1
Topical administration of fisetin in an imiquimod (IMQ)-induced mouse psoriasis model exhibited a better effect than rapamycin in reducing psoriasis-like inflammation and Akt/mTOR phosphorylation and promoting keratinocyte differentiation and autophagy in mice skin lesions.,fisetin,imiquimod,0,36741386,9,12110,0.991031497291967,YES,1
"Spontaneous excitatory post-synaptic current (sEPSC) analysis in MSNs revealed that the A2A receptor agonist CGS21680 (1 muM) prevented OGD-induced decrease of sEPSCs within the first 5 min of the insult, an effect shared by the K+ channel blocker Ba2+ , indicating facilitated glutamate release.",CGS21680,glutamate,0,35817954,4,4269,0.9580107597169923,YES,1
"We showed that activation of the mitochondrial ClpP protease by mutant ClpP (Y118A) or through utilization of second-generation imipridone compounds (ONC206 and ONC212) in combination with genetic interference of HDAC1 and HDAC2 as well as with global (panobinostat) or selective (romidepsin) HDAC inhibitors caused synergistic reduction of viability in GBM model systems, which was mediated by interference with tricarboxylic acid cycle activity and GBM cell respiration.",ONC206,HDAC2,0,35417530,12,3571,0.9892701423388278,YES,1
"The expression levels of adipogenesis- and inflammation-associated proteins, including CCAAT/enhancer-binding protein (C/EBP)-alpha, inducible nitric oxide synthase (iNOS), C/EBPbeta, peroxisome proliferator-activated receptor gamma (PPARgamma), and cyclooxygenase-2 (COX-2), were determined via Western blotting.",peroxisome proliferator-activated receptor gamma,cyclooxygenase-2,0,36559664,6,10871,0.017804069752666008,NO,0
We hypothesized that RGMb may play a role in GvHD and IBD pathogenesis by contributing to mucosal inflammation.,RGMb,GvHD,1,36420263,4,9391,0.7821663692928695,YES,1
PNPLA3(I148M) Inhibits Lipolysis by Perilipin-5-Dependent Competition with ATGL.,PNPLA3,ATGL,1,36611868,4,11114,0.9869828023617723,YES,1
Statin prevents cancer development in chronic inflammation by blocking interleukin 33 expression.,cancer,interleukin 33,1,36711701,4,11962,0.9828663573054092,YES,1
Metabolic Syndrome Mediates ROS-miR-193b-NFYA-Dependent Downregulation of Soluble Guanylate Cyclase and Contributes to Exercise-Induced Pulmonary Hypertension in Heart Failure With Preserved Ejection Fraction.,Soluble Guanylate Cyclase,Heart Failure,0,34157861,7,12890,0.9675186690436778,YES,1
"Our study supports the clinical development of therapeutic strategies co-targeting ER, CDK4/6 and CDK2 following progression on AI-monotherapy or combined CDK4/6i and ET to improve survival of patients exhibiting high tumor levels of CDK6, p-CDK2, and/or cyclin E1.",tumor,CDK6,0,36153348,7,5704,0.9258922884864754,YES,1
"Administrative databases in Alberta, Canada were used to evaluate EGFR testing and mutation prevalence in de novo metastatic NSCLC, as well as the characteristics, treatment patterns, and outcomes of individuals with Exon 19, L858R and Exon20ins mutations.",EGFR,NSCLC,1,36290844,4,7378,0.7035226227161606,YES,1
"While multiple inflammatory cytokines are produced by innate immune cells during SARS-CoV-2 infection, we found that only the combination of TNF-alpha and IFN-gamma induced inflammatory cell death characterized by inflammatory cell death, PANoptosis.",inflammatory,IFN-gamma,1,33278357,4,974,0.9080462872818453,YES,1
"Guanosine accelerated the malignant progression of ICC inhibition of purine metabolism-related genes, PPAT and IMPDH2, suppressed the malignant phenotype in HCCC-9810 cells, and inhibited tumor growth.",PPAT,IMPDH2,0,36711025,7,11956,0.8163220327223722,YES,1
"Together, aggregation of pT12-WWOX may link to TPC6ADelta aggregation for AD progression, with TPC6ADelta aggregation being a common initiator for AD and PD progression.",WWOX,AD,1,36498839,4,14142,0.9615459506299383,YES,1
Association of CYP2R1 and VDR Polymorphisms with Metabolic Syndrome Components in Non-Diabetic Brazilian Adolescents.,CYP2R1,Diabetic,1,36364874,4,8553,0.9842604547612401,YES,1
"With regard to white patterning, nine horses homozygous for the paired box 3 (PAX3) splashed white 2 (SW2) allele (p.C70Y) and six horses homozygous for the KIT proto-oncogene, receptor tyrosine kinase (KIT) sabino 1 (SB1) allele (ECA3g.79544206A>T) were identified, thus determining they are rare and confirming that homozygosity for SW2 is not embryonic lethal.",p.C70Y,embryonic lethal,0,36140807,6,5350,0.8820117063877863,YES,1
"Association of MARC1, ADCY5, and BCO1 Variants with the Lipid Profile, Suggests an Additive Effect for Hypertriglyceridemia in Mexican Adult Men.",ADCY5,BCO1,0,36233117,6,6846,0.9935035981436264,YES,1
"Activating alpha7nAChR reduced maximal aortic diameters, preserved elastin integrity and decreased inflammatory responses in ApoE-/- mice with Ang II infusion.",alpha7nAChR,ApoE,0,35217818,5,3314,0.96741453996867,YES,1
"Patients with melanoma that progresses on ipilimumab and, if BRAF(V600) mutant-positive, a BRAF or MEK inhibitor or both, have few treatment options.",melanoma,MEK,1,26115796,5,12376,0.8953209450488405,YES,1
Ser49Gly Beta1-Adrenergic Receptor Genetic Polymorphism as a Death Predictor in Brazilian Patients with Heart Failure.,Ser49Gly,Heart Failure,1,32491001,5,16578,0.9328659750158277,YES,1
"Silencing WWOX to mimic low WWOX protein expression in HCC in patients with the WWOX-rs13338697-GG genotype, enhanced HIF1A increment under hypoxia, further decreased ASS1, and increased cell susceptibility to ADI-PEG 20.",HCC,ASS1,1,36530994,8,14390,0.9726331133677378,YES,1
"High-carbohydrate (% of energy/d) intake was positively associated (adjusted [Adj] odds ratio [OR]: 1.03, P < 0.01), whereas higher n-3 polyunsaturated fatty acids (n-3 PUFAs) (g/d)",carbohydrate,n-3 polyunsaturated fatty acids,0,33306506,2,1069,0.687487577732563,YES,1
"Effects of 15 torsadogenic hERG blocking drugs (astemizole, chlorpromazine, cisapride, droperidol, ibutilide, dofetilide, haloperidol, moxifloxacin, pimozide, quinidine, risperidone, sotalol, sertindole, terfenadine, and thioridazine) were assessed by telemetry in beagle dogs.",dofetilide,pimozide,0,35751378,17,3972,0.8304150533475919,YES,1
Epithelial chemerin-CMKLR1 signaling restricts microbiota-driven colonic neutrophilia and tumorigenesis by up-regulating lactoperoxidase.,CMKLR1,lactoperoxidase,1,35858331,4,4402,0.9585388282381235,YES,1
"Relative to control, 10muM THC and 10muM CBD reduced mRNA levels of milk proteins (CSN2 and WAP), lipid synthesizing and glucose transport markers (GLUT 1, HK2, FASN, FABP4, PLIN2 and LPL), as well as whey acidic protein and lipid levels.",CSN2,glucose,0,35976913,12,4637,0.9841742683047192,YES,1
"The aim of this meta-analysis is to investigate the association between Angiotensin II type 1 receptor (AT1R)-1166A/C, Angiotensin II type 2 receptor (AT2R)-1675A/G polymorphisms and susceptibility to preeclampsia (PE).",Angiotensin II type 1 receptor,preeclampsia,1,36397318,5,9038,0.9899125426715106,YES,1
Cancers for which disease control on single-agent SNX-5422 maintenance was observed were enriched for oncogene-driven NSCLCs.,SNX-5422,NSCLCs,1,34655925,3,2614,0.7895032443060616,YES,1
"We further show that TWEAK enhances spheroid formation ability, asymmetric division capacity, and expression of SOX2 and EMT genes VIM and ZEB1 in ovarian cancer cells, phenotypes that are enhanced when TWEAK is combined with carboplatin.",VIM,carboplatin,1,36214671,6,6526,0.9750233081609949,YES,1
"We report a case of reinfection by SARS-CoV-2 with the second virus harboring amino acid changes in the Spike protein (141-143del, D215A, ins215AGY, L452R, D614G), orf1a, helicase, orf3a, and Nucleocapside.",141-143del,ins215AGY,0,34107326,10,1992,0.568178950435231,YES,1
"Oxidative stress variables (ROS, nitrite, TBARS, SOD, catalase) and inflammatory markers (TNF-alpha, and IL-1beta), which were altered on Cu exposed rats, also responded favorably to ALA+ MiADMSA",ROS,inflammatory,0,36548551,12,10604,0.8867762285931885,YES,1
PD-L1 Gene Polymorphisms rs822336 G>C and rs822337 T>A: Promising Prognostic Markers in Triple Negative Breast Cancer Patients.,PD-L1,Triple Negative Breast Cancer,1,36295559,5,7423,0.826101929224896,YES,1
These expanded the mutational spectrum of the CHD7 gene and the phenotype of CS.,CHD7,CS,1,35938004,2,4558,0.8392018554142917,YES,1
"In HAEnCI patients mutations have been identified in the F12, PLG, KNG1, ANGPT1, MYOF, and HS3ST6 genes.",KNG1,HS3ST6,0,36685169,8,11750,0.9585387653926342,YES,1
"Effects of 15 torsadogenic hERG blocking drugs (astemizole, chlorpromazine, cisapride, droperidol, ibutilide, dofetilide, haloperidol, moxifloxacin, pimozide, quinidine, risperidone, sotalol, sertindole, terfenadine, and thioridazine) were assessed by telemetry in beagle dogs.",astemizole,risperidone,0,35751378,17,3919,0.8304150533475919,YES,1
Forced NYFA expression by adeno-associated virus 6 delivery increased sGCbeta1 levels and improved exercise pulmonary hypertension in obese+sugen rats.,sGCbeta1,sugen,0,34157861,6,12961,0.9556783395974746,YES,1
"The half-life of the Bax protein was determined by performing the site-directed mutagenesis of putative ubiquitination sites on Bax (K128R, K189R, and K190R).",K128R,K190R,0,36361894,4,8475,0.3655476059774053,NO,0
IL-24 enhanced IL-17A production in bronchial epithelial cells via the STAT3 and ERK1/2 signaling pathways; this effect was reversed by exogenous IL-37.,IL-24,IL-37,1,36174993,5,16106,0.992782682683461,YES,1
"The levels of glucose, total protein (TP), total cholesterol (TC), and the proinflammatory cytokines interleukin (IL)-1beta, IL-6 and tumor necrosis factor (TNF)-alpha in blood were examined, and we then detected glycogen and adenosine triphosphate (ATP) content, phosphofructosekinase-1 (PFK1) and glucose-6-phosphate dehydrogenase (G6PDH) activity, glucose transporter (GLUT)1, GLUT4, sodium/glucose cotransporter (SGLT)1 and citrate synthase (CS) protein expression and autophagy levels in circulating neutrophils.",cholesterol,IL-6,0,36174980,13,5866,0.022055184033322635,NO,0
"To explore the association between TPO rs2048722, PTCSC2 rs925489, SEMA4G rs4919510 polymorphisms and THCA susceptibility in Chinese population.",rs4919510,THCA,1,36737753,7,12020,0.7548564052961113,YES,1
"These findings reveal that iNOS selectively licenses programmed cell death, which may explain how nitric oxide impacts disease severity in SARS-CoV-2 infection and other iNOS-associated inflammatory conditions.",nitric oxide,SARS-CoV-2 infection,1,35139355,4,3160,0.816750277015703,YES,1
"Furthermore, CALCB increases ERK1/2 phosphorylation in a time-dependent manner in RUASM, and the protective effect of CALCB on TNFalpha-induced inhibition of CALCRL/RAMP1 associations was significantly blocked in presence of ERK inhibitor (PD98059).",RAMP1,ERK,0,27784654,7,280,0.9838023258484616,YES,1
"This study aimed to analyze the association of single nucleotide polymorphisms (SNPs) rs2642438, rs56371916, and rs6564851 on MARC1, ADCY5, and BCO1 genes, respectively, with the lipid profile in a cohort of Mexican adults.",MARC1,ADCY5,0,36233117,7,6864,0.9936163205672719,YES,1
"This pre-clinical investigation reveals that C/EBPbeta-Clec7a axis may be a potential target for relieving neuropathic pain through alleviating neuroinflammation, paving its way for clinical translation as a promising approach for neuropathic pain therapy.",Clec7a,neuropathic pain,1,36503542,4,14253,0.9066007262525206,YES,1
We performed genomic analyses of pretreatment specimens as well as specimens obtained at the time of disease progression from patients with CLL who had been treated with the noncovalent BTK inhibitor pirtobrutinib.,BTK,pirtobrutinib,1,35196427,4,3281,0.6892497995627813,YES,1
"Beyond these mutations, germline or somatic aberrations in genes of the homologous recombination (HR) pathway such as RAD51B/C/D, PALB2, ATM, BRIP1 may confer an HR deficiency in up to 50% of ovarian tumors.",ATM,BRIP1,0,36531003,6,14439,0.9837409141441471,YES,1
"For both orthosteric (L205R and W196R) and allosteric (E31V) Cushing's syndrome mutants, the loss of binding cooperativity is proportional to the density of the intramolecular allosteric network.",E31V,Cushing's syndrome,1,34224748,4,2076,0.8309803451265888,YES,1
"MET amplification upregulates CD73 to suppress tumor cell STING induction and T-cell responsiveness in TKI-resistant, EGFR-mutated lung cancer, identifying a strategy to enhance immunogenicity and improve treatment.",STING,EGFR,1,36066413,6,4848,0.9485534067376773,YES,1
"Serum levels of total cholesterol (TC), triglycerides (TG), lipoprotein (a) (LP(a)), high-density lipoprotein cholesterol (HDL-C), low-density lipoprotein (LDL), apolipoprotein A1 (ApoA1), and apolipoprotein B (ApoB) were measured at baseline and week 12.",lipoprotein (a),apolipoprotein B,0,36362461,7,8505,0.006108953479732544,NO,0
"Fenretinide via NOXA Induction, Enhanced Activity of the BCL-2 Inhibitor Venetoclax in High BCL-2-Expressing Neuroblastoma Preclinical Models.",BCL-2,Venetoclax,1,31484706,5,578,0.9675882356953044,YES,1
"Families with at least three members and at least one confirmed carrier of a pathogenic or likely pathogenic variant in a DNA mismatch repair gene (MLH1, MSH2, MSH6, or PMS2) were included.",MLH1,MSH6,0,34111421,4,2007,0.5906702164400248,YES,1
"Genetic variants spanning UBE2L3 are associated with increased expression of the UBE2L3-encoded E2 ubiquitin-conjugating enzyme H7 (UbcH7), which facilitates activation of proinflammatory NF-kappaB signaling and susceptibility to autoimmune diseases.",UBE2L3,NF-kappaB,1,34279042,3,2175,0.9864128571858056,YES,1
"Piperaquine-resistant PfCRT mutations differentially impact drug transport, hemoglobin catabolism and parasite physiology in Plasmodium falciparum asexual blood stages.",Piperaquine,PfCRT,1,36306287,4,7688,0.9738941731424575,YES,1
"Lung expressions of TXNIP and NLRP3 and alveolar levels of IL-1beta and S100A12 were measured in mice after acid-induced lung injury, with or without administration of RAGE inhibitors.",S100A12,RAGE,0,36232959,7,6785,0.3786531033084268,NO,0
Selective block of adenosine A2A receptors prevents ischaemic-like effects induced by oxygen and glucose deprivation in rat medium spiny neurons.,A2A receptors,glucose,1,35817954,5,4235,0.9396927208100593,YES,1
"T and c.871G > A. Seven rare single variants (c.25C > T, c.152C > T, c.406C > T, c.497G > A, c.679C > T, c.854G > A and c.1057C > T) and two rare multiple variants (IVS-5 637/638T del/c.1311C >",c.679C > T,c.854G > A,0,36212142,9,6487,0.03846905042041923,NO,0
"ISO and SBT inhibited extracellular matrix (ECM) degradation by downregulating the gene expression of MMP1, MMP3, MMP9 and ADAMTS5 in vitro and in vivo study.",MMP9,ADAMTS5,0,36188601,6,6171,0.9604781474590239,YES,1
Mutation of the TRPM3 cation channel underlies progressive cataract development and lens calcification associated with pro-fibrotic and immune cell responses.,TRPM3,cataract,1,33484482,3,1358,0.9762672754053033,YES,1
"As a result, a total of 101 common active ingredients and 21 key active ingredients of four CPMs were obtained, including quercetin, luteolin, acacetin, kaempferol, baicalein, naringenin, artemisinin, aloe-emodin, which might be medicinal substances for the treatment of COVID-19.",naringenin,artemisinin,0,36388945,10,8835,0.8933223109646954,YES,1
"MET amplification upregulates CD73 to suppress tumor cell STING induction and T-cell responsiveness in TKI-resistant, EGFR-mutated lung cancer, identifying a strategy to enhance immunogenicity and improve treatment.",MET,CD73,1,36066413,6,4837,0.9485534067376773,YES,1
"These data support that silybin, formononetin, and diosmetin inhibit macrophage-associated adipocyte inflammation and lipid accumulation.",formononetin,lipid,1,36559664,5,10895,0.9854410151723336,YES,1
"Neurotensin addition to NCI-H838 cells increased significantly reactive oxygen species which was inhibited by SR48692, Tiron (superoxide scavenger) and diphenylene iodonium (DPI inhibits the ability of NADPH oxidase and dual oxidase enzymes to produce reactive oxygen species).",Tiron,NADPH oxidase,1,31614143,8,12512,0.9778700912895198,YES,1
"We unveil, for the first time, that high-frequency mutations R346K/S, N439K, G446V, L455F, V483F/A, F486L, F490L/S, Q493L, and S494P might compromise some of mAbs in clinical trials.",V483F/A,S494P,0,34273397,9,2158,0.9516719651403289,YES,1
We found that the ALA/MrgD axis improved TGF-beta1-mediated LF activation by repressing glycolysis by downregulating HK2 and PFKFB3 expression.,MrgD,PFKFB3,1,36635651,5,15553,0.9446930015961653,YES,1
"By using an additive model of inheritance, our moderation analysis showed that PNPLA3 rs738409 significantly modulates the relationship between carbohydrate (%), n-3 PUFAs, total isoflavones, methionine, and choline intakes and fibrosis severity in a dose-dependent, genotype manner.",rs738409,choline,0,33306506,8,1086,0.9794330593363637,YES,1
"We showed that activation of the mitochondrial ClpP protease by mutant ClpP (Y118A) or through utilization of second-generation imipridone compounds (ONC206 and ONC212) in combination with genetic interference of HDAC1 and HDAC2 as well as with global (panobinostat) or selective (romidepsin) HDAC inhibitors caused synergistic reduction of viability in GBM model systems, which was mediated by interference with tricarboxylic acid cycle activity and GBM cell respiration.",ONC206,panobinostat,0,35417530,12,3572,0.9892701423388278,YES,1
KIR3DL3 was mainly expressed on CD56dim NK and terminally differentiated effector memory CD8+ T (CD8+ TEMRA) cells.,KIR3DL3,CD8,0,34244312,3,2092,0.8698506552523314,YES,1
"We found mutations (V416L, A428D, M437R, T474I, and L528W) that were clustered in the kinase domain of BTK and that conferred resistance to both noncovalent BTK inhibitors and certain covalent BTK inhibitors.",V416L,M437R,0,35196427,6,3284,0.9882003393639845,YES,1
"Activated SGK3 can activate ion channels (TRPV5/6, SOC, Kv1.3, Kv1.5, Kv7.1, BKCa, Kir2.1, Kir2.2, ENaC, Nav1.5, ClC-2, and ClC Ka), carriers and receptors (Npt2a, Npt2b, NHE3, GluR1, GluR6, SN1, EAAT1, EAAT2, EAAT4, EAAT5, SGLT1, SLC1A5, SLC6A19, SLC6A8, and NaDC1), and Na+/K+-ATPase, promoting the transportation of calcium, phosphorus, sodium, glucose, and neutral amino acids in the kidney and intestine, the absorption of potassium and neutral amino acids in the renal tubules, the transportation of glutamate and glutamine in the nervous system, and the transportation of creatine.",Kv1.3,SLC6A19,0,36531961,37,14603,0.9831937527139952,YES,1
"Thus, combined administration of MiADMSA and ALA might be a better treatment strategy than monotherapy with MiADMSA or ALA against Cu-induced neurotoxicity, particularly in reducing oxidative stress, neurobehavioral abnormalities, and inflammatory markers.",Cu,inflammatory,1,36548551,6,10666,0.9925611497271987,YES,1
"We have found that the amino acid substitutions, R2289A, R2297A, and K2301A, also reverted the dominant negative phenotype as well as allowed enhanced eIF2alpha phosphorylation, as found previously for the R2259A substitution.",R2289A,R2259A,0,36441697,5,9914,0.9761974800041555,YES,1
"There was significant interaction between FNDC5 (rs16835198) and PGC-1alpha (rs3755863, rs8192678), healthy eating behaviors, moderate-to-vigorous physical activity time, interaction between PGC-1alpha (rs8192678) and moderate-to-vigorous physical activity time in the occurrence of overweight or obesity in Chinese children and adolescents.",FNDC5,overweight,1,36760581,8,12268,0.9596904461007482,YES,1
The examination demonstrated that the combined use of sarpogrelate with bromocriptine or cabergoline decreased the potential adverse effects of these 2 drugs on myocardial tissues.,sarpogrelate,bromocriptine,1,34777640,3,2799,0.9814427515315265,YES,1
A case of HCC successfully treated with infliximab-steroid sequential therapy for small bowel perforation due to atezolizumab/bevacizumab combination therapy.,infliximab,steroid,1,36224043,6,6577,0.9185373464688286,YES,1
"Activated SGK3 can activate ion channels (TRPV5/6, SOC, Kv1.3, Kv1.5, Kv7.1, BKCa, Kir2.1, Kir2.2, ENaC, Nav1.5, ClC-2, and ClC Ka), carriers and receptors (Npt2a, Npt2b, NHE3, GluR1, GluR6, SN1, EAAT1, EAAT2, EAAT4, EAAT5, SGLT1, SLC1A5, SLC6A19, SLC6A8, and NaDC1), and Na+/K+-ATPase, promoting the transportation of calcium, phosphorus, sodium, glucose, and neutral amino acids in the kidney and intestine, the absorption of potassium and neutral amino acids in the renal tubules, the transportation of glutamate and glutamine in the nervous system, and the transportation of creatine.",ENaC,phosphorus,0,36531961,37,14785,0.9831937527139952,YES,1
This study provides a novel proof-of-concept of complex RAGE-TXNIP-NLRP3 interactions during macrophage activation in acute lung injury.,NLRP3,acute lung injury,1,36232959,4,6841,0.8718056781574708,YES,1
"BACKGROUND: Mutations in RAS (KRAS, NRAS) and BRAF genes are the main biomarker predicting response to anti-EGFR monoclonal antibodies in targeted therapy in colorectal cancer (CRC).",RAS,EGFR,1,36444585,6,9932,0.9586419909888031,YES,1
"The impact of estetrol is less pronounced, and for 17-beta-estradiol/drospirenone and drospirenone-only, decreased triglyceride and cholesterol levels were observed.",estetrol,cholesterol,1,36744531,5,12168,0.9226876836024439,YES,1
"The levels of glucose, total protein (TP), total cholesterol (TC), and the proinflammatory cytokines interleukin (IL)-1beta, IL-6 and tumor necrosis factor (TNF)-alpha in blood were examined, and we then detected glycogen and adenosine triphosphate (ATP) content, phosphofructosekinase-1 (PFK1) and glucose-6-phosphate dehydrogenase (G6PDH) activity, glucose transporter (GLUT)1, GLUT4, sodium/glucose cotransporter (SGLT)1 and citrate synthase (CS) protein expression and autophagy levels in circulating neutrophils.",glycogen,citrate synthase,0,36174980,13,5909,0.022055184033322635,NO,0
"Both in vivo and in vitro assays demonstrated that C/EBPbeta knockdown significantly suppressed CCI- or LPS/ATP-induced Clec7a upregulation, and subsequently reduced Syk, ERK and JNK phosphorylation, NLRP3 oligomerization, caspase-1 activation, GSDMD expression and pyroptosis, which were markedly reversed by the co-transfection of Clec7a expression vector.",ATP,GSDMD,0,36503542,11,14228,0.9773593910389481,YES,1
"Fibroblasts from HFrEF show higher migratory rate compared with control (P = 0.0036), and increased expression of HF markers [fold-change (Log2): COL1A1-1.3; IL-1b-1.9; IL-6-1.7; FN1-2.9 (P < 0.05)].",HFrEF,IL-6,1,36303443,6,13790,0.9667354064912858,YES,1
"Using a combination of regional association studies, a linkage disequilibrium map, and multivariate analysis, we revealed that the APOB locus variants rs144467873, rs13306194, and rs1367117 were independently associated with total, low-density lipoprotein (LDL), and non-high-density lipoprotein (non-HDL) cholesterol levels; rs1318006 was associated with HDL cholesterol levels; rs13306194 and rs35131127 were associated with serum triglyceride levels; rs144467873, rs13306194, rs56213756, and rs679899 were associated with remnant cholesterol levels; and rs144467873 and rs4665709 were associated with metabolic syndrome.",cholesterol,rs4665709,0,36499290,12,10120,0.9986474089940667,YES,1
"Three-Component Reaction of 3-Formyl-6-Methylchromone, Primary Amines, and Secondary Phosphine Oxides: A Synthetic and Mechanistic Study.",3-Formyl-6-Methylchromone,Phosphine Oxides,1,36687078,2,11777,0.09310580984133428,NO,0
"Moreover, beta2-AR agonist increased mitochondrial biogenesis and proteoglycan biosynthesis by upregulating the gene expression of PGC1-alpha, NRF2 and COL2A1, Acan, respectively.",beta2-AR,PGC1-alpha,0,36188601,5,6147,0.9593170990603523,YES,1
"Furthermore, we proved that ALA counteracts the effects of bleomycin on HK2, PFKFB3, LC3, Parkin, and LF activation in vivo.",PFKFB3,LC3,0,36635651,6,15584,0.9282247077852936,YES,1
"This study has identified revealed that the three SNPs (rs28757157, rs3751592, and rs59429575) of CYP19A1 are associated with lung cancer in the Chinese Han population.",rs3751592,lung cancer,1,36527059,5,10444,0.995448330179516,YES,1
"In contrast, the MAFs of three variants were higher in lean-normal BMI groups; rs3764261 A = 0.38, rs9941349 T = 0.43, and rs7799039 G = 0.40-0.43).",rs3764261,rs9941349,0,36126070,3,5094,0.8094162060920278,YES,1
Long-Surviving Adult Siblings With Joubert Syndrome Harboring a Novel Compound Heterozygous CPLANE1 Variant.,Joubert Syndrome,CPLANE1,1,36176335,2,6012,0.8669849777433829,YES,1
"Furthermore, the administration of systemic corticosteroids for tuberculosis treatment is still debatable, but it had positive effects in this study.",corticosteroids,tuberculosis,1,36147124,2,5640,0.88172394821453,YES,1
"Unexpectedly, we found that lack of chemerin-CMKLR1 signaling specifically reduced expression of lactoperoxidase (LPO), a peroxidase that is predominantly expressed in colonic ECs and utilizes H2O2 to oxidize thiocyanates to the antibiotic compound, thereby leading to the outgrowth and mucosal invasion of gram-negative bacteria and dysregulated CXCL1/2-mediated neutrophilia.",lactoperoxidase,H2O2,0,35858331,7,4425,0.8857447459228635,YES,1
"The osteoblast-like MC3T3-E1 cells were treated with HSP70 inhibitors-VER-155008 and YM-08-, PD98059, SB203580 or SP600125 and then stimulated with PGE1. IL-6 synthesis was evaluated using an IL-6 enzyme-linked immunosorbent assay kit.",VER-155008,YM-08,0,36520821,9,14282,0.9017717540620789,YES,1
"However, when combined with high arsenic exposure levels, the rs9619311 C allele, rs2234921 G allele, or C-G haplotype groups exhibited a greater risk of developing skin cancer compared to the respective common homozygous genotype group.",arsenic,rs2234921,1,36499314,4,10172,0.9950257749968203,YES,1
MR analyses supported APOB variants associated with the risk of DM through their associations with LDL cholesterol levels.,APOB,DM,1,36499290,2,10149,0.9861773820409223,YES,1
Inhibition of sphingosine-1-phosphate receptor 3 suppresses ATP-induced NLRP3 inflammasome activation in macrophages via TWIK2-mediated potassium efflux.,NLRP3,potassium,0,36798132,5,16506,0.9581296402776072,YES,1
"Herein, we demonstrate that Toll-like receptor (TLR)3/4-TBK1-IRF3 pathway activation links environmental insults to IL-33 induction in the skin and pancreas.",Toll-like receptor (TLR)3/4,IRF3,1,36711701,4,11967,0.9501309003418585,YES,1
"We found that VER-155008, an HSP70 inhibitor, enhanced the PGE1-stimulated IL-6 release and IL-6 mRNA expression.",VER-155008,IL-6,1,36520821,4,14305,0.9835217668270503,YES,1
"Bendamustine is well tolerated in combination with clofarabine, etoposide, and dexamethasone.",Bendamustine,etoposide,1,33598942,4,1480,0.9891357242427559,YES,1
"These changes were linked with downregulated levels of interleukin (IL)-10, superoxide dismutase 2 and catalase as well as upregulated expression of profibrotic genes and pro-inflammatory cytokines/chemokines.",catalase,inflammatory,0,34000358,4,12825,0.9254808047146464,YES,1
"Although reports of gastrointestinal perforation after immune-related adverse events (irAE) enteritis are rare, the anti- vascular endothelial growth factor (VEGF) effect of bevacizumab may be involved in gastrointestinal perforation.",vascular endothelial growth factor,bevacizumab,1,36224043,4,6591,0.9129111418379791,YES,1
Conclusion: Ginsenoside Rg1 may alleviate CIH-induced vascular endothelial dysfunction by suppressing the formation of mitochondrial reactive oxygen species through the calpain-1 pathway.,vascular endothelial dysfunction,reactive oxygen species,0,36644390,5,15698,0.9568839589915308,YES,1
"The single nucleotide polymorphism I148M of the lipase patatin-like phospholipase domain containing 3 (PNPLA3) is associated with an unfavorable prognosis in alcoholic and non-alcoholic steatohepatitis (ASH, NASH), with progression to liver cirrhosis and development of hepatocellular carcinoma.",patatin-like phospholipase domain containing 3,hepatocellular carcinoma,1,36611868,7,11125,0.998406697511357,YES,1
"A known pathogenic mutation in the desmin (DES) gene resulting in p.S13F substitution (NM_001927.3:c.38C>T) at a PKC phosphorylation site was identified in all four members of the kindred with early-onset AF and heart block, while only two developed DCM.",desmin,AF,1,34289528,6,2200,0.99318496314264,YES,1
"This study has identified revealed that the three SNPs (rs28757157, rs3751592, and rs59429575) of CYP19A1 are associated with lung cancer in the Chinese Han population.",rs28757157,rs59429575,0,36527059,5,10441,0.995448330179516,YES,1
"We concluded that the efflux transporters ABCB1, ABCC2, SLC25A21, ATP7A, and the uptake transporter OCT2, as well as the organic anion uptake transporters OAT1 and OAT2, are linked to cisplatin accumulation, toxicity, and resistance in urinary bladder cancer patients.",ATP7A,OCT2,0,36650399,11,11384,0.9907323302828556,YES,1
"Excessive intake of heavy metals, such as arsenic (As), manganese (Mn), mercury (Hg), aluminium (Al), lead (Pb), nickel (Ni), bismuth (Bi), cadmium (Cd), copper (Cu), zinc (Zn), and iron (Fe), is neurotoxic and it promotes neurodegeneration.",aluminium,iron,0,33412145,14,1303,0.8941381350807671,YES,1
"A763_Y764insFQEA and D770delinsGY, respectively, account for 3%-8% and 2.0%-4.8% of EGFR ex20ins in NSCLC and are associated with a more favorable response to EGFR-specific TKIs as per case reports.",D770delinsGY,NSCLC,1,36425568,4,9648,0.9426397169366701,YES,1
"Through a Connectivity Map (CMap) analysis, we revealed that certain drugs/molecules, including omeprazole, methacholine chloride, ioversol, fulvestrant, difenidol, cycloserine, and MK-801, may serve as potential treatments for tamoxifen-resistant breast cancer patients.",fulvestrant,cycloserine,0,36619229,10,11305,0.98644717694539,YES,1
"Conclusion: FNDC5 (rs16835198) played an independent or interactive role with PGC-1alpha (rs3755863, rs8192678), healthy eating behaviors, moderate-to-vigorous physical activity time in the occurrence of overweight or obesity in Chinese children and adolescents.",rs8192678,overweight,1,36760581,8,12293,0.9861676140809981,YES,1
"Activated SGK3 can activate ion channels (TRPV5/6, SOC, Kv1.3, Kv1.5, Kv7.1, BKCa, Kir2.1, Kir2.2, ENaC, Nav1.5, ClC-2, and ClC Ka), carriers and receptors (Npt2a, Npt2b, NHE3, GluR1, GluR6, SN1, EAAT1, EAAT2, EAAT4, EAAT5, SGLT1, SLC1A5, SLC6A19, SLC6A8, and NaDC1), and Na+/K+-ATPase, promoting the transportation of calcium, phosphorus, sodium, glucose, and neutral amino acids in the kidney and intestine, the absorption of potassium and neutral amino acids in the renal tubules, the transportation of glutamate and glutamine in the nervous system, and the transportation of creatine.",ClC-2,SLC1A5,0,36531961,37,14830,0.9831937527139952,YES,1
"Klotho-deficient serum promoted BMP2/vitamin D3-induced protein expression of PIT2 and RUNX2, phosphorylation of SMAD1/5/8 and SMAD2/3, and extracellular matrix calcification.",BMP2,SMAD2/3,0,34368951,8,2284,0.9686234374987491,YES,1
"Lung expressions of TXNIP and NLRP3 and alveolar levels of IL-1beta and S100A12 were measured in mice after acid-induced lung injury, with or without administration of RAGE inhibitors.",NLRP3,IL-1beta,0,36232959,7,6777,0.3786531033084268,NO,0
"In this work, we investigated the impact of three CMT-associated substitutions (V155G, Y330C, and R137Q) in the cytoplasmic histidyl-tRNA synthetase (HARS1) on neurite outgrowth and peripheral nervous system development.",Y330C,R137Q,0,32543048,5,16596,0.9399107381828323,YES,1
"Mechanistically, TNF-alpha and IFN-gamma co-treatment activated the JAK/STAT1/IRF1 axis, inducing nitric oxide production and driving caspase-8/FADD-mediated PANoptosis.",nitric oxide,caspase-8,0,33278357,8,1003,0.9824661099733611,YES,1
"Activated SGK3 can activate ion channels (TRPV5/6, SOC, Kv1.3, Kv1.5, Kv7.1, BKCa, Kir2.1, Kir2.2, ENaC, Nav1.5, ClC-2, and ClC Ka), carriers and receptors (Npt2a, Npt2b, NHE3, GluR1, GluR6, SN1, EAAT1, EAAT2, EAAT4, EAAT5, SGLT1, SLC1A5, SLC6A19, SLC6A8, and NaDC1), and Na+/K+-ATPase, promoting the transportation of calcium, phosphorus, sodium, glucose, and neutral amino acids in the kidney and intestine, the absorption of potassium and neutral amino acids in the renal tubules, the transportation of glutamate and glutamine in the nervous system, and the transportation of creatine.",Kv1.3,Npt2b,0,36531961,37,14592,0.9831937527139952,YES,1
Resulting enhancement of HFQT oscillations was shown to contribute directly to triggering dofetilide-induced ventricular arrhythmias.,dofetilide,ventricular arrhythmias,1,35751378,2,4024,0.7772012896141183,YES,1
"With flumazenil blocking classical high-affinity extracellular benzodiazepine site effects, modulation of GABA-activated currents by diazepam, midazolam and flurazepam was measured electrophysiologically in wildtype and M2-15' mutant alpha1 beta3 gamma2L GABAA receptors.",gamma2L,GABAA,0,34386973,10,2455,0.9339893202023084,YES,1
"Activated SGK3 can activate ion channels (TRPV5/6, SOC, Kv1.3, Kv1.5, Kv7.1, BKCa, Kir2.1, Kir2.2, ENaC, Nav1.5, ClC-2, and ClC Ka), carriers and receptors (Npt2a, Npt2b, NHE3, GluR1, GluR6, SN1, EAAT1, EAAT2, EAAT4, EAAT5, SGLT1, SLC1A5, SLC6A19, SLC6A8, and NaDC1), and Na+/K+-ATPase, promoting the transportation of calcium, phosphorus, sodium, glucose, and neutral amino acids in the kidney and intestine, the absorption of potassium and neutral amino acids in the renal tubules, the transportation of glutamate and glutamine in the nervous system, and the transportation of creatine.",Kir2.2,NHE3,0,36531961,37,14743,0.9831937527139952,YES,1
"TCGA database samples were collected, and the correlation between purine metabolism-related genes and ICC clinical features was analyzed using R language to obtain the differential genes including PPAT, PFAS, ATIC, and IMPDH2.",purine,ICC,1,36711025,6,11891,0.9659845529206109,YES,1
SB203580 suppressed the amplification by YM-08 of the PGE1-stimulated IL-6 release.,YM-08,IL-6,1,36520821,4,14343,0.9784906010202854,YES,1
"80% of cases belongs to 8 mutants: 241C toT, 1163A toT, 3037C toT, 14408C toT, 23403A toG, 28881G toA, 28,882 G toA, and 28883G toC. Observed dominance of GR clade variants that have strong presence in Europe, suggesting European channel a possible entry route.",28881G toA,28883G toC,0,36182010,8,6048,0.6074178020369988,YES,1
Thrombomodulin blocked S-protein-induced expression and secretion of fibrinogen but had no effect on S-protein-induced expression of Factor-V or thrombin.,fibrinogen,thrombin,0,36142345,5,13606,0.9748616723147673,YES,1
"The combination of zinc with flavonoids (apigenin, epicatechin, and naringenin) seems to stimulate the process of carcinogenesis.",apigenin,naringenin,0,36673448,6,15776,0.8352050038206933,YES,1
Durable response to afatinib rechallenge in a long-term survivor of non-small cell lung cancer harboring EGFR L858R and L747V mutations.,afatinib,L858R,1,36193787,5,6183,0.9524279384163891,YES,1
"Six SNPs of ABCB1 (rs3842, rs1045642, rs2032582, rs1128503, rs3213619, and rs3747802), one SNP of CYP3A5 (rs776746), seven SNPs of APOB (rs1042034, rs2163204, rs693, rs679899, rs13306194, rs13306198, and rs1367117), and two SNPs of APOE (rs429358 and rs7412) were analyzed by a TaqMan genotyping assay.",rs1042034,rs693,0,36145636,20,5566,0.03417951892894838,NO,0
"The CYP27B1 (rs4646536, rs3782130, rs703842, rs10877012), CYP2R1 (rs10741657), GC (rs7041), CYP24A1, and VDR (BsmI, Cdx-2, FokI, ApaI, TaqI) gene polymorphisms were analyzed by real-time polymerase chain reaction.",CYP27B1,VDR,0,36364930,11,8607,0.00742805442559574,NO,0
"Collectively, our results disclose two LINC00589-initiated ceRNA networks, the LINC00589-miR-100-DLG5 and LINC00589-miR-452-PRDM16- mucin4 axes, which regulate trastuzumab resistance, CSC-like properties and multiple chemoresistance of breast cancer, thus providing potential diagnostic and prognostic markers and therapeutic targets for HER2-positive breast cancer.",LINC00589,miR-452,1,36309503,9,7822,0.9724380469837354,YES,1
"Also, it was revealed that tumor size (T) (p = 0.000), tumor differentiation grade (G) (p = 0.015), and IL1RAP rs4624606 genotype (p = 0.044) were effective variables in multivariable Cox regression analysis prognosing survival of LSCC patients.",tumor,rs4624606,0,36682035,5,11716,0.9489793828841271,YES,1
"Silencing WWOX to mimic low WWOX protein expression in HCC in patients with the WWOX-rs13338697-GG genotype, enhanced HIF1A increment under hypoxia, further decreased ASS1, and increased cell susceptibility to ADI-PEG 20.",HCC,HIF1A,0,36530994,8,14389,0.9726331133677378,YES,1
"Median PFS and 1-year PFS probability were 1.7 months and 9.6% for nivolumab versus 5.6 months and 14.0% for carboplatin-pemetrexed [log-rank P < 001; hazard ratio (HR) of 1.92, with a 60% confidence interval (CI) of 1.61-2.29].",carboplatin,pemetrexed,1,34921023,3,2915,0.9444580982184496,YES,1
"Using specific inhibitors, the authors have shown that, in EA.hy926 cells, IL-6-induced expression of MCP-1 and ICAM-1 depends on the signaling protein and transcription activator STAT3 and, in some cases, on JNK, PI3K, and MEK1/2 kinases and is independent of p38 kinase.",MEK1/2,p38 kinase,0,36406976,9,14027,0.9836930546545755,YES,1
"We observed that CREPT competed with HDAC1 for binding to oncogene (such as CCND1, CLDN1, VEGFA, PPARD and BMP4) promoters but not the tumor suppressor gene (such as p21 and p27) promoters by a chromatin immunoprecipitation (ChIP) qPCR experiment.",CREPT,BMP4,1,36230720,10,6665,0.9953505435313498,YES,1
4-HPR + ABT-199 was highly synergistic against high BCL-2-expressing neuroblastoma cell lines and significantly improved event-free survival of mice carrying high BCL-2-expressing patient-derived xenografts (PDX).,ABT-199,neuroblastoma,1,31484706,6,598,0.9947079344888407,YES,1
"MMTT analysis showed that probands with variants in MC4R, CASP10, TMPRSS6, HGFAC, and SLC5A1 (c.1415T>C) had sufficient residual beta-cell function with stimulated C-peptide (CP) >200 pmol/L. Seven individuals with variants in RFX2, RREB1, GCKR, DACH1, ZBED3 and SLC5A1 (c.1415T>C, and c.932A>T) presented with complete beta-cell failure.",MC4R,SLC5A1,0,36585034,14,16290,0.9708836182768376,YES,1
"The majority of MR-MRSA isolates were resistant to erythromycin, clindamycin, tetracycline, ciprofloxacin, and gentamicin, but the rates of resistance to rifampin and fusidic acid were 8.7% and 6.5%, respectively.",clindamycin,fusidic acid,0,36622214,8,11339,0.9437554410573266,YES,1
"The combination of zinc with flavonoids (apigenin, epicatechin, and naringenin) seems to stimulate the process of carcinogenesis.",flavonoids,carcinogenesis,0,36673448,6,15774,0.8352050038206933,YES,1
"The NOS inhibitor (N-nitro-l-arginine methyl ester) had no effect on nebivolol's SOICR inhibition, and the NOS activator (histamine or prostaglandin E2) alone did not inhibit SOICR.",nebivolol,histamine,1,27623776,5,168,0.9430328325544847,YES,1
"Activated SGK3 can activate ion channels (TRPV5/6, SOC, Kv1.3, Kv1.5, Kv7.1, BKCa, Kir2.1, Kir2.2, ENaC, Nav1.5, ClC-2, and ClC Ka), carriers and receptors (Npt2a, Npt2b, NHE3, GluR1, GluR6, SN1, EAAT1, EAAT2, EAAT4, EAAT5, SGLT1, SLC1A5, SLC6A19, SLC6A8, and NaDC1), and Na+/K+-ATPase, promoting the transportation of calcium, phosphorus, sodium, glucose, and neutral amino acids in the kidney and intestine, the absorption of potassium and neutral amino acids in the renal tubules, the transportation of glutamate and glutamine in the nervous system, and the transportation of creatine.",EAAT4,EAAT5,0,36531961,37,15023,0.9831937527139952,YES,1
"The NOD-like receptor pyrin domain (NLRP3) inflammasome is activated during atherogenesis, but how this occurs is unclear.",NLRP3,atherogenesis,1,36252682,2,6923,0.7255476478484768,YES,1
This study may increase the understanding of the effect of RAD54L2 and GTF2H1 polymorphisms on lung cancer occurrence.,RAD54L2,lung cancer,1,36384536,3,8703,0.8555883218948341,YES,1
"Mutational analysis detected 18,261 mutations in the omicron variant, majority of which were non-synonymous mutations in spike (A67, T547K, D614G, H655Y, N679K, P681H, D796Y, N856K, Q954H), followed by RNA dependent RNA polymerase (rdrp) (A1892T, I189V, P314L, K38R, T492I, V57V), ORF6 (M19M) and nucleocapsid protein (RG203KR).",I189V,K38R,0,35367284,21,3487,0.39213664490372807,NO,0
"Activated SGK3 can activate ion channels (TRPV5/6, SOC, Kv1.3, Kv1.5, Kv7.1, BKCa, Kir2.1, Kir2.2, ENaC, Nav1.5, ClC-2, and ClC Ka), carriers and receptors (Npt2a, Npt2b, NHE3, GluR1, GluR6, SN1, EAAT1, EAAT2, EAAT4, EAAT5, SGLT1, SLC1A5, SLC6A19, SLC6A8, and NaDC1), and Na+/K+-ATPase, promoting the transportation of calcium, phosphorus, sodium, glucose, and neutral amino acids in the kidney and intestine, the absorption of potassium and neutral amino acids in the renal tubules, the transportation of glutamate and glutamine in the nervous system, and the transportation of creatine.",Kv7.1,potassium,0,36531961,37,14674,0.9831937527139952,YES,1
We observed significantly increased QTvi in unmedicated patients with CADF-associated risk in CACNA1C rs2283274 C and schizophrenia-associated risk in rs2239061 G compared to the non-risk allele in these patients.,rs2283274,rs2239061,0,36421807,6,9529,0.9583416600224689,YES,1
"Six SNPs of ABCB1 (rs3842, rs1045642, rs2032582, rs1128503, rs3213619, and rs3747802), one SNP of CYP3A5 (rs776746), seven SNPs of APOB (rs1042034, rs2163204, rs693, rs679899, rs13306194, rs13306198, and rs1367117), and two SNPs of APOE (rs429358 and rs7412) were analyzed by a TaqMan genotyping assay.",rs2032582,rs3213619,0,36145636,20,5508,0.03417951892894838,NO,0
CircFAT1 Promotes Lung Adenocarcinoma Progression by Sequestering miR-7 from Repressing IRS2-ERK-mediated CCND1 Expression.,IRS2,CCND1,1,35844799,5,4374,0.9879607056954215,YES,1
"Moreover, ductal-derived Kras G12D/Trp53 -/- mouse PDACs show higher expression of IFNsign compared with acinar-derived counterparts.",Kras,PDACs,1,33060108,5,829,0.9770910822024507,YES,1
"After the virtual screening, dabigatran, estazolam, leucovorin, and pitavastatin were further examined in ischemic stroke using an animal rodent model of focal cerebral ischemia using transient middle cerebral artery occlusion (t-MCAO).",estazolam,middle cerebral artery occlusion,1,33384558,7,1194,0.8962071361268603,YES,1
"Interestingly, a likely compensatory effect was shown between A30K and A62T. Emergence of Y93H was always associated with RAS at position 62.",A62T,Y93H,0,36410397,3,16194,0.9628465431311763,YES,1
"Herein, we report a case of diffuse hemangiomatosis in the liver and spleen accompanied by KMS in a 59-year-old woman who carried two novel heterozygous CTC1 variants: c.435+9A>C and c.3074C>T (p.Ala1025Val).",diffuse hemangiomatosis,c.435+9A>C,1,36761951,6,12331,0.9128058341066412,YES,1
"Here, we first report a case of a PV patient with a de novo double L611S/V617L in cis mutation of JAK2.",L611S,V617L,0,36483035,5,10044,0.8739012543247775,YES,1
"Haplotype analysis revealed that the AACATGG and GACATGG haplotypes for the rs1544410, rs7975232, rs731236, rs4646536, rs703842, rs3782130, and rs10877012 polymorphisms were associated with a lower risk of NSCLC (p = 0.015 and p = 0.044 respectively).",rs7975232,rs3782130,0,36364930,8,8643,0.9940411486361966,YES,1
"In the yeast S. cerevisiae, Pol II attenuation was initially shown to rely on Nrd1-Nab3-Sen1 termination, but more recently our lab characterized a hybrid termination pathway involving Hrp1, an RNA-binding protein in the 3'-end cleavage factor (CF).",Pol II,Nrd1,1,36315099,6,7969,0.8828818189020933,YES,1
"We observed a significant association between the ARNTL-rs7924734, ARNTL-rs10832027, VRK2- rs2678902 SNPs, and CLOCK gene expression; the PER3-rs228642 and PER3-rs10127838 were related to PER1 expression, and the ARNTL-rs10832027, ARNTL-rs11022778, and MNTR1B-rs10830963 were associated with VRK2 gene expression (p < 0.05).",rs10832027,rs10127838,0,36143969,12,5448,0.9962824850513073,YES,1
"In fact, we showed the increased expression of the pro-inflammatory markers iNOS, Caspase 1, IL-1beta, in response to IFN-gamma plus high glucose, a non-specific disease stimulus that emphasized the dynamic polarization and heterogenicity of the microglial population.",iNOS,IFN-gamma,1,36523814,6,10404,0.9232174616430927,YES,1
"In this case report, the authors present a case of hypertrophic mutations pachymeningitis with Factor V Leiden (G1691A), MTHFR C677T, MTHFR A1298C, PAI-1",pachymeningitis,A1298C,1,36348907,7,8247,0.653123280330563,YES,1
"Using hiPSC-derived cardiomyocyte cell lines with either intrinsic polymorphism or CRISPR-Cas9-mediated deletion of rs28714259 locus, we demonstrate that glucocorticoid receptor signaling activated by dexamethasone pretreatment prior to doxorubicin exposure preserves cardiomyocyte viability and contractility in cardiomyocytes containing the major allele.",dexamethasone,doxorubicin,1,36418322,4,9326,0.9509510588855419,YES,1
"In conclusion, supplementation of rats with selected flavonoids administered separately or in combination with Zn has an impact on the development of neoplasms and the level of modified nucleosides in the urine of rats with breast cancer.",flavonoids,breast cancer,0,36673448,6,15805,0.9482232107128912,YES,1
"Like carvedilol, nebivolol reduced the opening of single RyR2 channels and suppressed spontaneous Ca2+ waves in intact hearts and catecholaminergic polymorphic ventricular tachycardia (CPVT) in the mice harboring a RyR2 mutation (R4496C).",carvedilol,catecholaminergic polymorphic ventricular tachycardia,1,27623776,7,174,0.9619321977131287,YES,1
PEPCK-M promotes proliferation and cell cycle progression in ER+ breast cancer via upregulation of the mTORC1 and E2F1 pathways.,breast cancer,E2F1,1,35757841,5,4084,0.9809173210815857,YES,1
Our findings suggest significant modifications of the effect of the association between arsenic exposure and skin cancer risk by the TIMP3 rs9619311 and rs2234921 variants.,skin cancer,rs9619311,1,36499314,5,10204,0.9470282980296659,YES,1
"Silencing WWOX to mimic HCC with the WWOX-rs13338697-GG genotype further stimulated HCC cell response to hypoxia through increased HIF1A expression, leading to further reduction of ASS1 and thus increased cell susceptibility to ADI-PEG 20.",hypoxia,ADI-PEG 20,0,36530994,7,14425,0.9708575635256398,YES,1
"Specifically, cells that are sensitive to combined dasatinib and trametinib treatment have inhibition of FAK/Src, MEK/ERK, and AKT, resulting in the dramatic upregulation of BIM, while cells that are resistant lack inhibition of AKT and have a dampened induction of BIM.",dasatinib,AKT,1,36672327,8,11602,0.9876817738549598,YES,1
"ATP stimulation induced TWIK2 expression in the plasma membrane of LPS-primed BMDMs, and inhibition of S1PR3 impeded the membrane expression of TWIK2 induced by ATP.",ATP,LPS,0,36798132,4,16547,0.9664729654509355,YES,1
"Downregulation of apelin and ACE2 and upregulation of SGLT2, endothelin-1 and pro-inflammatory cytokines contribute to SARS-CoV-2-mediated cardiorenal injury, indicating that the apelin-ACE2 signaling and SGLT2 inhibitors are potential therapeutic targets for COVID-19 patients.",SGLT2,endothelin-1,0,34000358,9,12866,0.9827007234289039,YES,1
"12/102 were found to have novel variants in potential diabetes genes (RFX2, RREB1, SLC5A1 (3 patients with variants in this gene), GCKR, MC4R, CASP10, TMPRSS6, HGFAC, DACH1, ZBED3).",diabetes,SLC5A1,0,36585034,12,16234,0.9457223638297677,YES,1
"An association between 6 SNPs (rs12244380, rs2025345, rs12722561, rs4749926, rs2104286 and rs706778) in IL2RA (interleukin 2 receptor subunit alpha) and CP was investigated using a case-control method based on 782 CP cases and 778 controls.",IL2RA,CP,1,36195861,8,6268,0.9930585021056999,YES,1
"To investigate the biological consequences of cysteine modification on the Hsp70 Ssa1 in budding yeast, we generated cysteine null (cysteine to serine) and oxidomimetic (cysteine to aspartic acid) mutant variants of both C264 and C303 and demonstrate reduced ATP binding, hydrolysis, and protein folding properties in both the oxidomimetic and hydrogen peroxide-treated Ssa1.",cysteine to serine,cysteine to aspartic acid,0,36030825,6,4700,0.9513258697719094,YES,1
"Among EGFR positive individuals, 221 (49.0%) had an Exon 19 mutation, 159 (35.3%) had an L858R mutation, and 18 (4%) had an Exon20ins mutation.",L858R,Exon20ins,0,36290844,3,7382,0.5499869434298306,YES,1
"In a collective of 106 NASH, ASH and control liver samples, immunohistochemical analyses revealed increased ballooning, inflammation and fibrosis, as well as an accumulation of PNPLA3-perilipin 5 complexes on larger LDs in patients homo-",ASH,perilipin 5,0,36611868,7,11129,0.7359606791377764,YES,1
"Association analysis of three single nucleotide polymorphisms (SNPs) (rs725084, rs2072493_N592S, and rs5744174_F616L) indicated the minor allele of rs2072493_N592S to be associated with increased risk for COPD (OR = 4.41, p < 0.0001) and NSCLC (OR = 5.17, p < 0.0001) development and non-small cell LC risk in the presence of COPD (OR = 1.75, p = 0.0031).",rs725084,COPD,0,36140341,5,5280,0.996842286732502,YES,1
These results suggest that MEF2C is involved in the inflammatory pathogenesis of MTrPs and DEX serves as a potential therapeutic strategy for the treatment of MPS.,DEX,MPS,1,36408215,4,9235,0.9361779244954037,YES,1
Keratin 80 regulated by miR-206/ETS1 promotes tumor progression via the MEK/ERK pathway in ovarian cancer.,miR-206,ovarian cancer,1,34659572,7,2625,0.9898509457112776,YES,1
"Our results showed that rs2642438-A and rs6564851-A alleles had a risk association for hypertriglyceridemia (OR = 1.57, p = 0.013; and OR = 1.33, p = 0.031, respectively), and rs56371916-C allele a trend for low HDL-c (OR = 1.27, p = 0.060) only in men.",rs6564851,hypertriglyceridemia,1,36233117,5,6873,0.9970635516529968,YES,1
"Dysfunctional mitochondria destabilize cytosolic Ca2+ concentrations, raising intracellular Ca2+; this leads to excessive calpain activation and persistent inflammatory responses.",Ca2+,inflammatory,0,35090325,3,13522,0.6553022061918323,YES,1
"In summary, I3C inhibited the degradation of p53 by MDM2 in liver cancer cells; stable p53 induced miR-34a, which targeted LDHA, a key enzyme for aerobic glycolysis, suggesting cancer metabolism is an important target for I3C in liver cancer cells.",LDHA,cancer,0,36297369,7,7577,0.9880590410260963,YES,1
"The impact of supplementation with the above-mentioned compounds on the content of modified derivatives: 1-methyladenosine, N6-methyl-2'-deoxyadenosine, O-methylguanosine, 7-methylguanine, 3-methyladenine, 1-methylguanine, 2-amino-6,8-dihydroxypurine, and 8-hydroxy-2'-deoxyguanosine in the urine of rats with mammary cancer was also assessed.",O-methylguanosine,"2-amino-6,8-dihydroxypurine",0,36673448,9,15743,0.6747023681293349,YES,1
"For example, regarding cardiovascular disorders, mAbs such as Abciximab, Bevacizumab, and Digoxin Immune Fab will be reviewed.",Abciximab,Digoxin Immune Fab,0,35071113,4,3028,0.03317569965820926,NO,0
"Western blot was performed to detect Cyclin D1, PCNA, MMP-2, MMP-9, inflammatory factors TNF-alpha, IL-1beta, IL-4, IL-10, IL-13, and",MMP-9,inflammatory,0,36593749,10,15221,0.0027424683718585393,NO,0
"Particularly in neutrophils, DEX injection inhibited p65-NFkappaB activation and elevated glycogen and ATP contents and SGLT1, GLUT1 and GR expression while inhibiting PFK1 activity, enhancing G6PDH activity and CS expression and lowering cell autophagy levels.",glycogen,CS,0,36174980,10,5975,0.9898205798360803,YES,1
"Furthermore, ATR-MET induced cardiovascular toxicity (increased levels of plasma total cholesterol, HDL-cholesterol, LDL-cholesterol, and triglycerides) with concomitant induction of renal toxicity (increased plasma creatinine and urea levels), and hepatotoxicity (increased plasma bilirubin, alkaline phosphatase, acid phosphatase, alanine aminotransferase and aspartate aminotransferase).",creatinine,urea,0,36262065,13,7151,0.9258537486728653,YES,1
"Brazilian Multiethnic Association Study of Genetic Variant Interactions among FOS, CASP8, MMP2 and CRISPLD2 in the Risk of Nonsyndromic Cleft Lip with or without Cleft Palate.",FOS,CASP8,0,36661544,5,16361,0.8543941164658693,YES,1
"Activated SGK3 can activate ion channels (TRPV5/6, SOC, Kv1.3, Kv1.5, Kv7.1, BKCa, Kir2.1, Kir2.2, ENaC, Nav1.5, ClC-2, and ClC Ka), carriers and receptors (Npt2a, Npt2b, NHE3, GluR1, GluR6, SN1, EAAT1, EAAT2, EAAT4, EAAT5, SGLT1, SLC1A5, SLC6A19, SLC6A8, and NaDC1), and Na+/K+-ATPase, promoting the transportation of calcium, phosphorus, sodium, glucose, and neutral amino acids in the kidney and intestine, the absorption of potassium and neutral amino acids in the renal tubules, the transportation of glutamate and glutamine in the nervous system, and the transportation of creatine.",SGK3,sodium,1,36531961,37,14507,0.9831937527139952,YES,1
"PPARgamma/delta dual modulators functioning as both PPARgamma partial agonists and PPARdelta antagonists promoted adiponectin production, suggesting their therapeutic potential against hypoadiponectinemia-associated cancer and metabolic diseases.",PPARdelta,cancer,1,33325691,7,1172,0.9639210029419814,YES,1
Functionalized aluminosilicate materials were studied as catalysts for the conversion of different cyclic carbonates to the corresponding epoxides by the addition of CO2.,epoxides,CO2,1,36558016,4,10809,0.02901460584691143,NO,0
"Activated SGK3 can activate ion channels (TRPV5/6, SOC, Kv1.3, Kv1.5, Kv7.1, BKCa, Kir2.1, Kir2.2, ENaC, Nav1.5, ClC-2, and ClC Ka), carriers and receptors (Npt2a, Npt2b, NHE3, GluR1, GluR6, SN1, EAAT1, EAAT2, EAAT4, EAAT5, SGLT1, SLC1A5, SLC6A19, SLC6A8, and NaDC1), and Na+/K+-ATPase, promoting the transportation of calcium, phosphorus, sodium, glucose, and neutral amino acids in the kidney and intestine, the absorption of potassium and neutral amino acids in the renal tubules, the transportation of glutamate and glutamine in the nervous system, and the transportation of creatine.",SLC1A5,phosphorus,0,36531961,37,15070,0.9831937527139952,YES,1
"DEX injection markedly increased blood glucose, TP and TC levels, the Ca2+/P5+ ratio and the neutrophil/lymphocyte ratio and significantly decreased blood IL-1beta, IL-6 and TNF-alpha levels.",P5+,IL-1beta,0,36174980,7,5946,0.9497208804036801,YES,1
"In endothelial cells, HTL increased GCH1 S-nitrosylation, reduced tetrahydrobiopterin, and induced oxidative stress, which were attenuated by N-acetyl-cysteine, L-N6-1-Iminoethyl-lysine, mutant of GCH1 cysteine 141 to alanine (MT-GCH1) or gene deletion of inducible NO synthase (iNOS).",GCH1,L-N6-1-Iminoethyl-lysine,0,36399957,7,9076,0.9898568087980889,YES,1
"KRT80 overexpression increased the expression of BCL2/BAX, CyclinD1, MMP2, MMP9, and N-cadherin, decreased the expression of E-cadherin, and increased the phosphorylation of MEK and ERK.",MMP2,MEK,0,34659572,10,2676,0.9919152378253429,YES,1
"Using a combination of regional association studies, a linkage disequilibrium map, and multivariate analysis, we revealed that the APOB locus variants rs144467873, rs13306194, and rs1367117 were independently associated with total, low-density lipoprotein (LDL), and non-high-density lipoprotein (non-HDL) cholesterol levels; rs1318006 was associated with HDL cholesterol levels; rs13306194 and rs35131127 were associated with serum triglyceride levels; rs144467873, rs13306194, rs56213756, and rs679899 were associated with remnant cholesterol levels; and rs144467873 and rs4665709 were associated with metabolic syndrome.",rs679899,metabolic syndrome,0,36499290,12,10141,0.9986474089940667,YES,1
"12/102 were found to have novel variants in potential diabetes genes (RFX2, RREB1, SLC5A1 (3 patients with variants in this gene), GCKR, MC4R, CASP10, TMPRSS6, HGFAC, DACH1, ZBED3).",DACH1,ZBED3,0,36585034,12,16286,0.9457223638297677,YES,1
"These data indicate that nebivolol, like carvedilol, possesses a RyR2-targeted action that suppresses SOICR and SOICR-evoked VTs.",carvedilol,VTs,1,27623776,4,190,0.9739488486910709,YES,1
"A fast, mild, and efficient catalyst-free approach has been developed for the synthesis of chromonyl-substituted alpha-aminophosphine oxides by the three-component reaction of 3-formyl-6-methylchromone, primary amines, and secondary phosphine oxides at ambient temperature.",chromonyl-substituted alpha-aminophosphine oxides,3-formyl-6-methylchromone,1,36687078,4,11778,0.3434836219350583,NO,0
"Peripheral TNF- alpha injection significantly decreased the mechanical pain threshold and increased the expression of p-P65, MLCK, MEF2C, and MyoC in healthy rats.",TNF- alpha,pain,1,36408215,7,9186,0.9524954830716708,YES,1
"MATERIALS AND METHODS: In the current study, eight clinically confirmed children with homocystinuria were detected to study the chosen variants in the CBS gene (c.833 T>C and c.19del) and in the MTHFR gene (c.665 C>T, c.1286 A>C) using SNaPshot mini-sequencing and direct sequencing.",homocystinuria,c.833 T>C,0,36512268,7,10295,0.7546946244972776,YES,1
"We determined that ubiquitin-specific protease 12 (USP12), one of the DUBs, is associated with Bax.",ubiquitin-specific protease 12,Bax,1,36361894,2,8471,0.9947407066737787,YES,1
"Further, residues N440K, Q498R, and N501Y were predicted to be energetically favourable in Omicron.",N440K,Q498R,0,36055162,4,15996,0.5332812731661533,YES,1
"This study was conducted for 28 days, and the results showed that BPA indeed induced an impairment in amino acid metabolism, taking place in the mitochondria by significantly (p < 0.05) decreasing the levels of certain amino acids, i.e., taurine, threonine, asparagine, leucine, norleucine, and glutamic acid in the mice plasma.",asparagine,norleucine,0,36432690,9,9729,0.9299445562854826,YES,1
"We create eight mutants with single substitutions at one of the four positions Ala2, Phe4, Tyr10, and Val12 to decrease the hydrophobicity at respective positions (A2T, A2S, F4A, F4S, Y10A, Y10S, V12A, and V12S) and one mutant (Y10F) to remove the polar nature of Tyr10.",F4A,V12S,0,36411082,9,9262,0.654708589401342,YES,1
"In addition, two tag-SNPs (rs11790782 and rs2241270) in PTGES were linked to higher systolic and diastolic pressure [carriers vs. non-carriers = 5.23 (1.87-9.93), p = 0.03 and 5.9 (1.87-9.93), p = 0.004].",rs11790782,rs2241270,0,36690661,3,11827,0.9960740572351731,YES,1
"Haplotype analysis indicated that the CCGC haplotype of ADD1 constructed by rs1263359, rs3775067, rs4961 and rs4963 was significantly associated with the BP response to CPT.",rs3775067,rs4963,0,22476228,5,37,0.9922328898041322,YES,1
GAS6/AXL Inhibition Enhances Ovarian Cancer Sensitivity to Chemotherapy and PARP Inhibition through Increased DNA Damage and Enhanced Replication Stress.,GAS6,Ovarian Cancer,1,34670865,5,13265,0.9699445665698851,YES,1
"It was transcriptionally repressed by DDP-activated PI3K/AKT/c-Myc signal in LUAD, promoting DDP-acquired chemotherapeutic resistance by regulating miR-1275 to suppress PROCA1/ZFP36L2-induced BCL2 degradation, which led to apoptotic signal reduction.",ZFP36L2,BCL2,1,36627670,8,15498,0.9809051834258496,YES,1
"Dose-dense brentuximab vedotin plus ifosfamide, carboplatin, and etoposide for second-line treatment of relapsed or refractory classical Hodgkin lymphoma: a single centre, phase 1/2 study.",carboplatin,relapsed,1,34329577,6,13241,0.9716327293995083,YES,1
"ATR-MET-induced-testicular toxicity (reduced sperm motility, count, and daily sperm production and increased live/dead ratio) was accompanied with testicular oxidative stress (diminished level of reduced glutathione, activities of glutathione-S-transferase, superoxide dismutase and catalase and increased level of malondialdehyde).",testicular toxicity,catalase,0,36262065,7,7092,0.8514734011054361,YES,1
"A significant (p < 0.05) decline in glutathione peroxidase (GPx), superoxide dismutase (SOD,) glutathione, and catalase levels and an elevation in malondialdehyde level in the BPA group confirmed the generation of oxidative stress and lipid peroxidation in experimental mice exposed to BPA.",superoxide dismutase,glutathione,0,36432690,8,9751,0.9194798007217845,YES,1
"Collectively, our mouse model data support an ocular disease association for TRPM3 in humans and suggest that (1) Trpm3 deficiency impaired lens growth but not lens transparency and (2) Trpm3 dysfunction resulted in progressive lens degeneration and calcification coupled with pro-fibrotic (alpha-SMA+ve) and immune (CD68+ve) cell responses.",TRPM3,lens degeneration and calcification,1,33484482,7,1379,0.9785784729071789,YES,1
"Therefore, afatinib, neratinib, and zanubrutinib could be used as drug candidates against the KRASG12C protein.",zanubrutinib,KRAS,1,36614109,5,11249,0.949812512577554,YES,1
Recurrent Mutations in Cyclin D3 Confer Clinical Resistance to FLT3 Inhibitors in Acute Myeloid Leukemia.,FLT3,Acute Myeloid Leukemia,1,34103301,3,1933,0.9832297532084924,YES,1
Effect of Single Nucleotide Polymorphisms in the Vitamin D Metabolic Pathway on Susceptibility to Non-Small-Cell Lung Cancer.,Vitamin D,Non-Small-Cell Lung Cancer,1,36364930,2,8602,0.8503357583620489,YES,1
Lactic acid sustained positive feedback between glycolysis and LF activation by maintaining the expression of HK2 and PFKFB3.,HK2,PFKFB3,0,36635651,3,15559,0.8359000123028568,YES,1
"All isolates carried mutant alleles for pfcrt (K76T and N75E), and for pfdhfr (N51I and S108N), while for pfdhps, mutations were observed only for codon A437G (32/73, 43.8%).",K76T,S108N,0,36307852,6,7729,0.726362397551763,YES,1
"The ritonavir-containing 3D regimen resulted in a significant increase in sirolimus or everolimus exposure, consistent with the known strong inhibitory effect of ritonavir on CYP3A requiring dose and/or frequency modification when co-administered with each other.",sirolimus,CYP3A,1,36416673,4,9313,0.9856475187855431,YES,1
"Compared with the wild type (WT), the M5D mutant (Q34P/A37P/M176V/G177A/M294R/ G28C-P206C), which contains five single-point mutations and one additional disulfide bond, displayed a 14.0  C increase in the melting temperature (Tm), 5  C in the optimal temperature, and 1154.3-fold in the half-life (t1/2) at 55  C.",M294R,G28C,0,36553811,8,10774,0.985077459858442,YES,1
"rs2258461 with body mass index, rs9861311 and rs429358 with body fat percentage, rs2870099 with waist-hip ratio, and rs145500243 with waist circumference.",rs2870099,rs145500243,0,36276968,5,7291,0.9697229926161791,YES,1
Our findings revealed that HDAC1 functions differentially on tumor suppressors and oncogenes due to its interaction with the oncoprotein CREPT.,HDAC1,tumor,0,36230720,3,6711,0.9688309709350981,YES,1
Lapatinib inhibited the ability of the neurotensin receptor 1 to transactivate the EGFR and HER2.,neurotensin receptor 1,HER2,1,31614143,4,12564,0.9904353222163003,YES,1
Seminal studies have shown that the proto-oncogene MYC promotes metabolic reprogramming by altering glutamine uptake and metabolism in cancer cells.,MYC,glutamine,1,31416966,3,521,0.9601767553837623,YES,1
Single-agent heat shock protein 90 (HSP90) inhibition has demonstrated activity in oncogene-driven non-small cell and small cell lung cancers.,heat shock protein 90,non-small cell and small cell lung cancers,1,34655925,2,2573,0.9261525861961405,YES,1
"In addition, co-treatment of a CB2 antagonist with THC, and a CB2 agonist with CBD, reversed the impact of THC and CBD on the mRNA levels of key markers, respectively.",CB2,CBD,1,35976913,3,4681,0.9669663145217329,YES,1
"TNF-alpha and IL-1beta levels were decreased, but IL-4, IL-10, IL-13, cyclin D1, and PCNA levels were increased in pregnant women with preeclampsia after using progesterone.",IL-4,IL-13,0,36593749,10,15260,0.8900742156162825,YES,1
"Treatment of obese+sugen rats with empagliflozin improved metabolic syndrome, reduced mitochondrial reactive oxygen species and miR-193b levels, restored NFYA/sGC activity, and prevented EIPH.",metabolic syndrome,reactive oxygen species,1,34157861,10,12983,0.9721647573502065,YES,1
"Through a Connectivity Map (CMap) analysis, we revealed that certain drugs/molecules, including omeprazole, methacholine chloride, ioversol, fulvestrant, difenidol, cycloserine, and MK-801, may serve as potential treatments for tamoxifen-resistant breast cancer patients.",ioversol,breast cancer,1,36619229,10,11303,0.98644717694539,YES,1
"Using NCI-H838 cells, neurotensin or neurotensin8-13 but not neurotensin1-8 increased EGFR, ERK and HER2 tyrosine phosphorylation which was blocked by SR48692.",ERK,SR48692,1,31614143,6,12494,0.9912890864456756,YES,1
"Genes or proteins regulating lipid metabolism include sterol regulatory element binding protein 1 (SREBP1), adipose triglyceride lipase (ATGL), hormone sensitive lipase (HSL), acetyl-CoA carboxylase 1 (ACC1), fatty acid synthase (FAS), zinc alpha 2 glycoprotein (ZAG) and estrogen receptor alpha (ERalpha), and the expression of proteins regulating inflammatory response, such as TLR4 and NF-kappaB, were determined.",sterol regulatory element binding protein 1,TLR4,0,31661889,11,12597,0.24478677873110793,NO,0
"Although dopamine D2 receptor agonists, bromocriptine and cabergoline, are notable medications in the treatment of Parkinsonism, hyperprolactinemia, and hyperglycemia, there is an identified relationship between the utilization of D2-like R agonists and the progress of myocardial injury, especially in the early phase of therapy.",bromocriptine,hyperglycemia,1,34777640,7,2767,0.9772333014423196,YES,1
"The rs17833172 and rs3775067 SNPs of the ADD1 gene and the rs4963516 SNP of the GNB3 gene were significantly associated with the BP response to CPT, even after adjusting for multiple testing.",rs3775067,rs4963516,0,22476228,5,31,0.9981103443273168,YES,1
"The results showed that the levels of gene and protein catalyzing lipogenesis were increased (SREBP1, ACC1 and FAS), while those catalyzing lipolysis were decreased (ATGL, HSL and ZAG), accompanied by dyslipidemia, insulin resistance and hepatic fat accumulation, and there were higher expression of TLR4 and NF-kappaB protein and lower expression of ERalpha protein in liver, and increased serum IL-17 and TNF-alpha levels in fructose and/or BPA exposed rats compared with controls.",insulin resistance,BPA,1,31661889,16,12754,0.9840876725984525,YES,1
"In contrast, the lower MAFs of ABCB1-rs1045642 were observed in both MDD (0.3599, OR = 0.726) and BPD (0.3700, OR = 0.758) groups than controls (0.4364, P < 0.05).",ABCB1,BPD,1,36698099,4,11850,0.9449260720640595,YES,1
Ginsenoside Rg1 ameliorates chronic intermittent hypoxia-induced vascular endothelial dysfunction by suppressing the formation of mitochondrial reactive oxygen species through the calpain-1 pathway.,vascular endothelial dysfunction,calpain-1,1,36644390,6,15600,0.9857795731875698,YES,1
We conclude that fisetin potently inhibits IL-17A and the Akt/mTOR pathway and promotes keratinocyte differentiation and autophagy to alleviate IMQ-induced psoriasis-like disease in mice.,fisetin,Akt,1,36741386,7,12137,0.9840589769551584,YES,1
"Altogether, this study proposes a novel EGFR (L858R/T790M/C797S) TK inhibitor scaffold and provides a detailed understanding of compounds' recognition and susceptibility at the molecular level.",L858R,C797S,0,36558033,4,16230,0.7898173712667567,YES,1
"The aim of this study was designed to examine whether HHcy induces VCI through GCH1 S-nitrosylation, a redox-related post-translational modification of cysteine.",VCI,cysteine,0,36399957,4,9064,0.8902905402033389,YES,1
"We observed that CREPT competed with HDAC1 for binding to oncogene (such as CCND1, CLDN1, VEGFA, PPARD and BMP4) promoters but not the tumor suppressor gene (such as p21 and p27) promoters by a chromatin immunoprecipitation (ChIP) qPCR experiment.",VEGFA,tumor,0,36230720,10,6692,0.9953505435313498,YES,1
"In this study, we performed whole-exome sequencing on BRAF-V600E-mutant melanoma patient tumors refractory to the combination of BRAF/MEK inhibition and identified acquired oncogenic mutations in NRAS and loss of the tumor suppressor gene CDKN2A We hypothesized the acquired resistance mechanisms to BRAF/MEK inhibition were reactivation of the MAPK pathway and activation of the cell-cycle pathway, which can both be targeted pharmacologically with the combination of a MEK inhibitor (trametinib) and a CDK4/6 inhibitor (palbociclib).",MEK,MAPK,0,34376578,12,2351,0.9474752905717748,YES,1
"We propose a potential pleiotropic role for common variation in CACNA1C and KCNH2 associated with CADF in schizophrenia patients, independent of antipsychotic medication, that predisposes them to cardiac arrhythmias and premature death.",KCNH2,premature death,1,36421807,7,9555,0.9728361063885343,YES,1
"Associations between significant fibrosis and carbohydrates (Adj. OR: 1.04, P = 0.019), n-3 PUFAs (Adj. OR: 0.16, P < 0.01), isoflavones (Adj. OR: 0.65, P = 0.025), methionine (Adj. OR: 0.30, P < 0.01), and total choline (Adj. OR: 0.29, P < 0.01) intakes remained significant only among rs738409 G-allele carriers.",choline,rs738409,0,33306506,7,1124,0.9786570599001125,YES,1
"Anti-aldosterone activity via non-renal mineralocorticoid receptors is associated with cardiovascular health, while interactions with parathyroid hormone signaling impact bone structure and vascular calcification.",parathyroid hormone,vascular calcification,1,36744531,3,12195,0.9135947594867253,YES,1
Modulation of Spheroid Forming Capacity and TRAIL Sensitivity by KLF4 and Nanog in Gastric Cancer Cells.,Nanog,Gastric Cancer,1,36661504,4,11500,0.8334976864809324,YES,1
"The results showed that the levels of gene and protein catalyzing lipogenesis were increased (SREBP1, ACC1 and FAS), while those catalyzing lipolysis were decreased (ATGL, HSL and ZAG), accompanied by dyslipidemia, insulin resistance and hepatic fat accumulation, and there were higher expression of TLR4 and NF-kappaB protein and lower expression of ERalpha protein in liver, and increased serum IL-17 and TNF-alpha levels in fructose and/or BPA exposed rats compared with controls.",insulin resistance,NF-kappaB,0,31661889,16,12749,0.9840876725984525,YES,1
"Instead, caspase-8 reduced pro-survival BCL-2 transcription and increased inducible nitric oxide synthase (iNOS), thus facilitating BAX and BAK signaling.",BAX,BAK,0,35139355,5,3132,0.9723703518951096,YES,1
"Our results, taken together, demonstrated that MMP-2 and MMP-9 were involved in the development of H2S-induced ALI and DXM exerted protective effects by alleviating the expression of MMP-2 and MMP-9.",MMP-9,H2S,1,24722316,5,122,0.9789497027799982,YES,1
"We speculated that mutation in the TH gene may clinically manifest by affecting the production of dopamine and catecholamine downstream, which enriches the gene pool of Segawa syndrome.",TH,dopamine,1,36568392,4,10932,0.7521423724769934,YES,1
"Removal of binding affinity to A3AR was achieved by 1'-homologation, and PPARgamma/delta dual modulation was derived from the structural similarity between the target nucleosides and PPAR modulator drug, rosiglitazone.",A3AR,rosiglitazone,0,33325691,5,1145,0.8726129774142838,YES,1
"High-throughput sequencing of chromosome conformation capture coupled with ChIP (HiChIP) and 3C-qPCR uncovered a long-range interaction between the UBE2L3 promoter (rs140490, rs140491, rs11089620) and the downstream YDJC promoter (rs3747093) that was strengthened in the presence of the UBE2L3/YDJC risk haplotype, and correlated with the loss of CCCTC-binding factor (CTCF) and gain of YY1 binding at the risk alleles.",YDJC,YY1,1,34279042,8,2190,0.9892173983364941,YES,1
"The genetic variants with higher MAFs in obese BMI group were; rs2241766 (G = 0.43), rs17817449 (G = 0.54), rs9939609 (A = 0.51), rs1421085 (C = 0.53), rs1558902 (A = 0.63), and rs1137101 (G = 0.64) respectively.",rs2241766,rs1558902,0,36126070,7,5082,0.9237293188617666,YES,1
"Activated SGK3 can activate ion channels (TRPV5/6, SOC, Kv1.3, Kv1.5, Kv7.1, BKCa, Kir2.1, Kir2.2, ENaC, Nav1.5, ClC-2, and ClC Ka), carriers and receptors (Npt2a, Npt2b, NHE3, GluR1, GluR6, SN1, EAAT1, EAAT2, EAAT4, EAAT5, SGLT1, SLC1A5, SLC6A19, SLC6A8, and NaDC1), and Na+/K+-ATPase, promoting the transportation of calcium, phosphorus, sodium, glucose, and neutral amino acids in the kidney and intestine, the absorption of potassium and neutral amino acids in the renal tubules, the transportation of glutamate and glutamine in the nervous system, and the transportation of creatine.",GluR1,creatine,0,36531961,37,14952,0.9831937527139952,YES,1
The pro-apoptotic caspase-8 substrate BID was dispensable for BAX and BAK activation.,BID,BAX,0,35139355,4,3120,0.9395433743551478,YES,1
"In addition, the expression of TNF- alpha, p-P65, MLCK, and Myocilin (MyoC) was up-regulated and the mechanical pain threshold was decreased.",TNF- alpha,Myocilin,1,36408215,5,9178,0.8762225392531339,YES,1
MTX significantly downregulated the level of anti-atherogenic lipid ApoA1 in AA genotype carriers of rs2066398.,MTX,ApoA1,1,36362461,4,8521,0.9434438994665174,YES,1
"We also found that either TSH or NAC enhanced PKA, Akt, mTORC, AMPK, Sirtuins, PGC1alpha, NRF-2, mitofusin-2, TFAM and catalase in the N-TSHR-mAb stressed cells.",Akt,mitofusin-2,0,34801870,14,13413,0.8814528262804153,YES,1
"We evaluated Allplex SARS-CoV-2 Master Assay and Variants I Assay to detect HV69/70 deletion, Y144 deletion, E484K, N501Y, and P681H spike mutations in 248 positive samples collected in Kuala Lumpur, Malaysia, between January and May 2021.",N501Y,P681H,0,35026305,7,3023,0.5422042366797705,YES,1
"Taken together, KRGE-induced bilirubin production is required for enhanced astrocytic mitochondrial function in an LKB1-dependent and AMPKalpha-independent manner under physiological conditions.",KRGE,bilirubin,0,36139815,4,5266,0.8569899723121033,YES,1
Diminishing HMGB2 expression by miR-127 or SHP may provide a potential means to decrease the pluripotency of tumor initiating cells.,HMGB2,miR-127,1,29218329,4,486,0.8397182082996159,YES,1
"Chronic oral mucocutaneous candidiasis, recurrent respiratory infection, hepatosplenomegaly, and autoimmune diabetes mellitus: A case report of a gain-of-function mutation of STAT1 in a Chinese boy.",respiratory infection,STAT1,0,36304533,5,7605,0.9274406350348444,YES,1
"Mechanisms of acquired resistance to anti-KRAS molecules typically involves either on target secondary mutations (e.g., G12, G13, Q61H, R68S, H95, Y96C, V8L) or off-target alterations.",Q61H,Y96C,0,36358848,8,8351,0.7963561780866891,YES,1
Our findings suggest significant modifications of the effect of the association between arsenic exposure and skin cancer risk by the TIMP3 rs9619311 and rs2234921 variants.,skin cancer,TIMP3,1,36499314,5,10203,0.9470282980296659,YES,1
"Serum butyric acid, 2-hydroxybutyric acid, l-glutamic acid, l-phenylalanine, l-serine, l-lactic acid, and cholesterol were enriched in COVID-19 and COVID-19-like patients versus HCs.",2-hydroxybutyric acid,l-glutamic acid,0,33662365,9,1583,0.9544044203096912,YES,1
"P2Y11-induced IL-1R upregulation formed the basis for reinforced IL-1 responsiveness of activated M2 macrophages, as IL-1alpha and IL-1ss each enhanced P2Y11-induced secretion of VEGF and CCL20 as well as the previously reported shedding of soluble tumor necrosis factor receptor 2 (sTNFR2).",CCL20,tumor necrosis factor receptor 2,0,36107259,8,4934,0.9589939728664298,YES,1
"We also found that either TSH or NAC enhanced PKA, Akt, mTORC, AMPK, Sirtuins, PGC1alpha, NRF-2, mitofusin-2, TFAM and catalase in the N-TSHR-mAb stressed cells.",NRF-2,catalase,0,34801870,14,13450,0.8814528262804153,YES,1
"The results showed that the application of biochar and especially chemically modified biochars reduced fluoride (about 15-37%) and cadmium (30-52%) contents in mint leaves, while increased soil pH and cation exchange capacity (CEC), nitrogen (12-35%), phosphorus (16-59%), potassium (17-52%), calcium (19-47%), magnesium (28-77%), iron (37-114%), zinc (45-226%), photosynthetic pigments of leaves and plant biomass (about 10-25%) under toxic conditions.",biochar,iron,1,36578343,11,11008,0.42066597346288725,NO,0
Nebivolol suppresses cardiac ryanodine receptor-mediated spontaneous Ca2+ release and catecholaminergic polymorphic ventricular tachycardia.,cardiac ryanodine receptor,Ca2+,1,27623776,4,154,0.9836267290923495,YES,1
"Carrying out the reaction with aliphatic amines or aminoalcohols at a higher temperature (80  C), phosphinoyl-functionalized 3-aminomethylene chromanones were formed instead of the corresponding chromonyl-substituted alpha-aminophosphine oxides.",amines,chromonyl-substituted alpha-aminophosphine oxides,1,36687078,4,11786,0.5494193207137962,YES,1
"We identified one new risk variant rs61204179 (Pcombined = 1.47 x 10-9) with low allele frequency, four previously reported risk variants (NUCKS1/RAB29-rs11557080, SNCA-rs356182, FYN-rs997368, and VPS13C-rs2251086), as well as three risk variants in LRRK2 coding region (A419V, R1628P, and G2385R) with genome-wide significance (P < 5 x 10-8) for PD in Chinese population.",NUCKS1,LRRK2,0,36759515,15,12208,0.9900230188161001,YES,1
"At molecular level, circFAT1 sequestered miR-7 to upregulate IRS2, which in turn regulated downstream ERK1/2 phosphorylation and CCND1 expression, ultimately promoting tumor progression.",ERK1/2,tumor,0,35844799,5,4384,0.9970298309120064,YES,1
