sentence,species1,species2,label,pmid,n_concepts,row,p_yes,raw,verdict
"Relative to control, 10muM THC and 10muM CBD reduced mRNA levels of milk proteins (CSN2 and WAP), lipid synthesizing and glucose transport markers (GLUT 1, HK2, FASN, FABP4, PLIN2 and LPL), as well as whey acidic protein and lipid levels.",lipid,LPL,0,35976913,12,4658,0.1061771637844783,NO,0
"Activated SGK3 can activate ion channels (TRPV5/6, SOC, Kv1.3, Kv1.5, Kv7.1, BKCa, Kir2.1, Kir2.2, ENaC, Nav1.5, ClC-2, and ClC Ka), carriers and receptors (Npt2a, Npt2b, NHE3, GluR1, GluR6, SN1, EAAT1, EAAT2, EAAT4, EAAT5, SGLT1, SLC1A5, SLC6A19, SLC6A8, and NaDC1), and Na+/K+-ATPase, promoting the transportation of calcium, phosphorus, sodium, glucose, and neutral amino acids in the kidney and intestine, the absorption of potassium and neutral amino acids in the renal tubules, the transportation of glutamate and glutamine in the nervous system, and the transportation of creatine.",ENaC,glutamine,0,36531961,37,14790,0.3456450564192713,NO,0
"Effects of 15 torsadogenic hERG blocking drugs (astemizole, chlorpromazine, cisapride, droperidol, ibutilide, dofetilide, haloperidol, moxifloxacin, pimozide, quinidine, risperidone, sotalol, sertindole, terfenadine, and thioridazine) were assessed by telemetry in beagle dogs.",pimozide,terfenadine,0,35751378,17,3998,0.0104799364392859,NO,0
"A significant (p < 0.05) decline in glutathione peroxidase (GPx), superoxide dismutase (SOD,) glutathione, and catalase levels and an elevation in malondialdehyde level in the BPA group confirmed the generation of oxidative stress and lipid peroxidation in experimental mice exposed to BPA.",malondialdehyde,lipid,0,36432690,8,9764,0.50439407998495,YES,1
"Here, we report that GIGYF1 is the second-most mutated gene among known ASD high-confidence risk genes.",GIGYF1,ASD,1,35917186,2,4523,0.9940627642425612,YES,1
"The results showed that the levels of gene and protein catalyzing lipogenesis were increased (SREBP1, ACC1 and FAS), while those catalyzing lipolysis were decreased (ATGL, HSL and ZAG), accompanied by dyslipidemia, insulin resistance and hepatic fat accumulation, and there were higher expression of TLR4 and NF-kappaB protein and lower expression of ERalpha protein in liver, and increased serum IL-17 and TNF-alpha levels in fructose and/or BPA exposed rats compared with controls.",SREBP1,dyslipidemia,0,31661889,16,12677,0.5325349602388042,YES,1
"Among these, the IDP hub protein G3BP1 can form complexes with cytoplasmic phosphoprotein Caprin1 and ubiquitin peptidase USP10; the resulting control of USP10 activity contributes to a pathogenic virulence system that targets endocytic recycling of the ion channel CFTR.",Caprin1,CFTR,0,36183834,4,6080,0.1940507735658719,NO,0
"However, subgroup analysis revealed a significant association of rs2025345 with spastic tetraplegia (P genotype = 0.048 after correction) and rs12722561 with CP accompanied by global developmental delay (P allele = 0.045 after correction), even after Bonferroni correction.",rs12722561,CP,1,36195861,5,6274,0.9977871209293202,YES,1
Effect of Polyphenols and Zinc Co-Supplementation on the Development of Neoplasms in Rats with Breast Cancer.,Zinc,Neoplasms,0,36673448,5,15704,0.9459256827797672,YES,1
"Q57H and T151I of ORF3a; T21I and W27L of ORF6; G38V, V82A, and T120I of ORF7a; S31P and T40I of ORF7b; and R52I, C61F, and I121L of ORF8 were highly frequent in most variants of concern and were within known functional domains.",V82A,T120I,0,35764775,17,4168,0.0274169019711997,NO,0
"We also found that either TSH or NAC enhanced PKA, Akt, mTORC, AMPK, Sirtuins, PGC1alpha, NRF-2, mitofusin-2, TFAM and catalase in the N-TSHR-mAb stressed cells.",TFAM,TSHR,0,34801870,14,13458,0.2049415956381779,NO,0
"We observed suggestive evidence (P < 0.05) for eight variants (rs17026425, rs17057166, rs6854845, rs1728400, rs17693104, rs202280, rs6797464, and rs823920) in all colorectal cancer and two variants (rs17026425 and rs6854845) in rectal cancer that were concordant with previous reports.",rs17026425,rectal cancer,1,31488414,10,641,0.991227747657192,YES,1
"These findings provide evidence of an aggregate effect of the MARC1, ADCY5, and BCO1 variants on the risk of hypertriglyceridemia in Mexican men.",MARC1,hypertriglyceridemia,1,36233117,5,6878,0.9971950099318956,YES,1
"The most common mutation was D614G (1841A>G) observed in 61 sequences, followed by L4715L (14143 C>T) found in 60 sequences.",1841A>G,14143 C>T,0,35598737,4,3759,0.3675729885244543,NO,0
"Cell media assayed for nitrites with chemiluminescence NO analyzer, and conversion of ADMA to L-citrulline was measured by spectrophotometry.",NO,ADMA,0,34151866,4,2060,0.0126205878284957,NO,0
"Cystinuria is a genetically inherited disorder of renal and intestinal transport, featured as a high concentration of cystine in the urine.",disorder of renal,cystine,0,36421847,3,9579,0.2263305036625836,NO,0
"The roles of ABCC5, ABCA8, ABCC10, ABCB10, ABCG1, ATP7B, ABCG2, and mitochondrial SLC25A10 in platinum-receiving urinary bladder cancer patients should be the subject of further investigation.",ABCA8,ABCG2,0,36650399,11,11431,0.0003027391572215,NO,0
"The dopamine- and cAMP-regulated phosphoprotein (DARPP-32), which is encoded by the PPP1R1B gene, plays a converging regulatory role in the central nervous system by mediating the actions of dopamine, serotonin, and glutamate.",serotonin,glutamate,0,36440265,5,9879,0.0283498471448728,NO,0
"SNHG15 was found to bind to miR-18a, which could further target CXCL13.",SNHG15,miR-18a,1,32862188,3,775,0.9996128285745164,YES,1
The m6A reader IMP2 directs autoimmune inflammation through an IL-17- and TNFalpha-dependent C/EBP transcription factor axis.,IL-17,TNFalpha,1,34215679,5,13038,0.3262667908496541,NO,0
"This study was conducted for 28 days, and the results showed that BPA indeed induced an impairment in amino acid metabolism, taking place in the mitochondria by significantly (p < 0.05) decreasing the levels of certain amino acids, i.e., taurine, threonine, asparagine, leucine, norleucine, and glutamic acid in the mice plasma.",impairment in amino acid metabolism,norleucine,0,36432690,9,9717,0.8566547285855414,YES,1
"Overall, we suggest that Pitavastatin and Ivermectin could act synergistically in combination with Paclitaxel, being promising two-drug combinations for high-grade serous carcinoma management.",Ivermectin,serous carcinoma,1,36139522,4,5178,0.7930855283295396,YES,1
We evaluated activity of 4-HPR + ABT-199 in preclinical models of neuroblastoma.,4-HPR,ABT-199,1,31484706,3,591,0.9952402648064468,YES,1
"However, some characteristic mutations like Delta144(S), G204R(N), and T1001I, I2230T, del3675-3677(ORF1ab) were missing in the Pakistani population of alpha-variant.",T1001I,I2230T,0,36512569,5,10316,0.0134025858087773,NO,0
"In summary, our results demonstrate that tyrosine phosphorylation of RIPK1 is critical for regulating RIPK1 activity to limit cell death and inflammation.",tyrosine,inflammation,0,36329033,3,8141,0.0486319440253316,NO,0
"Western blot was performed to detect Cyclin D1, PCNA, MMP-2, MMP-9, inflammatory factors TNF-alpha, IL-1beta, IL-4, IL-10, IL-13, and",PCNA,MMP-2,0,36593749,10,15206,0.0011748177702846,NO,0
"The cAMP-binding effector, exchange protein activated by cAMP 1 (Epac1), which is known to induce SOCS3, differentially regulated the P2Y11/IL-1R response because pharmacological Epac1 inhibition enhanced sTNFR2 and CCL20 release, but had no effect on VEGF secretion.",cAMP,TNFR2,0,36107259,8,4942,0.2364478148771098,NO,0
"Silencing WWOX to mimic low WWOX protein expression in HCC in patients with the WWOX-rs13338697-GG genotype, enhanced HIF1A increment under hypoxia, further decreased ASS1, and increased cell susceptibility to ADI-PEG 20.",WWOX,ADI-PEG 20,1,36530994,8,14387,0.7179521350120882,YES,1
"Overexpression of human PANK1 and PANK3 in these mutants restored normal cellular activity whereas complementation with PANK2 was partial and could only be achieved with an isoform, PanK2mtmDelta, lacking the mitochondrial transit peptide.",PANK1,PANK2,1,36613877,4,11192,0.5032301426663961,YES,1
"Screening of nine affected families revealed two novel (c.5571_5576delinsCTAGATand c.471dup in EYS and SPATA7 genes, respectively) and six reported pathogenic mutations (c.304C>A, c.187C>T, c.1560C>A, c.547C>T, c.109del and c.9911_11550del in PDE6A, USH2A, USH2A, NMNAT1, PAX6 and ALMS1 genes, respectively) segregating with disease phenotype in each respective family.",PDE6A,NMNAT1,0,36140798,15,5338,0.0007019658005545,NO,0
"Our analysis also observed a triple cysteine motif harboring mutation (L39M, A41S, A41V, C43F, C43R, C43S, C44Y, N45R) which may hinder the binding of E protein with spike glycoprotein.",A41V,C43S,0,33319124,10,15836,0.0002697043109487,NO,0
"Overall, these findings support the hypothesis that CMT-HARS1 alleles exert their toxic effect in a neuronal context, and lead to dysregulated protein synthesis.",CMT,HARS1,1,32543048,2,16605,0.0388691099262045,NO,0
"The triple mutations, K417N-E484K-N501Y, and K417T-E484K-N501Y displayed weaker binding affinity to heparin (-6.6 kcal/mol).",K417N,E484K,0,35194375,5,3261,0.2979817060694527,NO,0
"Following induction, MP animals randomly were assigned to receive alendronate, genistein, lycopene, or the association of genistein and lycopene or saline solution for additional 60 days together with MP.",MP,lycopene,0,36296984,5,7479,0.6865200421537349,YES,1
"Oxidative stress variables (ROS, nitrite, TBARS, SOD, catalase) and inflammatory markers (TNF-alpha, and IL-1beta), which were altered on Cu exposed rats, also responded favorably to ALA+ MiADMSA",SOD,inflammatory,0,36548551,12,10628,0.0121772007696768,NO,0
"The levels of glucose, total protein (TP), total cholesterol (TC), and the proinflammatory cytokines interleukin (IL)-1beta, IL-6 and tumor necrosis factor (TNF)-alpha in blood were examined, and we then detected glycogen and adenosine triphosphate (ATP) content, phosphofructosekinase-1 (PFK1) and glucose-6-phosphate dehydrogenase (G6PDH) activity, glucose transporter (GLUT)1, GLUT4, sodium/glucose cotransporter (SGLT)1 and citrate synthase (CS) protein expression and autophagy levels in circulating neutrophils.",tumor necrosis factor (TNF)-alpha,glycogen,0,36174980,13,5895,0.0003079336393483,NO,0
"In heart failure with preserved ejection fraction and CpcPH models, metabolic syndrome contributes to pulmonary vascular dysfunction and EIPH through enhanced reactive oxygen species and miR-193b expression, which downregulates NFYA-dependent sGCbeta1 expression.",reactive oxygen species,sGCbeta1,1,34157861,8,13015,0.612868963510831,YES,1
"In order to detect the SARS-CoV-2 variants of concern (VOCs), five real-time reverse transcriptase PCR (rRT-PCR) assays were designed to target the critical discriminatory mutations responsible for the following amino acid changes in the spike protein: two Delta69-70 + N501Y + E gene triplexes (one optimized for Alpha [B.1.1.7] and one optimized for Omicron [B.1.1.529]), a K417N + 242-244 wild-type duplex, a K417T + E484K duplex, and a L452R + P681 + E484Q triplex.",K417T,P681,0,35644262,9,3822,0.4279539891251496,NO,0
"This study was conducted for 28 days, and the results showed that BPA indeed induced an impairment in amino acid metabolism, taking place in the mitochondria by significantly (p < 0.05) decreasing the levels of certain amino acids, i.e., taurine, threonine, asparagine, leucine, norleucine, and glutamic acid in the mice plasma.",impairment in amino acid metabolism,asparagine,0,36432690,9,9715,0.868728543420229,YES,1
"In this article, we reviewed the clinical activity and adverse events of furmonertinib at 80 mg daily (approved dose), potential usage of 160 mg daily for CNS metastasis in EGFR+ NSCLC, and usage of 160 mg or 240 mg daily in EGFR exon20 insertion positive (EGFRex20ins+) NSCLC patients.",furmonertinib,EGFR,1,36317157,4,8085,0.8759784149051595,YES,1
"Activated SGK3 can activate ion channels (TRPV5/6, SOC, Kv1.3, Kv1.5, Kv7.1, BKCa, Kir2.1, Kir2.2, ENaC, Nav1.5, ClC-2, and ClC Ka), carriers and receptors (Npt2a, Npt2b, NHE3, GluR1, GluR6, SN1, EAAT1, EAAT2, EAAT4, EAAT5, SGLT1, SLC1A5, SLC6A19, SLC6A8, and NaDC1), and Na+/K+-ATPase, promoting the transportation of calcium, phosphorus, sodium, glucose, and neutral amino acids in the kidney and intestine, the absorption of potassium and neutral amino acids in the renal tubules, the transportation of glutamate and glutamine in the nervous system, and the transportation of creatine.",Kv1.3,glutamine,0,36531961,37,14613,0.3579574439392372,NO,0
Fisetin also significantly inhibited T-lymphocytes and F4/80+ macrophage infiltration into skin.,Fisetin,F4/80,0,36741386,2,12135,0.7142362488817161,YES,1
"As ADI-PEG 20 can reduce plasma arginine levels, we examined its pretreatment levels in relation to the WWOX-rs13338697 genotypes.",ADI-PEG 20,rs13338697,1,36530994,4,14370,0.3142636256860435,NO,0
"The polymorphisms suitable for meta-analysis were CCND1 (rs17852153), COX2 (rs20417), EGF (rs4444903), EGFR (rs712829, rs11543848, 3'UTR CA repeat), FCGR2A (rs1801274), FCGR3A (rs396991), IL8 (rs4073), KRAS (rs61764370) and VEGFA (rs3025039).",rs396991,rs3025039,0,27897268,19,381,0.0004022066620389,NO,0
"Knockdown and overexpression of Nanog in SNU-601 and SNU-638, respectively, did not affect spheroid-forming capacity, however, its expression was inversely correlated with DR4/DR5 expression and TRAIL sensitivity.",DR4,DR5,0,36661504,6,11525,0.3420202859885877,NO,0
"Results: Association of mRNAs encoding triggering receptor expressed on myeloid cells 2 (TREM2), DNAX-activating protein 12 kDa (DAP12), and colony stimulating factor 1 receptor (CSF1R) with ribosomes isolated from Muller glia was upregulated in both STZ diabetic mice and mice fed an HFHS diet.",colony stimulating factor 1 receptor,diabetic,1,36306144,6,7654,0.3743254430259058,NO,0
Dexamethasone ameliorates H2S-induced acute lung injury by alleviating matrix metalloproteinase-2 and -9 expression.,H2S,matrix metalloproteinase-2 and -9,1,24722316,4,44,0.2894371048061687,NO,0
"Patients with the hotspot H1047R, R88Q, E542K, and G118D variants comprised a subset (n = 41) for epilepsy phenotyping.",H1047R,epilepsy,1,34102393,6,1921,0.8275451065969026,YES,1
"In order to detect the SARS-CoV-2 variants of concern (VOCs), five real-time reverse transcriptase PCR (rRT-PCR) assays were designed to target the critical discriminatory mutations responsible for the following amino acid changes in the spike protein: two Delta69-70 + N501Y + E gene triplexes (one optimized for Alpha [B.1.1.7] and one optimized for Omicron [B.1.1.529]), a K417N + 242-244 wild-type duplex, a K417T + E484K duplex, and a L452R + P681 + E484Q triplex.",E484K,L452R,0,35644262,9,3824,0.7984890666610449,YES,1
"Combination therapy with Ox/Cy and anti-PD-L1 synergistically improves CAR-T cell-mediated tumor control and survival, providing a strategy to improve CAR-T cell efficacy in the clinic.",Ox,PD-L1,0,33357452,4,15866,0.6931839621918622,YES,1
"We found that VER-155008, an HSP70 inhibitor, enhanced the PGE1-stimulated IL-6 release and IL-6 mRNA expression.",HSP70,IL-6,1,36520821,4,14307,0.1440265216233744,NO,0
"Neurotensin addition to NCI-H838 cells increased significantly reactive oxygen species which was inhibited by SR48692, Tiron (superoxide scavenger) and diphenylene iodonium (DPI inhibits the ability of NADPH oxidase and dual oxidase enzymes to produce reactive oxygen species).",reactive oxygen species,dual oxidase,1,31614143,8,12506,0.653041223299237,YES,1
"Association analysis of three single nucleotide polymorphisms (SNPs) (rs725084, rs2072493_N592S, and rs5744174_F616L) indicated the minor allele of rs2072493_N592S to be associated with increased risk for COPD (OR = 4.41, p < 0.0001) and NSCLC (OR = 5.17, p < 0.0001) development and non-small cell LC risk in the presence of COPD (OR = 1.75, p = 0.0031).",rs5744174,COPD,0,36140341,5,5285,0.0183711917785527,NO,0
"Detailed analysis in chondrocytes revealed that Isoprenaline (ISO) and Salbutamol (SBT) increased cell viability and relative Bcl-2 expression, meanwhile, decreased proteins levels of TNF-alpha, IL-6 and IL-8 in arthritic chondrocytes when compared with control, respectively.",IL-6,IL-8,0,36188601,7,6129,0.0005578754500741,NO,0
"We used obese ZSF-1 leptin-receptor knockout rats (heart failure with preserved ejection fraction model), obese ZSF-1 rats treated with SU5416 to stimulate resting pulmonary hypertension (obese+sugen, CpcPH model), and lean ZSF-1 rats (controls).",leptin-receptor,SU5416,0,34157861,6,12896,0.0003293862429081,NO,0
"AMPD1 (rs17602729), ACE (rs4646994), ACTN3 (rs1815739), CKM (rs8111989) and MLCK (rs2849757 and rs2700352) polymorphisms were genotyped by using Single Nucleotide Primer Extension (SNPE).",rs1815739,rs2849757,0,36468031,11,10016,0.0024914648275929,NO,0
"A fast, mild, and efficient catalyst-free approach has been developed for the synthesis of chromonyl-substituted alpha-aminophosphine oxides by the three-component reaction of 3-formyl-6-methylchromone, primary amines, and secondary phosphine oxides at ambient temperature.",3-formyl-6-methylchromone,amines,1,36687078,4,11781,0.912659126845683,YES,1
We have identified a novel synthetic lethal interaction between ClpP activation and HDAC1/2 inhibition that converges on GBM energy metabolism.,ClpP,HDAC1/2,1,35417530,3,3539,0.9365951180026668,YES,1
"Mutational analysis detected 18,261 mutations in the omicron variant, majority of which were non-synonymous mutations in spike (A67, T547K, D614G, H655Y, N679K, P681H, D796Y, N856K, Q954H), followed by RNA dependent RNA polymerase (rdrp) (A1892T, I189V, P314L, K38R, T492I, V57V), ORF6 (M19M) and nucleocapsid protein (RG203KR).",N679K,I189V,0,35367284,21,3432,0.001122098162153,NO,0
"TNF-alpha and IL-1beta levels were decreased, but IL-4, IL-10, IL-13, cyclin D1, and PCNA levels were increased in pregnant women with preeclampsia after using progesterone.",TNF-alpha,IL-13,0,36593749,10,15247,0.0210943427371495,NO,0
"Next, the expression and colocalization of p53 and MDM2 in liver cancer cells were evaluated after I3C treatment, and the effect of I3C on p53 protein stability was examined.",MDM2,liver cancer,1,36297369,4,7542,0.1026321790557731,NO,0
DDAH1 rs480414 (G > A) that was protective against developing PH.,rs480414,PH,1,34151866,3,2049,0.9918360574363108,YES,1
"Analyses included participants with pathogenic biallelic mutations in adenosine triphosphate (ATP)-binding cassette subfamily B member 11 (ABCB11) (bile salt export pump; BSEP) or adenosine triphosphatase (ATPase) phospholipid transporting 8B1 (ATP8B1) (familial intrahepatic cholestasis; FIC1), or those with monoallelic or biallelic mutations in adenosine triphosphate (ATP)-binding cassette subfamily B member 4 (ABCB4) (multidrug resistance; MDR3), prospectively enrolled in the Longitudinal Study of Genetic Causes of Intrahepatic Cholestasis (LOGIC; NCT00571272) between November 2007 and December 2013.",multidrug resistance,Intrahepatic Cholestasis,1,34016879,5,1889,0.1091715219849805,NO,0
"Knockdown and overexpression of Nanog in SNU-601 and SNU-638, respectively, did not affect spheroid-forming capacity, however, its expression was inversely correlated with DR4/DR5 expression and TRAIL sensitivity.",Nanog,DR5,1,36661504,6,11523,0.973061197948528,YES,1
"KIR3DL3 recruited SHP-1 and SHP-2 to attenuate Vav1, ERK1/2, AKT, and NF-kappaB signaling.",Vav1,NF-kappaB,0,34244312,7,2118,0.3377182040256363,NO,0
"As a result, a total of 101 common active ingredients and 21 key active ingredients of four CPMs were obtained, including quercetin, luteolin, acacetin, kaempferol, baicalein, naringenin, artemisinin, aloe-emodin, which might be medicinal substances for the treatment of COVID-19.",kaempferol,artemisinin,0,36388945,10,8828,0.0007361650693817,NO,0
"High-glucose-induced expression of inflammatory cytokines (monocyte chemoattractant protein-1, tumour necrosis factor alpha, and interleukin 1beta) was significantly reduced in RPMCs treated with ONO-AE3-208, an EP4 receptor antagonist.",glucose,inflammatory,1,36438844,7,9824,0.2723620254072071,NO,0
"Q57H and T151I of ORF3a; T21I and W27L of ORF6; G38V, V82A, and T120I of ORF7a; S31P and T40I of ORF7b; and R52I, C61F, and I121L of ORF8 were highly frequent in most variants of concern and were within known functional domains.",ORF6,ORF7b,0,35764775,17,4159,6.944239741613406e-05,NO,0
"These changes were linked with downregulated levels of interleukin (IL)-10, superoxide dismutase 2 and catalase as well as upregulated expression of profibrotic genes and pro-inflammatory cytokines/chemokines.",superoxide dismutase 2,catalase,0,34000358,4,12823,0.0278540643826957,NO,0
"By using an additive model of inheritance, our moderation analysis showed that PNPLA3 rs738409 significantly modulates the relationship between carbohydrate (%), n-3 PUFAs, total isoflavones, methionine, and choline intakes and fibrosis severity in a dose-dependent, genotype manner.",n-3 PUFAs,fibrosis,1,33306506,8,1096,0.9114692553582762,YES,1
"The numbers of cells expressing RAGE, NLRP3 and TXNIP among a specific subpopulation of CD16+CD14+CD206- (""pro-inflammatory"") alveolar macrophages were higher in patients with lung injury.",RAGE,inflammatory,0,36232959,9,6814,0.2362723841135794,NO,0
"D820A, E829A, and R845A which removed the charge and the side chain of the residues were tested by 500 muM adenosine diphosphate-ribose (ADPR) or 50 mM Ca2+. E829A and R845A affected the characteristic of channel currents, while D820A behaved similarly to WT, indicating the participations of E829 and R845 in channel gating.",E829A,Ca2+,1,36353687,5,8290,0.7497933251645803,YES,1
"Conclusions: LOX and LOXL4 may be susceptibility genes for single IA rupture, whereas LOXL1-3 may have a role in susceptibility to multiple IAs ruptures in the Chinese population, suggesting that LOX family genes may be associated with aSAH.",LOX,LOXL1-3,0,36172092,5,5820,0.1312904613151704,NO,0
Molecular dynamics simulations highlight the altered binding landscape at the spike-ACE2 interface between the Delta and Omicron variants compared to the SARS-CoV-2 original strain.,spike,ACE2,1,36055162,3,15994,0.9990017266250032,YES,1
"EZH2 and G9a inhibitors impaired cell cycle withdrawal, differentiation commitment, and myotube formation in wildtype progenitors, while they had no effect on emerin-null progenitors.",EZH2,G9a,0,36274837,3,7272,0.5576016310708295,YES,1
"Using this multiplexed approach we showed that Vps45 and Rab14 are selective regulators of GLUT4, but Trarg1, Stx6, Stx16, Tbc1d4 and Rab10 knockdown affected both GLUT4 and TfR translocation.",Vps45,TfR,0,36283703,9,7310,0.38376916916075,NO,0
"Our structure-based virtual screening of the FDA-approved drug library has revealed that sonidegib, a smoothened antagonist clinically used to treat basal cell carcinoma, is a potential c-Jun N-terminal kinase 3 (JNK3) inhibitor.",smoothened,c-Jun N-terminal kinase 3,0,36142500,4,13629,0.0020423518107319,NO,0
"It was transcriptionally repressed by DDP-activated PI3K/AKT/c-Myc signal in LUAD, promoting DDP-acquired chemotherapeutic resistance by regulating miR-1275 to suppress PROCA1/ZFP36L2-induced BCL2 degradation, which led to apoptotic signal reduction.",LUAD,BCL2,1,36627670,8,15492,0.385268999419998,NO,0
"Xbp1 deficiency decreased the mtDNA cytosolic release and STING/NLRP3 activation by promoting BNIP3-mediated mitophagy activation in macrophages, which was abrogated by Bnip3 knockdown.",Xbp1,NLRP3,1,36185574,4,13745,0.90254554736866,YES,1
"Collectively, our results disclose two LINC00589-initiated ceRNA networks, the LINC00589-miR-100-DLG5 and LINC00589-miR-452-PRDM16- mucin4 axes, which regulate trastuzumab resistance, CSC-like properties and multiple chemoresistance of breast cancer, thus providing potential diagnostic and prognostic markers and therapeutic targets for HER2-positive breast cancer.",DLG5,HER2,0,36309503,9,7840,0.0147503403457675,NO,0
Sik1 and Sik2 also mediate PTHrP/cAMP/PKA signaling when Sik3 activity is low.,Sik2,PTHrP,1,33148508,6,914,0.9524050812389524,YES,1
"Patients with the hotspot H1047R, R88Q, E542K, and G118D variants comprised a subset (n = 41) for epilepsy phenotyping.",H1047R,E542K,0,34102393,6,1919,0.1252647163042014,NO,0
"Furthermore, our study identified four novel P/LP mutations: Q3508X in TTN, A990G in KCNH2, G1220E, and D372H (in a representative pedigree) in SCN5A. CONCLUSIONS: Our study showed the variant spectrum of a suspected Chinese BrS cohort, and we identified four novel P/LP mutations in TTN, KCNH2, and SCN5A.",TTN,KCNH2,0,36354768,8,8307,0.0016835548222895,NO,0
"Effects of 15 torsadogenic hERG blocking drugs (astemizole, chlorpromazine, cisapride, droperidol, ibutilide, dofetilide, haloperidol, moxifloxacin, pimozide, quinidine, risperidone, sotalol, sertindole, terfenadine, and thioridazine) were assessed by telemetry in beagle dogs.",chlorpromazine,risperidone,0,35751378,17,3932,0.0016598744562555,NO,0
"Novel compound heterozygous variations, c.4301delA (p.Asp1434fs*3) and c.5255C>G (p.Ser1752Ter), in the multiple PDZ domain (MPDZ) proteins were identified via whole-exome analysis on the proband with isolated bilateral macular coloboma in a Chinese family.",c.5255C>G,p.Ser1752Ter,0,36429029,6,9697,0.908709877642578,YES,1
"Results: Regarding rs822336 G>C, we found that the CG genotype was the most common among women that harbored Stage IV breast tumors (81.8%; p = 0.022), recurred (38.9%; p = 0.02) and died (66.7%; p = 0.04).",rs822336 G>C,recurred,1,36295559,5,7435,0.982605654424605,YES,1
"Particularly in neutrophils, DEX injection inhibited p65-NFkappaB activation and elevated glycogen and ATP contents and SGLT1, GLUT1 and GR expression while inhibiting PFK1 activity, enhancing G6PDH activity and CS expression and lowering cell autophagy levels.",p65-NFkappaB,SGLT1,0,36174980,10,5963,0.0529046529943272,NO,0
SkQ1 partially suppressed STAT3 and ERK1/2 activation.,SkQ1,STAT3,1,36406976,3,14038,0.9859445505935712,YES,1
"Six SNPs of ABCB1 (rs3842, rs1045642, rs2032582, rs1128503, rs3213619, and rs3747802), one SNP of CYP3A5 (rs776746), seven SNPs of APOB (rs1042034, rs2163204, rs693, rs679899, rs13306194, rs13306198, and rs1367117), and two SNPs of APOE (rs429358 and rs7412) were analyzed by a TaqMan genotyping assay.",rs1042034,rs2163204,0,36145636,20,5565,0.0079888976070841,NO,0
"Activated SGK3 can activate ion channels (TRPV5/6, SOC, Kv1.3, Kv1.5, Kv7.1, BKCa, Kir2.1, Kir2.2, ENaC, Nav1.5, ClC-2, and ClC Ka), carriers and receptors (Npt2a, Npt2b, NHE3, GluR1, GluR6, SN1, EAAT1, EAAT2, EAAT4, EAAT5, SGLT1, SLC1A5, SLC6A19, SLC6A8, and NaDC1), and Na+/K+-ATPase, promoting the transportation of calcium, phosphorus, sodium, glucose, and neutral amino acids in the kidney and intestine, the absorption of potassium and neutral amino acids in the renal tubules, the transportation of glutamate and glutamine in the nervous system, and the transportation of creatine.",ClC-2,GluR6,0,36531961,37,14823,0.0444381887355559,NO,0
"We determined that CINC-1 (a functional IL-8 analog in rats) induces internalization of beta2 -AR from the cell surface, and arrestin-2, PDE4, and beta2 -AR form a complex during this process.",CINC-1,arrestin-2,1,34555226,6,2509,0.6738591513746813,YES,1
"In vitro, fisetin significantly inhibited mTOR activity, increased the expression of autophagy markers LC3A/B and Atg5 in HEKa cells and suppressed the secretion of IL-17A by activated CD4+ T lymphocytes or T lymphocytes co-cultured with HEKa.",mTOR,LC3A/B,0,36741386,7,12100,0.5927040262029984,YES,1
Recently two other 3G EGFR TKIs (aumolertinib and furmonertinib) have been approved in China for treatment of EGFR T790M+ NSCLC.,aumolertinib,NSCLC,1,36317157,5,8077,0.99320711795111,YES,1
"Excessive intake of heavy metals, such as arsenic (As), manganese (Mn), mercury (Hg), aluminium (Al), lead (Pb), nickel (Ni), bismuth (Bi), cadmium (Cd), copper (Cu), zinc (Zn), and iron (Fe), is neurotoxic and it promotes neurodegeneration.",lead,cadmium,0,33412145,14,1308,4.075087655360232e-05,NO,0
"Among individuals with ASD, cognitive impairments were less likely in those with GIGYF1 LGD variants relative to those with other high-confidence gene mutations.",cognitive impairments,GIGYF1,1,35917186,3,4525,0.9550674217560944,YES,1
"Significant associations at MTHFR and ALDH2 robustly confirm deleterious effects of genetically elevated homocysteine and alcohol intake, respectively, on ischemic stroke.",MTHFR,homocysteine,1,36193932,5,6237,0.9769385429212442,YES,1
"In fact, we showed the increased expression of the pro-inflammatory markers iNOS, Caspase 1, IL-1beta, in response to IFN-gamma plus high glucose, a non-specific disease stimulus that emphasized the dynamic polarization and heterogenicity of the microglial population.",inflammatory,iNOS,1,36523814,6,10397,0.4011486421683302,NO,0
"Mutational analysis detected 18,261 mutations in the omicron variant, majority of which were non-synonymous mutations in spike (A67, T547K, D614G, H655Y, N679K, P681H, D796Y, N856K, Q954H), followed by RNA dependent RNA polymerase (rdrp) (A1892T, I189V, P314L, K38R, T492I, V57V), ORF6 (M19M) and nucleocapsid protein (RG203KR).",A67,P681H,0,35367284,21,3373,0.0055063330507533,NO,0
The miR-196a SNP Rs11614913 but not the miR-499 rs37464444 SNP is a Risk Factor for Non-small Cell Lung Cancer in an Iranian Population.,Rs11614913,rs37464444,0,36258913,5,7017,0.4708517294913099,NO,0
"Among them, shinflavanone had better affinity to 3CL, ACE2, and S protein of SARS-CoV-2 than these four antiviral drugs.",ACE2,S,0,36388945,5,8902,0.0475039364626586,NO,0
"T and c.871G > A. Seven rare single variants (c.25C > T, c.152C > T, c.406C > T, c.497G > A, c.679C > T, c.854G > A and c.1057C > T) and two rare multiple variants (IVS-5 637/638T del/c.1311C >",c.497G > A,c.679C > T,0,36212142,9,6483,0.0129570611513845,NO,0
"Complexome profiling recently identified TMEM126B as a component of the mitochondrial complex I assembly complex alongside proteins ACAD9, ECSIT, NDUFAF1, and TIMMDC1.",ECSIT,NDUFAF1,0,27374774,5,142,0.9416028843605008,YES,1
"LOXL1 rs2165241, LOXL2 rs1063582, and LOXL3 rs17010021 showed risk effects on multiple IAs rupture.",LOXL1,LOXL2,0,36172092,7,5804,0.0057725837488965,NO,0
"Case presentation: A 33-year-old woman presented with fever, maculopapular rashes, hypereosinophilia, and hepatic involvement, which occurred 4 weeks after a fixed-dose combination of first-line ATD containing rifampicin, isoniazid, pyrazinamide, and ethambutol.",pyrazinamide,ethambutol,1,36147124,9,5633,0.4616477758621012,NO,0
"Moreover, the variants severely affected the expression and function of Cubilin in renal proximal tubules and caused albuminuria, increasing levels in urine transferrin and alpha1-microglobulin, but without progressive glomerular filtration barrier (GFB) impairment, vitB12 deficiencies or abnormal blood levels of HDL and albumin.",Cubilin,vitB12,1,36266725,6,7199,0.0647193060473791,NO,0
"Similarly, the PFS was significantly longer after second-line treatment with EGFR TKIs in patients harboring A763_Y764insFQEA and D770delinsGY compared to those with other insertions (median, 6.77 vs.2.23 months, HR = 0.14, p < 0.001).",A763_Y764insFQEA,D770delinsGY,0,36425568,4,9656,0.883131652775694,YES,1
"Chronic oral mucocutaneous candidiasis, recurrent respiratory infection, hepatosplenomegaly, and autoimmune diabetes mellitus: A case report of a gain-of-function mutation of STAT1 in a Chinese boy.",autoimmune diabetes mellitus,STAT1,1,36304533,5,7607,0.8953233609557025,YES,1
"The results showed that the levels of gene and protein catalyzing lipogenesis were increased (SREBP1, ACC1 and FAS), while those catalyzing lipolysis were decreased (ATGL, HSL and ZAG), accompanied by dyslipidemia, insulin resistance and hepatic fat accumulation, and there were higher expression of TLR4 and NF-kappaB protein and lower expression of ERalpha protein in liver, and increased serum IL-17 and TNF-alpha levels in fructose and/or BPA exposed rats compared with controls.",dyslipidemia,TNF-alpha,0,31661889,16,12745,0.2779254831430722,NO,0
"SNP-SNP interactions involving CRISPLD2 variants and rs1046117 (FOS), rs3769825 (CASP8) and rs243836 (MMP2) yielded several significant p values, mostly driven by FOS rs1046117 and CASP8 rs3769825 in NSCL+-P, FOS rs1046117 in NSCLO and CRISPLD2 rs8061351 in NSCLP.",rs1046117,rs243836,0,36661544,10,16426,0.4679771032369665,NO,0
"In order to detect the SARS-CoV-2 variants of concern (VOCs), five real-time reverse transcriptase PCR (rRT-PCR) assays were designed to target the critical discriminatory mutations responsible for the following amino acid changes in the spike protein: two Delta69-70 + N501Y + E gene triplexes (one optimized for Alpha [B.1.1.7] and one optimized for Omicron [B.1.1.529]), a K417N + 242-244 wild-type duplex, a K417T + E484K duplex, and a L452R + P681 + E484Q triplex.",N501Y,P681,0,35644262,9,3813,0.0503487835489429,NO,0
"ELISA was performed to measure progesterone, MMP-2, MMP-9, pro-inflammatory factors TNF-alpha, IL-1beta, and anti-inflammatory factors IL-4, IL-10, and IL-13 levels.",progesterone,IL-10,1,36593749,9,15167,0.0003726540553797,NO,0
We show that Mcm10 binds a conserved motif located between the oligonucleotide/oligosaccharide fold (OB-fold) and A subdomain of Mcm2.,Mcm10,oligonucleotide,1,28270517,4,424,0.1162836186950092,NO,0
"Thus, we concluded that the wild-type NRXN2alpha may be involved in pathways related to the development of neurodegenerative disorders, and that biological processes related to the ribosome, transcription, and tRNA, specifically at the synapse, could be an important mechanism in PD.",NRXN2alpha,PD,1,36533174,3,10524,0.9619572544432726,YES,1
"Activated SGK3 can activate ion channels (TRPV5/6, SOC, Kv1.3, Kv1.5, Kv7.1, BKCa, Kir2.1, Kir2.2, ENaC, Nav1.5, ClC-2, and ClC Ka), carriers and receptors (Npt2a, Npt2b, NHE3, GluR1, GluR6, SN1, EAAT1, EAAT2, EAAT4, EAAT5, SGLT1, SLC1A5, SLC6A19, SLC6A8, and NaDC1), and Na+/K+-ATPase, promoting the transportation of calcium, phosphorus, sodium, glucose, and neutral amino acids in the kidney and intestine, the absorption of potassium and neutral amino acids in the renal tubules, the transportation of glutamate and glutamine in the nervous system, and the transportation of creatine.",NHE3,calcium,0,36531961,37,14925,0.3936637120219854,NO,0
"Particularly in neutrophils, DEX injection inhibited p65-NFkappaB activation and elevated glycogen and ATP contents and SGLT1, GLUT1 and GR expression while inhibiting PFK1 activity, enhancing G6PDH activity and CS expression and lowering cell autophagy levels.",ATP,GR,0,36174980,10,5978,0.1290375382027455,NO,0
"Fenretinide via NOXA Induction, Enhanced Activity of the BCL-2 Inhibitor Venetoclax in High BCL-2-Expressing Neuroblastoma Preclinical Models.",BCL-2,Neuroblastoma,1,31484706,5,579,0.5037767164668238,YES,1
"Results: Association of mRNAs encoding triggering receptor expressed on myeloid cells 2 (TREM2), DNAX-activating protein 12 kDa (DAP12), and colony stimulating factor 1 receptor (CSF1R) with ribosomes isolated from Muller glia was upregulated in both STZ diabetic mice and mice fed an HFHS diet.",triggering receptor expressed on myeloid cells 2,STZ,0,36306144,6,7648,0.0563249605404807,NO,0
Thrombomodulin blocked S-protein-induced expression and secretion of fibrinogen but had no effect on S-protein-induced expression of Factor-V or thrombin.,fibrinogen,Factor-V,0,36142345,5,13605,0.0012638548321025,NO,0
MYC promotes tryptophan uptake and metabolism by the kynurenine pathway in colon cancer.,tryptophan,colon cancer,1,31416966,4,519,0.661129425850277,YES,1
"The results showed that the levels of gene and protein catalyzing lipogenesis were increased (SREBP1, ACC1 and FAS), while those catalyzing lipolysis were decreased (ATGL, HSL and ZAG), accompanied by dyslipidemia, insulin resistance and hepatic fat accumulation, and there were higher expression of TLR4 and NF-kappaB protein and lower expression of ERalpha protein in liver, and increased serum IL-17 and TNF-alpha levels in fructose and/or BPA exposed rats compared with controls.",HSL,insulin resistance,0,31661889,16,12724,0.3829871890493851,NO,0
"We obtained structural insights for dabigatran, estazolam, and pitavastatin binding to JNK3, revealing a significant contribution of the hydrophobic regions and significant residues of active site regions.",dabigatran,JNK3,1,33384558,4,1204,0.9995860458246844,YES,1
"The results showed that the application of biochar and especially chemically modified biochars reduced fluoride (about 15-37%) and cadmium (30-52%) contents in mint leaves, while increased soil pH and cation exchange capacity (CEC), nitrogen (12-35%), phosphorus (16-59%), potassium (17-52%), calcium (19-47%), magnesium (28-77%), iron (37-114%), zinc (45-226%), photosynthetic pigments of leaves and plant biomass (about 10-25%) under toxic conditions.",potassium,zinc,0,36578343,11,11039,0.0012578670628918,NO,0
"In the presence of flumazenil, zebrafish locomotion was enhanced by diazepam at concentrations up to 30 muM and suppressed at 100 muM, suppressed by midazolam and enhanced by flurazepam.",flumazenil,flurazepam,1,34386973,5,2468,0.1585465373359936,NO,0
Clinical Significance of Somatic Mutations in RAS/RAF/MAPK Signaling Pathway in Moroccan and North African Colorectal Cancer Patients.,RAS,RAF,1,36444585,5,9923,0.2597763916177655,NO,0
"The results showed that the application of biochar and especially chemically modified biochars reduced fluoride (about 15-37%) and cadmium (30-52%) contents in mint leaves, while increased soil pH and cation exchange capacity (CEC), nitrogen (12-35%), phosphorus (16-59%), potassium (17-52%), calcium (19-47%), magnesium (28-77%), iron (37-114%), zinc (45-226%), photosynthetic pigments of leaves and plant biomass (about 10-25%) under toxic conditions.",nitrogen,iron,0,36578343,11,11029,0.0026895460955199,NO,0
Structural modeling and in vitro assays using purified proteins confirmed the PLG mutation c.988A>G; p.K330E to be a gain of function mutation resulting in an increased bradykinin release by direct cleavage of high molecular weight kininogen (HMWK).,PLG,bradykinin,0,36685169,4,11764,0.8211380696658667,YES,1
"The survival rate of laryngeal squamous cell carcinoma: impact of IL1RAP rs4624606, IL1RL1 rs1041973, IL-6 rs1800795, BLK rs13277113, and TIMP3 rs9621532 single nucleotide polymorphisms.",laryngeal squamous cell carcinoma,rs1800795,1,36682035,11,11668,0.6920436832782517,YES,1
"The SNPs rs1046117 (FOS), rs3769825 (CASP8) and rs243836 (MMP2) were genotyped using TaqMan allelic discrimination assays in a case-control sample containing 801 NSCL+-P patients (233 nonsyndromic cleft lip only (NSCLO) and 568 nonsyndromic cleft lip and palate (NSCLP)) and 881 healthy controls via logistic regression analysis adjusted for the effects of sex and genomic ancestry proportions with a multiple comparison p value set at <=0.01.",CASP8,NSCL+-P,1,36661544,9,16403,0.0704047181663012,NO,0
"Y383F mice are largely alleviated by RIPK1 kinase inhibition, and prevented by genomic deletions targeted to the upstream pathway (either to Tumor necrosis factor receptor 1 or RIPK3 and Caspase8 simultaneously).",RIPK1,Tumor necrosis factor receptor 1,1,36329033,6,8134,0.1700782717236791,NO,0
"Serine/Threonine phosphorylation of RIPK1 is known to suppress RIPK1 kinase-mediated cell death in the contexts of inflammation, infection and embryogenesis, however, regulation by tyrosine phosphorylation has not been reported.",Threonine,tyrosine,0,36329033,6,8103,0.1733139708223517,NO,0
"Six SNPs of ABCB1 (rs3842, rs1045642, rs2032582, rs1128503, rs3213619, and rs3747802), one SNP of CYP3A5 (rs776746), seven SNPs of APOB (rs1042034, rs2163204, rs693, rs679899, rs13306194, rs13306198, and rs1367117), and two SNPs of APOE (rs429358 and rs7412) were analyzed by a TaqMan genotyping assay.",rs3842,rs1367117,0,36145636,20,5490,0.0009403411753376,NO,0
"Cells treated with AVB-500 plus carboplatin had more DNA damage, slower DNA replication fork progression, and fewer RAD51 foci than cells treated with carboplatin alone, indicating AVB-500 impaired homologous recombination (HR).",carboplatin,RAD51,1,34670865,4,13302,0.4638036482289754,NO,0
"Additionally, blocking the interaction of PD-1 with PD-L1 in lymphocytes demonstrated visible improvement in their immune activation status through release of pro-inflammatory cytokines (IFN-gamma and TNF-alpha).",PD-1,TNF-alpha,1,36419668,5,9377,0.6665631936791221,YES,1
A recurrent SHANK1 mutation implicated in autism spectrum disorder causes autistic-like core behaviors in mice via downregulation of mGluR1-IP3R1-calcium signaling.,autism spectrum disorder,calcium,1,35388181,7,3515,0.5401394048484265,YES,1
"In the yeast S. cerevisiae, Pol II attenuation was initially shown to rely on Nrd1-Nab3-Sen1 termination, but more recently our lab characterized a hybrid termination pathway involving Hrp1, an RNA-binding protein in the 3'-end cleavage factor (CF).",Nrd1,Nab3,1,36315099,6,7973,0.9535232702130628,YES,1
A Multisystem Mitochondrial Disease Caused by a Novel MT-TL1 mtDNA Variant: A Case Report.,Mitochondrial Disease,MT-TL1,1,36404555,2,9149,0.9798021305241884,YES,1
"Reactive oxygen species generation using dihydroethidium staining, expression of vascular cell adhesion molecule-1 and monocyte chemoattractant protein-1, and immune cell infiltration by immunofluorescence demonstrated that S2Ba rats present less inflammation under NSD and more under HSD versus SS rats.",Reactive oxygen species,monocyte chemoattractant protein-1,0,33161775,6,952,0.0408599527158243,NO,0
"Association of MARC1, ADCY5, and BCO1 Variants with the Lipid Profile, Suggests an Additive Effect for Hypertriglyceridemia in Mexican Adult Men.",ADCY5,Hypertriglyceridemia,1,36233117,6,6848,0.9948712266160518,YES,1
"Prompted by the observation that C/EBPbeta/delta-encoding transcripts contain m6A consensus sites, we show that Cebpd and Cebpb mRNAs are subject to m6A modification.",m6A,Cebpb,1,34215679,4,13061,0.9771934986498308,YES,1
"In conclusion, 10muM THC and CBD altered the differentiation of HC11 cells, in part via the CB2 receptor.",CBD,CB2 receptor,1,35976913,4,4685,0.8998012973575482,YES,1
"AGGF1 antagonizes MDM2 function to inhibit p53 ubiquitination, increases the acetylation, phosphorylation, stability and expression levels of p53, activates transcription of p53 target genes, and regulates cell proliferation, cell cycle, and apoptosis.",AGGF1,MDM2,1,33069768,3,841,0.9959435312893304,YES,1
YM-08 stimulated the PGE1-induced phosphorylation of p38 MAPK.,PGE1,p38 MAPK,1,36520821,3,14338,0.3090860374441212,NO,0
"Mechanistically, LIF-LIFR-EGR1 axis and Sonic Hedgehog signaling formed a vicious cycle between fibroblasts and proximal tubular cells to augment LIF expression and promote the pro-fibrotic response via ERK and STAT3 activation.",EGR1,Sonic Hedgehog,0,36335669,7,8206,0.3571461903872341,NO,0
"[4/30; 13%] were the most common genes bearing pathogenic alterations in HGSC, while VUS germline mutations commonly affected HRR-related genes, including ATM (c.7816A>G), BRIP (c.2327 C>A), CHEK2 (c.320-5T>A).",HGSC,c.320-5T>A,1,36531003,7,14464,0.1116858480588166,NO,0
We have previously demonstrated that combined inhibition of Src with dasatinib and the MAPK pathway with trametinib synergistically inhibits growth and induces apoptosis in BRAF- and RAS-mutant thyroid cancer cells.,Src,MAPK,0,36672327,7,11574,0.6995470979942484,YES,1
"Onset of symptoms occurred by age 2 years in most with FIC1 and BSEP deficiency, but was later and more variable for MDR3.",BSEP,MDR3,0,34016879,3,1894,0.8753656077574755,YES,1
"To explore the mechanistic basis by which CPE alters permeability, this study tested the permeability effects of several recombinant CPE (rCPE) species: rCPE and rCPEC186A (which form pores), rC-CPE and rCPED48A (which bind to receptors but cannot oligomerize), rCPEC186A/F91C (which binds and oligomerizes without pore formation), and rCPEY306A/L315A (which has poor receptor-binding ability).",F91C,Y306A,0,36069435,6,16021,0.0972839377573371,NO,0
We found that only kynurenine and no other tryptophan metabolite promotes the nuclear translocation of the transcription factor aryl hydrocarbon receptor (AHR).,tryptophan,aryl hydrocarbon receptor,0,31416966,3,561,0.0631933755783911,NO,0
"Q57H and T151I of ORF3a; T21I and W27L of ORF6; G38V, V82A, and T120I of ORF7a; S31P and T40I of ORF7b; and R52I, C61F, and I121L of ORF8 were highly frequent in most variants of concern and were within known functional domains.",Q57H,C61F,0,35764775,17,4125,0.0060764531645822,NO,0
"Furthermore, CALCB increases ERK1/2 phosphorylation in a time-dependent manner in RUASM, and the protective effect of CALCB on TNFalpha-induced inhibition of CALCRL/RAMP1 associations was significantly blocked in presence of ERK inhibitor (PD98059).",TNFalpha,ERK,0,27784654,7,275,0.1593774263604897,NO,0
"We identified and characterized a homozygous loss-of-function stop mutation underlying IL23R deficiency, resulting in near absent expression of membrane bound IL23R. IL23R deficiency was characterized by impaired IL-23-mediated IFN-gamma secretion in CD4+, CD8+ T, and mucosal-associated invariant T (MAIT) cells, and low frequencies of circulating Th17 (CD3+CD45RA-CCR4+CXCR3-RORgammaT+), Th1* (CD45RA-CCR4-CXCR3+RORgammaT+), and MAIT (CD3+CD8+Valpha7.2+CD161+) cells.",IL-23,CD8,0,35829840,10,4308,0.3116729190190332,NO,0
"Thence, we design a three-pronged platinum@polymer-catechol nanobraker to deliver mTOR inhibitor TAK228 and anti-PD-L1 antibody (aPD-L1) for impeding the melanoma-PD-1-driven aggression and maximizing the melanoma eradication.",mTOR,PD-L1,1,36203954,7,6358,0.276694277674,NO,0
"Chd8-mutant mice with a C-terminal protein-truncating mutation (N2373K) display male-preponderant behavioral deficits as juveniles and adults, although whether this also applies to other Chd8 mutations remains unknown.",Chd8,behavioral deficits,1,36385756,4,8706,0.9318053830747828,YES,1
"This study investigated the association of pluripotency factor expression with the clinicopathological characteristics of gastric cancer patients, as well as changes in the expression of these factors upon the stem cell-enriching spheroid culture of gastric cancer cells, regulation of sphere-forming capacity, and response to cisplatin and TRAIL treatments by Nanog and KLF4.",gastric cancer,TRAIL,1,36661504,6,11502,0.2944327890035187,NO,0
"We recruited 157 type 2 diabetes patients over 55 years old and investigated the prevalence of sarcopenia in diabetes patients and examined the association of ET-1 alterations with HbA1c, creatinine, or AMS/ht2.",type 2 diabetes,ET-1,0,35468098,7,3699,0.2547384292395492,NO,0
"The dopamine- and cAMP-regulated phosphoprotein (DARPP-32), which is encoded by the PPP1R1B gene, plays a converging regulatory role in the central nervous system by mediating the actions of dopamine, serotonin, and glutamate.",cAMP,DARPP-32,1,36440265,5,9874,0.92712966956426,YES,1
CYP2C19-rs4986893 confers risk to major depressive disorder and bipolar disorder in the Han Chinese population whereas ABCB1-rs1045642 acts as a protective factor.,CYP2C19,bipolar disorder,1,36698099,6,11830,0.9872795184432148,YES,1
Topical administration of fisetin in an imiquimod (IMQ)-induced mouse psoriasis model exhibited a better effect than rapamycin in reducing psoriasis-like inflammation and Akt/mTOR phosphorylation and promoting keratinocyte differentiation and autophagy in mice skin lesions.,fisetin,inflammation,0,36741386,9,12113,0.9900117373171636,YES,1
"In addition, mAbs such as Adalimumab, Eculizumab, Natalizumab used in autoimmune disorders and Alemtuzumab, Trastuzumab, Cetuximab, and Rituximab that are prescribed for tumors will be reviewed.",Adalimumab,Trastuzumab,0,35071113,9,3035,0.0010172127532216,NO,0
Inhibition of sphingosine-1-phosphate receptor 3 suppresses ATP-induced NLRP3 inflammasome activation in macrophages via TWIK2-mediated potassium efflux.,sphingosine-1-phosphate receptor 3,potassium,1,36798132,5,16501,0.5110988640349841,YES,1
"Guanosine accelerated the malignant progression of ICC inhibition of purine metabolism-related genes, PPAT and IMPDH2, suppressed the malignant phenotype in HCCC-9810 cells, and inhibited tumor growth.",purine,IMPDH2,1,36711025,7,11954,0.2909153029285631,NO,0
Disruption of C/EBPbeta-Clec7a axis exacerbates neuroinflammatory injury via NLRP3 inflammasome-mediated pyroptosis in experimental neuropathic pain.,C/EBPbeta,neuroinflammatory injury,1,36503542,5,14147,0.9093858551249568,YES,1
"Furthermore, these treatments reduced the production of stress hormones [abscisic acid (27-55%), salicylic acid (31-50%), and jasmonic acid (6-12%)], but increased indole-3-acetic acid (14-31%) in plants under fluoride and cadmium stresses.",salicylic acid,fluoride,0,36578343,6,11056,0.3047709311611344,NO,0
"Toll Like receptors (TLRs) specifically TLR2 and TLR4, are PRRs, which have gained prominence due to their exceptional capacity to recognize unique molecular patterns from invading pathogens.",Toll Like receptors,TLR4,0,36419668,3,9333,0.8625874244148597,YES,1
"Serum butyric acid, 2-hydroxybutyric acid, l-glutamic acid, l-phenylalanine, l-serine, l-lactic acid, and cholesterol were enriched in COVID-19 and COVID-19-like patients versus HCs.",butyric acid,l-phenylalanine,0,33662365,9,1578,0.0013177844992096,NO,0
"Unexpectedly, we found that lack of chemerin-CMKLR1 signaling specifically reduced expression of lactoperoxidase (LPO), a peroxidase that is predominantly expressed in colonic ECs and utilizes H2O2 to oxidize thiocyanates to the antibiotic compound, thereby leading to the outgrowth and mucosal invasion of gram-negative bacteria and dysregulated CXCL1/2-mediated neutrophilia.",thiocyanates,neutrophilia,0,35858331,7,4433,0.1385998666483892,NO,0
"Unexpectedly, we found that lack of chemerin-CMKLR1 signaling specifically reduced expression of lactoperoxidase (LPO), a peroxidase that is predominantly expressed in colonic ECs and utilizes H2O2 to oxidize thiocyanates to the antibiotic compound, thereby leading to the outgrowth and mucosal invasion of gram-negative bacteria and dysregulated CXCL1/2-mediated neutrophilia.",CMKLR1,thiocyanates,0,35858331,7,4422,0.0010601617250459,NO,0
"Human PANK1, PANK2, and PANK3 genes encode several pantothenate kinase isoforms that catalyze the phosphorylation of vitamin B5 (pantothenic acid) to phosphopantothenate, a critical step in the biosynthesis of the major cellular cofactor, Coenzyme A (CoA).",PANK3,pantothenate kinase,1,36613877,8,11170,0.9877806044422612,YES,1
B7-H4 Polymorphism Influences the Prevalence of Diabetes Mellitus and Pro-Atherogenic Dyslipidemia in Patients with Psoriasis.,B7-H4,Diabetes Mellitus,1,36362461,6,8481,0.9862709496360524,YES,1
"The obtained data demonstrated that genistein and lycopene but in particular their association might prevent GC's adverse effects, thus stimulating bone formation and reducing bone resorption, improving bone structure and microarchitecture, through different molecular pathways, such as the Wnt/beta-catenin and the Nrf-2 signaling.",lycopene,GC,0,36296984,5,7513,0.7505820808456987,YES,1
"Herein, using the molecular docking and interaction energy analysis, we showed that N501Y, L452R-E484Q, and E484K mutations bind strongly with heparin in the range of - 7.4 to - 8.0 kcal/mol.",N501Y,E484K,0,35194375,5,3253,0.0399011437745204,NO,0
"Stratified analysis found that associations of RAD54L2 rs11720298, RAD54L2 rs4687592, RAD54L2 rs9864693 and GTF2H1 rs4150667 with lung cancer risk were found in subjects aged <= 59 years.",rs4687592,rs9864693,0,36384536,7,8685,0.1478806168661196,NO,0
"Human PANK1, PANK2, and PANK3 genes encode several pantothenate kinase isoforms that catalyze the phosphorylation of vitamin B5 (pantothenic acid) to phosphopantothenate, a critical step in the biosynthesis of the major cellular cofactor, Coenzyme A (CoA).",PANK3,Coenzyme A,1,36613877,8,11173,0.9039377741748592,YES,1
We showed that an N-TSHR monoclonal antibody (mAb) failed to induce any G proteins to sustain survival signaling and lead to excessive stress and apoptosis.,TSHR,monoclonal antibody,1,34801870,3,13335,0.8750273419320592,YES,1
"Haploinsufficiency of GIGYF1 was associated with autistic behavior, likely through interference with IGF-1R/ERK signaling pathway.",GIGYF1,IGF-1R,1,35917186,4,4534,0.6544971322141364,YES,1
Diminishing HMGB2 expression by miR-127 or SHP may provide a potential means to decrease the pluripotency of tumor initiating cells.,miR-127,SHP,0,29218329,4,489,0.092066239171271,NO,0
"In addition, the expression of TNF- alpha, p-P65, MLCK, and Myocilin (MyoC) was up-regulated and the mechanical pain threshold was decreased.",Myocilin,pain,0,36408215,5,9185,0.1095536718476937,NO,0
"Direct regulation of death receptor expression and TRAIL response by KLF4 and Nanog have not been well documented previously, and the regulatory mechanism behind the process remains to be elucidated.",TRAIL,Nanog,1,36661504,3,11554,0.7791150107742901,YES,1
The genetic polymorphism rs6276 in DRD2 was associated with chronic pain (p=0.033).,DRD2,chronic pain,1,36043564,3,4719,0.9984285603375808,YES,1
"Further, high-Z metal platinum sensitizing TAK228-enhanced radiotherapy confers the nanobraker on remarkable tumoricidal efficacy.",metal,TAK228,0,36203954,3,6389,0.0625947819191737,NO,0
"We create eight mutants with single substitutions at one of the four positions Ala2, Phe4, Tyr10, and Val12 to decrease the hydrophobicity at respective positions (A2T, A2S, F4A, F4S, Y10A, Y10S, V12A, and V12S) and one mutant (Y10F) to remove the polar nature of Tyr10.",A2S,Y10S,0,36411082,9,9254,0.0010303002917368,NO,0
GAS6/AXL Inhibition Enhances Ovarian Cancer Sensitivity to Chemotherapy and PARP Inhibition through Increased DNA Damage and Enhanced Replication Stress.,GAS6,AXL,1,34670865,5,13264,0.7516407510933262,YES,1
"In Sprague-Dawley rats, administration of UII into the RVLM resulted in an increase in mean arterial pressure (MAP), heart rate (HR), ROS production, nicotinamide adenine dinucleotide phosphate (NADPH) oxidase activity, and phosphorylation of p47phox, extracellular signal-regulated protein kinase (ERK)1/2 and p38MAPK, but not stress-activated protein kinase/Jun N-terminal kinase (SAPK/JNK).",p47phox,extracellular signal-regulated protein kinase (ERK)1/2,0,36421438,9,9445,0.3030598915824456,NO,0
"AMPD1 (rs17602729), ACE (rs4646994), ACTN3 (rs1815739), CKM (rs8111989) and MLCK (rs2849757 and rs2700352) polymorphisms were genotyped by using Single Nucleotide Primer Extension (SNPE).",rs17602729,rs8111989,0,36468031,11,10003,0.0032695590645195,NO,0
"Excessive intake of heavy metals, such as arsenic (As), manganese (Mn), mercury (Hg), aluminium (Al), lead (Pb), nickel (Ni), bismuth (Bi), cadmium (Cd), copper (Cu), zinc (Zn), and iron (Fe), is neurotoxic and it promotes neurodegeneration.",arsenic,neurotoxic,0,33412145,14,1274,0.9888100762430188,YES,1
"Therefore, afatinib, neratinib, and zanubrutinib could be used as drug candidates against the KRASG12C protein.",neratinib,zanubrutinib,0,36614109,5,11246,0.002389185144484,NO,0
"The most frequent mutations in E, M, N, and S proteins were T9I, I82T, R203M/R203K, and D614G. D614G was the most frequent mutation in all six geographical areas.",T9I,I82T,0,36528612,9,10470,0.0089789166402358,NO,0
"CONCLUSIONS: The ANGPTL6 rs8112063, FOXO3 rs4946936, DOCK6 rs737337, and rs17699089 nucleotide variants are predictors of survival in patients undergoing HD.",rs8112063,rs4946936,0,36143124,8,5426,0.0198629030950519,NO,0
"This study aimed to evaluate the effect of epistasis of gene cytokines such as interleukin (IL)-alpha, IL-6, tumor necrosis factor (TNFalpha), and interferon-gamma (IFN-gamma) on the susceptibility to the development of dementia.",cytokines,dementia,1,36389080,6,8998,0.5481449098924188,YES,1
"Serine/Threonine phosphorylation of RIPK1 is known to suppress RIPK1 kinase-mediated cell death in the contexts of inflammation, infection and embryogenesis, however, regulation by tyrosine phosphorylation has not been reported.",infection,tyrosine,0,36329033,6,8108,0.0007139379303724,NO,0
"Activated SGK3 can activate ion channels (TRPV5/6, SOC, Kv1.3, Kv1.5, Kv7.1, BKCa, Kir2.1, Kir2.2, ENaC, Nav1.5, ClC-2, and ClC Ka), carriers and receptors (Npt2a, Npt2b, NHE3, GluR1, GluR6, SN1, EAAT1, EAAT2, EAAT4, EAAT5, SGLT1, SLC1A5, SLC6A19, SLC6A8, and NaDC1), and Na+/K+-ATPase, promoting the transportation of calcium, phosphorus, sodium, glucose, and neutral amino acids in the kidney and intestine, the absorption of potassium and neutral amino acids in the renal tubules, the transportation of glutamate and glutamine in the nervous system, and the transportation of creatine.",sodium,creatine,0,36531961,37,15132,0.0600891926474504,NO,0
"Experiments presented here highlight significant differences between aggregation rates, the number of aggregates produced, and overall fibril morphologies of wild-type alphaS, and the missense mutations A30P, E46K, H50Q, G51D and A53T, in the presence of lipid vesicles.",A30P,E46K,0,36208776,7,6434,0.354382438780534,NO,0
"The types and mechanisms of atrazine-metolachlor toxicity, an herbicide composed of atrazine (ATR) and metolachlor (MET), need to be further investigated.",atrazine-metolachlor,metolachlor,0,36262065,4,7069,0.1228050143353122,NO,0
These results indicate that PDE4 plays a role in CINC-1-induced heterologous internalization of the beta2 -AR; PDE4 inhibition reverses these effects and may be a useful adjunct in particular ARDS patients.,CINC-1,beta2 -AR,1,34555226,5,2536,0.9770450453753234,YES,1
"When culturing primary thyrocytes with cytokines or sodium hydrosulfide (NaHS) plus cytokines, we found that ACE2 and NRP1 mRNA levels were upregulated while TMPRSS2 levels were downregulated by interferon-gamma (IFN-gamma) and tumor necrosis factor-alpha (TNF-alpha).",ACE2,NRP1,0,36362417,6,13890,0.0421730380741566,NO,0
"SLC7A5, SLC1A5, and AFMID were elevated in colon cancer cells and tissues, and kynurenine was significantly greater in tumor samples than in the respective adjacent normal tissue from patients with colon cancer.",SLC1A5,AFMID,0,31416966,7,548,0.1413360175576015,NO,0
"Here, we show that non-receptor tyrosine kinases Janus kinase 1 (JAK1) and SRC are able to phosphorylate RIPK1 at Y384 (Y383 in murine RIPK1), leading to suppression of TNF-induced cell death.",Janus kinase 1,TNF,0,36329033,7,8113,0.1051100028091992,NO,0
"12/102 were found to have novel variants in potential diabetes genes (RFX2, RREB1, SLC5A1 (3 patients with variants in this gene), GCKR, MC4R, CASP10, TMPRSS6, HGFAC, DACH1, ZBED3).",TMPRSS6,ZBED3,0,36585034,12,16283,0.0003796807113657,NO,0
"Through a Connectivity Map (CMap) analysis, we revealed that certain drugs/molecules, including omeprazole, methacholine chloride, ioversol, fulvestrant, difenidol, cycloserine, and MK-801, may serve as potential treatments for tamoxifen-resistant breast cancer patients.",methacholine chloride,ioversol,0,36619229,10,11291,0.0004320757510279,NO,0
"Families with at least three members and at least one confirmed carrier of a pathogenic or likely pathogenic variant in a DNA mismatch repair gene (MLH1, MSH2, MSH6, or PMS2) were included.",MLH1,MSH2,0,34111421,4,2006,0.0005217218877079,NO,0
"Serum butyric acid, 2-hydroxybutyric acid, l-glutamic acid, l-phenylalanine, l-serine, l-lactic acid, and cholesterol were enriched in COVID-19 and COVID-19-like patients versus HCs.",butyric acid,cholesterol,0,33662365,9,1581,0.0437262174033811,NO,0
Methylation of the CpG site in the SP4 promoter region and VEGF production were measured under these treatments in HPMCs.,SP4,VEGF,1,36619221,2,15346,0.0034584716376973,NO,0
"We also found that either TSH or NAC enhanced PKA, Akt, mTORC, AMPK, Sirtuins, PGC1alpha, NRF-2, mitofusin-2, TFAM and catalase in the N-TSHR-mAb stressed cells.",NRF-2,TFAM,0,34801870,14,13449,0.0095731625004941,NO,0
"MT-TL1 mutations, among which the m.3243A>G mutation is the most frequent, are associated with myopathy, maternal inherited diabetes and deafness, MELAS, cardiomyopathy, and focal segmental glomerulosclerosis.",MT-TL1,focal segmental glomerulosclerosis,1,36404555,7,9154,0.9969296789237972,YES,1
"We found that cell pyroptosis effector GSDMD and NLRP3 inflammasome were activated in abdominal aorta, and inflammatory cytokines in serum were elevated in AAA models of ApoE-/- mice.",NLRP3,ApoE,0,35217818,5,3311,0.0141026133246389,NO,0
"This case report describes a 12-year-old girl with recurrent oral ulcers, severe chronic periodontitis, and pathological tooth migration as the initial and main clinical symptoms of CyN. Two novel mutations in ELANE, c.180T>G (p.I60M) and c.182C>G (p.A61G) associated with CyN were observed.",CyN,p.I60M,1,36386806,8,8733,0.9214158580210576,YES,1
Compounds activating TRKB may therefore provide beneficial effects in tauopathies.,TRKB,tauopathies,1,36361524,2,8381,0.9443262187708148,YES,1
"Benzodiazepine binding to transmembrane anaesthetic binding sites of the GABAA receptor can produce positive or negative modulation manifesting as decreases or increases in locomotion, respectively.",Benzodiazepine,GABAA receptor,1,34386973,2,2472,0.9953284935323332,YES,1
Activated Protein C Strengthens Cardiac Tolerance to Ischemic Insults in Aging.,Activated Protein C,Ischemic,1,34930019,2,2930,0.8265095751578856,YES,1
"Peripheral TNF- alpha injection significantly decreased the mechanical pain threshold and increased the expression of p-P65, MLCK, MEF2C, and MyoC in healthy rats.",pain,MLCK,0,36408215,7,9192,0.3137986514517341,NO,0
"Activated SGK3 can activate ion channels (TRPV5/6, SOC, Kv1.3, Kv1.5, Kv7.1, BKCa, Kir2.1, Kir2.2, ENaC, Nav1.5, ClC-2, and ClC Ka), carriers and receptors (Npt2a, Npt2b, NHE3, GluR1, GluR6, SN1, EAAT1, EAAT2, EAAT4, EAAT5, SGLT1, SLC1A5, SLC6A19, SLC6A8, and NaDC1), and Na+/K+-ATPase, promoting the transportation of calcium, phosphorus, sodium, glucose, and neutral amino acids in the kidney and intestine, the absorption of potassium and neutral amino acids in the renal tubules, the transportation of glutamate and glutamine in the nervous system, and the transportation of creatine.",TRPV5/6,SLC6A19,0,36531961,37,14536,0.2612357393582718,NO,0
"Genes provided in the present study with genetic variants associated with VTE were FVL (G1691A), Prothrombin (G20210A), MTHFR (C677T, A1298C), PAI-1 (4G/5G), factor VII activating protease (1601G > A), and endothelial protein C receptor (g.6936A_G, c.4600A_G).",A1298C,g.6936A_G,0,36316870,14,8036,0.0022715448677282,NO,0
"The survival rate of laryngeal squamous cell carcinoma: impact of IL1RAP rs4624606, IL1RL1 rs1041973, IL-6 rs1800795, BLK rs13277113, and TIMP3 rs9621532 single nucleotide polymorphisms.",IL-6,BLK,0,36682035,11,11687,0.0070413916241023,NO,0
"Mice bearing a homozygous Ripk1 mutation that prevents tyrosine phosphorylation of RIPK1 (Ripk1Y383F/Y383F), develop systemic inflammation and emergency haematopoiesis.",tyrosine,systemic inflammation,0,36329033,5,8127,0.0152021860884939,NO,0
"Taken together, KRGE-induced bilirubin production is required for enhanced astrocytic mitochondrial function in an LKB1-dependent and AMPKalpha-independent manner under physiological conditions.",LKB1,AMPKalpha,0,36139815,4,5271,0.4291193014487405,NO,0
"Moreover, beta2-AR agonist increased mitochondrial biogenesis and proteoglycan biosynthesis by upregulating the gene expression of PGC1-alpha, NRF2 and COL2A1, Acan, respectively.",NRF2,Acan,1,36188601,5,6155,0.0024523950832707,NO,0
"In addition, mAbs such as Adalimumab, Eculizumab, Natalizumab used in autoimmune disorders and Alemtuzumab, Trastuzumab, Cetuximab, and Rituximab that are prescribed for tumors will be reviewed.",Adalimumab,tumors,0,35071113,9,3038,0.0011712200212699,NO,0
"Ginsenoside Rg1, calpain-1 knockout, OKA, NAC and TEMPOL treatment protected against CIH-induced VED, oxidative stress and mitochondrial dysfunction, which is likely concomitant with the downregulated protein expression of calpain-1 and PP2A and the upregulation of p-eNOS in mice and cellular levels.",Ginsenoside Rg1,CIH,1,36644390,11,15641,0.5919257725621463,YES,1
"The numbers of cells expressing RAGE, NLRP3 and TXNIP among a specific subpopulation of CD16+CD14+CD206- (""pro-inflammatory"") alveolar macrophages were higher in patients with lung injury.",RAGE,TXNIP,1,36232959,9,6810,0.2427581940350947,NO,0
"IFNgamma-primed, TLR-induced macrophage killing required iNOS, which licensed apoptotic caspase-8 activity and reduced the BAX and BAK inhibitors, A1 and MCL-1.",caspase-8,BAX,1,35139355,7,3144,0.4733947613549253,NO,0
"We unveil, for the first time, that high-frequency mutations R346K/S, N439K, G446V, L455F, V483F/A, F486L, F490L/S, Q493L, and S494P might compromise some of mAbs in clinical trials.",N439K,S494P,0,34273397,9,2143,0.0009460151470372,NO,0
A total of 5 CACNA1C SNPs and 9 KCNH2 SNPs were found and genotyped in 77 unmedicated schizophrenia patients and 144 healthy controls.,CACNA1C,KCNH2,0,36421807,4,9521,0.0043173774030386,NO,0
"Furthermore, treating with neutralizing antibodies against TNF-alpha and IFN-gamma protected mice from mortality during SARS-CoV-2 infection, sepsis, hemophagocytic lymphohistiocytosis, and cytokine shock.",TNF-alpha,sepsis,1,33278357,7,1017,0.3648626345874892,NO,0
"Denosumab, used to treat musculoskeletal disorders, will be also discussed.",Denosumab,musculoskeletal disorders,1,35071113,2,3030,0.982198761484512,YES,1
"The majority of MR-MRSA isolates were resistant to erythromycin, clindamycin, tetracycline, ciprofloxacin, and gentamicin, but the rates of resistance to rifampin and fusidic acid were 8.7% and 6.5%, respectively.",tetracycline,rifampin,0,36622214,8,11342,0.2547970728740599,NO,0
"Both in vivo and in vitro assays demonstrated that C/EBPbeta knockdown significantly suppressed CCI- or LPS/ATP-induced Clec7a upregulation, and subsequently reduced Syk, ERK and JNK phosphorylation, NLRP3 oligomerization, caspase-1 activation, GSDMD expression and pyroptosis, which were markedly reversed by the co-transfection of Clec7a expression vector.",CCI,Syk,0,36503542,11,14208,0.3664525738863526,NO,0
IL-6 activates the trans-signaling pathway via the formation of the IL-6/sIL-6Ra/gp130 receptor complex and subsequent activation of the JAK/STAT3 signaling pathway and PI3K/AKT and MEK/ERK kinases in some cases.,IL-6,STAT3,1,36406976,9,13942,0.9944574867001232,YES,1
Methods and materials: The cohort study included 100 pediatric epileptic patients aged 2-18 years who had been on sodium valproate monotherapy for at least 1 month.,epileptic,sodium valproate,1,36160414,3,16068,0.6480218096983129,YES,1
"In summary, I3C inhibited the degradation of p53 by MDM2 in liver cancer cells; stable p53 induced miR-34a, which targeted LDHA, a key enzyme for aerobic glycolysis, suggesting cancer metabolism is an important target for I3C in liver cancer cells.",liver cancer,LDHA,1,36297369,7,7574,0.5549539697630956,YES,1
"Excessive intake of heavy metals, such as arsenic (As), manganese (Mn), mercury (Hg), aluminium (Al), lead (Pb), nickel (Ni), bismuth (Bi), cadmium (Cd), copper (Cu), zinc (Zn), and iron (Fe), is neurotoxic and it promotes neurodegeneration.",manganese,zinc,0,33412145,14,1283,6.540454480822151e-05,NO,0
"Regarding warfarin, only 20% of the participants exhibited reference alleles at VKORC1-1639G > A, CYP2C9*2, and CYP2C9*3, leaving 80% with alternative genotypes at any of the two genes that can be integrated into the warfarin dosing algorithms and can be used whenever the patient receives a warfarin prescription.",warfarin,-1639G > A,1,36154845,5,5717,0.0873943045517321,NO,0
"The majority of MR-MRSA isolates were resistant to erythromycin, clindamycin, tetracycline, ciprofloxacin, and gentamicin, but the rates of resistance to rifampin and fusidic acid were 8.7% and 6.5%, respectively.",ciprofloxacin,gentamicin,0,36622214,8,11344,0.0358130843105632,NO,0
"Mechanistically, TNF-alpha and IFN-gamma co-treatment activated the JAK/STAT1/IRF1 axis, inducing nitric oxide production and driving caspase-8/FADD-mediated PANoptosis.",TNF-alpha,IFN-gamma,1,33278357,8,978,0.9982872745613892,YES,1
"Mutational analysis detected 18,261 mutations in the omicron variant, majority of which were non-synonymous mutations in spike (A67, T547K, D614G, H655Y, N679K, P681H, D796Y, N856K, Q954H), followed by RNA dependent RNA polymerase (rdrp) (A1892T, I189V, P314L, K38R, T492I, V57V), ORF6 (M19M) and nucleocapsid protein (RG203KR).",Q954H,K38R,0,35367284,21,3472,0.0014310325561845,NO,0
"Using a combination of regional association studies, a linkage disequilibrium map, and multivariate analysis, we revealed that the APOB locus variants rs144467873, rs13306194, and rs1367117 were independently associated with total, low-density lipoprotein (LDL), and non-high-density lipoprotein (non-HDL) cholesterol levels; rs1318006 was associated with HDL cholesterol levels; rs13306194 and rs35131127 were associated with serum triglyceride levels; rs144467873, rs13306194, rs56213756, and rs679899 were associated with remnant cholesterol levels; and rs144467873 and rs4665709 were associated with metabolic syndrome.",rs13306194,metabolic syndrome,0,36499290,12,10106,0.2395453556566084,NO,0
"Herein, we report a case of diffuse hemangiomatosis in the liver and spleen accompanied by KMS in a 59-year-old woman who carried two novel heterozygous CTC1 variants: c.435+9A>C and c.3074C>T (p.Ala1025Val).",diffuse hemangiomatosis,CTC1,1,36761951,6,12330,0.7375547849511044,YES,1
"Additionally, ABCB1 rs3842 variant homozygote carriers (CC) and APOB rs13306198 variant allele carriers (AG, AA) had a higher risk of bleeding risk compared with that of wild-type allele carriers (TT, TC) and wild-type homozygote carriers (GG), respectively.",ABCB1,APOB,0,36145636,5,5603,0.0125578811063185,NO,0
Immunofluorescent confocal microscopy of Trpm3-M/M mutant lenses revealed fiber cell membrane degeneration that was accompanied by accumulation of alpha-smooth muscle actin positive (alpha-SMA+ve) myofibroblast-like cells and macrosialin positive (CD68+ve) macrophage-like cells.,Trpm3,alpha-smooth muscle actin,1,33484482,3,1373,0.1173373312767873,NO,0
SHANK family genes (SHANK1/2/3) are well known ASD-related genes.,SHANK,ASD,1,35388181,3,3523,0.9378638999753433,YES,1
"Mutational analysis detected 18,261 mutations in the omicron variant, majority of which were non-synonymous mutations in spike (A67, T547K, D614G, H655Y, N679K, P681H, D796Y, N856K, Q954H), followed by RNA dependent RNA polymerase (rdrp) (A1892T, I189V, P314L, K38R, T492I, V57V), ORF6 (M19M) and nucleocapsid protein (RG203KR).",spike,nucleocapsid,0,35367284,21,3368,0.0039106854687493,NO,0
"In this context, previous studies reported the efficacy of some isoflavones and carotenoids, such as lycopene and genistein, on the reduction of the risk of fracture related to osteoporosis.",isoflavones,genistein,0,36296984,6,7456,0.0988213670276217,NO,0
Dexamethasone enhances glucose uptake by SGLT1 and GLUT1 and boosts ATP generation through the PPP-TCA cycle in bovine neutrophils.,glucose,ATP,0,36174980,7,5843,0.5515321870173944,YES,1
"Using this multiplexed approach we showed that Vps45 and Rab14 are selective regulators of GLUT4, but Trarg1, Stx6, Stx16, Tbc1d4 and Rab10 knockdown affected both GLUT4 and TfR translocation.",Stx16,Tbc1d4,0,36283703,9,7333,0.0625734759304,NO,0
The WWOX-rs13338697-GG genotype was associated with decreased tissue levels of WWOX and ASS1.,WWOX,ASS1,1,36530994,3,14377,0.3130574501430548,NO,0
"Further, HTL incubation or iNOS overexpression promoted endothelial cellular senescence, but abolished by exogenous expression of MT-GCH1 or pharmacological approaches including N-acetyl-cysteine, L-sepiapterin, and tempol.",iNOS,tempol,1,36399957,6,9095,0.2291453554393282,NO,0
"CONCLUSIONS: Mutations in CCND3, a gene not commonly mutated in AML, are a novel cause of clinical primary resistance to FLT3 inhibitors in AML and may have sensitivity to CDK4/6 inhibition.",AML,FLT3,1,34103301,4,1957,0.6216551441891063,YES,1
"We sought to assess the influence of the O6-methylguanine-DNA methyltransferase (MGMT) promoter methylation on response and progression-free survival (PFS) following initiation of irinotecan and temozolomide (IT), PFS following initiation of vincristine, doxorubicin, and cyclophosphamide alternating with ifosfamide and etoposide (VDC-IE), and overall survival (OS).",IT,cyclophosphamide,0,36523794,10,10363,0.5194549178552531,YES,1
"Ginsenoside Rg1, calpain-1 knockout, OKA, NAC and TEMPOL treatment protected against CIH-induced VED, oxidative stress and mitochondrial dysfunction, which is likely concomitant with the downregulated protein expression of calpain-1 and PP2A and the upregulation of p-eNOS in mice and cellular levels.",mitochondrial dysfunction,PP2A,1,36644390,11,15676,0.3680436126912787,NO,0
"Collectively, our results disclose two LINC00589-initiated ceRNA networks, the LINC00589-miR-100-DLG5 and LINC00589-miR-452-PRDM16- mucin4 axes, which regulate trastuzumab resistance, CSC-like properties and multiple chemoresistance of breast cancer, thus providing potential diagnostic and prognostic markers and therapeutic targets for HER2-positive breast cancer.",LINC00589,breast cancer,1,36309503,9,7826,0.8840915744487859,YES,1
"Also, rs2020921 and rs8176592, in clot dissolution genes, tissue Plasminogen activator (tPA) and tissue factor pathway inhibitor (TFPI) respectively showed significant genotypic and allelic difference in patients of COVID-19 compared to healthy controls.",rs2020921,COVID-19,1,36387492,6,8750,0.9870008923880846,YES,1
"Administration of CCl4 caused a significant elevation in alanine aminotransferase and aspartate aminotransferase activities, the concentration of alpha-2-macroglobulin, and bilirubin concentration.",alanine aminotransferase,bilirubin,0,35881285,5,4482,0.1294277863612866,NO,0
"Alpha Lipoic Acid and Monoisoamyl-DMSA Combined Treatment Ameliorates Copper-Induced Neurobehavioral Deficits, Oxidative Stress, and Inflammation.",Alpha Lipoic Acid,Inflammation,1,36548551,5,10579,0.9756157872323192,YES,1
"TNF-alpha and IL-1beta levels were decreased, but IL-4, IL-10, IL-13, cyclin D1, and PCNA levels were increased in pregnant women with preeclampsia after using progesterone.",IL-4,preeclampsia,1,36593749,10,15263,0.6189106962153949,YES,1
"CONCLUSIONS: Two of the reported mutations (11085TTT insertion and C27945T nonsense), which seemed to reduce Type I interferon response are linked to specific geographical locations of the host and implicate region-specific mutations in the virus.",11085TTT insertion,C27945T,0,36343703,3,8226,0.4436616770043039,NO,0
"Significant differences were observed in the Total Correct (TC), Total Errors (TE), and Conceptual Level Responses (CLR) scores of the WCST among the three rs12601930C/T genotypes (p = 0.044, 0.044, and 0.047, respectively); in TC, TE, Non-Perseverative Errors (NPE), and CLR scores between participants with the CC and (CT + TT) rs12601930C/T polymorphism genotypes (p = 0.032, 0.032, 0.019, and 0.029, respectively); in TC, TE, Perseverative Errors (PE), NPE, and CLR scores between participants with the (CT + CC) and TT rs12601930C/T polymorphism genotypes (p = 0.001, 0.001, 0.011, 0.004, and 0.001, respectively); and in NPE and CLR scores between participants with the GG and (AG + AA) genotypes of the rs3764352A/G polymorphism (p = 0.011 and 0.010).",rs12601930,C/T,0,36440265,5,9890,0.2896681446665671,NO,0
"We used a partial loss-of-function variant in TYK2 (rs34536443), previously shown to protect against psoriasis and other autoimmune diseases, to evaluate the potential effect of therapeutic TYK2 inhibition on risk of lung cancer and non-Hodgkin lymphoma.",rs34536443,lung cancer,0,35747941,6,3882,0.6050891170565088,YES,1
"In heart failure with preserved ejection fraction and CpcPH models, metabolic syndrome contributes to pulmonary vascular dysfunction and EIPH through enhanced reactive oxygen species and miR-193b expression, which downregulates NFYA-dependent sGCbeta1 expression.",heart failure,NFYA,0,34157861,8,12999,0.1537610252387396,NO,0
"These data were not consistent with the previously described role of LINC00173 in SCLC or LUSC, which suggested that LINC00173 could play fine-tuned DDP resistance roles in different pathological subtypes of lung cancer.",LINC00173,DDP,1,36627670,5,15501,0.917735193791405,YES,1
"In search of channel-encoding genes that are associated with both CADF and schizophrenia, CACNA1C and KCNH2 are promising candidates.",CACNA1C,KCNH2,0,36421807,4,9517,0.2513485326614247,NO,0
"Nevertheless, several common mutational pathways to nirmatrelvir resistance were preferred, with a majority of the viruses descending from T21I, P252L or T304I as precursor mutations.",nirmatrelvir,T304I,1,36351451,4,8272,0.8683721973657906,YES,1
"Missense variants located in the N-terminal region of WDR37 were recently identified to cause a multisystemic syndrome affecting neurological, ocular, gastrointestinal, genitourinary, and cardiac development.",WDR37,multisystemic syndrome,1,34642815,2,15920,0.996968799434024,YES,1
"Particularly in neutrophils, DEX injection inhibited p65-NFkappaB activation and elevated glycogen and ATP contents and SGLT1, GLUT1 and GR expression while inhibiting PFK1 activity, enhancing G6PDH activity and CS expression and lowering cell autophagy levels.",SGLT1,GLUT1,0,36174980,10,5982,0.0055863803317391,NO,0
"In cells expressing IL-10R1-WT, cmvIL-10 (both non-glycosylated- and HeLa-expressed) resulted in equal or slightly stronger STAT3 phosphorylation compared with hIL-10.",IL-10R1,hIL-10,1,19016528,5,12,0.5073417310532761,YES,1
"Fenretinide via NOXA Induction, Enhanced Activity of the BCL-2 Inhibitor Venetoclax in High BCL-2-Expressing Neuroblastoma Preclinical Models.",NOXA,Neuroblastoma,0,31484706,5,577,0.293287169709596,NO,0
"Moreover, unmedicated patients with previously identified schizophrenia risk alleles in KCNH2 rs11763131 A, rs3807373 A, rs3800779 C, rs748693 G, and 1036145 T showed increased mean HR and QTvi as compared to non-risk alleles.",schizophrenia,rs11763131,1,36421807,8,9532,0.9380635267038954,YES,1
"Fumaric acid (FMA), isoliquiritigenin (ISO), cinnamaldehyde (CA), ferulic acid (FA), sulforaphane (SFN), and chlorogenic acid (CGA) exhibited varying improvements in colitis on clinical signs, colonic histopathology, inflammatory and oxidative indicators, and Nrf2 pathway in a sequence of SFN, ISO > FA, CA > FMA, CGA.",sulforaphane,chlorogenic acid,0,36552614,9,10711,0.9616834144746718,YES,1
"Furthermore, allergic rhinitis mice exhibited overproduction of epithelial-derived cytokines (thymic stromal lymphopoietin, interleukin-25, interleukin-33), C-C motif chemokine ligand 26 (CCL26), and mucin 5 AC (MUC5AC).",allergic rhinitis,interleukin-25,0,36571426,7,10960,0.8333723585603297,YES,1
"This was a single-arm, open-label adaptive Bayesian dose-escalation study of Bermekimab combined with Nal-Iri and 5FU/FA in patients with advanced or locally advanced PDAC who failed gemcitabine-based chemotherapy.",Iri,gemcitabine,0,36056179,7,4747,0.0381350036371716,NO,0
"Compared with wildtype POLE, overexpression of POLE variants promoted cisplatin resistance, G0/G1 cell cycle arrest, and cell migration and invasion in EC cells.",POLE,EC,1,36313640,3,7952,0.3406185963845539,NO,0
Deubiquitinating Enzyme USP12 Regulates the Pro-Apoptosis Protein Bax.,USP12,Bax,1,36361894,2,8469,0.9994291188075394,YES,1
"Binding of BAFF to BAFFR was affected by P21R and A52T. Spontaneous oligomerization of BAFFR was disturbed by P21R, A52T, G64V, and P146S. BAFF-dependent activation of NF-kappaB2 was reduced by P21R and P146S, while interactions between BAFFR and the B cell antigen receptor component CD79B and AKT phosphorylation were impaired by P21R, A52T, G64V, and DUP92-95.",BAFF,BAFFR,1,36308663,9,7761,0.99956734739029,YES,1
"BACKGROUND: Isoniazid-resistant, rifampicin-susceptible (INH-R) tuberculosis is the most common form of drug resistance, and is associated with failure, relapse, and acquired rifampicin resistance if treated with first-line anti-tuberculosis drugs.",rifampicin,tuberculosis,1,29595509,3,12417,0.3856782572418921,NO,0
"Q57H and T151I of ORF3a; T21I and W27L of ORF6; G38V, V82A, and T120I of ORF7a; S31P and T40I of ORF7b; and R52I, C61F, and I121L of ORF8 were highly frequent in most variants of concern and were within known functional domains.",T21I,G38V,0,35764775,17,4142,0.0006317207688752,NO,0
"Using proximity ligation assay in RUASM cells, this study shows that CALCRL predominantly associates with RAMP1 forming a CALCB receptor, and minimally with RAMP2 and RAMP3 that confer specificity for ADM and ADM2.",RAMP1,ADM2,0,27784654,7,233,0.2185207087257073,NO,0
"The results showed that the levels of gene and protein catalyzing lipogenesis were increased (SREBP1, ACC1 and FAS), while those catalyzing lipolysis were decreased (ATGL, HSL and ZAG), accompanied by dyslipidemia, insulin resistance and hepatic fat accumulation, and there were higher expression of TLR4 and NF-kappaB protein and lower expression of ERalpha protein in liver, and increased serum IL-17 and TNF-alpha levels in fructose and/or BPA exposed rats compared with controls.",SREBP1,ACC1,0,31661889,16,12672,0.1994595888830719,NO,0
"Guanosine accelerated the malignant progression of ICC inhibition of purine metabolism-related genes, PPAT and IMPDH2, suppressed the malignant phenotype in HCCC-9810 cells, and inhibited tumor growth.",Guanosine,tumor,0,36711025,7,11949,0.7935830766914055,YES,1
"Representative molecular characteristics of the ""penetration-affinity-covalent binding"" procedure, logP value, Keap1 affinity energy, and electrophilic index of FECs were theoretically calculated, among which logP value revealed a strong correlation with colitis improvements, which was related to the expression of Nrf2 and its downstream proteins.",Keap1,colitis,1,36552614,3,10720,0.0064641446852525,NO,0
"The roles of ABCC5, ABCA8, ABCC10, ABCB10, ABCG1, ATP7B, ABCG2, and mitochondrial SLC25A10 in platinum-receiving urinary bladder cancer patients should be the subject of further investigation.",ABCC5,platinum,1,36650399,11,11425,0.2143894442701424,NO,0
CRISPR-Cas9 deletion of PPIA or inhibition of PPIA with a small molecule inhibitor (ciclosporin) significantly sensitizes MM tumor cells to proteasome inhibitors.,ciclosporin,MM,1,33619369,3,1543,0.5547647246343411,YES,1
"The roles of ABCC5, ABCA8, ABCC10, ABCB10, ABCG1, ATP7B, ABCG2, and mitochondrial SLC25A10 in platinum-receiving urinary bladder cancer patients should be the subject of further investigation.",ABCB10,SLC25A10,0,36650399,11,11445,0.0011127964765401,NO,0
"We found that, in addition to its interaction with HDAC3, emerin interacts with the histone methyltransferases EZH2 and G9a in myogenic progenitor cells.",HDAC3,G9a,0,36274837,4,7260,0.0157787469855808,NO,0
"Thus, we have shown that SkQ1 suppresses not only NF-kB-dependent expression of IL-6 and other proinflammatory genes but also IL-6-induced activation of JAK/STAT3 and STAT3-dependent expression of MCP-1, which probably contributes to the overall therapeutic effect of SkQ1.",NF-kB,MCP-1,0,36406976,6,14049,0.206054677551659,NO,0
The effect of AT1R-1166A/C and AT2R-1675A/G polymorphisms on susceptibility to preeclampsia: A systematic review and meta-analysis.,AT1R,AT2R,0,36397318,5,9031,0.0890293114198295,NO,0
"We also found that either TSH or NAC enhanced PKA, Akt, mTORC, AMPK, Sirtuins, PGC1alpha, NRF-2, mitofusin-2, TFAM and catalase in the N-TSHR-mAb stressed cells.",PKA,TFAM,0,34801870,14,13404,0.0757310530262736,NO,0
Cells were treated with the ERK/MEK antagonist U0126 to assess the role of the ERK/MEK signaling pathway in N2a cell growth.,ERK,MEK,1,32862188,4,763,0.8614684690933001,YES,1
Forced NYFA expression by adeno-associated virus 6 delivery increased sGCbeta1 levels and improved exercise pulmonary hypertension in obese+sugen rats.,NYFA,sugen,1,34157861,6,12958,0.0019391666319143,NO,0
"Specifically, we report the 1.50 A-resolution structure of the I45T HDAC8-suberoylanilide hydroxamic acid complex, the 1.84 A-resolution structure of E66D/Y306F HDAC8 complexed with a peptide assay substrate, and the 2.40 A-resolution structure of G320R HDAC8 complexed with the inhibitor M344.",E66D,G320R,0,33316326,5,1136,0.0005113364481707,NO,0
Induction of BVR-A Expression by Korean Red Ginseng in Murine Hippocampal Astrocytes: Role of Bilirubin in Mitochondrial Function via the LKB1-SIRT1-ERRalpha Axis.,Korean Red Ginseng,LKB1,0,36139815,7,5186,0.7958005219473296,YES,1
"Here we report that HDAC1 is unable to occupy at the promoters of oncogenes but maintains its occupancy with the tumor suppressors due to its interaction with CREPT (cell cycle-related and expression-elevated protein in tumor, also named RPRD1B), an oncoprotein highly expressed in tumors.",HDAC1,CREPT,1,36230720,3,6658,0.9991047061389235,YES,1
"The results showed that the application of biochar and especially chemically modified biochars reduced fluoride (about 15-37%) and cadmium (30-52%) contents in mint leaves, while increased soil pH and cation exchange capacity (CEC), nitrogen (12-35%), phosphorus (16-59%), potassium (17-52%), calcium (19-47%), magnesium (28-77%), iron (37-114%), zinc (45-226%), photosynthetic pigments of leaves and plant biomass (about 10-25%) under toxic conditions.",fluoride,magnesium,0,36578343,11,11015,0.0039312322795596,NO,0
"Moreover, the lipolytic activity of ATGL was negatively regulated by PNPLA3 and perilipin 5, whereas perilipin 1 displaced PNPLA3 from the ATGL complex.",ATGL,perilipin 5,1,36611868,4,11142,0.9795407848230792,YES,1
A single dose of sirolimus 2 mg (N = 12) or everolimus 0.75 mg (N = 12) was administered in Period 1.,sirolimus,everolimus,0,36416673,2,9301,0.8071242688512885,YES,1
"Six SNPs of ABCB1 (rs3842, rs1045642, rs2032582, rs1128503, rs3213619, and rs3747802), one SNP of CYP3A5 (rs776746), seven SNPs of APOB (rs1042034, rs2163204, rs693, rs679899, rs13306194, rs13306198, and rs1367117), and two SNPs of APOE (rs429358 and rs7412) were analyzed by a TaqMan genotyping assay.",rs2163204,rs429358,0,36145636,20,5578,0.0002860522452878,NO,0
"Specifically, cells that are sensitive to combined dasatinib and trametinib treatment have inhibition of FAK/Src, MEK/ERK, and AKT, resulting in the dramatic upregulation of BIM, while cells that are resistant lack inhibition of AKT and have a dampened induction of BIM.",trametinib,MEK,1,36672327,8,11606,0.7899423606911099,YES,1
"[4/30; 13%] were the most common genes bearing pathogenic alterations in HGSC, while VUS germline mutations commonly affected HRR-related genes, including ATM (c.7816A>G), BRIP (c.2327 C>A), CHEK2 (c.320-5T>A).",HGSC,BRIP,1,36531003,7,14461,0.2372529330733028,NO,0
"IFNgamma-primed, TLR-induced macrophage killing required iNOS, which licensed apoptotic caspase-8 activity and reduced the BAX and BAK inhibitors, A1 and MCL-1.",BAK,MCL-1,1,35139355,7,3152,0.3459155864107701,NO,0
"Therefore, the CHD8-S62X mutation induces ASD-like behaviors in juvenile male mice and adult male and female mice, pointing to an age-differential sexual dimorphism and also distinct sexual dimorphisms in different Chd8 mutations (N2373K and S62X).",S62X,ASD,1,36385756,5,8713,0.9547313296911416,YES,1
Genetic variation in ST6GAL1 is a determinant of capecitabine and oxaliplatin induced hand-foot syndrome.,capecitabine,hand-foot syndrome,1,35467766,4,3618,0.975674929923324,YES,1
MTX significantly downregulated the level of anti-atherogenic lipid ApoA1 in AA genotype carriers of rs2066398.,atherogenic,ApoA1,0,36362461,4,8523,0.0334322720428941,NO,0
Induction of BVR-A Expression by Korean Red Ginseng in Murine Hippocampal Astrocytes: Role of Bilirubin in Mitochondrial Function via the LKB1-SIRT1-ERRalpha Axis.,BVR-A,SIRT1,1,36139815,7,5183,0.7077446192061322,YES,1
"We also found that either TSH or NAC enhanced PKA, Akt, mTORC, AMPK, Sirtuins, PGC1alpha, NRF-2, mitofusin-2, TFAM and catalase in the N-TSHR-mAb stressed cells.",AMPK,TFAM,0,34801870,14,13431,0.0444962569332985,NO,0
"MYC induced the expression of the tryptophan transporters SLC7A5 and SLC1A5 and the enzyme arylformamidase (AFMID), involved in the conversion of tryptophan into kynurenine.",tryptophan,kynurenine,1,31416966,6,536,0.9988695599012553,YES,1
"We identified and characterized a homozygous loss-of-function stop mutation underlying IL23R deficiency, resulting in near absent expression of membrane bound IL23R. IL23R deficiency was characterized by impaired IL-23-mediated IFN-gamma secretion in CD4+, CD8+ T, and mucosal-associated invariant T (MAIT) cells, and low frequencies of circulating Th17 (CD3+CD45RA-CCR4+CXCR3-RORgammaT+), Th1* (CD45RA-CCR4-CXCR3+RORgammaT+), and MAIT (CD3+CD8+Valpha7.2+CD161+) cells.",CD8,RORgammaT,0,35829840,10,4330,0.1298287453901015,NO,0
"Meanwhile, Mg2+ binding was favored for the S55D/E59D alphaPV and D94S/",E59D,D94S,0,34115511,5,15905,0.0600116813628634,NO,0
"Effects of 15 torsadogenic hERG blocking drugs (astemizole, chlorpromazine, cisapride, droperidol, ibutilide, dofetilide, haloperidol, moxifloxacin, pimozide, quinidine, risperidone, sotalol, sertindole, terfenadine, and thioridazine) were assessed by telemetry in beagle dogs.",droperidol,thioridazine,0,35751378,17,3959,0.0138098768829615,NO,0
"Our analysis also observed a triple cysteine motif harboring mutation (L39M, A41S, A41V, C43F, C43R, C43S, C44Y, N45R) which may hinder the binding of E protein with spike glycoprotein.",C43S,N45R,0,33319124,10,15847,0.0006351623670042,NO,0
"Mutational analysis detected 18,261 mutations in the omicron variant, majority of which were non-synonymous mutations in spike (A67, T547K, D614G, H655Y, N679K, P681H, D796Y, N856K, Q954H), followed by RNA dependent RNA polymerase (rdrp) (A1892T, I189V, P314L, K38R, T492I, V57V), ORF6 (M19M) and nucleocapsid protein (RG203KR).",P314L,V57V,0,35367284,21,3494,0.0183399982569295,NO,0
Klotho deficiency-induced arterial calcification involves osteoblastic transition of VSMCs and activation of BMP signaling.,arterial calcification,BMP,0,34368951,3,2253,0.978527325230335,YES,1
"The expression of Carnitine palmitoyltransferase I (CPT-I), carnitine palmitoyltransferase II (CPT-II), lecithin-cholesterol acyltransferase (LCAT), carnitine O-octanoyltransferase (CROT), carnitine-acylcarnitine translocase (CACT), and 5-methyltetrahydrofolate-homocysteine methyltransferase (MTR) genes was significantly upregulated in the liver tissue homogenates of experimental mice exposed to BPA, although RSV regulated the expression of these genes when compared with BPA treated experimental mice.",carnitine O-octanoyltransferase,RSV,0,36432690,9,9787,0.9015846043491634,YES,1
"Genes provided in the present study with genetic variants associated with VTE were FVL (G1691A), Prothrombin (G20210A), MTHFR (C677T, A1298C), PAI-1 (4G/5G), factor VII activating protease (1601G > A), and endothelial protein C receptor (g.6936A_G, c.4600A_G).",VTE,factor VII activating protease,1,36316870,14,8003,0.9710323730028306,YES,1
"This study investigated the association of pluripotency factor expression with the clinicopathological characteristics of gastric cancer patients, as well as changes in the expression of these factors upon the stem cell-enriching spheroid culture of gastric cancer cells, regulation of sphere-forming capacity, and response to cisplatin and TRAIL treatments by Nanog and KLF4.",Nanog,KLF4,1,36661504,6,11510,0.1852626381292028,NO,0
"Using proximity ligation assay in RUASM cells, this study shows that CALCRL predominantly associates with RAMP1 forming a CALCB receptor, and minimally with RAMP2 and RAMP3 that confer specificity for ADM and ADM2.",CALCRL,RAMP1,1,27784654,7,223,0.9997976497328772,YES,1
"We hypothesized that THC and CBD will negatively impact the synthesis of milk proteins and lipids, as well as lipid markers in HC11 cells.",CBD,lipids,1,35976913,4,4612,0.9571909741475152,YES,1
"The polymorphisms suitable for meta-analysis were CCND1 (rs17852153), COX2 (rs20417), EGF (rs4444903), EGFR (rs712829, rs11543848, 3'UTR CA repeat), FCGR2A (rs1801274), FCGR3A (rs396991), IL8 (rs4073), KRAS (rs61764370) and VEGFA (rs3025039).",rs396991,rs4073,0,27897268,19,379,0.0002964455134411,NO,0
Anti-RGMb mAb (9D1) treatment decreased IFN-gamma and significantly increased IL-5 and IL-10 in the gut of the treated mice compared to the isotype control treated mice.,RGMb,IFN-gamma,1,36420263,5,9405,0.7116511599062799,YES,1
"Using specific inhibitors, the authors have shown that, in EA.hy926 cells, IL-6-induced expression of MCP-1 and ICAM-1 depends on the signaling protein and transcription activator STAT3 and, in some cases, on JNK, PI3K, and MEK1/2 kinases and is independent of p38 kinase.",STAT3,p38 kinase,0,36406976,9,14021,0.107620478299313,NO,0
Raising intracellular cyclic AMP (cAMP) in M2 macrophages through phosphodiesterase 4 inhibition enhanced P2Y11-driven responses.,cyclic AMP,P2Y11,1,36107259,3,4936,0.7314417501105055,YES,1
"The results showed that the levels of gene and protein catalyzing lipogenesis were increased (SREBP1, ACC1 and FAS), while those catalyzing lipolysis were decreased (ATGL, HSL and ZAG), accompanied by dyslipidemia, insulin resistance and hepatic fat accumulation, and there were higher expression of TLR4 and NF-kappaB protein and lower expression of ERalpha protein in liver, and increased serum IL-17 and TNF-alpha levels in fructose and/or BPA exposed rats compared with controls.",TLR4,NF-kappaB,0,31661889,16,12755,0.2723252998862412,NO,0
"Our analysis also observed a triple cysteine motif harboring mutation (L39M, A41S, A41V, C43F, C43R, C43S, C44Y, N45R) which may hinder the binding of E protein with spike glycoprotein.",C43R,N45R,0,33319124,10,15845,0.0010263752248997,NO,0
"Furthermore, we proved that ALA counteracts the effects of bleomycin on HK2, PFKFB3, LC3, Parkin, and LF activation in vivo.",ALA,HK2,1,36635651,6,15573,0.9464408745201108,YES,1
"Using NCI-H838 cells, neurotensin or neurotensin8-13 but not neurotensin1-8 increased EGFR, ERK and HER2 tyrosine phosphorylation which was blocked by SR48692.",ERK,HER2,0,31614143,6,12493,0.1399622273619793,NO,0
"FOXO3, IGFBP3, L-FABP, PCSK9, ANGPTL6, and ANGPTL8 plasma concentrations were measured by ELISA in 86 individuals.",L-FABP,ANGPTL6,0,36143124,6,5419,0.0001209681972778,NO,0
"ELISA was performed to measure progesterone, MMP-2, MMP-9, pro-inflammatory factors TNF-alpha, IL-1beta, and anti-inflammatory factors IL-4, IL-10, and IL-13 levels.",MMP-9,IL-13,0,36593749,9,15181,6.322302796978874e-05,NO,0
"Herein, we reported the first autosomal recessive CC patients with c.265C>T (p.Arg89Cys) or c.[265C>T;267C>A] variant in Iranian population for the FYCO1 gene.",CC,c.265C>T,1,36274208,6,7241,0.9322372017228564,YES,1
This study shows that substituting bendamustine for cyclophosphamide in combination with clofarabine and etoposide is safe and effective.,cyclophosphamide,etoposide,0,33598942,4,1495,0.623612029863399,YES,1
"Particularly in neutrophils, DEX injection inhibited p65-NFkappaB activation and elevated glycogen and ATP contents and SGLT1, GLUT1 and GR expression while inhibiting PFK1 activity, enhancing G6PDH activity and CS expression and lowering cell autophagy levels.",p65-NFkappaB,G6PDH,0,36174980,10,5967,0.0540320813781159,NO,0
"Four novel QDPR variants [c.714dup or p.(Leu239Thrfs*44), c.106-1G>T or p.(?), c.214G>T or p.(Gly72*), and c.187_189dup or p.(Gln63dup)] were identified.",c.714dup,p.(Leu239Thrfs*44),0,36313470,8,7902,0.9254975248951504,YES,1
"The aim of the study was to compare success, mortality, and acquired rifampicin resistance in patients with INH-R pulmonary tuberculosis given different durations of rifampicin, ethambutol, and pyrazinamide (REZ); a fluoroquinolone plus 6 months or more of REZ; and streptomycin plus a core regimen of REZ.",pulmonary tuberculosis,fluoroquinolone,1,29595509,6,12423,0.7108357059855456,YES,1
Allele-Specific Role of ERBB2 in the Oncogenic Function of EGFR L861Q in EGFR-Mutant Lung Cancers.,EGFR,Lung Cancers,0,33038514,4,791,0.6117202897440581,YES,1
"The most frequent mutations in E, M, N, and S proteins were T9I, I82T, R203M/R203K, and D614G. D614G was the most frequent mutation in all six geographical areas.",E,M,0,36528612,9,10464,0.0204676568668418,NO,0
"This strategy allowed us to identify the emergence of the B.1.621 lineage, considered a variant of interest (VOI) with the accumulation of several substitutions affecting the Spike protein, including the amino acid changes I95I, Y144T, Y145S and the insertion 146 N in the N-terminal domain, R346K, E484K and N501Y in the Receptor binding Domain (RBD) and P681H in the S1/S2 cleavage site of the Spike protein.",I95I,R346K,0,34403832,8,2476,0.0225500965270768,NO,0
"Western blot was performed to detect Cyclin D1, PCNA, MMP-2, MMP-9, inflammatory factors TNF-alpha, IL-1beta, IL-4, IL-10, IL-13, and",MMP-2,IL-13,0,36593749,10,15220,0.0001919124804712,NO,0
The TREM2/DAP12 receptor-adaptor complex signals in coordination with CSF1R to activate spleen tyrosine kinase (SYK).,DAP12,spleen tyrosine kinase,1,36306144,4,7660,0.9199993131255616,YES,1
"Acute lung injury (ALI) is one of the fatal outcomes after exposure to high levels of hydrogen sulfide (H2S), and the matrix metalloproteinases (MMPs) especially MMP-2 and MMP-9 are believed to be involved in the development of ALI by degrading the extracellular matrix (ECM) of blood-air barrier.",hydrogen sulfide,MMP-2,1,24722316,5,51,0.2802180096977402,NO,0
These data reveal that combined PEM and CD73 inhibition can co-opt tumor cell STING induction in TKI-resistant EGFR-mutated lung cancers and promote immunogenicity.,CD73,lung cancers,1,36066413,6,4831,0.7308636834012733,YES,1
"Whereas the activity of the MgO/xAl_SBA-15 systems was moderate for the conversion of glycidol to the corresponding cyclic carbonate, the Al_SBA-15-supported imidazolium chloride catalysts gave excellent results over different epoxides (conversion of glycidol, epichlorohydrin, and styrene oxide up to 89%, 78%, and 18%, respectively).",MgO,epichlorohydrin,0,36558016,8,10829,0.0378943790950726,NO,0
The anti-mineralocorticoid activity of drospirenone seems to positively counteract the renin-angiotensin-aldosterone-system-activating action of ethinylestradiol.,renin,ethinylestradiol,1,36744531,5,12183,0.0852360776205723,NO,0
"We determined that CINC-1 (a functional IL-8 analog in rats) induces internalization of beta2 -AR from the cell surface, and arrestin-2, PDE4, and beta2 -AR form a complex during this process.",beta2 -AR,PDE4,1,34555226,6,2515,0.9956488454490542,YES,1
"Moreover, the variants severely affected the expression and function of Cubilin in renal proximal tubules and caused albuminuria, increasing levels in urine transferrin and alpha1-microglobulin, but without progressive glomerular filtration barrier (GFB) impairment, vitB12 deficiencies or abnormal blood levels of HDL and albumin.",Cubilin,alpha1-microglobulin,1,36266725,6,7198,0.172468738431794,NO,0
"Thus, PTHrP triggers a kinase cascade that leads to inhibition of the key transcription factors (Mef2 and Runx2) that promote chondrocyte hypertrophy.",PTHrP,Mef2,1,33148508,3,927,0.9203623408544152,YES,1
"23% of adult pan-cancer samples had KRAS alterations; 88% were mutations, most commonly G12D/G12V/G12C/G13D/G12R, and prevalence was similar in liquid biopsies.",pan-cancer,G12C,1,36494601,5,10064,0.1742343505705555,NO,0
"KLF4 is supposed to play a critical role in DR4/DR5 expression and responses to TRAIL and cisplatin, whereas Nanog is only implicated in the former events only.",KLF4,TRAIL,1,36661504,6,11540,0.9701703614419028,YES,1
A mechanical study demonstrated that Rab31 modulated IVIG response through NLRP3 and p38 pathways.,Rab31,p38,0,36329997,4,8167,0.9255079153310024,YES,1
"In this study, analyzing genotype and haplotype data from the 1000 Genomes Project, we found that the R71H-G230A-R293Q (HAQ) MPYS allele frequency increased 57-fold in East Asians compared with sub-Saharan Africans.",R71H,G230A,0,36261171,4,7056,0.442426701434444,NO,0
"Subjects exhibited a decrease in inflammatory cytokines, notably, vascular endothelial growth factor (-0.86, p = 0.017) with Bermekimab.",inflammatory,Bermekimab,0,36056179,3,4755,0.0425256479435372,NO,0
Conclusion: Our results suggest that CYP1A1 gene polymorphisms might be associated with a reduced risk of RPL.,CYP1A1,RPL,1,36313260,2,7889,0.9977063814705288,YES,1
"In heart failure with preserved ejection fraction and CpcPH models, metabolic syndrome contributes to pulmonary vascular dysfunction and EIPH through enhanced reactive oxygen species and miR-193b expression, which downregulates NFYA-dependent sGCbeta1 expression.",CpcPH,reactive oxygen species,1,34157861,8,13001,0.4257104903859486,NO,0
"Our findings suggested that IFN-gamma and TNF-alpha, which are elevated in AITDs, promoted ACE2 and NRP1 expression and inhibited TMPRSS2 expression.",AITDs,TMPRSS2,1,36362417,6,13926,0.0293177502448747,NO,0
"Regulatory network of KLF12, ZNF281 and RELA controlled the expression of these four prognostic target genes (LDHA, ACLY, ME2 and IDH2).",ZNF281,IDH2,1,36121916,7,5003,0.955224238758683,YES,1
"In exon 3 codon 61, 2.3% patients were detected with two concurrent mutations (Q61R, Q61H), and 4.4% with three concurrent mutations (Q61R, Q61H, Q61L).",Q61R,Q61H,0,36444585,3,9957,0.8566597376134628,YES,1
"Targeted SARS-CoV-2 sequencing allowed for detection of important genetic mutations, such as spike: K417N, D614G, P681H, T716I, S982A, and D1118H, commonly associated with increased cell entry and reinfection.",D614G,T716I,0,35726918,8,3857,0.0102438025252412,NO,0
"In the presence of flumazenil, micromolar concentrations of diazepam and midazolam both potentiated and inhibited wildtype GABAA receptor currents.",flumazenil,GABAA receptor,1,34386973,4,2459,0.5714750470986902,YES,1
"Furthermore, allergic rhinitis mice exhibited overproduction of epithelial-derived cytokines (thymic stromal lymphopoietin, interleukin-25, interleukin-33), C-C motif chemokine ligand 26 (CCL26), and mucin 5 AC (MUC5AC).",C-C motif chemokine ligand 26,mucin 5 AC,0,36571426,7,10973,0.0016171555565376,NO,0
"Using proximity ligation assay in RUASM cells, this study shows that CALCRL predominantly associates with RAMP1 forming a CALCB receptor, and minimally with RAMP2 and RAMP3 that confer specificity for ADM and ADM2.",RAMP1,RAMP2,0,27784654,7,230,0.0696731430065878,NO,0
Downregulation of Linc00173 increases BCL2 mRNA stability via the miR-1275/PROCA1/ZFP36L2 axis and induces acquired cisplatin resistance of lung adenocarcinoma.,cisplatin,lung adenocarcinoma,1,36627670,7,15414,0.8740590448990658,YES,1
"Here, we have analysed the proportional expression patterns of TLR2 and TLR4 on the surface of CD3+, CD4+, CD8+, CD19+ and CD161+ lymphocytes and CD14+ monocytes in different groups of leprosy patients.",TLR2,TLR4,0,36419668,10,9335,0.3298922362846488,NO,0
"Y383F mice are largely alleviated by RIPK1 kinase inhibition, and prevented by genomic deletions targeted to the upstream pathway (either to Tumor necrosis factor receptor 1 or RIPK3 and Caspase8 simultaneously).",Tumor necrosis factor receptor 1,RIPK3,0,36329033,6,8137,0.407991399505667,NO,0
"We also found that either TSH or NAC enhanced PKA, Akt, mTORC, AMPK, Sirtuins, PGC1alpha, NRF-2, mitofusin-2, TFAM and catalase in the N-TSHR-mAb stressed cells.",PKA,Akt,0,34801870,14,13397,0.0765167013265045,NO,0
"The DPP4 rs3788979 polymorphism was associated with a high risk of COVID-19 disease and, the TT genotype carriers had the lowest DPP4 levels.",rs3788979,COVID-19,1,33774023,3,1727,0.9982982252130598,YES,1
"12/102 were found to have novel variants in potential diabetes genes (RFX2, RREB1, SLC5A1 (3 patients with variants in this gene), GCKR, MC4R, CASP10, TMPRSS6, HGFAC, DACH1, ZBED3).",RFX2,ZBED3,0,36585034,12,16250,0.0002568421049022,NO,0
"Serum levels of total cholesterol (TC), triglycerides (TG), lipoprotein (a) (LP(a)), high-density lipoprotein cholesterol (HDL-C), low-density lipoprotein (LDL), apolipoprotein A1 (ApoA1), and apolipoprotein B (ApoB) were measured at baseline and week 12.",cholesterol,lipoprotein (a),0,36362461,7,8492,0.0003010621823302,NO,0
"The impact of supplementation with the above-mentioned compounds on the content of modified derivatives: 1-methyladenosine, N6-methyl-2'-deoxyadenosine, O-methylguanosine, 7-methylguanine, 3-methyladenine, 1-methylguanine, 2-amino-6,8-dihydroxypurine, and 8-hydroxy-2'-deoxyguanosine in the urine of rats with mammary cancer was also assessed.",7-methylguanine,3-methyladenine,0,36673448,9,15745,0.0002530426457915,NO,0
"Activated SGK3 can activate ion channels (TRPV5/6, SOC, Kv1.3, Kv1.5, Kv7.1, BKCa, Kir2.1, Kir2.2, ENaC, Nav1.5, ClC-2, and ClC Ka), carriers and receptors (Npt2a, Npt2b, NHE3, GluR1, GluR6, SN1, EAAT1, EAAT2, EAAT4, EAAT5, SGLT1, SLC1A5, SLC6A19, SLC6A8, and NaDC1), and Na+/K+-ATPase, promoting the transportation of calcium, phosphorus, sodium, glucose, and neutral amino acids in the kidney and intestine, the absorption of potassium and neutral amino acids in the renal tubules, the transportation of glutamate and glutamine in the nervous system, and the transportation of creatine.",EAAT2,glucose,0,36531961,37,15018,0.0714072922524073,NO,0
"In summary, PNPLA3- and ATGL-driven lipolysis is significantly regulated by perilipin 1 and 5 in steatohepatitis.",PNPLA3,ATGL,1,36611868,4,11153,0.126006990912029,NO,0
The present work was aimed to investigate the roles of MMP-2 and MMP-9 in H2S-induced ALI and the protective effects of DXM.,H2S,DXM,1,24722316,5,74,0.0213435542795888,NO,0
"The Swiss Army Knife (del19, L858R, T790M, Exon 20 Insertions, ""uncommon-G719X, S768I, L861Q"")",L858R,L861Q,0,36317157,6,8062,0.0434531722142274,NO,0
"Although the disease caused by recessive genetic mutation of the tyrosine hydroxylase (TH) gene is rare, we found that the clinical manifestations of seven children with tyrosine hydroxylase gene mutations are similar to dopa-responsive dystonia.",tyrosine hydroxylase,dopa-responsive dystonia,1,36568392,2,10927,0.7678626985255996,YES,1
"Fibroblasts from HFrEF show higher migratory rate compared with control (P = 0.0036), and increased expression of HF markers [fold-change (Log2): COL1A1-1.3; IL-1b-1.9; IL-6-1.7; FN1-2.9 (P < 0.05)].",HFrEF,FN1,1,36303443,6,13791,0.9119733103297748,YES,1
"Activated SGK3 can activate ion channels (TRPV5/6, SOC, Kv1.3, Kv1.5, Kv7.1, BKCa, Kir2.1, Kir2.2, ENaC, Nav1.5, ClC-2, and ClC Ka), carriers and receptors (Npt2a, Npt2b, NHE3, GluR1, GluR6, SN1, EAAT1, EAAT2, EAAT4, EAAT5, SGLT1, SLC1A5, SLC6A19, SLC6A8, and NaDC1), and Na+/K+-ATPase, promoting the transportation of calcium, phosphorus, sodium, glucose, and neutral amino acids in the kidney and intestine, the absorption of potassium and neutral amino acids in the renal tubules, the transportation of glutamate and glutamine in the nervous system, and the transportation of creatine.",TRPV5/6,GluR6,0,36531961,37,14528,0.0549595583510688,NO,0
"Six SNPs of ABCB1 (rs3842, rs1045642, rs2032582, rs1128503, rs3213619, and rs3747802), one SNP of CYP3A5 (rs776746), seven SNPs of APOB (rs1042034, rs2163204, rs693, rs679899, rs13306194, rs13306198, and rs1367117), and two SNPs of APOE (rs429358 and rs7412) were analyzed by a TaqMan genotyping assay.",rs1042034,rs429358,0,36145636,20,5571,0.0004301442045142,NO,0
"Activated SGK3 can activate ion channels (TRPV5/6, SOC, Kv1.3, Kv1.5, Kv7.1, BKCa, Kir2.1, Kir2.2, ENaC, Nav1.5, ClC-2, and ClC Ka), carriers and receptors (Npt2a, Npt2b, NHE3, GluR1, GluR6, SN1, EAAT1, EAAT2, EAAT4, EAAT5, SGLT1, SLC1A5, SLC6A19, SLC6A8, and NaDC1), and Na+/K+-ATPase, promoting the transportation of calcium, phosphorus, sodium, glucose, and neutral amino acids in the kidney and intestine, the absorption of potassium and neutral amino acids in the renal tubules, the transportation of glutamate and glutamine in the nervous system, and the transportation of creatine.",Npt2a,potassium,0,36531961,37,14886,0.2480113794756939,NO,0
Adeno-associated virus-mediated NFYA overexpression and SGLT2 inhibition restore NFYA-sGCbeta1-cGMP signaling and ameliorate EIPH.,SGLT2,sGCbeta1,0,34157861,5,13023,0.1224358053368744,NO,0
"In addition, mAbs such as Adalimumab, Eculizumab, Natalizumab used in autoimmune disorders and Alemtuzumab, Trastuzumab, Cetuximab, and Rituximab that are prescribed for tumors will be reviewed.",Natalizumab,Rituximab,0,35071113,9,3050,0.0006631899013356,NO,0
"Expression of the Q276* and T283A mutations in FLT3-ITD MV4;11 cells conferred resistance to apoptosis, decreased cell-cycle arrest, and increased proliferation in the presence of pexidartinib and other FLT3 inhibitors.",Q276*,pexidartinib,1,34103301,5,1948,0.8051243479328566,YES,1
"The results showed that the levels of gene and protein catalyzing lipogenesis were increased (SREBP1, ACC1 and FAS), while those catalyzing lipolysis were decreased (ATGL, HSL and ZAG), accompanied by dyslipidemia, insulin resistance and hepatic fat accumulation, and there were higher expression of TLR4 and NF-kappaB protein and lower expression of ERalpha protein in liver, and increased serum IL-17 and TNF-alpha levels in fructose and/or BPA exposed rats compared with controls.",FAS,NF-kappaB,0,31661889,16,12705,0.0024279049610314,NO,0
She was diagnosed with JAK2 L611S/V617L double-mutant PV after a detailed medical examination in 2017.,L611S,PV,1,36483035,4,10047,0.8546157739767787,YES,1
Cc > V11I Cc > Q12M > D50A >,V11I,D50A,0,36552779,4,10744,0.7381213010501032,YES,1
"Neurotensin binds with high affinity to the neurotensin receptor 1, and functions as an autocrine growth factor in lung cancer cells.",Neurotensin,neurotensin receptor 1,1,31614143,3,12473,0.9997703208604533,YES,1
"Effects of 15 torsadogenic hERG blocking drugs (astemizole, chlorpromazine, cisapride, droperidol, ibutilide, dofetilide, haloperidol, moxifloxacin, pimozide, quinidine, risperidone, sotalol, sertindole, terfenadine, and thioridazine) were assessed by telemetry in beagle dogs.",chlorpromazine,terfenadine,0,35751378,17,3935,0.007790318851082,NO,0
"A deleterious mutation in the phosphodiesterase-4D-interacting-protein (PDE4DIP) gene resulting in p.A123T substitution (NM_001002811:c.367G>A) was identified that segregated with early-onset AF, heart block, and the DES mutation.",p.A123T,c.367G>A,0,34289528,6,2214,0.7118659890147293,YES,1
"Using major-mismatched HCT mouse models, treatment with an anti-RGMb monoclonal antibody (mAb) that blocks the interaction with BMP-2/4 and neogenin prevented GvHD and improved survival compared to isotype control (75% versus 30% survival at 60 days after transplantation).",RGMb,neogenin,1,36420263,5,9395,0.9898830685290912,YES,1
GAS6/AXL Inhibition Enhances Ovarian Cancer Sensitivity to Chemotherapy and PARP Inhibition through Increased DNA Damage and Enhanced Replication Stress.,PARP,DNA,0,34670865,5,13273,0.4057066454477878,NO,0
"RNA sequencing revealed transcriptome-wide IL-17-induced transcripts that are IMP2 influenced, and RNA immunoprecipitation sequencing identified the subset of mRNAs that are directly occupied by IMP2, which included Cebpb and Cebpd Lipocalin-2 (Lcn2), a hallmark of autoimmune kidney injury, was strongly dependent on IL-17, IMP2, and C/EBPbeta/delta.",IMP2,Cebpd,1,34215679,7,13091,0.937466623760842,YES,1
"He was treated with the FGFR inhibitor, erdafitinib, with excellent partial response including resolution of intracranial disease and cancer-related pain, ongoing 2 years after drug initiation.",erdafitinib,cancer-related pain,1,35761436,4,4115,0.9691415800527916,YES,1
"The roles of ABCC5, ABCA8, ABCC10, ABCB10, ABCG1, ATP7B, ABCG2, and mitochondrial SLC25A10 in platinum-receiving urinary bladder cancer patients should be the subject of further investigation.",ABCC10,ABCG1,0,36650399,11,11436,0.0005299365761323,NO,0
"We observed suggestive evidence (P < 0.05) for eight variants (rs17026425, rs17057166, rs6854845, rs1728400, rs17693104, rs202280, rs6797464, and rs823920) in all colorectal cancer and two variants (rs17026425 and rs6854845) in rectal cancer that were concordant with previous reports.",rs6854845,rs823920,0,31488414,10,654,0.0074439366902657,NO,0
"The polymorphisms suitable for meta-analysis were CCND1 (rs17852153), COX2 (rs20417), EGF (rs4444903), EGFR (rs712829, rs11543848, 3'UTR CA repeat), FCGR2A (rs1801274), FCGR3A (rs396991), IL8 (rs4073), KRAS (rs61764370) and VEGFA (rs3025039).",rs396991,rs61764370,0,27897268,19,380,0.000275307974719,NO,0
"However, their Ca2+ affinities and selectivities against competing ions like Mg2+ can widely vary.",Ca2+,Mg2+,1,34115511,2,15872,0.8845479567836538,YES,1
"The levels of glucose, total protein (TP), total cholesterol (TC), and the proinflammatory cytokines interleukin (IL)-1beta, IL-6 and tumor necrosis factor (TNF)-alpha in blood were examined, and we then detected glycogen and adenosine triphosphate (ATP) content, phosphofructosekinase-1 (PFK1) and glucose-6-phosphate dehydrogenase (G6PDH) activity, glucose transporter (GLUT)1, GLUT4, sodium/glucose cotransporter (SGLT)1 and citrate synthase (CS) protein expression and autophagy levels in circulating neutrophils.",cholesterol,glycogen,0,36174980,13,5868,0.000368191477129,NO,0
"Through a Connectivity Map (CMap) analysis, we revealed that certain drugs/molecules, including omeprazole, methacholine chloride, ioversol, fulvestrant, difenidol, cycloserine, and MK-801, may serve as potential treatments for tamoxifen-resistant breast cancer patients.",methacholine chloride,tamoxifen,1,36619229,10,11296,0.2271921982070747,NO,0
"Silencing WWOX to mimic low WWOX protein expression in HCC in patients with the WWOX-rs13338697-GG genotype, enhanced HIF1A increment under hypoxia, further decreased ASS1, and increased cell susceptibility to ADI-PEG 20.",hypoxia,ASS1,1,36530994,8,14397,0.4978402078088604,NO,0
"In contrast, the MAFs of three variants were higher in lean-normal BMI groups; rs3764261 A = 0.38, rs9941349 T = 0.43, and rs7799039 G = 0.40-0.43).",rs3764261,rs7799039,0,36126070,3,5095,0.3793997813161689,NO,0
"PPARgamma/delta dual modulators functioning as both PPARgamma partial agonists and PPARdelta antagonists promoted adiponectin production, suggesting their therapeutic potential against hypoadiponectinemia-associated cancer and metabolic diseases.",PPARgamma,hypoadiponectinemia,1,33325691,7,1167,0.2730033715458528,NO,0
"After the virtual screening, dabigatran, estazolam, leucovorin, and pitavastatin were further examined in ischemic stroke using an animal rodent model of focal cerebral ischemia using transient middle cerebral artery occlusion (t-MCAO).",estazolam,pitavastatin,0,33384558,7,1191,0.066211606149506,NO,0
"In preclinical patient-derived xenograft and cell line models, resistance to KRAS(G12C) inhibition was associated with low allele frequency hotspot mutations in KRAS(G12V or G13D), NRAS(Q61K or G13R), MRAS(Q71R) and/or BRAF(G596R), mirroring observations in patients.",G13R,G596R,0,34759319,12,15979,0.3025562032030086,NO,0
"Six SNPs of ABCB1 (rs3842, rs1045642, rs2032582, rs1128503, rs3213619, and rs3747802), one SNP of CYP3A5 (rs776746), seven SNPs of APOB (rs1042034, rs2163204, rs693, rs679899, rs13306194, rs13306198, and rs1367117), and two SNPs of APOE (rs429358 and rs7412) were analyzed by a TaqMan genotyping assay.",rs1045642,rs3213619,0,36145636,20,5495,0.0022150828315566,NO,0
"Thus, we can provide clinical and experimental evidence that mutant plasminogen in HAE-PLG is bypassing FXII/kallikrein to generate bradykinin.",kallikrein,bradykinin,0,36685169,5,11776,0.4247615433790727,NO,0
"0.17, P < 0.01), isoflavones (mg/d) (Adj. OR: 0.74, P = 0.049), methionine (mg/d) (Adj. OR: 0.32, P < 0.01), and choline (mg/d) (Adj. OR: 0.32, P < 0.01) intakes were inversely associated with increased risk of significant fibrosis (stage of fibrosis >=2).",isoflavones,methionine,0,33306506,4,1070,0.0008453976394085,NO,0
"Activated SGK3 can activate ion channels (TRPV5/6, SOC, Kv1.3, Kv1.5, Kv7.1, BKCa, Kir2.1, Kir2.2, ENaC, Nav1.5, ClC-2, and ClC Ka), carriers and receptors (Npt2a, Npt2b, NHE3, GluR1, GluR6, SN1, EAAT1, EAAT2, EAAT4, EAAT5, SGLT1, SLC1A5, SLC6A19, SLC6A8, and NaDC1), and Na+/K+-ATPase, promoting the transportation of calcium, phosphorus, sodium, glucose, and neutral amino acids in the kidney and intestine, the absorption of potassium and neutral amino acids in the renal tubules, the transportation of glutamate and glutamine in the nervous system, and the transportation of creatine.",TRPV5/6,glutamate,0,36531961,37,14545,0.2533838180630076,NO,0
"LINC00173 had been reported as a cisplatin (cis-diamminedichloroplatinum, DDP) chemotherapy-resistant inducer in small-cell lung cancer (SCLC) and lung squamous cell carcinoma (LUSC).",cisplatin,lung squamous cell carcinoma,1,36627670,4,15419,0.7076773222294933,YES,1
"Activated SGK3 can activate ion channels (TRPV5/6, SOC, Kv1.3, Kv1.5, Kv7.1, BKCa, Kir2.1, Kir2.2, ENaC, Nav1.5, ClC-2, and ClC Ka), carriers and receptors (Npt2a, Npt2b, NHE3, GluR1, GluR6, SN1, EAAT1, EAAT2, EAAT4, EAAT5, SGLT1, SLC1A5, SLC6A19, SLC6A8, and NaDC1), and Na+/K+-ATPase, promoting the transportation of calcium, phosphorus, sodium, glucose, and neutral amino acids in the kidney and intestine, the absorption of potassium and neutral amino acids in the renal tubules, the transportation of glutamate and glutamine in the nervous system, and the transportation of creatine.",SLC6A19,creatine,0,36531961,37,15087,0.1922007447862014,NO,0
"Moreover, scavengers of O2   -, H2O2, complex I or mitoKATP abolished CIH-induced impairment in endothelial-dependent relaxation.",H2O2,CIH,0,36644390,2,15691,0.0609930742863039,NO,0
"Six SNPs of ABCB1 (rs3842, rs1045642, rs2032582, rs1128503, rs3213619, and rs3747802), one SNP of CYP3A5 (rs776746), seven SNPs of APOB (rs1042034, rs2163204, rs693, rs679899, rs13306194, rs13306198, and rs1367117), and two SNPs of APOE (rs429358 and rs7412) were analyzed by a TaqMan genotyping assay.",rs1045642,rs2163204,0,36145636,20,5499,0.0002915208422378,NO,0
"Additionally, we determined that rolipram, a PDE4 inhibitor, reversed CINC-1-induced derangements of cAMP and also caused beta2 -AR to successfully recycle back to the cell surface.",CINC-1,cAMP,1,34555226,5,2525,0.801509527505485,YES,1
Metabolic Syndrome Mediates ROS-miR-193b-NFYA-Dependent Downregulation of Soluble Guanylate Cyclase and Contributes to Exercise-Induced Pulmonary Hypertension in Heart Failure With Preserved Ejection Fraction.,NFYA,Soluble Guanylate Cyclase,1,34157861,7,12886,0.8998523361433182,YES,1
"Conclusion: Mutation of PRRT2 led to a significant decrease in its protein expression level and that of SNAP25, suggesting that the mutant protein may lead to the loss of its function and that of related proteins.",PRRT2,SNAP25,1,36467477,2,9996,0.95876475328286,YES,1
"We found that, in addition to its interaction with HDAC3, emerin interacts with the histone methyltransferases EZH2 and G9a in myogenic progenitor cells.",EZH2,G9a,0,36274837,4,7263,0.03612127289164,NO,0
"We concluded that the efflux transporters ABCB1, ABCC2, SLC25A21, ATP7A, and the uptake transporter OCT2, as well as the organic anion uptake transporters OAT1 and OAT2, are linked to cisplatin accumulation, toxicity, and resistance in urinary bladder cancer patients.",ABCB1,urinary bladder cancer,1,36650399,11,11368,0.9681733986457148,YES,1
MET-Induced CD73 Restrains STING-Mediated Immunogenicity of EGFR-Mutant Lung Cancer.,EGFR,Lung Cancer,1,36066413,5,4773,0.7527268762170789,YES,1
"Furthermore, ATR-MET induced cardiovascular toxicity (increased levels of plasma total cholesterol, HDL-cholesterol, LDL-cholesterol, and triglycerides) with concomitant induction of renal toxicity (increased plasma creatinine and urea levels), and hepatotoxicity (increased plasma bilirubin, alkaline phosphatase, acid phosphatase, alanine aminotransferase and aspartate aminotransferase).",ATR-MET,alkaline phosphatase,1,36262065,13,7112,0.9692207373236008,YES,1
Oxidative mitochondrial injury facilitated cytosolic leakage of macrophage self-mtDNA and cGAS/STING/NLRP3 signalling activation to promote liver fibrosis.,cGAS,STING,0,36185574,5,13736,0.9628749078934687,YES,1
"IMP2 facilitated IL-17-mediated Cebpd mRNA stabilization and promoted translation of C/EBPbeta/delta in response to IL-17A, IL-17F, and TNFalpha.",Cebpd,IL-17F,1,34215679,6,13079,0.7854169112784242,YES,1
These observations signify that N-TSHR-mAb in GD under low TSH conditions caused by the hyperthyroidism could be detrimental for thyrocyte survival which would be another factor able to precipitate ongoing autoinflammation.,mAb,GD,0,34801870,6,13500,0.7124283619073462,YES,1
"Binding of BAFF to BAFFR was affected by P21R and A52T. Spontaneous oligomerization of BAFFR was disturbed by P21R, A52T, G64V, and P146S. BAFF-dependent activation of NF-kappaB2 was reduced by P21R and P146S, while interactions between BAFFR and the B cell antigen receptor component CD79B and AKT phosphorylation were impaired by P21R, A52T, G64V, and DUP92-95.",BAFFR,AKT,1,36308663,9,7767,0.6328119205766278,YES,1
"When culturing primary thyrocytes with cytokines or sodium hydrosulfide (NaHS) plus cytokines, we found that ACE2 and NRP1 mRNA levels were upregulated while TMPRSS2 levels were downregulated by interferon-gamma (IFN-gamma) and tumor necrosis factor-alpha (TNF-alpha).",sodium hydrosulfide,interferon-gamma,1,36362417,6,13888,0.2039400570452116,NO,0
"The results showed that the levels of gene and protein catalyzing lipogenesis were increased (SREBP1, ACC1 and FAS), while those catalyzing lipolysis were decreased (ATGL, HSL and ZAG), accompanied by dyslipidemia, insulin resistance and hepatic fat accumulation, and there were higher expression of TLR4 and NF-kappaB protein and lower expression of ERalpha protein in liver, and increased serum IL-17 and TNF-alpha levels in fructose and/or BPA exposed rats compared with controls.",HSL,dyslipidemia,0,31661889,16,12723,0.3116278553204656,NO,0
"Genes provided in the present study with genetic variants associated with VTE were FVL (G1691A), Prothrombin (G20210A), MTHFR (C677T, A1298C), PAI-1 (4G/5G), factor VII activating protease (1601G > A), and endothelial protein C receptor (g.6936A_G, c.4600A_G).",G1691A,G20210A,0,36316870,14,8013,0.0025147392562481,NO,0
IL-37 or a small interfering RNA (siRNA) targeting IL-24 was delivered intranasally to verify the effect in a murine model of house dust mite (HDM)/lipopolysaccharide (LPS)-induced neutrophilic asthma.,IL-24,lipopolysaccharide,1,36174993,7,16100,0.0027312516500008,NO,0
"Oxidative stress variables (ROS, nitrite, TBARS, SOD, catalase) and inflammatory markers (TNF-alpha, and IL-1beta), which were altered on Cu exposed rats, also responded favorably to ALA+ MiADMSA",inflammatory,MiADMSA,1,36548551,12,10644,0.2855137112641687,NO,0
"Altogether, this study proposes a novel EGFR (L858R/T790M/C797S) TK inhibitor scaffold and provides a detailed understanding of compounds' recognition and susceptibility at the molecular level.",T790M,C797S,0,36558033,4,16231,0.0102714617300067,NO,0
TIMP3 Gene Polymorphisms of -1296 T > C and -915 A > G Increase the Susceptibility to Arsenic-Induced Skin Cancer: A Cohort Study and In Silico Analysis of Mutation Impacts.,Arsenic,Skin Cancer,1,36499314,5,10157,0.9765724857683296,YES,1
"Activated SGK3 can activate ion channels (TRPV5/6, SOC, Kv1.3, Kv1.5, Kv7.1, BKCa, Kir2.1, Kir2.2, ENaC, Nav1.5, ClC-2, and ClC Ka), carriers and receptors (Npt2a, Npt2b, NHE3, GluR1, GluR6, SN1, EAAT1, EAAT2, EAAT4, EAAT5, SGLT1, SLC1A5, SLC6A19, SLC6A8, and NaDC1), and Na+/K+-ATPase, promoting the transportation of calcium, phosphorus, sodium, glucose, and neutral amino acids in the kidney and intestine, the absorption of potassium and neutral amino acids in the renal tubules, the transportation of glutamate and glutamine in the nervous system, and the transportation of creatine.",Kir2.2,ClC Ka,0,36531961,37,14740,0.0031350824655473,NO,0
High-mobility-group protein 2 regulated by microRNA-127 and small heterodimer partner modulates pluripotency of mouse embryonic stem cells and liver tumor initiating cells.,High-mobility-group protein 2,microRNA-127,1,29218329,4,449,0.9721476938145074,YES,1
"However, how GLUL regulates the tumor microenvironment for tamoxifen-resistant ER+ breast cancer remains unexplored.",GLUL,tamoxifen,1,36619229,5,11273,0.1514630267396615,NO,0
"In vitro, RAGE promoted cytokine release and ROS production in macrophages and upregulated NLRP3 and TXNIP mRNA expression in response to S100A12.",NLRP3,S100A12,1,36232959,5,6795,0.6980151475439715,YES,1
"Downregulation of apelin and ACE2 and upregulation of SGLT2, endothelin-1 and pro-inflammatory cytokines contribute to SARS-CoV-2-mediated cardiorenal injury, indicating that the apelin-ACE2 signaling and SGLT2 inhibitors are potential therapeutic targets for COVID-19 patients.",ACE2,cardiorenal injury,1,34000358,9,12864,0.8952324699194756,YES,1
"We conclude that apnea coincident with the tonic phase of a seizure, and subsequent failure to resume breathing, are the determining events that cause seizure-induced death in Scn8a mutant mice.",death,Scn8a,0,33604927,6,1524,0.8885466727704694,YES,1
"Phase 1 study of bendamustine in combination with clofarabine, etoposide, and dexamethasone in pediatric patients with relapsed or refractory hematologic malignancies.",clofarabine,etoposide,1,33598942,6,1457,0.9799100377451272,YES,1
"KRT80 overexpression increased the expression of BCL2/BAX, CyclinD1, MMP2, MMP9, and N-cadherin, decreased the expression of E-cadherin, and increased the phosphorylation of MEK and ERK.",CyclinD1,N-cadherin,0,34659572,10,2669,0.0090151947468745,NO,0
"SLC7A5, SLC1A5, and AFMID were elevated in colon cancer cells and tissues, and kynurenine was significantly greater in tumor samples than in the respective adjacent normal tissue from patients with colon cancer.",kynurenine,tumor,0,31416966,7,556,0.976392087606032,YES,1
SNPs Rs11614913 in miR196a and Rs3746444 in miR-499 are implicated in the development of cancers such as non-small cell lung cancer (NSCLC) in non-Arabic subjects.,Rs3746444,cancers,0,36258913,6,7027,0.95085469212248,YES,1
"We performed functional validation of the R381X mutation by evaluating IL23R expression and IL-23 signaling (STAT3 phosphorylation, IFN-gamma production) in primary cells (PBMCs, EBV-B cells) and cell lines (HeLa) with or without back-complementation of wild-type IL23R. RESULTS:",IL23R,IFN-gamma,0,35829840,6,4293,0.5239480117104659,YES,1
"PD98059, a p44/p42 MAPK inhibitor, and SP600125, a SAPK/JNK inhibitor, upregulated PGE1-stimulated IL-6 release.",SAPK,PGE1,1,36520821,6,14327,0.0037950138123456,NO,0
"Furthermore, ATR-MET induced cardiovascular toxicity (increased levels of plasma total cholesterol, HDL-cholesterol, LDL-cholesterol, and triglycerides) with concomitant induction of renal toxicity (increased plasma creatinine and urea levels), and hepatotoxicity (increased plasma bilirubin, alkaline phosphatase, acid phosphatase, alanine aminotransferase and aspartate aminotransferase).",triglycerides,aspartate aminotransferase,0,36262065,13,7143,0.1716690626165526,NO,0
Phase I trial of Bermekimab with nanoliposomal irinotecan and 5-fluorouracil/folinic acid in advanced pancreatic ductal adenocarcinoma.,5-fluorouracil,folinic acid,1,36056179,5,4730,0.8902115508340267,YES,1
"IFNgamma-primed, TLR-induced macrophage killing required iNOS, which licensed apoptotic caspase-8 activity and reduced the BAX and BAK inhibitors, A1 and MCL-1.",caspase-8,MCL-1,0,35139355,7,3147,0.675139930922283,YES,1
The current case suggests that afatinib is effective in NSCLC patients with EGFR L858R and L747V mutations and that a therapeutic approach combining appropriately timed systemic therapies with local consolidative therapies for oligometastatic lesions improves long-term survival.,NSCLC,L858R,1,36193787,7,6204,0.9163125585881484,YES,1
"The aim of the study was to compare success, mortality, and acquired rifampicin resistance in patients with INH-R pulmonary tuberculosis given different durations of rifampicin, ethambutol, and pyrazinamide (REZ); a fluoroquinolone plus 6 months or more of REZ; and streptomycin plus a core regimen of REZ.",fluoroquinolone,streptomycin,1,29595509,6,12427,0.1334199660670103,NO,0
"We also determined if these receptor component associations are decreased by tumor necrosis factor (TNF) alpha and if CALCB, ADM, or ADM2 can rescue CALCRL/RAMP associations.",ADM2,RAMP,0,27784654,6,221,0.557114434662131,YES,1
"Effects of 15 torsadogenic hERG blocking drugs (astemizole, chlorpromazine, cisapride, droperidol, ibutilide, dofetilide, haloperidol, moxifloxacin, pimozide, quinidine, risperidone, sotalol, sertindole, terfenadine, and thioridazine) were assessed by telemetry in beagle dogs.",chlorpromazine,pimozide,0,35751378,17,3930,0.0010196967619117,NO,0
Keratin 80 regulated by miR-206/ETS1 promotes tumor progression via the MEK/ERK pathway in ovarian cancer.,Keratin 80,ERK,0,34659572,7,2619,0.9162228886253756,YES,1
"Moreover, afatinib, neratinib, and zanubrutinib exhibited a distance deviation between the KRASG2C protein-ligand complex similar to the KRASG12C inhibitors.",afatinib,G2C,1,36614109,5,11236,0.3519214876108342,NO,0
Individuals older than 18 years with GT3 CHC treated with SOF + DCV +- ribavirin (RBV) or SOF + peginterferon (PEG),SOF,peginterferon,1,36410397,6,16171,0.9622913975209404,YES,1
"Activated SGK3 can activate ion channels (TRPV5/6, SOC, Kv1.3, Kv1.5, Kv7.1, BKCa, Kir2.1, Kir2.2, ENaC, Nav1.5, ClC-2, and ClC Ka), carriers and receptors (Npt2a, Npt2b, NHE3, GluR1, GluR6, SN1, EAAT1, EAAT2, EAAT4, EAAT5, SGLT1, SLC1A5, SLC6A19, SLC6A8, and NaDC1), and Na+/K+-ATPase, promoting the transportation of calcium, phosphorus, sodium, glucose, and neutral amino acids in the kidney and intestine, the absorption of potassium and neutral amino acids in the renal tubules, the transportation of glutamate and glutamine in the nervous system, and the transportation of creatine.",Kv1.3,EAAT2,0,36531961,37,14598,0.1426073887580667,NO,0
"This was evidenced by elevated levels of autophagy related proteins including beclin 1, LC3A, LC3B, ULK1, p62, and also activated pink and perkin mitophagy related proteins.",beclin 1,LC3B,0,34801870,7,13358,0.3122802462468911,NO,0
"In clones expressing IL-10R1-SNP3, IL-10R1-SNP4 or IL-10R1-SNP3+4, the cmvIL-10 showed significantly less STAT3 phosphorylation, especially when HeLa-expressed cytokines were used.",cmvIL-10,STAT3,1,19016528,4,18,0.9826949707493028,YES,1
"At least eight single-point mutations linked to familial Parkinson's disease (A30G/P, E46K, H50Q, G51D, A53T/E/V) are located in proximity of the preNAC region, strongly implicating its pathogenic role in alphaS-mediated cytotoxicity.",E46K,H50Q,0,36208776,7,6418,0.0006279214077988,NO,0
"IMP2 facilitated IL-17-mediated Cebpd mRNA stabilization and promoted translation of C/EBPbeta/delta in response to IL-17A, IL-17F, and TNFalpha.",Cebpd,TNFalpha,1,34215679,6,13080,0.5776365800415014,YES,1
"Finally, our findings in sub-cutaneous and genetically engineered mouse model (K14-CreERtam;LSL-KrasG12D/+;Trp53R172H/+) studies showed a significant reduction in the tumor growth and delayed tumor progression after combination treatment.",G12D,R172H,0,33878394,7,1829,0.0927509839869192,NO,0
"In summary, the four CPMs may play a role in the treatment of COVID-19 by binding flavonoids such as quercetin, luteolin, and acacetin to target proteins such as ACE2, 3CLpro, and S protein and acting on TNF, IL6, IL1B, CXCL8, and other targets to participate in broad-spectrum antiviral, immunomodulatory and inflammatory responses.",luteolin,TNF,0,36388945,14,8952,0.6041756010977107,YES,1
"Methods: We present a new metabolite-sensitive computational model of human induced pluripotent stem cell-derived cardiomyocytes (hiPSC-CMs) electromechanics to investigate the pathology of R403Q HCM mutation and the effect of MAVA, BLEB, and OM on the cell mechano-energetics.",R403Q,OM,0,36388127,6,8770,0.2510185079675968,NO,0
"The levels of glucose, total protein (TP), total cholesterol (TC), and the proinflammatory cytokines interleukin (IL)-1beta, IL-6 and tumor necrosis factor (TNF)-alpha in blood were examined, and we then detected glycogen and adenosine triphosphate (ATP) content, phosphofructosekinase-1 (PFK1) and glucose-6-phosphate dehydrogenase (G6PDH) activity, glucose transporter (GLUT)1, GLUT4, sodium/glucose cotransporter (SGLT)1 and citrate synthase (CS) protein expression and autophagy levels in circulating neutrophils.",glucose,tumor necrosis factor (TNF)-alpha,0,36174980,13,5856,0.001295368444456,NO,0
"The Swiss Army Knife (del19, L858R, T790M, Exon 20 Insertions, ""uncommon-G719X, S768I, L861Q"")",del19,T790M,0,36317157,6,8055,0.168958550519319,NO,0
"OBJECTIVE/BACKGROUND: Recurrent somatic mutations in the JAK2, calreticulin (CALR), and the MPL genes are described as drivers of BCR-ABL1-negative myeloproliferative neoplasms (MPN) that includes polycythemia vera (PV), essential thrombocytosis (ET), primary myelofibrosis (PMF), and MPN unclassified (MPN-U).",MPL,polycythemia vera,1,33789164,9,1752,0.898201188462281,YES,1
"We report a case of reinfection by SARS-CoV-2 with the second virus harboring amino acid changes in the Spike protein (141-143del, D215A, ins215AGY, L452R, D614G), orf1a, helicase, orf3a, and Nucleocapside.",reinfection by SARS-CoV-2,orf1a,1,34107326,10,1985,0.3100890964414445,NO,0
"The combination of 2-hydroxy-3-methylbutyric acid, 3-hydroxybutyric acid, cholesterol, succinic acid, L-ornithine, oleic acid and palmitelaidic acid predicted patients who progressed from mild to severe COVID-19, with an AUC of 0.969.",palmitelaidic acid,COVID-19,1,33662365,9,1657,0.9600152468807192,YES,1
"In this case report, the authors present a case of hypertrophic mutations pachymeningitis with Factor V Leiden (G1691A), MTHFR C677T, MTHFR A1298C, PAI-1",G1691A,C677T,0,36348907,7,8251,0.0419870703573,NO,0
"Applying structural analysis to highly transmissible variants, we find that circulating point mutations S477N, E484K and N501Y form high-affinity complexes (~40% more than wild-type).",S477N,E484K,0,33992693,3,1870,0.4571668429163534,NO,0
"By using an additive model of inheritance, our moderation analysis showed that PNPLA3 rs738409 significantly modulates the relationship between carbohydrate (%), n-3 PUFAs, total isoflavones, methionine, and choline intakes and fibrosis severity in a dose-dependent, genotype manner.",carbohydrate,n-3 PUFAs,0,33306506,8,1088,0.0016256352454265,NO,0
"In summary, the four CPMs may play a role in the treatment of COVID-19 by binding flavonoids such as quercetin, luteolin, and acacetin to target proteins such as ACE2, 3CLpro, and S protein and acting on TNF, IL6, IL1B, CXCL8, and other targets to participate in broad-spectrum antiviral, immunomodulatory and inflammatory responses.",flavonoids,S,0,36388945,14,8932,0.2102215672124619,NO,0
"Relative to control, 10muM THC and 10muM CBD reduced mRNA levels of milk proteins (CSN2 and WAP), lipid synthesizing and glucose transport markers (GLUT 1, HK2, FASN, FABP4, PLIN2 and LPL), as well as whey acidic protein and lipid levels.",CBD,HK2,1,35976913,12,4630,0.933060846614599,YES,1
"Using specific inhibitors, the authors have shown that, in EA.hy926 cells, IL-6-induced expression of MCP-1 and ICAM-1 depends on the signaling protein and transcription activator STAT3 and, in some cases, on JNK, PI3K, and MEK1/2 kinases and is independent of p38 kinase.",IL-6,ICAM-1,1,36406976,9,14001,0.9952865098693092,YES,1
"12/102 were found to have novel variants in potential diabetes genes (RFX2, RREB1, SLC5A1 (3 patients with variants in this gene), GCKR, MC4R, CASP10, TMPRSS6, HGFAC, DACH1, ZBED3).",SLC5A1,HGFAC,0,36585034,12,16263,0.0001401179146581,NO,0
Conclusion: NSCLC patients harboring A763_Y764insFQEA and D770delinsGY insertions of EGFR are responsive to the currently approved EGFR TKIs as opposed to patients with the D770_N771insSVD and V769_D770insASV variants.,A763_Y764insFQEA,D770_N771insSVD,0,36425568,6,9665,0.9504427219823024,YES,1
"According to the important role of non-structural protein 1 on the host mRNA translation, developing drug design against the protein could be so hopeful to find more effective ways the control and then treatment of the global pandemic coronavirus disease 2019.",non-structural protein 1,coronavirus disease 2019,0,36473671,2,10027,0.8476955407403296,YES,1
"In this study, we investigated the effects of THC and CBD on the differentiation of MECs by assessing changes in cellular viability, lipid accumulation, and gene and protein expression of major milk protein and lipid synthesizing markers.",THC,lipid,1,35976913,3,4608,0.7537081909160206,YES,1
"Logistic regression analysis was used to evaluate the association between TPO rs2048722, PTCSC2 rs925489, SEMA4G rs4919510 polymorphisms and THCA susceptibility.",TPO,PTCSC2,0,36737753,7,12021,0.0151226622671339,NO,0
"The polymorphisms suitable for meta-analysis were CCND1 (rs17852153), COX2 (rs20417), EGF (rs4444903), EGFR (rs712829, rs11543848, 3'UTR CA repeat), FCGR2A (rs1801274), FCGR3A (rs396991), IL8 (rs4073), KRAS (rs61764370) and VEGFA (rs3025039).",CCND1,EGF,0,27897268,19,308,0.0010069181318554,NO,0
"Our study supports the clinical development of therapeutic strategies co-targeting ER, CDK4/6 and CDK2 following progression on AI-monotherapy or combined CDK4/6i and ET to improve survival of patients exhibiting high tumor levels of CDK6, p-CDK2, and/or cyclin E1.",ER,CDK2,0,36153348,7,5693,0.9016292869047248,YES,1
"Activated SGK3 can activate ion channels (TRPV5/6, SOC, Kv1.3, Kv1.5, Kv7.1, BKCa, Kir2.1, Kir2.2, ENaC, Nav1.5, ClC-2, and ClC Ka), carriers and receptors (Npt2a, Npt2b, NHE3, GluR1, GluR6, SN1, EAAT1, EAAT2, EAAT4, EAAT5, SGLT1, SLC1A5, SLC6A19, SLC6A8, and NaDC1), and Na+/K+-ATPase, promoting the transportation of calcium, phosphorus, sodium, glucose, and neutral amino acids in the kidney and intestine, the absorption of potassium and neutral amino acids in the renal tubules, the transportation of glutamate and glutamine in the nervous system, and the transportation of creatine.",Kir2.2,SLC6A19,0,36531961,37,14753,0.080002899300577,NO,0
"The results showed that the application of biochar and especially chemically modified biochars reduced fluoride (about 15-37%) and cadmium (30-52%) contents in mint leaves, while increased soil pH and cation exchange capacity (CEC), nitrogen (12-35%), phosphorus (16-59%), potassium (17-52%), calcium (19-47%), magnesium (28-77%), iron (37-114%), zinc (45-226%), photosynthetic pigments of leaves and plant biomass (about 10-25%) under toxic conditions.",cadmium,phosphorus,0,36578343,11,11019,0.0516689350564138,NO,0
"The results showed that the levels of gene and protein catalyzing lipogenesis were increased (SREBP1, ACC1 and FAS), while those catalyzing lipolysis were decreased (ATGL, HSL and ZAG), accompanied by dyslipidemia, insulin resistance and hepatic fat accumulation, and there were higher expression of TLR4 and NF-kappaB protein and lower expression of ERalpha protein in liver, and increased serum IL-17 and TNF-alpha levels in fructose and/or BPA exposed rats compared with controls.",ERalpha,BPA,1,31661889,16,12769,0.7435354668421583,YES,1
"Activated SGK3 can activate ion channels (TRPV5/6, SOC, Kv1.3, Kv1.5, Kv7.1, BKCa, Kir2.1, Kir2.2, ENaC, Nav1.5, ClC-2, and ClC Ka), carriers and receptors (Npt2a, Npt2b, NHE3, GluR1, GluR6, SN1, EAAT1, EAAT2, EAAT4, EAAT5, SGLT1, SLC1A5, SLC6A19, SLC6A8, and NaDC1), and Na+/K+-ATPase, promoting the transportation of calcium, phosphorus, sodium, glucose, and neutral amino acids in the kidney and intestine, the absorption of potassium and neutral amino acids in the renal tubules, the transportation of glutamate and glutamine in the nervous system, and the transportation of creatine.",TRPV5/6,Nav1.5,0,36531961,37,14521,0.1679264758918371,NO,0
"After the virtual screening, dabigatran, estazolam, leucovorin, and pitavastatin were further examined in ischemic stroke using an animal rodent model of focal cerebral ischemia using transient middle cerebral artery occlusion (t-MCAO).",dabigatran,ischemic stroke,0,33384558,7,1187,0.9390449834761716,YES,1
"Mutational analysis detected 18,261 mutations in the omicron variant, majority of which were non-synonymous mutations in spike (A67, T547K, D614G, H655Y, N679K, P681H, D796Y, N856K, Q954H), followed by RNA dependent RNA polymerase (rdrp) (A1892T, I189V, P314L, K38R, T492I, V57V), ORF6 (M19M) and nucleocapsid protein (RG203KR).",P681H,D796Y,0,35367284,21,3439,0.0039020937279645,NO,0
"The results showed that the levels of gene and protein catalyzing lipogenesis were increased (SREBP1, ACC1 and FAS), while those catalyzing lipolysis were decreased (ATGL, HSL and ZAG), accompanied by dyslipidemia, insulin resistance and hepatic fat accumulation, and there were higher expression of TLR4 and NF-kappaB protein and lower expression of ERalpha protein in liver, and increased serum IL-17 and TNF-alpha levels in fructose and/or BPA exposed rats compared with controls.",SREBP1,insulin resistance,0,31661889,16,12678,0.4406801310900906,NO,0
"Serine/Threonine phosphorylation of RIPK1 is known to suppress RIPK1 kinase-mediated cell death in the contexts of inflammation, infection and embryogenesis, however, regulation by tyrosine phosphorylation has not been reported.",Threonine,infection,0,36329033,6,8102,0.0022647309725855,NO,0
"When WWOX is downregulated in middle age, aggregation of a protein cascade, including TRAPPC6ADelta (TPC6ADelta), TIAF1, and SH3GLB2, may start to occur, and the event lasts more than 30 years, which results in amyloid precursor protein (APP) degradation, amyloid beta (Abeta) generation, and neurodegeneration, as shown in Alzheimer's disease (AD).",WWOX,SH3GLB2,1,36498839,7,14061,0.8806055799747913,YES,1
"Interestingly, CALCB reverses the TNFalpha-induced decreases in CALCRL/RAMP1 associations.",CALCRL,RAMP1,1,27784654,4,261,0.9985285527233444,YES,1
"Activated SGK3 can activate ion channels (TRPV5/6, SOC, Kv1.3, Kv1.5, Kv7.1, BKCa, Kir2.1, Kir2.2, ENaC, Nav1.5, ClC-2, and ClC Ka), carriers and receptors (Npt2a, Npt2b, NHE3, GluR1, GluR6, SN1, EAAT1, EAAT2, EAAT4, EAAT5, SGLT1, SLC1A5, SLC6A19, SLC6A8, and NaDC1), and Na+/K+-ATPase, promoting the transportation of calcium, phosphorus, sodium, glucose, and neutral amino acids in the kidney and intestine, the absorption of potassium and neutral amino acids in the renal tubules, the transportation of glutamate and glutamine in the nervous system, and the transportation of creatine.",SOC,ClC-2,0,36531961,37,14556,0.0076449053410406,NO,0
"Immune and genomic profiling were obtained to guide systemic treatment, showing a PD-L1 score of 2% and FGFR2V395D and SMOW535L mutations.",FGFR2,SMO,0,35761436,5,4109,0.0019415076737546,NO,0
"Activated SGK3 can activate ion channels (TRPV5/6, SOC, Kv1.3, Kv1.5, Kv7.1, BKCa, Kir2.1, Kir2.2, ENaC, Nav1.5, ClC-2, and ClC Ka), carriers and receptors (Npt2a, Npt2b, NHE3, GluR1, GluR6, SN1, EAAT1, EAAT2, EAAT4, EAAT5, SGLT1, SLC1A5, SLC6A19, SLC6A8, and NaDC1), and Na+/K+-ATPase, promoting the transportation of calcium, phosphorus, sodium, glucose, and neutral amino acids in the kidney and intestine, the absorption of potassium and neutral amino acids in the renal tubules, the transportation of glutamate and glutamine in the nervous system, and the transportation of creatine.",ClC Ka,EAAT1,0,36531961,37,14849,0.0370431637884238,NO,0
"Phase 1 study of bendamustine in combination with clofarabine, etoposide, and dexamethasone in pediatric patients with relapsed or refractory hematologic malignancies.",etoposide,dexamethasone,1,33598942,6,1460,0.9811872026882734,YES,1
"Mechanistically, TNF-alpha and IFN-gamma co-treatment activated the JAK/STAT1/IRF1 axis, inducing nitric oxide production and driving caspase-8/FADD-mediated PANoptosis.",IFN-gamma,caspase-8,1,33278357,8,989,0.8547587030575406,YES,1
"Whereas the activity of the MgO/xAl_SBA-15 systems was moderate for the conversion of glycidol to the corresponding cyclic carbonate, the Al_SBA-15-supported imidazolium chloride catalysts gave excellent results over different epoxides (conversion of glycidol, epichlorohydrin, and styrene oxide up to 89%, 78%, and 18%, respectively).",imidazolium chloride,epoxides,1,36558016,8,10846,0.950894489128336,YES,1
"The combination of 2-hydroxy-3-methylbutyric acid, 3-hydroxybutyric acid, cholesterol, succinic acid, L-ornithine, oleic acid and palmitelaidic acid predicted patients who progressed from mild to severe COVID-19, with an AUC of 0.969.",3-hydroxybutyric acid,oleic acid,0,33662365,9,1640,0.2057759078887794,NO,0
"ATR-MET-induced-testicular toxicity (reduced sperm motility, count, and daily sperm production and increased live/dead ratio) was accompanied with testicular oxidative stress (diminished level of reduced glutathione, activities of glutathione-S-transferase, superoxide dismutase and catalase and increased level of malondialdehyde).",testicular toxicity,superoxide dismutase,0,36262065,7,7091,0.7852687757010116,YES,1
"We observed a significant association between the ARNTL-rs7924734, ARNTL-rs10832027, VRK2- rs2678902 SNPs, and CLOCK gene expression; the PER3-rs228642 and PER3-rs10127838 were related to PER1 expression, and the ARNTL-rs10832027, ARNTL-rs11022778, and MNTR1B-rs10830963 were associated with VRK2 gene expression (p < 0.05).",rs7924734,rs2678902,0,36143969,12,5441,0.3017362470185495,NO,0
"Activated SGK3 can activate ion channels (TRPV5/6, SOC, Kv1.3, Kv1.5, Kv7.1, BKCa, Kir2.1, Kir2.2, ENaC, Nav1.5, ClC-2, and ClC Ka), carriers and receptors (Npt2a, Npt2b, NHE3, GluR1, GluR6, SN1, EAAT1, EAAT2, EAAT4, EAAT5, SGLT1, SLC1A5, SLC6A19, SLC6A8, and NaDC1), and Na+/K+-ATPase, promoting the transportation of calcium, phosphorus, sodium, glucose, and neutral amino acids in the kidney and intestine, the absorption of potassium and neutral amino acids in the renal tubules, the transportation of glutamate and glutamine in the nervous system, and the transportation of creatine.",Kv7.1,GluR6,0,36531961,37,14658,0.0433422623021564,NO,0
"The expression levels of THY1+, CD73+, and CD271+ were highest and those of CD54+ and CD29+ were lowest in CD34+THY1",CD271,CD34,0,35168627,6,3198,0.4136892868095241,NO,0
"To further investigate the functional role of EP4, ONO-AE3-208 was administrated for 4 weeks in a rat model of PD, the results of which showed that ONO-AE3-208 inhibited peritoneal fibrosis and improved peritoneal dysfunction.",ONO-AE3-208,peritoneal fibrosis,1,36438844,5,9852,0.993538309580381,YES,1
"Logistic regression analysis was used to evaluate the association between TPO rs2048722, PTCSC2 rs925489, SEMA4G rs4919510 polymorphisms and THCA susceptibility.",rs2048722,THCA,1,36737753,7,12026,0.916552545866364,YES,1
"A, c.1265T>C), 3 splicing (c.316+1G>T, c.682-2A>G, c.572-16C>G), 2 nonsenses (c.790delC, c.1248G>A), and 1 frameshift (c.1346delA).",c.316+1G>T,c.1248G>A,0,36760778,7,12308,0.0007275804082244,NO,0
"Ginsenoside Rg1, calpain-1 knockout, OKA, NAC and TEMPOL treatment protected against CIH-induced VED, oxidative stress and mitochondrial dysfunction, which is likely concomitant with the downregulated protein expression of calpain-1 and PP2A and the upregulation of p-eNOS in mice and cellular levels.",CIH,PP2A,1,36644390,11,15672,0.4667392861907305,NO,0
"Thus, we have shown that SkQ1 suppresses not only NF-kB-dependent expression of IL-6 and other proinflammatory genes but also IL-6-induced activation of JAK/STAT3 and STAT3-dependent expression of MCP-1, which probably contributes to the overall therapeutic effect of SkQ1.",IL-6,MCP-1,1,36406976,6,14052,0.8570621133782635,YES,1
"With flumazenil blocking classical high-affinity extracellular benzodiazepine site effects, modulation of GABA-activated currents by diazepam, midazolam and flurazepam was measured electrophysiologically in wildtype and M2-15' mutant alpha1 beta3 gamma2L GABAA receptors.",GABA,midazolam,0,34386973,10,2429,0.4013664083971028,NO,0
"Specifically, we examined a D94S/G98E construct with a lower Ca2+ affinity ( -18 kcal/mol) relative to the wild type (WT) ( -22 kcal/mol) and an S55D/E59D variant with enhanced affinity ( -24 kcal/mol).",Ca2+,E59D,1,34115511,5,15882,0.1861056006218976,NO,0
"Genes provided in the present study with genetic variants associated with VTE were FVL (G1691A), Prothrombin (G20210A), MTHFR (C677T, A1298C), PAI-1 (4G/5G), factor VII activating protease (1601G > A), and endothelial protein C receptor (g.6936A_G, c.4600A_G).",VTE,A1298C,1,36316870,14,8001,0.8397794584078783,YES,1
S-adenosyl-l-methionine (SAM) is an important intermediate of folic acid pathway and acts as methyl donor and substrate for DNA (cytosine-5)-methyltransferase 3B (DNMT3B - EC 2.1.1.37) de novo methylation processes during embryogenesis.,folic acid,DNA (cytosine-5)-methyltransferase 3B,0,29379364,3,496,0.0489828788268385,NO,0
Neuroprotective Action of Coumarin Derivatives through Activation of TRKB-CREB-BDNF Pathway and Reduction of Caspase Activity in Neuronal Cells Expressing Pro-Aggregated Tau Protein.,Coumarin Derivatives,TRKB,1,36361524,5,8360,0.9603955788107216,YES,1
The novel CPLANE1 c.8948dupT (p.P2984Tfs*7) variant will assist clinicians and geneticists in reaching a precise diagnosis for JBTS.,CPLANE1,JBTS,1,36789003,4,12367,0.9332409769395806,YES,1
"Using NCI-H838 cells, neurotensin or neurotensin8-13 but not neurotensin1-8 increased EGFR, ERK and HER2 tyrosine phosphorylation which was blocked by SR48692.",EGFR,HER2,0,31614143,6,12491,0.3146371459108241,NO,0
"ST6GAL1 was associated with T2D (lead SNP rs3887925, OR=0.94, 95%CI=0.92-0.96, P=1.2x10-8 ) and the rs6783836-T allele was associated with lowered HbA1c levels (P=5.9x10-3 ) and lymphocyte count (P=2.7x10-3 ), and psoriasis (P=7.5x10-3 ) beyond thresholds for multiple testing.",rs3887925,psoriasis,0,35467766,5,3667,0.0114708016377398,NO,0
"TNF, IL6, IL1B, CXCL8, CCL2, IL2, IL4, ICAM1, IFNG, and IL10 has been predicted as key targets.",IL4,IFNG,0,36388945,10,8881,0.0001076121387741,NO,0
"80% of cases belongs to 8 mutants: 241C toT, 1163A toT, 3037C toT, 14408C toT, 23403A toG, 28881G toA, 28,882 G toA, and 28883G toC. Observed dominance of GR clade variants that have strong presence in Europe, suggesting European channel a possible entry route.",241C toT,14408C toT,0,36182010,8,6024,0.0582448687977322,NO,0
"Using a combination of regional association studies, a linkage disequilibrium map, and multivariate analysis, we revealed that the APOB locus variants rs144467873, rs13306194, and rs1367117 were independently associated with total, low-density lipoprotein (LDL), and non-high-density lipoprotein (non-HDL) cholesterol levels; rs1318006 was associated with HDL cholesterol levels; rs13306194 and rs35131127 were associated with serum triglyceride levels; rs144467873, rs13306194, rs56213756, and rs679899 were associated with remnant cholesterol levels; and rs144467873 and rs4665709 were associated with metabolic syndrome.",rs1367117,metabolic syndrome,0,36499290,12,10114,0.0007638990577004,NO,0
"There was significant interaction between FNDC5 (rs16835198) and PGC-1alpha (rs3755863, rs8192678), healthy eating behaviors, moderate-to-vigorous physical activity time, interaction between PGC-1alpha (rs8192678) and moderate-to-vigorous physical activity time in the occurrence of overweight or obesity in Chinese children and adolescents.",rs16835198,overweight,1,36760581,8,12272,0.6405481939226106,YES,1
"The aim of the study was to assess whether polymorphisms of SCL1A2 (rs4354668), SCL6A5 (rs2000959), and SCL6A9 (rs2486001) play a role in the development of MDD and its clinical picture in the Polish population.",rs2000959,rs2486001,0,36233781,7,6909,0.000540739723123,NO,0
"Furthermore, we determined that cAMP associated with the plasma membrane was adversely affected by beta2 -AR heterologous desensitization.",cAMP,beta2 -AR,1,34555226,2,2517,0.9475559773660333,YES,1
"ELISA was performed to measure progesterone, MMP-2, MMP-9, pro-inflammatory factors TNF-alpha, IL-1beta, and anti-inflammatory factors IL-4, IL-10, and IL-13 levels.",progesterone,IL-4,1,36593749,9,15166,0.0003529912350402,NO,0
H2S attenuate UII-induced cardiovascular effects via Galphao-ROS-p38MAPK/ERK1/2 pathway.,H2S,UII,1,36421438,6,9484,0.9533416518340404,YES,1
"The deletion of iNOS or caspase-8 limited SARS-CoV-2-induced disease in mice, while caspase-8 caused lethality independent of iNOS in a model of hemophagocytic lymphohistiocytosis.",iNOS,caspase-8,1,35139355,5,3154,0.8890906644957993,YES,1
"Furthermore, ATR-MET induced cardiovascular toxicity (increased levels of plasma total cholesterol, HDL-cholesterol, LDL-cholesterol, and triglycerides) with concomitant induction of renal toxicity (increased plasma creatinine and urea levels), and hepatotoxicity (increased plasma bilirubin, alkaline phosphatase, acid phosphatase, alanine aminotransferase and aspartate aminotransferase).",cardiovascular toxicity,creatinine,0,36262065,13,7118,0.3347481401904121,NO,0
"This increased p-S6 expression was drastically reduced after combination treatment with afatinib and palbociclib in the cell lines and mouse models, suggesting its utiliy as a prognostic marker in HNSCC.",S6,palbociclib,1,33878394,5,1818,0.7120368193416061,YES,1
"Effects of 15 torsadogenic hERG blocking drugs (astemizole, chlorpromazine, cisapride, droperidol, ibutilide, dofetilide, haloperidol, moxifloxacin, pimozide, quinidine, risperidone, sotalol, sertindole, terfenadine, and thioridazine) were assessed by telemetry in beagle dogs.",chlorpromazine,haloperidol,0,35751378,17,3928,0.0008410419419854,NO,0
"By using an additive model of inheritance, our moderation analysis showed that PNPLA3 rs738409 significantly modulates the relationship between carbohydrate (%), n-3 PUFAs, total isoflavones, methionine, and choline intakes and fibrosis severity in a dose-dependent, genotype manner.",carbohydrate,methionine,0,33306506,8,1090,0.0095749147148702,NO,0
"The numbers of cells expressing RAGE, NLRP3 and TXNIP among a specific subpopulation of CD16+CD14+CD206- (""pro-inflammatory"") alveolar macrophages were higher in patients with lung injury.",NLRP3,inflammatory,0,36232959,9,6820,0.2385546025970829,NO,0
"Factor V Leiden (G1691A), MTHFR C677T, MTHFR A1298C, and",G1691A,A1298C,0,36348907,5,8241,0.0002186559508145,NO,0
"Collectively, our results disclose two LINC00589-initiated ceRNA networks, the LINC00589-miR-100-DLG5 and LINC00589-miR-452-PRDM16- mucin4 axes, which regulate trastuzumab resistance, CSC-like properties and multiple chemoresistance of breast cancer, thus providing potential diagnostic and prognostic markers and therapeutic targets for HER2-positive breast cancer.",LINC00589,HER2,0,36309503,9,7827,0.1680520083027425,NO,0
"Acute lung injury (ALI) is one of the fatal outcomes after exposure to high levels of hydrogen sulfide (H2S), and the matrix metalloproteinases (MMPs) especially MMP-2 and MMP-9 are believed to be involved in the development of ALI by degrading the extracellular matrix (ECM) of blood-air barrier.",Acute lung injury,MMP-2,1,24722316,5,48,0.9595789072591576,YES,1
"We observed a significant association between the ARNTL-rs7924734, ARNTL-rs10832027, VRK2- rs2678902 SNPs, and CLOCK gene expression; the PER3-rs228642 and PER3-rs10127838 were related to PER1 expression, and the ARNTL-rs10832027, ARNTL-rs11022778, and MNTR1B-rs10830963 were associated with VRK2 gene expression (p < 0.05).",rs228642,rs10830963,0,36143969,12,5463,0.0014721552470235,NO,0
"The results showed that the levels of gene and protein catalyzing lipogenesis were increased (SREBP1, ACC1 and FAS), while those catalyzing lipolysis were decreased (ATGL, HSL and ZAG), accompanied by dyslipidemia, insulin resistance and hepatic fat accumulation, and there were higher expression of TLR4 and NF-kappaB protein and lower expression of ERalpha protein in liver, and increased serum IL-17 and TNF-alpha levels in fructose and/or BPA exposed rats compared with controls.",NF-kappaB,BPA,1,31661889,16,12765,0.72280077170195,YES,1
"Besides, A-kinase Anchoring Protein 8 Like (AKAP8L) was shown as the linkage unit between M, E, and E cluster genes.",A-kinase Anchoring Protein 8 Like,E,1,36528612,3,10491,0.846622583453151,YES,1
"To explore the association between TPO rs2048722, PTCSC2 rs925489, SEMA4G rs4919510 polymorphisms and THCA susceptibility in Chinese population.",TPO,PTCSC2,0,36737753,7,12009,0.0042238603983822,NO,0
"OEA, but not PEA, attenuated TLR3-induced increases in the expression of all IRF- and NFkappaB-related genes examined in the hypothalamus, but not in the spleen.",PEA,NFkappaB,0,34265624,5,13198,0.5567614830107273,YES,1
"After pretreatment with NaHS in thyrocytes, ACE2 and NRP1 expression were downregulated compared to IFN-gamma or TNF-alpha treatment, and NaHS had no effect on TMPRSS2 expression.",ACE2,NRP1,0,36362417,6,13905,0.0426076705965999,NO,0
and CXCL13 were overexpressed and miR-18a was underexpressed in MCAO-induced mice and OGD-treated N2a cells.,miR-18a,MCAO,0,32862188,5,768,0.5622870334704215,YES,1
"Here, we explored the mechanisms activating and regulating NLRP3 inflammasomes via the acid sphingomyelinase (ASM)-ceramide signaling pathway.",NLRP3,acid sphingomyelinase,1,36252682,3,6924,0.8435018892496696,YES,1
"Six SNPs of ABCB1 (rs3842, rs1045642, rs2032582, rs1128503, rs3213619, and rs3747802), one SNP of CYP3A5 (rs776746), seven SNPs of APOB (rs1042034, rs2163204, rs693, rs679899, rs13306194, rs13306198, and rs1367117), and two SNPs of APOE (rs429358 and rs7412) were analyzed by a TaqMan genotyping assay.",rs679899,rs13306194,0,36145636,20,5586,0.0028367569894744,NO,0
"The combination of zinc with flavonoids (apigenin, epicatechin, and naringenin) seems to stimulate the process of carcinogenesis.",epicatechin,naringenin,1,36673448,6,15778,0.1224819839333434,NO,0
"Associations of CRISPLD2 (cysteine-rich secretory protein LCCL domain containing 2) and genes belonging to its activation pathway, including FOS (Fos proto-oncogene), CASP8 (caspase 8) and MMP2 (matrix metalloproteinase 2), with nonsyndromic orofacial cleft risk, have been reported, but the results are yet unclear.",FOS,MMP2,0,36661544,5,16376,0.1126379111573284,NO,0
"Above all, SFN and ISO possessed high logP values and effectively improving DSS-induced colitis by activating the Keap1-Nrf2 pathway to alleviate oxidative stress and inflammatory responses.",colitis,Nrf2,1,36552614,7,10739,0.8213996474168971,YES,1
"After MCAO surgery, severe neurological deficits were detected in the MCAO group compared with the sham controls, which were significantly reversed by dabigatran, estazolam, and pitavastatin treatment.",MCAO,pitavastatin,1,33384558,5,1231,0.4755225196592316,NO,0
"Furthermore, CALCB, ADM, and ADM2 have no effects on the associations of CALCRL with any of the RAMPs in RUASM cells.",CALCB,CALCRL,1,27784654,4,252,0.2554119223579836,NO,0
"TNF, IL6, IL1B, CXCL8, CCL2, IL2, IL4, ICAM1, IFNG, and IL10 has been predicted as key targets.",IL6,CXCL8,0,36388945,10,8851,0.0001903550312515,NO,0
"The cAMP-binding effector, exchange protein activated by cAMP 1 (Epac1), which is known to induce SOCS3, differentially regulated the P2Y11/IL-1R response because pharmacological Epac1 inhibition enhanced sTNFR2 and CCL20 release, but had no effect on VEGF secretion.",P2Y11,TNFR2,0,36107259,8,4957,0.2331021760663897,NO,0
"In the case of the AGT (rs699) and ABCA1 (rs2230806) genes polymorphisms, the risk of death was higher in GG homozygotes compared to the A allele carriers in the 10-year period.",rs699,death,1,36421822,5,9565,0.9453056247733188,YES,1
"PROCA1 played a potential tumor-suppressive role inducing cell apoptosis and DDP chemosensitivity via recruiting ZFP36L2 to bind to the 3' untranslated region of BCL2, reducing the stability of BCL2 mRNA and thus activating the apoptotic signal.",PROCA1,tumor,0,36627670,5,15461,0.845106417559899,YES,1
"Maslinic acid increased the mechanical pain threshold and inhibited the expression of p-P65, MLCK, MEF2C, and MyoC.",MLCK,MyoC,0,36408215,6,9214,0.0015127425074716,NO,0
"Insulin and IGF-1 receptors (IR/IGF1R) are highly homologous and share similar signaling systems, but each has a unique physiological role, with IR primarily regulating metabolic homeostasis and IGF1R regulating mitogenic control and growth.",Insulin and IGF-1 receptors,IGF1R,1,36548088,3,10529,0.8001680804332594,YES,1
"In comparison, OEA and PEA attenuated the TLR3-induced hyperthermia, although only OEA attenuated the expression of hyperthermia-related genes (IL-1beta, iNOS, COX2 and m-PGES) in the hypothalamus.",OEA,hyperthermia,1,34265624,8,13166,0.9957463045430516,YES,1
"The distribution of allelic frequencies in the AMPD1 and MLCK c.37885C>A polymorphisms were different between non-injured and injured soccer players (p < 0.001 and p = 0.003, respectively).",AMPD1,injured,1,36468031,4,10023,0.6381281500171664,YES,1
"Compared with the wild type (WT), the M5D mutant (Q34P/A37P/M176V/G177A/M294R/ G28C-P206C), which contains five single-point mutations and one additional disulfide bond, displayed a 14.0  C increase in the melting temperature (Tm), 5  C in the optimal temperature, and 1154.3-fold in the half-life (t1/2) at 55  C.",Q34P,P206C,0,36553811,8,10757,0.1710132356425429,NO,0
"Pemetrexed (PEM), which is commonly used following EGFR-TKI treatment failure, was identified as an effective potentiator of STING-dependent TBK1-IRF3-STAT1 signaling in MET-amplified, EGFR-TKI-resistant cells.",IRF3,MET,0,36066413,7,4813,0.1732740770086104,NO,0
"Western blot was performed to detect Cyclin D1, PCNA, MMP-2, MMP-9, inflammatory factors TNF-alpha, IL-1beta, IL-4, IL-10, IL-13, and",inflammatory,IL-13,1,36593749,10,15231,0.0111465888299946,NO,0
"Relative to control, 10muM THC and 10muM CBD reduced mRNA levels of milk proteins (CSN2 and WAP), lipid synthesizing and glucose transport markers (GLUT 1, HK2, FASN, FABP4, PLIN2 and LPL), as well as whey acidic protein and lipid levels.",glucose,FASN,1,35976913,12,4661,0.0230871913191447,NO,0
"From 67 FDA-covalent drugs, afatinib, dacomitinib, acalabrutinib, neratinib, zanubrutinib, dutasteride, and finasteride were predicted to be active inhibitors.",afatinib,zanubrutinib,0,36614109,7,11204,0.0004389140859894,NO,0
"Two novel variants, c.286C>A (p.(Pro96Thr), RNA not analyzed) in exon 5 and deletion c.685_688+6del(p.(Lys229Glyfs*4), RNA not analyzed) in exon 10, were found in one Lebanese and one Syrian family, respectively, and were correlated with early-onset and severe clinical presentation.",c.286C>A,p.(Lys229Glyfs*4),0,36680390,4,11649,0.0039596237250826,NO,0
"In contrast, the combination of dapagliflozin + spironolactone did not change the migration rate of fibroblast but significantly altered SGLT2i responses on MMP9, GAL3, and IL-1b expression, in association with increased phosphorylation of the kinases AKT/GSK3 and ERK1/2.",IL-1b,AKT,1,36303443,8,13858,0.525690296922905,YES,1
"12/102 were found to have novel variants in potential diabetes genes (RFX2, RREB1, SLC5A1 (3 patients with variants in this gene), GCKR, MC4R, CASP10, TMPRSS6, HGFAC, DACH1, ZBED3).",GCKR,CASP10,0,36585034,12,16267,0.0002885077955535,NO,0
"Western blot was performed to detect Cyclin D1, PCNA, MMP-2, MMP-9, inflammatory factors TNF-alpha, IL-1beta, IL-4, IL-10, IL-13, and",PCNA,TNF-alpha,0,36593749,10,15209,0.0004826562683536,NO,0
"Activated SGK3 can activate ion channels (TRPV5/6, SOC, Kv1.3, Kv1.5, Kv7.1, BKCa, Kir2.1, Kir2.2, ENaC, Nav1.5, ClC-2, and ClC Ka), carriers and receptors (Npt2a, Npt2b, NHE3, GluR1, GluR6, SN1, EAAT1, EAAT2, EAAT4, EAAT5, SGLT1, SLC1A5, SLC6A19, SLC6A8, and NaDC1), and Na+/K+-ATPase, promoting the transportation of calcium, phosphorus, sodium, glucose, and neutral amino acids in the kidney and intestine, the absorption of potassium and neutral amino acids in the renal tubules, the transportation of glutamate and glutamine in the nervous system, and the transportation of creatine.",ClC Ka,GluR1,0,36531961,37,14846,0.0508925746311109,NO,0
"Further analysis indicated that PRKD1 might be a cooperating factor to regulate the expression of FOXG1, MECP2 and CDKL5 to contribute the RTT/RTT-like disorders.",FOXG1,RTT/RTT-like disorders,1,36568277,5,10915,0.9381026149446569,YES,1
"Activated SGK3 can activate ion channels (TRPV5/6, SOC, Kv1.3, Kv1.5, Kv7.1, BKCa, Kir2.1, Kir2.2, ENaC, Nav1.5, ClC-2, and ClC Ka), carriers and receptors (Npt2a, Npt2b, NHE3, GluR1, GluR6, SN1, EAAT1, EAAT2, EAAT4, EAAT5, SGLT1, SLC1A5, SLC6A19, SLC6A8, and NaDC1), and Na+/K+-ATPase, promoting the transportation of calcium, phosphorus, sodium, glucose, and neutral amino acids in the kidney and intestine, the absorption of potassium and neutral amino acids in the renal tubules, the transportation of glutamate and glutamine in the nervous system, and the transportation of creatine.",TRPV5/6,SGLT1,0,36531961,37,14534,0.0539110250320309,NO,0
"Six SNPs of ABCB1 (rs3842, rs1045642, rs2032582, rs1128503, rs3213619, and rs3747802), one SNP of CYP3A5 (rs776746), seven SNPs of APOB (rs1042034, rs2163204, rs693, rs679899, rs13306194, rs13306198, and rs1367117), and two SNPs of APOE (rs429358 and rs7412) were analyzed by a TaqMan genotyping assay.",rs776746,rs1042034,0,36145636,20,5555,0.0002830729988726,NO,0
"Altogether, our findings suggest fisetin as a potential treatment for psoriasis and possibly other inflammatory skin diseases.",fisetin,inflammatory skin diseases,0,36741386,3,12152,0.992481552003586,YES,1
"Effects of 15 torsadogenic hERG blocking drugs (astemizole, chlorpromazine, cisapride, droperidol, ibutilide, dofetilide, haloperidol, moxifloxacin, pimozide, quinidine, risperidone, sotalol, sertindole, terfenadine, and thioridazine) were assessed by telemetry in beagle dogs.",sotalol,thioridazine,0,35751378,17,4011,0.0046947946986754,NO,0
"Excessive intake of heavy metals, such as arsenic (As), manganese (Mn), mercury (Hg), aluminium (Al), lead (Pb), nickel (Ni), bismuth (Bi), cadmium (Cd), copper (Cu), zinc (Zn), and iron (Fe), is neurotoxic and it promotes neurodegeneration.",aluminium,nickel,0,33412145,14,1298,8.24926830435838e-05,NO,0
"Activated SGK3 can activate ion channels (TRPV5/6, SOC, Kv1.3, Kv1.5, Kv7.1, BKCa, Kir2.1, Kir2.2, ENaC, Nav1.5, ClC-2, and ClC Ka), carriers and receptors (Npt2a, Npt2b, NHE3, GluR1, GluR6, SN1, EAAT1, EAAT2, EAAT4, EAAT5, SGLT1, SLC1A5, SLC6A19, SLC6A8, and NaDC1), and Na+/K+-ATPase, promoting the transportation of calcium, phosphorus, sodium, glucose, and neutral amino acids in the kidney and intestine, the absorption of potassium and neutral amino acids in the renal tubules, the transportation of glutamate and glutamine in the nervous system, and the transportation of creatine.",SLC6A8,glutamate,0,36531961,37,15095,0.1794830341426444,NO,0
"We found mutations (V416L, A428D, M437R, T474I, and L528W) that were clustered in the kinase domain of BTK and that conferred resistance to both noncovalent BTK inhibitors and certain covalent BTK inhibitors.",M437R,L528W,0,35196427,6,3291,0.2479748972392519,NO,0
"Activated SGK3 can activate ion channels (TRPV5/6, SOC, Kv1.3, Kv1.5, Kv7.1, BKCa, Kir2.1, Kir2.2, ENaC, Nav1.5, ClC-2, and ClC Ka), carriers and receptors (Npt2a, Npt2b, NHE3, GluR1, GluR6, SN1, EAAT1, EAAT2, EAAT4, EAAT5, SGLT1, SLC1A5, SLC6A19, SLC6A8, and NaDC1), and Na+/K+-ATPase, promoting the transportation of calcium, phosphorus, sodium, glucose, and neutral amino acids in the kidney and intestine, the absorption of potassium and neutral amino acids in the renal tubules, the transportation of glutamate and glutamine in the nervous system, and the transportation of creatine.",GluR6,sodium,0,36531961,37,14966,0.3225801496220792,NO,0
"Screening of nine affected families revealed two novel (c.5571_5576delinsCTAGATand c.471dup in EYS and SPATA7 genes, respectively) and six reported pathogenic mutations (c.304C>A, c.187C>T, c.1560C>A, c.547C>T, c.109del and c.9911_11550del in PDE6A, USH2A, USH2A, NMNAT1, PAX6 and ALMS1 genes, respectively) segregating with disease phenotype in each respective family.",SPATA7,USH2A,0,36140798,15,5318,0.0011149465701437,NO,0
"Q57H and T151I of ORF3a; T21I and W27L of ORF6; G38V, V82A, and T120I of ORF7a; S31P and T40I of ORF7b; and R52I, C61F, and I121L of ORF8 were highly frequent in most variants of concern and were within known functional domains.",T21I,T120I,0,35764775,17,4144,0.0002100476942255,NO,0
"We report a case of reinfection by SARS-CoV-2 with the second virus harboring amino acid changes in the Spike protein (141-143del, D215A, ins215AGY, L452R, D614G), orf1a, helicase, orf3a, and Nucleocapside.",reinfection by SARS-CoV-2,D614G,1,34107326,10,1984,0.4926754460633373,NO,0
"A, c.1265T>C), 3 splicing (c.316+1G>T, c.682-2A>G, c.572-16C>G), 2 nonsenses (c.790delC, c.1248G>A), and 1 frameshift (c.1346delA).",c.1265T>C,c.1248G>A,0,36760778,7,12303,0.0015608651174262,NO,0
"The combination of 2-hydroxy-3-methylbutyric acid, 3-hydroxybutyric acid, cholesterol, succinic acid, L-ornithine, oleic acid and palmitelaidic acid predicted patients who progressed from mild to severe COVID-19, with an AUC of 0.969.",cholesterol,COVID-19,1,33662365,9,1647,0.8588224094281872,YES,1
"We observed suggestive evidence (P < 0.05) for eight variants (rs17026425, rs17057166, rs6854845, rs1728400, rs17693104, rs202280, rs6797464, and rs823920) in all colorectal cancer and two variants (rs17026425 and rs6854845) in rectal cancer that were concordant with previous reports.",rs6854845,rs17693104,0,31488414,10,651,0.010155094130945,NO,0
High-mobility-group protein 2 (HMGB2) expression is upregulated in human liver cancer.,High-mobility-group protein 2,liver cancer,0,29218329,3,452,0.9970625258705796,YES,1
"Through a bioinformatics analysis, we revealed that glutamine synthetase/glutamate-ammonia ligase (GLUL) might play essential roles in the recurrence of tamoxifen-resistant ER+ patients.",glutamine synthetase,tamoxifen,1,36619229,5,11264,0.418627525472352,NO,0
"After MCAO surgery, severe neurological deficits were detected in the MCAO group compared with the sham controls, which were significantly reversed by dabigatran, estazolam, and pitavastatin treatment.",dabigatran,estazolam,0,33384558,5,1235,0.4116029381398619,NO,0
Receptor for Advanced Glycation End-Products Promotes Activation of Alveolar Macrophages through the NLRP3 Inflammasome/TXNIP Axis in Acute Lung Injury.,TXNIP,Acute Lung Injury,1,36232959,4,6755,0.8491145313634322,YES,1
"We observed suggestive evidence (P < 0.05) for eight variants (rs17026425, rs17057166, rs6854845, rs1728400, rs17693104, rs202280, rs6797464, and rs823920) in all colorectal cancer and two variants (rs17026425 and rs6854845) in rectal cancer that were concordant with previous reports.",rs17693104,rs202280,0,31488414,10,663,0.0061474719354114,NO,0
"TPO rs2048722, PTCSC2 rs925489 and SEMA4G rs4919510 polymorphisms were evidently associated with the risk of THCA in the Chinese population, which was affected by age, gender, smoking and drinking consumption.",PTCSC2,SEMA4G,0,36737753,7,12047,0.0418965867640542,NO,0
"Exposure to Cu led to significant neurobehavioral abnormalities; treatment with MiADMSA, and in particular MiADMSA + ALA, significantly ameliorated the neurobehavioral parameters and restored the memory deficits in rats.",Cu,MiADMSA,1,36548551,6,10592,0.426736642701023,NO,0
"Treatment of ERK inhibitor U0126 or PI3K inhibitor wortmannin decreased p-CREB, BDNF and BCL2 in these cells, implying that the neuroprotective effects of LMDS-1/2 are via activating TRKB downstream ERK, PI3K-AKT and CREB signaling.",ERK,PI3K,0,36361524,10,8400,0.6586984969876511,YES,1
"Activation of induced cell death by C9 and C21 with apoptotic and necrosis-like characteristics was observed, including an increase in annexin-V+propidium iodide-, annexin-V+propidium iodide+, cleaved caspase 3 and PARP, cytochrome c release, and nuclear alterations.",annexin-V,caspase 3,0,36500726,6,10250,0.1001082165508309,NO,0
"Guanosine accelerated the malignant progression of ICC inhibition of purine metabolism-related genes, PPAT and IMPDH2, suppressed the malignant phenotype in HCCC-9810 cells, and inhibited tumor growth.",Guanosine,purine,0,36711025,7,11946,0.2988118667397757,NO,0
Statin prevents cancer development in chronic inflammation by blocking interleukin 33 expression.,Statin,interleukin 33,1,36711701,4,11961,0.967373682373357,YES,1
Conclusions Significant associations at MYRF-FADS1-FADS2 indicate that genetically elevated polyunsaturated fatty acids may decrease ischemic stroke risk in East Asians.,MYRF,FADS2,0,36193932,5,6227,0.5924032286074344,YES,1
Endothelin-1-mediated miR-let-7g-5p triggers interlukin-6 and TNF-alpha to cause myopathy and chronic adipose inflammation in elderly patients with diabetes mellitus.,interlukin-6,diabetes mellitus,0,35468098,8,3689,0.5343014558643425,YES,1
"In nude mice, the IMPDH1 inhibitory drug MMF inhibited tumor growth and reduced the expression of tumor stem cell characteristic markers CD133 and SOX2.",IMPDH1,MMF,1,36711025,6,11935,0.8955178525756519,YES,1
"In conclusion, HFS is a biomarker of treatment outcome and rs6783836 in ST6GAL1 is a potential biomarker for HFS with links to T2D and inflammation.",rs6783836,T2D,1,35467766,5,3671,0.9166046987413188,YES,1
"In vitro, N-acetylcysteine (NAC) inhibited NLRP3 inflammasome activation and NLRP3 knockdown reduced GSDMD expression, in MOVAS cells treated with TNF-alpha.",N-acetylcysteine,GSDMD,0,35217818,5,3336,0.593589918482295,YES,1
"TNF-alpha and IFN-gamma caused a lethal cytokine shock in mice that mirrors the tissue damage and inflammation of COVID-19, and inhibiting PANoptosis protected mice from this pathology and death.",IFN-gamma,COVID-19,1,33278357,7,1013,0.5606892513923154,YES,1
"The multifactor-dimensionality reduction (MDR) analysis was performed to identify the epistasis between SNP located in genes of IL-alpha (rs1800587), IL-6 (rs1800796), TNFalpha (rs361525 and rs1800629), and IFNgamma (rs2069705).",rs1800587,rs361525,0,36389080,9,9013,0.241508106820541,NO,0
"Our study supports the clinical development of therapeutic strategies co-targeting ER, CDK4/6 and CDK2 following progression on AI-monotherapy or combined CDK4/6i and ET to improve survival of patients exhibiting high tumor levels of CDK6, p-CDK2, and/or cyclin E1.",CDK6,cyclin E1,0,36153348,7,5706,0.2066444330946483,NO,0
"Pemetrexed (PEM), which is commonly used following EGFR-TKI treatment failure, was identified as an effective potentiator of STING-dependent TBK1-IRF3-STAT1 signaling in MET-amplified, EGFR-TKI-resistant cells.",Pemetrexed,EGFR,0,36066413,7,4794,0.4807670939728813,NO,0
"Mutational analysis detected 18,261 mutations in the omicron variant, majority of which were non-synonymous mutations in spike (A67, T547K, D614G, H655Y, N679K, P681H, D796Y, N856K, Q954H), followed by RNA dependent RNA polymerase (rdrp) (A1892T, I189V, P314L, K38R, T492I, V57V), ORF6 (M19M) and nucleocapsid protein (RG203KR).",D796Y,RG203KR,0,35367284,21,3459,0.0107627841191143,NO,0
Topical administration of fisetin in an imiquimod (IMQ)-induced mouse psoriasis model exhibited a better effect than rapamycin in reducing psoriasis-like inflammation and Akt/mTOR phosphorylation and promoting keratinocyte differentiation and autophagy in mice skin lesions.,inflammation,mTOR,0,36741386,9,12131,0.6736810598254551,YES,1
"Mutational analysis detected 18,261 mutations in the omicron variant, majority of which were non-synonymous mutations in spike (A67, T547K, D614G, H655Y, N679K, P681H, D796Y, N856K, Q954H), followed by RNA dependent RNA polymerase (rdrp) (A1892T, I189V, P314L, K38R, T492I, V57V), ORF6 (M19M) and nucleocapsid protein (RG203KR).",Q954H,V57V,0,35367284,21,3474,0.0116961428405938,NO,0
"Therefore, abnormal lipid metabolism in the liver of developmental rats could be exacerbated by combined exposed to fructose and BPA.",abnormal lipid metabolism,BPA,1,31661889,4,12777,0.9819702761905912,YES,1
"Background: In this study, we evaluated the clinical characteristics, prognosis, and gene mutations of five children with citrullinemia type I (CTLN1) diagnosed in our department and identified two novel ASS1 gene mutations.",citrullinemia type I,ASS1,1,36263152,3,7182,0.9049134058097558,YES,1
"In summary, the four CPMs may play a role in the treatment of COVID-19 by binding flavonoids such as quercetin, luteolin, and acacetin to target proteins such as ACE2, 3CLpro, and S protein and acting on TNF, IL6, IL1B, CXCL8, and other targets to participate in broad-spectrum antiviral, immunomodulatory and inflammatory responses.",quercetin,luteolin,0,36388945,14,8938,0.0192332800086663,NO,0
"Furthermore, allergic rhinitis mice exhibited overproduction of epithelial-derived cytokines (thymic stromal lymphopoietin, interleukin-25, interleukin-33), C-C motif chemokine ligand 26 (CCL26), and mucin 5 AC (MUC5AC).",interleukin-25,interleukin-33,0,36571426,7,10968,0.0014663236488794,NO,0
"Mechanistically, LINC00589 serves as a ceRNA platform that simultaneously sponges miR-100 and miR-452 and relieves their repression of tumor suppressors, including discs large homolog 5 (DLG5) and PR/SET domain 16 (PRDM16, a transcription suppressor of mucin4), thereby exerting multiple cancer inhibitory functions and counteracting drug resistance.",miR-100,discs large homolog 5,1,36309503,7,7807,0.5943823758355052,YES,1
"We demonstrate that impaired IL-23 immunity caused by a homozygous R381X mutation in IL23R underlies MSMD, corroborating earlier findings with a homozygous p.C115Y IL23R mutation.",MSMD,p.C115Y,0,35829840,5,4350,0.5262659739249572,YES,1
"Wnt5a, beta-catenin, and Nrf-2 expression were significantly increased following genistein and lycopene treatment (p < 0.0001), thus confirming their antioxidant activity as well as their ability in stimulating osteoblast function, mostly when genistein and lycopene were used in association.",Nrf-2,lycopene,1,36296984,5,7501,0.9604654915995928,YES,1
"Expressions of surface markers associated with MSCs (THY1, CD34, CD73, CD271, CD54, CD44, and CD29) were evaluated in fleshly isolated SF subsets by flow cytometry.",CD271,CD44,0,35168627,7,3182,0.0035760834583703,NO,0
"Repeated treatment with combined 5-Fu, cisplatin, and paclitaxel induced cross-resistance against TMZ and EP.",cisplatin,paclitaxel,1,36660193,5,11482,0.9335851351084516,YES,1
"Y383F mice are largely alleviated by RIPK1 kinase inhibition, and prevented by genomic deletions targeted to the upstream pathway (either to Tumor necrosis factor receptor 1 or RIPK3 and Caspase8 simultaneously).",RIPK3,Caspase8,0,36329033,6,8139,0.5786761169509416,YES,1
"Using a combination of regional association studies, a linkage disequilibrium map, and multivariate analysis, we revealed that the APOB locus variants rs144467873, rs13306194, and rs1367117 were independently associated with total, low-density lipoprotein (LDL), and non-high-density lipoprotein (non-HDL) cholesterol levels; rs1318006 was associated with HDL cholesterol levels; rs13306194 and rs35131127 were associated with serum triglyceride levels; rs144467873, rs13306194, rs56213756, and rs679899 were associated with remnant cholesterol levels; and rs144467873 and rs4665709 were associated with metabolic syndrome.",rs1318006,rs679899,0,36499290,12,10125,0.0007720636587451,NO,0
"After pretreatment with NaHS in thyrocytes, ACE2 and NRP1 expression were downregulated compared to IFN-gamma or TNF-alpha treatment, and NaHS had no effect on TMPRSS2 expression.",IFN-gamma,TMPRSS2,1,36362417,6,13913,0.0040477286960033,NO,0
"We performed patch-clamp recordings of MSNs in rat striatal slices subjected to oxygen and glucose deprivation (OGD) to investigate the effects of A2A receptor ligands or ion channel blockers on AD and OGD-induced ionic imbalance, measured as a positive shift in Erev of ramp currents.",glucose,A2A receptor,1,35817954,5,4258,0.0010996069334163,NO,0
"The results of this study extend genotype-phenotype correlations between the CHST6 gene mutations and MCD clinical findings, contributing to a more accurate diagnosis and the development of potential gene-targeted MCD therapies.",CHST6,MCD,1,33987320,2,1854,0.9915824645462736,YES,1
"Guanosine reversed IMPDH1 expression in HCCC-9810 cells, promoting the secretion of inflammatory factors IL-6, IL-8, OPN, VEGF, and VCAM-1 and intensifying epithelial-mesenchymal transition (EMT) progression in the cells.",IMPDH1,VCAM-1,0,36711025,9,11919,0.1985767002695983,NO,0
"The aim of this study was to investigate the effects of a combined oral treatment, consisting of genistein and lycopene, in an experimental model of glucocorticoid-induced osteoporosis (GIO).",lycopene,osteoporosis,1,36296984,4,7472,0.9303930236479864,YES,1
"Our results indicate that circFAT1 promote tumorigenesis in LUAD through sequestering miR-7, consequently upregulating IRS2-ERK1/2-mediated CCND1 expression, and can be a valuable therapeutic target and an important parameter for precision treatment in LUAD patients.",miR-7,ERK1/2,1,35844799,6,4392,0.1240801084576742,NO,0
Subsequent echocardiography showed that APC and APC-2Cys but not APC-E170A ameliorated cardiac dysfunction during I/R in both young and aged mice.,E170A,I/R,1,34930019,5,2948,0.3567737537022912,NO,0
"Since SARS-CoV-2 enters and infects target cells by binding its spike (S) protein to cellular angiotensin-converting enzyme 2 (ACE2), and there is evidence that vascular endothelial cells and neutrophils express ACE2, we investigated the effect of S-proteins and cell-cell communication on primary human lung microvascular endothelial cells (HLMEC) and neutrophils expression of thrombogenic factors and the potential mechanisms.",spike,angiotensin-converting enzyme 2,1,36142345,5,13555,0.99848287730963,YES,1
"Using a combination of regional association studies, a linkage disequilibrium map, and multivariate analysis, we revealed that the APOB locus variants rs144467873, rs13306194, and rs1367117 were independently associated with total, low-density lipoprotein (LDL), and non-high-density lipoprotein (non-HDL) cholesterol levels; rs1318006 was associated with HDL cholesterol levels; rs13306194 and rs35131127 were associated with serum triglyceride levels; rs144467873, rs13306194, rs56213756, and rs679899 were associated with remnant cholesterol levels; and rs144467873 and rs4665709 were associated with metabolic syndrome.",APOB,cholesterol,1,36499290,12,10085,0.9699502194370988,YES,1
"In Sprague-Dawley rats, administration of UII into the RVLM resulted in an increase in mean arterial pressure (MAP), heart rate (HR), ROS production, nicotinamide adenine dinucleotide phosphate (NADPH) oxidase activity, and phosphorylation of p47phox, extracellular signal-regulated protein kinase (ERK)1/2 and p38MAPK, but not stress-activated protein kinase/Jun N-terminal kinase (SAPK/JNK).",UII,p47phox,1,36421438,9,9429,0.9616791927637204,YES,1
"Association Study of the SLC1A2 (rs4354668), SLC6A9 (rs2486001), and SLC6A5 (rs2000959) Polymorphisms in Major Depressive Disorder.",SLC6A9,Major Depressive Disorder,1,36233781,7,6889,0.9278579592865902,YES,1
"Thence, we design a three-pronged platinum@polymer-catechol nanobraker to deliver mTOR inhibitor TAK228 and anti-PD-L1 antibody (aPD-L1) for impeding the melanoma-PD-1-driven aggression and maximizing the melanoma eradication.",platinum@polymer,catechol,1,36203954,7,6346,0.3229039221089262,NO,0
"In vitro, fisetin significantly inhibited mTOR activity, increased the expression of autophagy markers LC3A/B and Atg5 in HEKa cells and suppressed the secretion of IL-17A by activated CD4+ T lymphocytes or T lymphocytes co-cultured with HEKa.",Atg5,CD4,0,36741386,7,12108,0.0135252769876877,NO,0
This revealed the ability of WDR37 to form homodimers and to strongly bind PACS1 and PACS2 phosphofurin acidic cluster sorting proteins; immunocytochemistry confirmed colocalization of WDR37 with PACS1 and PACS2 in human cells.,WDR37,PACS1,1,34642815,4,15927,0.9992373195650645,YES,1
"MYC induced the expression of the tryptophan transporters SLC7A5 and SLC1A5 and the enzyme arylformamidase (AFMID), involved in the conversion of tryptophan into kynurenine.",SLC7A5,arylformamidase,0,31416966,6,538,0.5121062250862848,YES,1
"KRT80 overexpression increased the expression of BCL2/BAX, CyclinD1, MMP2, MMP9, and N-cadherin, decreased the expression of E-cadherin, and increased the phosphorylation of MEK and ERK.",CyclinD1,E-cadherin,0,34659572,10,2670,0.0223397377191036,NO,0
"SLC7A5, SLC1A5, and AFMID were elevated in colon cancer cells and tissues, and kynurenine was significantly greater in tumor samples than in the respective adjacent normal tissue from patients with colon cancer.",SLC7A5,tumor,0,31416966,7,547,0.784433901498786,YES,1
"A 72-year-old man, who received seven courses of atezolizumab/bevacizumab for hepatocellular carcinoma due to hepatitis B, was admitted to our department with idiopathic abdominal pain and diarrhea (grade 2",atezolizumab,hepatocellular carcinoma,1,36224043,7,6607,0.9695869727339612,YES,1
"Six SNPs of ABCB1 (rs3842, rs1045642, rs2032582, rs1128503, rs3213619, and rs3747802), one SNP of CYP3A5 (rs776746), seven SNPs of APOB (rs1042034, rs2163204, rs693, rs679899, rs13306194, rs13306198, and rs1367117), and two SNPs of APOE (rs429358 and rs7412) were analyzed by a TaqMan genotyping assay.",rs776746,rs693,0,36145636,20,5557,0.0002110192805719,NO,0
"Effects of 15 torsadogenic hERG blocking drugs (astemizole, chlorpromazine, cisapride, droperidol, ibutilide, dofetilide, haloperidol, moxifloxacin, pimozide, quinidine, risperidone, sotalol, sertindole, terfenadine, and thioridazine) were assessed by telemetry in beagle dogs.",astemizole,sertindole,0,35751378,17,3921,0.0044746961910045,NO,0
"He was treated with the FGFR inhibitor, erdafitinib, with excellent partial response including resolution of intracranial disease and cancer-related pain, ongoing 2 years after drug initiation.",erdafitinib,intracranial disease,1,35761436,4,4114,0.9863377961620544,YES,1
"This strategy allowed us to identify the emergence of the B.1.621 lineage, considered a variant of interest (VOI) with the accumulation of several substitutions affecting the Spike protein, including the amino acid changes I95I, Y144T, Y145S and the insertion 146 N in the N-terminal domain, R346K, E484K and N501Y in the Receptor binding Domain (RBD) and P681H in the S1/S2 cleavage site of the Spike protein.",R346K,P681H,0,34403832,8,2491,0.0165769345870234,NO,0
"Six SNPs of ABCB1 (rs3842, rs1045642, rs2032582, rs1128503, rs3213619, and rs3747802), one SNP of CYP3A5 (rs776746), seven SNPs of APOB (rs1042034, rs2163204, rs693, rs679899, rs13306194, rs13306198, and rs1367117), and two SNPs of APOE (rs429358 and rs7412) were analyzed by a TaqMan genotyping assay.",rs679899,rs7412,0,36145636,20,5590,0.0002278797736963,NO,0
KRT80 expression is an independent prognostic factor in patients with ovarian cancer.,KRT80,ovarian cancer,1,34659572,3,2641,0.9972963884751804,YES,1
"P2Y11-induced IL-1R upregulation formed the basis for reinforced IL-1 responsiveness of activated M2 macrophages, as IL-1alpha and IL-1ss each enhanced P2Y11-induced secretion of VEGF and CCL20 as well as the previously reported shedding of soluble tumor necrosis factor receptor 2 (sTNFR2).",IL-1R,tumor necrosis factor receptor 2,0,36107259,8,4919,0.0031535732748364,NO,0
"The results showed that the application of biochar and especially chemically modified biochars reduced fluoride (about 15-37%) and cadmium (30-52%) contents in mint leaves, while increased soil pH and cation exchange capacity (CEC), nitrogen (12-35%), phosphorus (16-59%), potassium (17-52%), calcium (19-47%), magnesium (28-77%), iron (37-114%), zinc (45-226%), photosynthetic pigments of leaves and plant biomass (about 10-25%) under toxic conditions.",biochar,nitrogen,1,36578343,11,11003,0.9440952991711395,YES,1
Randomized Phase 3 trials of these two 3G EGFR TKIs have also demonstrated PFS over gefitinib respectively.,EGFR,gefitinib,0,36317157,2,8081,0.3618803745465494,NO,0
"Tiron or DPI impaired the ability of neurotensin to increase EGFR, ERK and HER2 tyrosine phosphorylation.",neurotensin,EGFR,1,31614143,6,12526,0.9080685480149268,YES,1
We conducted the present study to determine whether conserved glycosylated sites in eel FSHR are necessary for cyclic adenosine monophosphate (cAMP) signal transduction.,FSHR,cyclic adenosine monophosphate,1,36361582,3,8451,0.9066359459634148,YES,1
"Effects of 15 torsadogenic hERG blocking drugs (astemizole, chlorpromazine, cisapride, droperidol, ibutilide, dofetilide, haloperidol, moxifloxacin, pimozide, quinidine, risperidone, sotalol, sertindole, terfenadine, and thioridazine) were assessed by telemetry in beagle dogs.",hERG,ibutilide,1,35751378,17,3899,0.7354837543891287,YES,1
"Thus, our findings elucidated the molecular and cellular basis for the inhibitory function of KIR3DL3, demonstrating that the KIR3DL3-HHLA2 pathway is a potential immunotherapeutic target for cancer.",HHLA2,cancer,1,34244312,3,2128,0.6852398602928494,YES,1
"knockdown markedly attenuated CCI-induced mechanical allodynia, obstructed Syk, ERK and JNK phosphorylation, inhibited NLRP3 inflammasome and caspase-1 activation, GSDMD cleavage, and consequently reduced the release of pro-inflammatory cytokines (all P < 0.05).",NLRP3,GSDMD,0,36503542,9,14189,0.3969602471371836,NO,0
The possible mechanism is that Rab31 regulates the NLRP3 pathway negatively to inhibit IVIG response.,Rab31,NLRP3,0,36329997,3,8176,0.9886610251360634,YES,1
"When culturing primary thyrocytes with cytokines or sodium hydrosulfide (NaHS) plus cytokines, we found that ACE2 and NRP1 mRNA levels were upregulated while TMPRSS2 levels were downregulated by interferon-gamma (IFN-gamma) and tumor necrosis factor-alpha (TNF-alpha).",ACE2,TMPRSS2,0,36362417,6,13891,0.1073820807998215,NO,0
"The MDD group had a higher MAF of SCN2A-rs17183814 than controls (0.1743 vs. 0.1207, OR = 1.538, P < 0.05).",MDD,rs17183814,1,36698099,3,11854,0.9827414217163244,YES,1
"The aim of this study was to evaluate 3 gene polymorphisms including rs1048943 of CYP1A1, rs28371725 of CYP2D6, and rs7830 of NOS3 in idiopathic RPL to identify their association with RPL.",CYP1A1,NOS3,0,36313260,7,7876,0.0244756467623098,NO,0
"We further show that TWEAK enhances spheroid formation ability, asymmetric division capacity, and expression of SOX2 and EMT genes VIM and ZEB1 in ovarian cancer cells, phenotypes that are enhanced when TWEAK is combined with carboplatin.",SOX2,VIM,0,36214671,6,6520,0.1973242867419281,NO,0
"We performed patch-clamp recordings of MSNs in rat striatal slices subjected to oxygen and glucose deprivation (OGD) to investigate the effects of A2A receptor ligands or ion channel blockers on AD and OGD-induced ionic imbalance, measured as a positive shift in Erev of ramp currents.",oxygen,glucose,0,35817954,5,4255,0.580381879740326,YES,1
"Our results suggest that women harboring the single nucleotide polymorphism DNMT 3B rs2424913 have a decreased risk of a DS pregnancy, and further studies are necessary to confirm this protective effect.",DNMT 3B,DS,1,29379364,4,499,0.7610123175922368,YES,1
"Furthermore, ATR-MET induced cardiovascular toxicity (increased levels of plasma total cholesterol, HDL-cholesterol, LDL-cholesterol, and triglycerides) with concomitant induction of renal toxicity (increased plasma creatinine and urea levels), and hepatotoxicity (increased plasma bilirubin, alkaline phosphatase, acid phosphatase, alanine aminotransferase and aspartate aminotransferase).",cardiovascular toxicity,alanine aminotransferase,0,36262065,13,7123,0.8376419975448062,YES,1
"Here, we showed that replacement of a single amino acid at position 973, just distal to the NPEY motif in the intracellular juxtamembrane region, from leucine, which is highly-conserved in IRs, to phenylalanine, the highly-conserved homologous residue in IGF1Rs, resulted in decreased IRS-1-PI3K-Akt-mTORC1 signaling and increased of Shc-Gab1-MAPK-cell cycle signaling.",PI3K,Shc,0,36548088,9,10554,0.1122636890976285,NO,0
IL-24 enhanced IL-17A production in bronchial epithelial cells via the STAT3 and ERK1/2 signaling pathways; this effect was reversed by exogenous IL-37.,IL-24,ERK1/2,1,36174993,5,16105,0.974539138410864,YES,1
"TNF, IL6, IL1B, CXCL8, CCL2, IL2, IL4, ICAM1, IFNG, and IL10 has been predicted as key targets.",TNF,IFNG,0,36388945,10,8848,0.0002464146229177,NO,0
"We observed suggestive evidence (P < 0.05) for eight variants (rs17026425, rs17057166, rs6854845, rs1728400, rs17693104, rs202280, rs6797464, and rs823920) in all colorectal cancer and two variants (rs17026425 and rs6854845) in rectal cancer that were concordant with previous reports.",rs17057166,rs1728400,0,31488414,10,643,0.0012020357743078,NO,0
"Herein, we demonstrate that Toll-like receptor (TLR)3/4-TBK1-IRF3 pathway activation links environmental insults to IL-33 induction in the skin and pancreas.",Toll-like receptor (TLR)3/4,IL-33,1,36711701,4,11968,0.9868279004874831,YES,1
"In Sprague-Dawley rats, administration of UII into the RVLM resulted in an increase in mean arterial pressure (MAP), heart rate (HR), ROS production, nicotinamide adenine dinucleotide phosphate (NADPH) oxidase activity, and phosphorylation of p47phox, extracellular signal-regulated protein kinase (ERK)1/2 and p38MAPK, but not stress-activated protein kinase/Jun N-terminal kinase (SAPK/JNK).",p47phox,stress-activated protein kinase,0,36421438,9,9447,0.0425373260964138,NO,0
Administration of different doses of dopamine in presence of bromocriptine or capergoline resulted in significantly rising in the heart rate percentage comparing to dopamine alone.,bromocriptine,capergoline,1,34777640,3,2795,0.1925529873057595,NO,0
"Using conventional criteria, the respective response rates for spleen and ""transfusion-dependent anemia"" were 47%, 32%, 83%, 62% and 51%, 30%, 10%, 44%, respectively, favoring momelotinib for anemia response (p = 0.02) and fedratinib for spleen response (p < 0.01).",anemia,fedratinib,0,36599841,3,11108,0.074889765546557,NO,0
"Adding oxaliplatin (Ox) to the lymphodepletion regimen activates tumor macrophages to express T-cell-recruiting chemokines, resulting in improved CAR-T cell infiltration, remodeling of the tumor microenvironment, and increased tumor sensitivity to anti-PD-L1.",oxaliplatin,PD-L1,0,33357452,3,15863,0.6958660506333662,YES,1
HeLa cell clones expressing different IL-10R1 haplotypes (WT or any variant) were incubated with hIL-10 or cmvIL-10.,IL-10R1,cmvIL-10,1,19016528,4,8,0.728948390818738,YES,1
"Six SNPs of ABCB1 (rs3842, rs1045642, rs2032582, rs1128503, rs3213619, and rs3747802), one SNP of CYP3A5 (rs776746), seven SNPs of APOB (rs1042034, rs2163204, rs693, rs679899, rs13306194, rs13306198, and rs1367117), and two SNPs of APOE (rs429358 and rs7412) were analyzed by a TaqMan genotyping assay.",rs2163204,rs1367117,0,36145636,20,5577,0.0009934897414782,NO,0
"We observed suggestive evidence (P < 0.05) for eight variants (rs17026425, rs17057166, rs6854845, rs1728400, rs17693104, rs202280, rs6797464, and rs823920) in all colorectal cancer and two variants (rs17026425 and rs6854845) in rectal cancer that were concordant with previous reports.",rs17693104,rs6797464,0,31488414,10,664,0.0026633142281532,NO,0
"These data indicate that OEA may be the primary FAAH substrate that modulates TLR3-induced neuroinflammation and hyperthermia, effects partially mediated by PPARalpha.",FAAH,TLR3,1,34265624,6,13222,0.0337660168235448,NO,0
Naturally occurring mutations of SARS-CoV-2 main protease confer drug resistance to nirmatrelvir.,main protease,nirmatrelvir,1,36119652,3,16048,0.8915950346922723,YES,1
"Therefore, afatinib, neratinib, and zanubrutinib could be used as drug candidates against the KRASG12C protein.",afatinib,G12C,1,36614109,5,11245,0.4673486517748562,NO,0
"Mechanistically, cultured PA smooth muscle cells from obese rats and humans with diabetes or treated with palmitic acid, glucose, and insulin showed increased mitochondrial reactive oxygen species, which enhanced miR-193b-dependent RNA degradation of nuclear factor Y alpha subunit (NFYA), resulting in decreased sGCbeta1-cGMP signaling.",diabetes,cGMP,1,34157861,12,12926,0.2741375028617083,NO,0
"Furthermore, ATR-MET induced cardiovascular toxicity (increased levels of plasma total cholesterol, HDL-cholesterol, LDL-cholesterol, and triglycerides) with concomitant induction of renal toxicity (increased plasma creatinine and urea levels), and hepatotoxicity (increased plasma bilirubin, alkaline phosphatase, acid phosphatase, alanine aminotransferase and aspartate aminotransferase).",hepatotoxicity,alanine aminotransferase,0,36262065,13,7167,0.9906922571089548,YES,1
"Prevalence, Treatment Patterns, and Outcomes of Individuals with EGFR Positive Metastatic Non-Small Cell Lung Cancer in a Canadian Real-World Setting: A Comparison of Exon 19 Deletion, L858R, and Exon 20 Insertion EGFR Mutation Carriers.",L858R,Exon 20 Insertion,0,36290844,5,7376,0.8404003695671415,YES,1
"These include the following: (1) c.662A > G (p.Asp221Gly) in LDLR, causing heterozygous familial hypercholesterolemia; (2) c.3700_3704del in BRCA1, associated with hereditary breast and ovarian cancer syndrome; (3) c.1528G > C (p.Glu510Gln) in HADHA, seen in long-chain 3-hydroxy acyl-CoA dehydrogenase (LCHAD) deficiency, and (4) c.1032delT in NPHS2, associated with steroid-resistant nephrotic syndrome.",c.3700_3704del,c.1032delT,0,35971028,12,4582,5.0858056302800014e-05,NO,0
"Flurazepam plus flumazenil only inhibited wildtype receptor currents, an effect unaltered by M2-15' mutations.",Flurazepam,flumazenil,1,34386973,2,2465,0.909129246161392,YES,1
"Subjects characterized as having punctual mutations were more frequently administered with everolimus, sunitinib and bevacizumab drug series (p=0.06).",sunitinib,bevacizumab,1,36511679,3,10285,0.0732885523392814,NO,0
"The addition of three variants, namely PTGS2 rs4648268, PTGES3 rs2958155 and PTGES3 rs11300958, to a predictive model for CV events containing classic risk factors in nephrosclerosis patients, significantly enhanced its statistical power (AUC value increased from 78.6 to 87.4%, p = 0.0003).",rs11300958,nephrosclerosis,1,36690661,7,11826,0.5965024740092725,YES,1
"Here we propose a rapid and accessible protocol based on Sanger sequencing of a single PCR fragment that is able to identify and discriminate all SARS-CoV-2 variants of concern (VOCs) identified so far, according to each characteristic mutational profile at the Spike-RBD region (K417N/T, E484K, N501Y, A570D).",N501Y,A570D,0,33975021,6,1844,0.0300271472781963,NO,0
"The polymorphisms suitable for meta-analysis were CCND1 (rs17852153), COX2 (rs20417), EGF (rs4444903), EGFR (rs712829, rs11543848, 3'UTR CA repeat), FCGR2A (rs1801274), FCGR3A (rs396991), IL8 (rs4073), KRAS (rs61764370) and VEGFA (rs3025039).",rs17852153,rs4073,0,27897268,19,321,0.0007359487505414,NO,0
"Unexpectedly, we found that lack of chemerin-CMKLR1 signaling specifically reduced expression of lactoperoxidase (LPO), a peroxidase that is predominantly expressed in colonic ECs and utilizes H2O2 to oxidize thiocyanates to the antibiotic compound, thereby leading to the outgrowth and mucosal invasion of gram-negative bacteria and dysregulated CXCL1/2-mediated neutrophilia.",H2O2,thiocyanates,1,35858331,7,4429,0.4461205567352638,NO,0
All four LMDS compounds reduced tau aggregation and reactive oxygen species.,LMDS,reactive oxygen species,1,36361524,3,8387,0.8826127354906427,YES,1
"Additionally, inflammatory cytokines in the peritoneum of PD rats treated with ONO-AE3-208 were downregulated, in line with inhibition of the NLRP3 inflammasome and NF-kappaB phosphorylation.",inflammatory,ONO-AE3-208,1,36438844,5,9854,0.1033096497229062,NO,0
"The KRGE-stimulated BVR-A-LKB1-SIRT1-ERRalpha pathway regulates the levels of mitochondria-localized proteins such as SIRT5, translocase of the outer mitochondrial membrane 20 (Tom20), Tom22, cytochrome c (Cyt c), and superoxide dismutase 2 (SOD2).",ERRalpha,superoxide dismutase 2,0,36139815,9,5252,0.8261671048396676,YES,1
"The polymorphisms suitable for meta-analysis were CCND1 (rs17852153), COX2 (rs20417), EGF (rs4444903), EGFR (rs712829, rs11543848, 3'UTR CA repeat), FCGR2A (rs1801274), FCGR3A (rs396991), IL8 (rs4073), KRAS (rs61764370) and VEGFA (rs3025039).",IL8,KRAS,0,27897268,19,382,0.0004513974703555,NO,0
Extracellular lipid accumulation was investigated via Oil Red O staining.,lipid,Oil Red O,0,36559664,2,10856,0.7231889805057556,YES,1
"Using S-proteins of two different SARS-CoV-2 variants (Wuhan and Delta), we demonstrate that exposure of HLMEC or neutrophils to S-proteins, co-culture of HLMEC exposed to S-proteins with non-exposed neutrophils, or co-culture of neutrophils exposed to S-proteins with non-exposed HLMEC induced transcriptional upregulation of tissue factor (TF), significantly increased the expression and secretion of factor (F)-V, thrombin, and fibrinogen and inhibited tissue factor pathway inhibitor (TFPI), the primary regulator of the extrinsic pathway of blood coagulation, in both cell types.",tissue factor,tissue factor pathway inhibitor,0,36142345,9,13565,0.7379511018557834,YES,1
"KLF4 is supposed to play a critical role in DR4/DR5 expression and responses to TRAIL and cisplatin, whereas Nanog is only implicated in the former events only.",TRAIL,Nanog,1,36661504,6,11551,0.0095357120523186,NO,0
"The addition of three variants, namely PTGS2 rs4648268, PTGES3 rs2958155 and PTGES3 rs11300958, to a predictive model for CV events containing classic risk factors in nephrosclerosis patients, significantly enhanced its statistical power (AUC value increased from 78.6 to 87.4%, p = 0.0003).",rs4648268,rs2958155,0,36690661,7,11820,0.2180335403223337,NO,0
Recently two other 3G EGFR TKIs (aumolertinib and furmonertinib) have been approved in China for treatment of EGFR T790M+ NSCLC.,EGFR,furmonertinib,1,36317157,5,8073,0.7843297508647245,YES,1
"Thus, the potential associations of KCNJ11 and ABCC8 single nucleotide polymorphisms (SNPs) with T2DM were investigated in a Kinh Vietnamese population.",KCNJ11,ABCC8,0,36401380,3,9116,0.0489323366769584,NO,0
"A cross-sectional study consisting of 404 subjects including 202 T2DM cases and 202 non-T2DM controls was designed to examine the potential associations of 4 KCNJ11 and ABCC8 SNPs (rs5219, rs2285676, rs1799859, and rs757110) with T2DM.",rs2285676,rs1799859,0,36401380,8,9129,0.0016504488830816,NO,0
"Finally, treatment with the PARP inhibitor olaparib plus AVB-500 led to decreased ovarian cancer-cell survival in vitro and less tumor burden in vivo.",AVB-500,ovarian cancer,1,34670865,5,13311,0.8840962772168846,YES,1
"Treatment of ERK inhibitor U0126 or PI3K inhibitor wortmannin decreased p-CREB, BDNF and BCL2 in these cells, implying that the neuroprotective effects of LMDS-1/2 are via activating TRKB downstream ERK, PI3K-AKT and CREB signaling.",BCL2,TRKB,0,36361524,10,8439,0.4622105931278668,NO,0
"ATR-MET-induced-testicular toxicity (reduced sperm motility, count, and daily sperm production and increased live/dead ratio) was accompanied with testicular oxidative stress (diminished level of reduced glutathione, activities of glutathione-S-transferase, superoxide dismutase and catalase and increased level of malondialdehyde).",ATR-MET,malondialdehyde,1,36262065,7,7088,0.8880717986945402,YES,1
"It reduced the lipopolysaccharide (LPS)-induced production of pro-inflammatory factors, including interleukin-1beta (IL-1beta), IL-6, tumor necrosis factor-alpha (TNF-alpha), and nitric oxide (NO), and the expression of inducible NO synthase and cyclooxygenase-2.",IL-6,nitric oxide,0,36142500,7,13658,0.12568265519361,NO,0
"MMTT analysis showed that probands with variants in MC4R, CASP10, TMPRSS6, HGFAC, and SLC5A1 (c.1415T>C) had sufficient residual beta-cell function with stimulated C-peptide (CP) >200 pmol/L. Seven individuals with variants in RFX2, RREB1, GCKR, DACH1, ZBED3 and SLC5A1 (c.1415T>C, and c.932A>T) presented with complete beta-cell failure.",TMPRSS6,RREB1,0,36585034,14,16312,0.0146253787252736,NO,0
"Four novel QDPR variants [c.714dup or p.(Leu239Thrfs*44), c.106-1G>T or p.(?), c.214G>T or p.(Gly72*), and c.187_189dup or p.(Gln63dup)] were identified.",c.714dup,p.(Gly72*),0,36313470,8,7905,0.0881878496599411,NO,0
"Finally, in a cohort of patients with psoriasis receiving anti-IL-17A treatment, a positive correlation was found between the expression of NFKBIZ and IL36G. In conclusion, these data reveal a novel crucial regulatory mechanism by which TNFalpha and IL-17A regulate IL-36gamma expression.",IL-17A,IL36G,1,33491092,6,1427,0.8991078613881572,YES,1
To explore the influence of B7-H4 polymorphism on the prevalence of diabetes mellitus (DM) and dyslipidemia in psoriasis.,B7-H4,dyslipidemia,1,36362461,4,8488,0.4349979104267555,NO,0
"Activated SGK3 can activate ion channels (TRPV5/6, SOC, Kv1.3, Kv1.5, Kv7.1, BKCa, Kir2.1, Kir2.2, ENaC, Nav1.5, ClC-2, and ClC Ka), carriers and receptors (Npt2a, Npt2b, NHE3, GluR1, GluR6, SN1, EAAT1, EAAT2, EAAT4, EAAT5, SGLT1, SLC1A5, SLC6A19, SLC6A8, and NaDC1), and Na+/K+-ATPase, promoting the transportation of calcium, phosphorus, sodium, glucose, and neutral amino acids in the kidney and intestine, the absorption of potassium and neutral amino acids in the renal tubules, the transportation of glutamate and glutamine in the nervous system, and the transportation of creatine.",SLC6A19,calcium,0,36531961,37,15080,0.3009274439404286,NO,0
"In this study, we aimed to investigate effects of the TIMP3 -1296 T > C (rs9619311) and -915 A > G (rs2234921) single-nucleotide polymorphisms (SNPs) on skin cancer risk in an arsenic-exposed population, and to evaluate the influence of allele-specific changes by an in silico analysis.",skin cancer,arsenic,1,36499314,5,10169,0.4702702151343317,NO,0
"PTHrP targets salt-inducible kinases, HDAC4 and HDAC5, to repress chondrocyte hypertrophy in the growth plate.",PTHrP,HDAC5,1,33148508,4,888,0.9880979263327696,YES,1
"Human PANK1, PANK2, and PANK3 genes encode several pantothenate kinase isoforms that catalyze the phosphorylation of vitamin B5 (pantothenic acid) to phosphopantothenate, a critical step in the biosynthesis of the major cellular cofactor, Coenzyme A (CoA).",PANK3,phosphopantothenate,1,36613877,8,11172,0.8066764996648244,YES,1
"Five other known variants: c.535T>C (p.(Trp179Arg), RNA not analyzed) in exon 8, c.787G>A (p.(Val263Met), RNA not analyzed) in exon 12, c.847G>A (p.(Glu283Lys), RNA not analyzed) in exon 13, c.910C>T (p.(Arg304Trp), RNA not analyzed) in exon 13, and c.1168G>A (p.(Gly390Arg), RNA not analyzed) in exon 15, were found in Lebanese, Syrian, and Iraqi families, and were associated with diverse clinical presentations.",c.535T>C,c.787G>A,0,36680390,5,11653,0.0175204765677494,NO,0
A mechanical study demonstrated that Rab31 modulated IVIG response through NLRP3 and p38 pathways.,IVIG,NLRP3,0,36329997,4,8168,0.8302508403037719,YES,1
"Characterization of PDE4DIPA123T in vitro suggested impaired compartmentalization of PKA and PDE4D characterized by reduced colocalization with PDE4D, increased cAMP activation leading to higher PKA phosphorylation of the beta2-adrenergic-receptor, and decreased PKA phosphorylation of desmin after isoproterenol stimulation.",beta2-adrenergic-receptor,desmin,0,34289528,8,2241,0.0007374352899006,NO,0
"Activated SGK3 can activate ion channels (TRPV5/6, SOC, Kv1.3, Kv1.5, Kv7.1, BKCa, Kir2.1, Kir2.2, ENaC, Nav1.5, ClC-2, and ClC Ka), carriers and receptors (Npt2a, Npt2b, NHE3, GluR1, GluR6, SN1, EAAT1, EAAT2, EAAT4, EAAT5, SGLT1, SLC1A5, SLC6A19, SLC6A8, and NaDC1), and Na+/K+-ATPase, promoting the transportation of calcium, phosphorus, sodium, glucose, and neutral amino acids in the kidney and intestine, the absorption of potassium and neutral amino acids in the renal tubules, the transportation of glutamate and glutamine in the nervous system, and the transportation of creatine.",ClC-2,phosphorus,0,36531961,37,14836,0.3094718187218764,NO,0
"Mechanistically, cultured PA smooth muscle cells from obese rats and humans with diabetes or treated with palmitic acid, glucose, and insulin showed increased mitochondrial reactive oxygen species, which enhanced miR-193b-dependent RNA degradation of nuclear factor Y alpha subunit (NFYA), resulting in decreased sGCbeta1-cGMP signaling.",nuclear factor Y alpha subunit,cGMP,0,34157861,12,12953,0.5354749862062087,YES,1
"The genotypes rs12025144 and rs2066398 in B7-H4 were correlated with a higher prevalence of DM and dyslipidemia in psoriasis, respectively.",rs2066398,psoriasis,1,36362461,6,8531,0.8301356422217013,YES,1
"Also identified that TNF-alpha, IL-6beta, and visfatin releases were found in co-cultured with conditioned medium of ET-1/C2C12 in 3T3-L1 cells.",visfatin,ET-1,0,35468098,6,3735,0.565105732571615,YES,1
"Transcription factor analysis of these 23 super-enhancer-controlled genes related to glucose metabolism was performed, and 20 transcription factors were obtained, of which KLF12, ZNF281 and RELA had a significant prognostic impact.",KLF12,RELA,0,36121916,4,4991,0.0824846407454518,NO,0
"TNF-alpha and IL-1beta levels were decreased, but IL-4, IL-10, IL-13, cyclin D1, and PCNA levels were increased in pregnant women with preeclampsia after using progesterone.",IL-10,preeclampsia,1,36593749,10,15268,0.7129445782900148,YES,1
"Effects of 15 torsadogenic hERG blocking drugs (astemizole, chlorpromazine, cisapride, droperidol, ibutilide, dofetilide, haloperidol, moxifloxacin, pimozide, quinidine, risperidone, sotalol, sertindole, terfenadine, and thioridazine) were assessed by telemetry in beagle dogs.",hERG,terfenadine,1,35751378,17,3908,0.897969774516817,YES,1
"BACKGROUND: Mutations in RAS (KRAS, NRAS) and BRAF genes are the main biomarker predicting response to anti-EGFR monoclonal antibodies in targeted therapy in colorectal cancer (CRC).",NRAS,BRAF,1,36444585,6,9938,0.1539298656262731,NO,0
"Overall, we report six genetic variants of ADIPOQ, FTO and LEPR genes as obesity-risk markers and a CETP gene variant as lean mass/obesity protective marker in studied Pakistani cohort.",FTO,LEPR,0,36126070,5,5101,0.046929641429016,NO,0
"Genomes recovered from two placentas belong to the B.1.1.28 and B.1.1.33 lineages and present nonsynonymous mutations associated with virus fitness and infectivity; other not frequently reported mutations (B.1.1.33: NSP3 V2090G, M A2S and ORF3ab S253P and Y264N; B.1.1.28: NSP3 E995D, NSP12 R240K, NSP14H1897Y and in ORF7b V21F) were found in proteins involved in viral replication, viral induction of apoptosis, viral interference on interferon and on NF-Kappabeta pathways.",V2090G,Y264N,0,35123044,14,3078,0.0928888974625308,NO,0
"ATP stimulation induced TWIK2 expression in the plasma membrane of LPS-primed BMDMs, and inhibition of S1PR3 impeded the membrane expression of TWIK2 induced by ATP.",TWIK2,LPS,0,36798132,4,16549,0.1230059039267,NO,0
"Patients with the hotspot H1047R, R88Q, E542K, and G118D variants comprised a subset (n = 41) for epilepsy phenotyping.",G118D,epilepsy,1,34102393,6,1927,0.7434083778477949,YES,1
"Further, knockdown of FoxP1 in lung epithelial cells by RNA interference led to increased mRNA levels for matrix metalloproteinases 1, 2, 3 and pro-inflammatory cytokines IL-6 & IL-8, as well as reduced cell viability after exposure to cigarette smoke-all processes implicated in the pathogenesis of COPD and IPF.",FoxP1,IL-8,1,36221131,7,6553,0.9256209213055204,YES,1
"Fenretinide via NOXA Induction, Enhanced Activity of the BCL-2 Inhibitor Venetoclax in High BCL-2-Expressing Neuroblastoma Preclinical Models.",Fenretinide,Neuroblastoma,1,31484706,5,574,0.9036479984104308,YES,1
"Through a Connectivity Map (CMap) analysis, we revealed that certain drugs/molecules, including omeprazole, methacholine chloride, ioversol, fulvestrant, difenidol, cycloserine, and MK-801, may serve as potential treatments for tamoxifen-resistant breast cancer patients.",omeprazole,fulvestrant,0,36619229,10,11285,0.0004122897690898,NO,0
"We validated that the C allele of rs9619311 attenuated the binding affinity of BACH2, MEIS2, NFE2L2, and PBX2 to the TIMP3 promoter, and that the G allele of rs2234921 reduced the affinity of E2F8 and RUNX1 to bind to the promoter.",rs9619311,rs2234921,0,36499314,9,10177,0.001248842944687,NO,0
"In addition to cAMP, calcium and protein kinase C participated in P2Y11 signaling.",cAMP,protein kinase C,0,36107259,4,4967,0.2168921330921182,NO,0
"We identified one new risk variant rs61204179 (Pcombined = 1.47 x 10-9) with low allele frequency, four previously reported risk variants (NUCKS1/RAB29-rs11557080, SNCA-rs356182, FYN-rs997368, and VPS13C-rs2251086), as well as three risk variants in LRRK2 coding region (A419V, R1628P, and G2385R) with genome-wide significance (P < 5 x 10-8) for PD in Chinese population.",rs356182,PD,1,36759515,15,12231,0.9919927910207303,YES,1
"The aPD-L1 collaborated with TAK228 restrains melanoma cell-intrinsic PD-1: PD-L1 tumorigenic interaction via blocking melanoma-PD-L1 ligand and the melanoma-PD-1 receptor-driven mTOR signaling; corresponding downregulation of mTOR downstream protumorigenic cellular MYC and proangiogenic hypoxia-inducible factor 1-alpha is conducive to preventing tumorigenesis and angiogenesis, respectively.",TAK228,MYC,1,36203954,7,6376,0.8538085441925943,YES,1
"Effects of 15 torsadogenic hERG blocking drugs (astemizole, chlorpromazine, cisapride, droperidol, ibutilide, dofetilide, haloperidol, moxifloxacin, pimozide, quinidine, risperidone, sotalol, sertindole, terfenadine, and thioridazine) were assessed by telemetry in beagle dogs.",hERG,thioridazine,1,35751378,17,3909,0.8468427566867136,YES,1
"In HAEnCI patients mutations have been identified in the F12, PLG, KNG1, ANGPT1, MYOF, and HS3ST6 genes.",KNG1,ANGPT1,0,36685169,8,11748,0.00070586427412,NO,0
"The cAMP-binding effector, exchange protein activated by cAMP 1 (Epac1), which is known to induce SOCS3, differentially regulated the P2Y11/IL-1R response because pharmacological Epac1 inhibition enhanced sTNFR2 and CCL20 release, but had no effect on VEGF secretion.",cAMP,CCL20,0,36107259,8,4943,0.3727563441180844,NO,0
Thrombomodulin blocked S-protein-induced expression and secretion of fibrinogen but had no effect on S-protein-induced expression of Factor-V or thrombin.,Thrombomodulin,thrombin,0,36142345,5,13601,0.2233633571177911,NO,0
Klotho deficiency-induced arterial calcification is an active process that involves the osteoblastic transition of SMCs and activation of the BMP2-RUNX2 signaling.,arterial calcification,BMP2,0,34368951,4,2310,0.972074339593636,YES,1
"The results showed that the levels of gene and protein catalyzing lipogenesis were increased (SREBP1, ACC1 and FAS), while those catalyzing lipolysis were decreased (ATGL, HSL and ZAG), accompanied by dyslipidemia, insulin resistance and hepatic fat accumulation, and there were higher expression of TLR4 and NF-kappaB protein and lower expression of ERalpha protein in liver, and increased serum IL-17 and TNF-alpha levels in fructose and/or BPA exposed rats compared with controls.",SREBP1,NF-kappaB,0,31661889,16,12680,0.0299922537204609,NO,0
"Serum butyric acid, 2-hydroxybutyric acid, l-glutamic acid, l-phenylalanine, l-serine, l-lactic acid, and cholesterol were enriched in COVID-19 and COVID-19-like patients versus HCs.",cholesterol,COVID-19,1,33662365,9,1603,0.9960578608417392,YES,1
We further elucidate a trancrptional mechanism controlling HMGB2 mRNA expression by nuclear receptor SHP and transcription factor E2F1.,HMGB2,E2F1,1,29218329,3,461,0.9624990491985372,YES,1
"Guanosine reversed IMPDH1 expression in HCCC-9810 cells, promoting the secretion of inflammatory factors IL-6, IL-8, OPN, VEGF, and VCAM-1 and intensifying epithelial-mesenchymal transition (EMT) progression in the cells.",Guanosine,VEGF,1,36711025,9,11912,0.7690477302915707,YES,1
"More specifically, we demonstrated the polarization of HMC3 cells through the upregulation of iNOS expression and nitrite production in response to the Parkinson's like stimuli, 6-hydroxidopamine (6-OHDA) and 1-methyl-4-phenyl-1,2,3,6-tetrahydropyridine (MPTP), the latter depending on the NF-kappaB pathway.",Parkinson's,NF-kappaB,0,36523814,7,10423,0.095075281389401,NO,0
"We screened the mutations of del69-70, E484K, E484Q, D614G, L452R, and T478K in 100 cases from SARS-COV-2 positive patients in Kurdistan- Iran population.",E484K,L452R,0,35271889,8,3358,0.0016886634077783,NO,0
"Dapagliflozin slowed the migration rate of HFrEF fibroblasts in a dose-dependent manner and markedly decreased the expression of IL-1beta, IL-6, MMP3, MMP9, GAL3, and FN1. SGLT2i",HFrEF,IL-1beta,1,36303443,8,13809,0.1413609657834559,NO,0
"Furthermore, ATR-MET induced cardiovascular toxicity (increased levels of plasma total cholesterol, HDL-cholesterol, LDL-cholesterol, and triglycerides) with concomitant induction of renal toxicity (increased plasma creatinine and urea levels), and hepatotoxicity (increased plasma bilirubin, alkaline phosphatase, acid phosphatase, alanine aminotransferase and aspartate aminotransferase).",triglycerides,creatinine,0,36262065,13,7136,0.2123994599248768,NO,0
"Here, we have analysed the proportional expression patterns of TLR2 and TLR4 on the surface of CD3+, CD4+, CD8+, CD19+ and CD161+ lymphocytes and CD14+ monocytes in different groups of leprosy patients.",TLR2,CD14,0,36419668,10,9341,0.2783851494571121,NO,0
"Upregulation of IL-1 receptor (IL-1R) and its known downstream effectors VEGF, CCL20 and SOCS3 as well as downregulation of the ATP-degrading ecto-ATPase CD39 emerged as hallmarks of P2Y11 activation.",VEGF,P2Y11,1,36107259,6,4897,0.9186283252732044,YES,1
N-acylethanolamine regulation of TLR3-induced hyperthermia and neuroinflammatory gene expression: A role for PPARalpha.,hyperthermia,PPARalpha,0,34265624,5,13119,0.7837118767219641,YES,1
"However, no association was found between AT2R-1675A/G polymorphism and susceptibility to PE.",-1675A/G,PE,0,36397318,3,9046,0.6359747234004863,YES,1
"Immune and genomic profiling were obtained to guide systemic treatment, showing a PD-L1 score of 2% and FGFR2V395D and SMOW535L mutations.",V395D,W535L,0,35761436,5,4110,0.0376445501355676,NO,0
These dietary factors tended to have a larger and significant effect on fibrosis severity among rs738409 G-allele carriers.,fibrosis,rs738409,1,33306506,2,1103,0.7888251870383013,YES,1
"Both in vivo and in vitro assays demonstrated that C/EBPbeta knockdown significantly suppressed CCI- or LPS/ATP-induced Clec7a upregulation, and subsequently reduced Syk, ERK and JNK phosphorylation, NLRP3 oligomerization, caspase-1 activation, GSDMD expression and pyroptosis, which were markedly reversed by the co-transfection of Clec7a expression vector.",C/EBPbeta,Syk,1,36503542,11,14199,0.8375104137225482,YES,1
"These mutations did not interfere with the formation of an ELMO3/DOCK1 complex, but markedly impaired the ability of the complex to promote RAC1-GTP-loading.",ELMO3,RAC1,1,33660564,4,1569,0.8542097103644932,YES,1
"Activated SGK3 can activate ion channels (TRPV5/6, SOC, Kv1.3, Kv1.5, Kv7.1, BKCa, Kir2.1, Kir2.2, ENaC, Nav1.5, ClC-2, and ClC Ka), carriers and receptors (Npt2a, Npt2b, NHE3, GluR1, GluR6, SN1, EAAT1, EAAT2, EAAT4, EAAT5, SGLT1, SLC1A5, SLC6A19, SLC6A8, and NaDC1), and Na+/K+-ATPase, promoting the transportation of calcium, phosphorus, sodium, glucose, and neutral amino acids in the kidney and intestine, the absorption of potassium and neutral amino acids in the renal tubules, the transportation of glutamate and glutamine in the nervous system, and the transportation of creatine.",Npt2a,Npt2b,0,36531961,37,14867,0.0083561112601831,NO,0
"TNF, IL6, IL1B, CXCL8, CCL2, IL2, IL4, ICAM1, IFNG, and IL10 has been predicted as key targets.",IFNG,IL10,0,36388945,10,8885,0.000259896493531,NO,0
"Using NCI-H838 cells, neurotensin or neurotensin8-13 but not neurotensin1-8 increased EGFR, ERK and HER2 tyrosine phosphorylation which was blocked by SR48692.",EGFR,SR48692,1,31614143,6,12492,0.8150826044907575,YES,1
"A significant (p < 0.05) decline in glutathione peroxidase (GPx), superoxide dismutase (SOD,) glutathione, and catalase levels and an elevation in malondialdehyde level in the BPA group confirmed the generation of oxidative stress and lipid peroxidation in experimental mice exposed to BPA.",glutathione peroxidase,lipid,0,36432690,8,9750,0.158936198536444,NO,0
"Herein, we show that upregulation of CDK6, p-CDK2, and/or cyclin E1 is associated with adaptation and resistance to AI-monotherapy and combined CDK4/6i and ET in ER+ advanced breast cancer.",CDK2,breast cancer,1,36153348,6,5667,0.7177058910761606,YES,1
Metabolic Syndrome Mediates ROS-miR-193b-NFYA-Dependent Downregulation of Soluble Guanylate Cyclase and Contributes to Exercise-Induced Pulmonary Hypertension in Heart Failure With Preserved Ejection Fraction.,miR-193b,NFYA,1,34157861,7,12882,0.9489398382219152,YES,1
"The neuromodulator adenosine accumulates extracellularly during ischaemia and activates four metabotropic receptors: A1 , A2A , A2B and A3 .",ischaemia,A3,1,35817954,6,4247,0.1677132579920703,NO,0
Topical administration of fisetin in an imiquimod (IMQ)-induced mouse psoriasis model exhibited a better effect than rapamycin in reducing psoriasis-like inflammation and Akt/mTOR phosphorylation and promoting keratinocyte differentiation and autophagy in mice skin lesions.,fisetin,imiquimod,0,36741386,9,12110,0.2072973470278046,NO,0
"Spontaneous excitatory post-synaptic current (sEPSC) analysis in MSNs revealed that the A2A receptor agonist CGS21680 (1 muM) prevented OGD-induced decrease of sEPSCs within the first 5 min of the insult, an effect shared by the K+ channel blocker Ba2+ , indicating facilitated glutamate release.",CGS21680,glutamate,0,35817954,4,4269,0.9449486605664644,YES,1
"We showed that activation of the mitochondrial ClpP protease by mutant ClpP (Y118A) or through utilization of second-generation imipridone compounds (ONC206 and ONC212) in combination with genetic interference of HDAC1 and HDAC2 as well as with global (panobinostat) or selective (romidepsin) HDAC inhibitors caused synergistic reduction of viability in GBM model systems, which was mediated by interference with tricarboxylic acid cycle activity and GBM cell respiration.",ONC206,HDAC2,0,35417530,12,3571,0.8440083935211427,YES,1
"The expression levels of adipogenesis- and inflammation-associated proteins, including CCAAT/enhancer-binding protein (C/EBP)-alpha, inducible nitric oxide synthase (iNOS), C/EBPbeta, peroxisome proliferator-activated receptor gamma (PPARgamma), and cyclooxygenase-2 (COX-2), were determined via Western blotting.",peroxisome proliferator-activated receptor gamma,cyclooxygenase-2,0,36559664,6,10871,0.0002199114991927,NO,0
We hypothesized that RGMb may play a role in GvHD and IBD pathogenesis by contributing to mucosal inflammation.,RGMb,GvHD,1,36420263,4,9391,0.975612734868252,YES,1
PNPLA3(I148M) Inhibits Lipolysis by Perilipin-5-Dependent Competition with ATGL.,PNPLA3,ATGL,1,36611868,4,11114,0.9571470420476426,YES,1
Statin prevents cancer development in chronic inflammation by blocking interleukin 33 expression.,cancer,interleukin 33,1,36711701,4,11962,0.8536982878051346,YES,1
Metabolic Syndrome Mediates ROS-miR-193b-NFYA-Dependent Downregulation of Soluble Guanylate Cyclase and Contributes to Exercise-Induced Pulmonary Hypertension in Heart Failure With Preserved Ejection Fraction.,Soluble Guanylate Cyclase,Heart Failure,0,34157861,7,12890,0.6550091392677859,YES,1
"Our study supports the clinical development of therapeutic strategies co-targeting ER, CDK4/6 and CDK2 following progression on AI-monotherapy or combined CDK4/6i and ET to improve survival of patients exhibiting high tumor levels of CDK6, p-CDK2, and/or cyclin E1.",tumor,CDK6,0,36153348,7,5704,0.506769487041146,YES,1
"Administrative databases in Alberta, Canada were used to evaluate EGFR testing and mutation prevalence in de novo metastatic NSCLC, as well as the characteristics, treatment patterns, and outcomes of individuals with Exon 19, L858R and Exon20ins mutations.",EGFR,NSCLC,1,36290844,4,7378,0.718415088520188,YES,1
"While multiple inflammatory cytokines are produced by innate immune cells during SARS-CoV-2 infection, we found that only the combination of TNF-alpha and IFN-gamma induced inflammatory cell death characterized by inflammatory cell death, PANoptosis.",inflammatory,IFN-gamma,1,33278357,4,974,0.187060841893057,NO,0
"Guanosine accelerated the malignant progression of ICC inhibition of purine metabolism-related genes, PPAT and IMPDH2, suppressed the malignant phenotype in HCCC-9810 cells, and inhibited tumor growth.",PPAT,IMPDH2,0,36711025,7,11956,0.2762041405943737,NO,0
"Together, aggregation of pT12-WWOX may link to TPC6ADelta aggregation for AD progression, with TPC6ADelta aggregation being a common initiator for AD and PD progression.",WWOX,AD,1,36498839,4,14142,0.7290515681015945,YES,1
Association of CYP2R1 and VDR Polymorphisms with Metabolic Syndrome Components in Non-Diabetic Brazilian Adolescents.,CYP2R1,Diabetic,1,36364874,4,8553,0.0009267864813507,NO,0
"With regard to white patterning, nine horses homozygous for the paired box 3 (PAX3) splashed white 2 (SW2) allele (p.C70Y) and six horses homozygous for the KIT proto-oncogene, receptor tyrosine kinase (KIT) sabino 1 (SB1) allele (ECA3g.79544206A>T) were identified, thus determining they are rare and confirming that homozygosity for SW2 is not embryonic lethal.",p.C70Y,embryonic lethal,0,36140807,6,5350,0.2253784867573855,NO,0
"Association of MARC1, ADCY5, and BCO1 Variants with the Lipid Profile, Suggests an Additive Effect for Hypertriglyceridemia in Mexican Adult Men.",ADCY5,BCO1,0,36233117,6,6846,0.6785921092604598,YES,1
"Activating alpha7nAChR reduced maximal aortic diameters, preserved elastin integrity and decreased inflammatory responses in ApoE-/- mice with Ang II infusion.",alpha7nAChR,ApoE,0,35217818,5,3314,0.0404411391147012,NO,0
"Patients with melanoma that progresses on ipilimumab and, if BRAF(V600) mutant-positive, a BRAF or MEK inhibitor or both, have few treatment options.",melanoma,MEK,1,26115796,5,12376,0.6732529743711653,YES,1
Ser49Gly Beta1-Adrenergic Receptor Genetic Polymorphism as a Death Predictor in Brazilian Patients with Heart Failure.,Ser49Gly,Heart Failure,1,32491001,5,16578,0.9403322713049572,YES,1
"Silencing WWOX to mimic low WWOX protein expression in HCC in patients with the WWOX-rs13338697-GG genotype, enhanced HIF1A increment under hypoxia, further decreased ASS1, and increased cell susceptibility to ADI-PEG 20.",HCC,ASS1,1,36530994,8,14390,0.4423725912373931,NO,0
"High-carbohydrate (% of energy/d) intake was positively associated (adjusted [Adj] odds ratio [OR]: 1.03, P < 0.01), whereas higher n-3 polyunsaturated fatty acids (n-3 PUFAs) (g/d)",carbohydrate,n-3 polyunsaturated fatty acids,0,33306506,2,1069,0.1452360239629609,NO,0
"Effects of 15 torsadogenic hERG blocking drugs (astemizole, chlorpromazine, cisapride, droperidol, ibutilide, dofetilide, haloperidol, moxifloxacin, pimozide, quinidine, risperidone, sotalol, sertindole, terfenadine, and thioridazine) were assessed by telemetry in beagle dogs.",dofetilide,pimozide,0,35751378,17,3972,0.0007698438563152,NO,0
Epithelial chemerin-CMKLR1 signaling restricts microbiota-driven colonic neutrophilia and tumorigenesis by up-regulating lactoperoxidase.,CMKLR1,lactoperoxidase,1,35858331,4,4402,0.778236732429163,YES,1
"Relative to control, 10muM THC and 10muM CBD reduced mRNA levels of milk proteins (CSN2 and WAP), lipid synthesizing and glucose transport markers (GLUT 1, HK2, FASN, FABP4, PLIN2 and LPL), as well as whey acidic protein and lipid levels.",CSN2,glucose,0,35976913,12,4637,0.0785734230071871,NO,0
"The aim of this meta-analysis is to investigate the association between Angiotensin II type 1 receptor (AT1R)-1166A/C, Angiotensin II type 2 receptor (AT2R)-1675A/G polymorphisms and susceptibility to preeclampsia (PE).",Angiotensin II type 1 receptor,preeclampsia,1,36397318,5,9038,0.8383934629588841,YES,1
Cancers for which disease control on single-agent SNX-5422 maintenance was observed were enriched for oncogene-driven NSCLCs.,SNX-5422,NSCLCs,1,34655925,3,2614,0.9458395233331452,YES,1
"We further show that TWEAK enhances spheroid formation ability, asymmetric division capacity, and expression of SOX2 and EMT genes VIM and ZEB1 in ovarian cancer cells, phenotypes that are enhanced when TWEAK is combined with carboplatin.",VIM,carboplatin,1,36214671,6,6526,0.2756120663344595,NO,0
"We report a case of reinfection by SARS-CoV-2 with the second virus harboring amino acid changes in the Spike protein (141-143del, D215A, ins215AGY, L452R, D614G), orf1a, helicase, orf3a, and Nucleocapside.",141-143del,ins215AGY,0,34107326,10,1992,0.1356346690363531,NO,0
"Oxidative stress variables (ROS, nitrite, TBARS, SOD, catalase) and inflammatory markers (TNF-alpha, and IL-1beta), which were altered on Cu exposed rats, also responded favorably to ALA+ MiADMSA",ROS,inflammatory,0,36548551,12,10604,0.0109844653839403,NO,0
PD-L1 Gene Polymorphisms rs822336 G>C and rs822337 T>A: Promising Prognostic Markers in Triple Negative Breast Cancer Patients.,PD-L1,Triple Negative Breast Cancer,1,36295559,5,7423,0.9147807846967824,YES,1
These expanded the mutational spectrum of the CHD7 gene and the phenotype of CS.,CHD7,CS,1,35938004,2,4558,0.9384718792941518,YES,1
"In HAEnCI patients mutations have been identified in the F12, PLG, KNG1, ANGPT1, MYOF, and HS3ST6 genes.",KNG1,HS3ST6,0,36685169,8,11750,0.0019152841336062,NO,0
"Effects of 15 torsadogenic hERG blocking drugs (astemizole, chlorpromazine, cisapride, droperidol, ibutilide, dofetilide, haloperidol, moxifloxacin, pimozide, quinidine, risperidone, sotalol, sertindole, terfenadine, and thioridazine) were assessed by telemetry in beagle dogs.",astemizole,risperidone,0,35751378,17,3919,0.003872433157783,NO,0
Forced NYFA expression by adeno-associated virus 6 delivery increased sGCbeta1 levels and improved exercise pulmonary hypertension in obese+sugen rats.,sGCbeta1,sugen,0,34157861,6,12961,0.0078869927285574,NO,0
"The half-life of the Bax protein was determined by performing the site-directed mutagenesis of putative ubiquitination sites on Bax (K128R, K189R, and K190R).",K128R,K190R,0,36361894,4,8475,0.0508797295603561,NO,0
IL-24 enhanced IL-17A production in bronchial epithelial cells via the STAT3 and ERK1/2 signaling pathways; this effect was reversed by exogenous IL-37.,IL-24,IL-37,1,36174993,5,16106,0.9126688953521912,YES,1
"The levels of glucose, total protein (TP), total cholesterol (TC), and the proinflammatory cytokines interleukin (IL)-1beta, IL-6 and tumor necrosis factor (TNF)-alpha in blood were examined, and we then detected glycogen and adenosine triphosphate (ATP) content, phosphofructosekinase-1 (PFK1) and glucose-6-phosphate dehydrogenase (G6PDH) activity, glucose transporter (GLUT)1, GLUT4, sodium/glucose cotransporter (SGLT)1 and citrate synthase (CS) protein expression and autophagy levels in circulating neutrophils.",cholesterol,IL-6,0,36174980,13,5866,0.0004485961487477,NO,0
"To explore the association between TPO rs2048722, PTCSC2 rs925489, SEMA4G rs4919510 polymorphisms and THCA susceptibility in Chinese population.",rs4919510,THCA,1,36737753,7,12020,0.8135166280382701,YES,1
"These findings reveal that iNOS selectively licenses programmed cell death, which may explain how nitric oxide impacts disease severity in SARS-CoV-2 infection and other iNOS-associated inflammatory conditions.",nitric oxide,SARS-CoV-2 infection,1,35139355,4,3160,0.8573388280399431,YES,1
"Furthermore, CALCB increases ERK1/2 phosphorylation in a time-dependent manner in RUASM, and the protective effect of CALCB on TNFalpha-induced inhibition of CALCRL/RAMP1 associations was significantly blocked in presence of ERK inhibitor (PD98059).",RAMP1,ERK,0,27784654,7,280,0.3581008516144938,NO,0
"This study aimed to analyze the association of single nucleotide polymorphisms (SNPs) rs2642438, rs56371916, and rs6564851 on MARC1, ADCY5, and BCO1 genes, respectively, with the lipid profile in a cohort of Mexican adults.",MARC1,ADCY5,0,36233117,7,6864,0.0002621350975917,NO,0
"This pre-clinical investigation reveals that C/EBPbeta-Clec7a axis may be a potential target for relieving neuropathic pain through alleviating neuroinflammation, paving its way for clinical translation as a promising approach for neuropathic pain therapy.",Clec7a,neuropathic pain,1,36503542,4,14253,0.9387769654555808,YES,1
We performed genomic analyses of pretreatment specimens as well as specimens obtained at the time of disease progression from patients with CLL who had been treated with the noncovalent BTK inhibitor pirtobrutinib.,BTK,pirtobrutinib,1,35196427,4,3281,0.9045396233715668,YES,1
"Beyond these mutations, germline or somatic aberrations in genes of the homologous recombination (HR) pathway such as RAD51B/C/D, PALB2, ATM, BRIP1 may confer an HR deficiency in up to 50% of ovarian tumors.",ATM,BRIP1,0,36531003,6,14439,0.0268814628648564,NO,0
"For both orthosteric (L205R and W196R) and allosteric (E31V) Cushing's syndrome mutants, the loss of binding cooperativity is proportional to the density of the intramolecular allosteric network.",E31V,Cushing's syndrome,1,34224748,4,2076,0.8657364559928302,YES,1
"MET amplification upregulates CD73 to suppress tumor cell STING induction and T-cell responsiveness in TKI-resistant, EGFR-mutated lung cancer, identifying a strategy to enhance immunogenicity and improve treatment.",STING,EGFR,1,36066413,6,4848,0.0337625964758028,NO,0
"Serum levels of total cholesterol (TC), triglycerides (TG), lipoprotein (a) (LP(a)), high-density lipoprotein cholesterol (HDL-C), low-density lipoprotein (LDL), apolipoprotein A1 (ApoA1), and apolipoprotein B (ApoB) were measured at baseline and week 12.",lipoprotein (a),apolipoprotein B,0,36362461,7,8505,4.942921439797674e-05,NO,0
"Fenretinide via NOXA Induction, Enhanced Activity of the BCL-2 Inhibitor Venetoclax in High BCL-2-Expressing Neuroblastoma Preclinical Models.",BCL-2,Venetoclax,1,31484706,5,578,0.9680314079448052,YES,1
"Families with at least three members and at least one confirmed carrier of a pathogenic or likely pathogenic variant in a DNA mismatch repair gene (MLH1, MSH2, MSH6, or PMS2) were included.",MLH1,MSH6,0,34111421,4,2007,0.0014231663436257,NO,0
"Genetic variants spanning UBE2L3 are associated with increased expression of the UBE2L3-encoded E2 ubiquitin-conjugating enzyme H7 (UbcH7), which facilitates activation of proinflammatory NF-kappaB signaling and susceptibility to autoimmune diseases.",UBE2L3,NF-kappaB,1,34279042,3,2175,0.8984034376677061,YES,1
"Piperaquine-resistant PfCRT mutations differentially impact drug transport, hemoglobin catabolism and parasite physiology in Plasmodium falciparum asexual blood stages.",Piperaquine,PfCRT,1,36306287,4,7688,0.9048290881684332,YES,1
"Lung expressions of TXNIP and NLRP3 and alveolar levels of IL-1beta and S100A12 were measured in mice after acid-induced lung injury, with or without administration of RAGE inhibitors.",S100A12,RAGE,0,36232959,7,6785,0.265755804499272,NO,0
Selective block of adenosine A2A receptors prevents ischaemic-like effects induced by oxygen and glucose deprivation in rat medium spiny neurons.,A2A receptors,glucose,1,35817954,5,4235,0.1137069949146769,NO,0
"T and c.871G > A. Seven rare single variants (c.25C > T, c.152C > T, c.406C > T, c.497G > A, c.679C > T, c.854G > A and c.1057C > T) and two rare multiple variants (IVS-5 637/638T del/c.1311C >",c.679C > T,c.854G > A,0,36212142,9,6487,0.0347528171047983,NO,0
"ISO and SBT inhibited extracellular matrix (ECM) degradation by downregulating the gene expression of MMP1, MMP3, MMP9 and ADAMTS5 in vitro and in vivo study.",MMP9,ADAMTS5,0,36188601,6,6171,0.0014738376428587,NO,0
Mutation of the TRPM3 cation channel underlies progressive cataract development and lens calcification associated with pro-fibrotic and immune cell responses.,TRPM3,cataract,1,33484482,3,1358,0.998289380682196,YES,1
"As a result, a total of 101 common active ingredients and 21 key active ingredients of four CPMs were obtained, including quercetin, luteolin, acacetin, kaempferol, baicalein, naringenin, artemisinin, aloe-emodin, which might be medicinal substances for the treatment of COVID-19.",naringenin,artemisinin,0,36388945,10,8835,0.000580947078437,NO,0
"MET amplification upregulates CD73 to suppress tumor cell STING induction and T-cell responsiveness in TKI-resistant, EGFR-mutated lung cancer, identifying a strategy to enhance immunogenicity and improve treatment.",MET,CD73,1,36066413,6,4837,0.9982011231911287,YES,1
"These data support that silybin, formononetin, and diosmetin inhibit macrophage-associated adipocyte inflammation and lipid accumulation.",formononetin,lipid,1,36559664,5,10895,0.8091997841667209,YES,1
"Neurotensin addition to NCI-H838 cells increased significantly reactive oxygen species which was inhibited by SR48692, Tiron (superoxide scavenger) and diphenylene iodonium (DPI inhibits the ability of NADPH oxidase and dual oxidase enzymes to produce reactive oxygen species).",Tiron,NADPH oxidase,1,31614143,8,12512,0.0954248630589074,NO,0
"We unveil, for the first time, that high-frequency mutations R346K/S, N439K, G446V, L455F, V483F/A, F486L, F490L/S, Q493L, and S494P might compromise some of mAbs in clinical trials.",V483F/A,S494P,0,34273397,9,2158,0.0003625727825658,NO,0
We found that the ALA/MrgD axis improved TGF-beta1-mediated LF activation by repressing glycolysis by downregulating HK2 and PFKFB3 expression.,MrgD,PFKFB3,1,36635651,5,15553,0.7900847192707777,YES,1
"By using an additive model of inheritance, our moderation analysis showed that PNPLA3 rs738409 significantly modulates the relationship between carbohydrate (%), n-3 PUFAs, total isoflavones, methionine, and choline intakes and fibrosis severity in a dose-dependent, genotype manner.",rs738409,choline,0,33306506,8,1086,0.8843967425377196,YES,1
"We showed that activation of the mitochondrial ClpP protease by mutant ClpP (Y118A) or through utilization of second-generation imipridone compounds (ONC206 and ONC212) in combination with genetic interference of HDAC1 and HDAC2 as well as with global (panobinostat) or selective (romidepsin) HDAC inhibitors caused synergistic reduction of viability in GBM model systems, which was mediated by interference with tricarboxylic acid cycle activity and GBM cell respiration.",ONC206,panobinostat,0,35417530,12,3572,0.5762716929075604,YES,1
KIR3DL3 was mainly expressed on CD56dim NK and terminally differentiated effector memory CD8+ T (CD8+ TEMRA) cells.,KIR3DL3,CD8,0,34244312,3,2092,0.6230197563241208,YES,1
"We found mutations (V416L, A428D, M437R, T474I, and L528W) that were clustered in the kinase domain of BTK and that conferred resistance to both noncovalent BTK inhibitors and certain covalent BTK inhibitors.",V416L,M437R,0,35196427,6,3284,0.2494056883211879,NO,0
"Activated SGK3 can activate ion channels (TRPV5/6, SOC, Kv1.3, Kv1.5, Kv7.1, BKCa, Kir2.1, Kir2.2, ENaC, Nav1.5, ClC-2, and ClC Ka), carriers and receptors (Npt2a, Npt2b, NHE3, GluR1, GluR6, SN1, EAAT1, EAAT2, EAAT4, EAAT5, SGLT1, SLC1A5, SLC6A19, SLC6A8, and NaDC1), and Na+/K+-ATPase, promoting the transportation of calcium, phosphorus, sodium, glucose, and neutral amino acids in the kidney and intestine, the absorption of potassium and neutral amino acids in the renal tubules, the transportation of glutamate and glutamine in the nervous system, and the transportation of creatine.",Kv1.3,SLC6A19,0,36531961,37,14603,0.1585572998648141,NO,0
"Thus, combined administration of MiADMSA and ALA might be a better treatment strategy than monotherapy with MiADMSA or ALA against Cu-induced neurotoxicity, particularly in reducing oxidative stress, neurobehavioral abnormalities, and inflammatory markers.",Cu,inflammatory,1,36548551,6,10666,0.1729664661615408,NO,0
"We have found that the amino acid substitutions, R2289A, R2297A, and K2301A, also reverted the dominant negative phenotype as well as allowed enhanced eIF2alpha phosphorylation, as found previously for the R2259A substitution.",R2289A,R2259A,0,36441697,5,9914,0.8012738852162223,YES,1
"There was significant interaction between FNDC5 (rs16835198) and PGC-1alpha (rs3755863, rs8192678), healthy eating behaviors, moderate-to-vigorous physical activity time, interaction between PGC-1alpha (rs8192678) and moderate-to-vigorous physical activity time in the occurrence of overweight or obesity in Chinese children and adolescents.",FNDC5,overweight,1,36760581,8,12268,0.6250292504685544,YES,1
The examination demonstrated that the combined use of sarpogrelate with bromocriptine or cabergoline decreased the potential adverse effects of these 2 drugs on myocardial tissues.,sarpogrelate,bromocriptine,1,34777640,3,2799,0.8837168560606353,YES,1
A case of HCC successfully treated with infliximab-steroid sequential therapy for small bowel perforation due to atezolizumab/bevacizumab combination therapy.,infliximab,steroid,1,36224043,6,6577,0.9845406075725416,YES,1
"Activated SGK3 can activate ion channels (TRPV5/6, SOC, Kv1.3, Kv1.5, Kv7.1, BKCa, Kir2.1, Kir2.2, ENaC, Nav1.5, ClC-2, and ClC Ka), carriers and receptors (Npt2a, Npt2b, NHE3, GluR1, GluR6, SN1, EAAT1, EAAT2, EAAT4, EAAT5, SGLT1, SLC1A5, SLC6A19, SLC6A8, and NaDC1), and Na+/K+-ATPase, promoting the transportation of calcium, phosphorus, sodium, glucose, and neutral amino acids in the kidney and intestine, the absorption of potassium and neutral amino acids in the renal tubules, the transportation of glutamate and glutamine in the nervous system, and the transportation of creatine.",ENaC,phosphorus,0,36531961,37,14785,0.6401507574356764,YES,1
This study provides a novel proof-of-concept of complex RAGE-TXNIP-NLRP3 interactions during macrophage activation in acute lung injury.,NLRP3,acute lung injury,1,36232959,4,6841,0.8761182420194452,YES,1
"BACKGROUND: Mutations in RAS (KRAS, NRAS) and BRAF genes are the main biomarker predicting response to anti-EGFR monoclonal antibodies in targeted therapy in colorectal cancer (CRC).",RAS,EGFR,1,36444585,6,9932,0.3327114048230067,NO,0
"The impact of estetrol is less pronounced, and for 17-beta-estradiol/drospirenone and drospirenone-only, decreased triglyceride and cholesterol levels were observed.",estetrol,cholesterol,1,36744531,5,12168,0.1268169816939792,NO,0
"The levels of glucose, total protein (TP), total cholesterol (TC), and the proinflammatory cytokines interleukin (IL)-1beta, IL-6 and tumor necrosis factor (TNF)-alpha in blood were examined, and we then detected glycogen and adenosine triphosphate (ATP) content, phosphofructosekinase-1 (PFK1) and glucose-6-phosphate dehydrogenase (G6PDH) activity, glucose transporter (GLUT)1, GLUT4, sodium/glucose cotransporter (SGLT)1 and citrate synthase (CS) protein expression and autophagy levels in circulating neutrophils.",glycogen,citrate synthase,0,36174980,13,5909,0.0012271854274665,NO,0
"Both in vivo and in vitro assays demonstrated that C/EBPbeta knockdown significantly suppressed CCI- or LPS/ATP-induced Clec7a upregulation, and subsequently reduced Syk, ERK and JNK phosphorylation, NLRP3 oligomerization, caspase-1 activation, GSDMD expression and pyroptosis, which were markedly reversed by the co-transfection of Clec7a expression vector.",ATP,GSDMD,0,36503542,11,14228,0.5276656530375416,YES,1
"Fibroblasts from HFrEF show higher migratory rate compared with control (P = 0.0036), and increased expression of HF markers [fold-change (Log2): COL1A1-1.3; IL-1b-1.9; IL-6-1.7; FN1-2.9 (P < 0.05)].",HFrEF,IL-6,1,36303443,6,13790,0.8524102869340665,YES,1
"Using a combination of regional association studies, a linkage disequilibrium map, and multivariate analysis, we revealed that the APOB locus variants rs144467873, rs13306194, and rs1367117 were independently associated with total, low-density lipoprotein (LDL), and non-high-density lipoprotein (non-HDL) cholesterol levels; rs1318006 was associated with HDL cholesterol levels; rs13306194 and rs35131127 were associated with serum triglyceride levels; rs144467873, rs13306194, rs56213756, and rs679899 were associated with remnant cholesterol levels; and rs144467873 and rs4665709 were associated with metabolic syndrome.",cholesterol,rs4665709,0,36499290,12,10120,0.5893029198471273,YES,1
"Three-Component Reaction of 3-Formyl-6-Methylchromone, Primary Amines, and Secondary Phosphine Oxides: A Synthetic and Mechanistic Study.",3-Formyl-6-Methylchromone,Phosphine Oxides,1,36687078,2,11777,0.6501564532910743,YES,1
"Moreover, beta2-AR agonist increased mitochondrial biogenesis and proteoglycan biosynthesis by upregulating the gene expression of PGC1-alpha, NRF2 and COL2A1, Acan, respectively.",beta2-AR,PGC1-alpha,0,36188601,5,6147,0.9156056780602034,YES,1
"Furthermore, we proved that ALA counteracts the effects of bleomycin on HK2, PFKFB3, LC3, Parkin, and LF activation in vivo.",PFKFB3,LC3,0,36635651,6,15584,0.0049839676478311,NO,0
"This study has identified revealed that the three SNPs (rs28757157, rs3751592, and rs59429575) of CYP19A1 are associated with lung cancer in the Chinese Han population.",rs3751592,lung cancer,1,36527059,5,10444,0.9993065928540992,YES,1
"In contrast, the MAFs of three variants were higher in lean-normal BMI groups; rs3764261 A = 0.38, rs9941349 T = 0.43, and rs7799039 G = 0.40-0.43).",rs3764261,rs9941349,0,36126070,3,5094,0.5121211312960429,YES,1
Long-Surviving Adult Siblings With Joubert Syndrome Harboring a Novel Compound Heterozygous CPLANE1 Variant.,Joubert Syndrome,CPLANE1,1,36176335,2,6012,0.9766226794874218,YES,1
"Furthermore, the administration of systemic corticosteroids for tuberculosis treatment is still debatable, but it had positive effects in this study.",corticosteroids,tuberculosis,1,36147124,2,5640,0.941962076495687,YES,1
"Unexpectedly, we found that lack of chemerin-CMKLR1 signaling specifically reduced expression of lactoperoxidase (LPO), a peroxidase that is predominantly expressed in colonic ECs and utilizes H2O2 to oxidize thiocyanates to the antibiotic compound, thereby leading to the outgrowth and mucosal invasion of gram-negative bacteria and dysregulated CXCL1/2-mediated neutrophilia.",lactoperoxidase,H2O2,0,35858331,7,4425,0.96329920898957,YES,1
"The osteoblast-like MC3T3-E1 cells were treated with HSP70 inhibitors-VER-155008 and YM-08-, PD98059, SB203580 or SP600125 and then stimulated with PGE1. IL-6 synthesis was evaluated using an IL-6 enzyme-linked immunosorbent assay kit.",VER-155008,YM-08,0,36520821,9,14282,0.4911115910198168,NO,0
"However, when combined with high arsenic exposure levels, the rs9619311 C allele, rs2234921 G allele, or C-G haplotype groups exhibited a greater risk of developing skin cancer compared to the respective common homozygous genotype group.",arsenic,rs2234921,1,36499314,4,10172,0.8350365383428241,YES,1
MR analyses supported APOB variants associated with the risk of DM through their associations with LDL cholesterol levels.,APOB,DM,1,36499290,2,10149,0.9970995930526388,YES,1
Inhibition of sphingosine-1-phosphate receptor 3 suppresses ATP-induced NLRP3 inflammasome activation in macrophages via TWIK2-mediated potassium efflux.,NLRP3,potassium,0,36798132,5,16506,0.6988642512038447,YES,1
"Herein, we demonstrate that Toll-like receptor (TLR)3/4-TBK1-IRF3 pathway activation links environmental insults to IL-33 induction in the skin and pancreas.",Toll-like receptor (TLR)3/4,IRF3,1,36711701,4,11967,0.9737742918827518,YES,1
"We found that VER-155008, an HSP70 inhibitor, enhanced the PGE1-stimulated IL-6 release and IL-6 mRNA expression.",VER-155008,IL-6,1,36520821,4,14305,0.9879798727527824,YES,1
"Bendamustine is well tolerated in combination with clofarabine, etoposide, and dexamethasone.",Bendamustine,etoposide,1,33598942,4,1480,0.9651554642633838,YES,1
"These changes were linked with downregulated levels of interleukin (IL)-10, superoxide dismutase 2 and catalase as well as upregulated expression of profibrotic genes and pro-inflammatory cytokines/chemokines.",catalase,inflammatory,0,34000358,4,12825,0.1693881243252904,NO,0
"Although reports of gastrointestinal perforation after immune-related adverse events (irAE) enteritis are rare, the anti- vascular endothelial growth factor (VEGF) effect of bevacizumab may be involved in gastrointestinal perforation.",vascular endothelial growth factor,bevacizumab,1,36224043,4,6591,0.8612106555100276,YES,1
Conclusion: Ginsenoside Rg1 may alleviate CIH-induced vascular endothelial dysfunction by suppressing the formation of mitochondrial reactive oxygen species through the calpain-1 pathway.,vascular endothelial dysfunction,reactive oxygen species,0,36644390,5,15698,0.9591231006549256,YES,1
"The single nucleotide polymorphism I148M of the lipase patatin-like phospholipase domain containing 3 (PNPLA3) is associated with an unfavorable prognosis in alcoholic and non-alcoholic steatohepatitis (ASH, NASH), with progression to liver cirrhosis and development of hepatocellular carcinoma.",patatin-like phospholipase domain containing 3,hepatocellular carcinoma,1,36611868,7,11125,0.5922804098443478,YES,1
"A known pathogenic mutation in the desmin (DES) gene resulting in p.S13F substitution (NM_001927.3:c.38C>T) at a PKC phosphorylation site was identified in all four members of the kindred with early-onset AF and heart block, while only two developed DCM.",desmin,AF,1,34289528,6,2200,0.8399027680995648,YES,1
"This study has identified revealed that the three SNPs (rs28757157, rs3751592, and rs59429575) of CYP19A1 are associated with lung cancer in the Chinese Han population.",rs28757157,rs59429575,0,36527059,5,10441,0.0441815765728314,NO,0
"We concluded that the efflux transporters ABCB1, ABCC2, SLC25A21, ATP7A, and the uptake transporter OCT2, as well as the organic anion uptake transporters OAT1 and OAT2, are linked to cisplatin accumulation, toxicity, and resistance in urinary bladder cancer patients.",ATP7A,OCT2,0,36650399,11,11384,0.0686406189528514,NO,0
"Excessive intake of heavy metals, such as arsenic (As), manganese (Mn), mercury (Hg), aluminium (Al), lead (Pb), nickel (Ni), bismuth (Bi), cadmium (Cd), copper (Cu), zinc (Zn), and iron (Fe), is neurotoxic and it promotes neurodegeneration.",aluminium,iron,0,33412145,14,1303,8.529043195956374e-05,NO,0
"A763_Y764insFQEA and D770delinsGY, respectively, account for 3%-8% and 2.0%-4.8% of EGFR ex20ins in NSCLC and are associated with a more favorable response to EGFR-specific TKIs as per case reports.",D770delinsGY,NSCLC,1,36425568,4,9648,0.8482163343359442,YES,1
"Through a Connectivity Map (CMap) analysis, we revealed that certain drugs/molecules, including omeprazole, methacholine chloride, ioversol, fulvestrant, difenidol, cycloserine, and MK-801, may serve as potential treatments for tamoxifen-resistant breast cancer patients.",fulvestrant,cycloserine,0,36619229,10,11305,0.0001555453228275,NO,0
"Conclusion: FNDC5 (rs16835198) played an independent or interactive role with PGC-1alpha (rs3755863, rs8192678), healthy eating behaviors, moderate-to-vigorous physical activity time in the occurrence of overweight or obesity in Chinese children and adolescents.",rs8192678,overweight,1,36760581,8,12293,0.7234748689598961,YES,1
"Activated SGK3 can activate ion channels (TRPV5/6, SOC, Kv1.3, Kv1.5, Kv7.1, BKCa, Kir2.1, Kir2.2, ENaC, Nav1.5, ClC-2, and ClC Ka), carriers and receptors (Npt2a, Npt2b, NHE3, GluR1, GluR6, SN1, EAAT1, EAAT2, EAAT4, EAAT5, SGLT1, SLC1A5, SLC6A19, SLC6A8, and NaDC1), and Na+/K+-ATPase, promoting the transportation of calcium, phosphorus, sodium, glucose, and neutral amino acids in the kidney and intestine, the absorption of potassium and neutral amino acids in the renal tubules, the transportation of glutamate and glutamine in the nervous system, and the transportation of creatine.",ClC-2,SLC1A5,0,36531961,37,14830,0.042695256754502,NO,0
"Klotho-deficient serum promoted BMP2/vitamin D3-induced protein expression of PIT2 and RUNX2, phosphorylation of SMAD1/5/8 and SMAD2/3, and extracellular matrix calcification.",BMP2,SMAD2/3,0,34368951,8,2284,0.806049525930602,YES,1
"Lung expressions of TXNIP and NLRP3 and alveolar levels of IL-1beta and S100A12 were measured in mice after acid-induced lung injury, with or without administration of RAGE inhibitors.",NLRP3,IL-1beta,0,36232959,7,6777,0.0082746909104907,NO,0
"In this work, we investigated the impact of three CMT-associated substitutions (V155G, Y330C, and R137Q) in the cytoplasmic histidyl-tRNA synthetase (HARS1) on neurite outgrowth and peripheral nervous system development.",Y330C,R137Q,0,32543048,5,16596,0.0158563868135671,NO,0
"Mechanistically, TNF-alpha and IFN-gamma co-treatment activated the JAK/STAT1/IRF1 axis, inducing nitric oxide production and driving caspase-8/FADD-mediated PANoptosis.",nitric oxide,caspase-8,0,33278357,8,1003,0.3266141547384161,NO,0
"Activated SGK3 can activate ion channels (TRPV5/6, SOC, Kv1.3, Kv1.5, Kv7.1, BKCa, Kir2.1, Kir2.2, ENaC, Nav1.5, ClC-2, and ClC Ka), carriers and receptors (Npt2a, Npt2b, NHE3, GluR1, GluR6, SN1, EAAT1, EAAT2, EAAT4, EAAT5, SGLT1, SLC1A5, SLC6A19, SLC6A8, and NaDC1), and Na+/K+-ATPase, promoting the transportation of calcium, phosphorus, sodium, glucose, and neutral amino acids in the kidney and intestine, the absorption of potassium and neutral amino acids in the renal tubules, the transportation of glutamate and glutamine in the nervous system, and the transportation of creatine.",Kv1.3,Npt2b,0,36531961,37,14592,0.0791388388641605,NO,0
Resulting enhancement of HFQT oscillations was shown to contribute directly to triggering dofetilide-induced ventricular arrhythmias.,dofetilide,ventricular arrhythmias,1,35751378,2,4024,0.9925530144958484,YES,1
"With flumazenil blocking classical high-affinity extracellular benzodiazepine site effects, modulation of GABA-activated currents by diazepam, midazolam and flurazepam was measured electrophysiologically in wildtype and M2-15' mutant alpha1 beta3 gamma2L GABAA receptors.",gamma2L,GABAA,0,34386973,10,2455,0.67584732299835,YES,1
"Activated SGK3 can activate ion channels (TRPV5/6, SOC, Kv1.3, Kv1.5, Kv7.1, BKCa, Kir2.1, Kir2.2, ENaC, Nav1.5, ClC-2, and ClC Ka), carriers and receptors (Npt2a, Npt2b, NHE3, GluR1, GluR6, SN1, EAAT1, EAAT2, EAAT4, EAAT5, SGLT1, SLC1A5, SLC6A19, SLC6A8, and NaDC1), and Na+/K+-ATPase, promoting the transportation of calcium, phosphorus, sodium, glucose, and neutral amino acids in the kidney and intestine, the absorption of potassium and neutral amino acids in the renal tubules, the transportation of glutamate and glutamine in the nervous system, and the transportation of creatine.",Kir2.2,NHE3,0,36531961,37,14743,0.0568018493898189,NO,0
"TCGA database samples were collected, and the correlation between purine metabolism-related genes and ICC clinical features was analyzed using R language to obtain the differential genes including PPAT, PFAS, ATIC, and IMPDH2.",purine,ICC,1,36711025,6,11891,0.3463024628254,NO,0
SB203580 suppressed the amplification by YM-08 of the PGE1-stimulated IL-6 release.,YM-08,IL-6,1,36520821,4,14343,0.811051799939822,YES,1
"80% of cases belongs to 8 mutants: 241C toT, 1163A toT, 3037C toT, 14408C toT, 23403A toG, 28881G toA, 28,882 G toA, and 28883G toC. Observed dominance of GR clade variants that have strong presence in Europe, suggesting European channel a possible entry route.",28881G toA,28883G toC,0,36182010,8,6048,0.0245281004671102,NO,0
Thrombomodulin blocked S-protein-induced expression and secretion of fibrinogen but had no effect on S-protein-induced expression of Factor-V or thrombin.,fibrinogen,thrombin,0,36142345,5,13606,0.0044524704146798,NO,0
"The combination of zinc with flavonoids (apigenin, epicatechin, and naringenin) seems to stimulate the process of carcinogenesis.",apigenin,naringenin,0,36673448,6,15776,0.0507999959799767,NO,0
Durable response to afatinib rechallenge in a long-term survivor of non-small cell lung cancer harboring EGFR L858R and L747V mutations.,afatinib,L858R,1,36193787,5,6183,0.9459285455529468,YES,1
"Six SNPs of ABCB1 (rs3842, rs1045642, rs2032582, rs1128503, rs3213619, and rs3747802), one SNP of CYP3A5 (rs776746), seven SNPs of APOB (rs1042034, rs2163204, rs693, rs679899, rs13306194, rs13306198, and rs1367117), and two SNPs of APOE (rs429358 and rs7412) were analyzed by a TaqMan genotyping assay.",rs1042034,rs693,0,36145636,20,5566,0.0009973234700486,NO,0
"The CYP27B1 (rs4646536, rs3782130, rs703842, rs10877012), CYP2R1 (rs10741657), GC (rs7041), CYP24A1, and VDR (BsmI, Cdx-2, FokI, ApaI, TaqI) gene polymorphisms were analyzed by real-time polymerase chain reaction.",CYP27B1,VDR,0,36364930,11,8607,0.0337277674239443,NO,0
"Collectively, our results disclose two LINC00589-initiated ceRNA networks, the LINC00589-miR-100-DLG5 and LINC00589-miR-452-PRDM16- mucin4 axes, which regulate trastuzumab resistance, CSC-like properties and multiple chemoresistance of breast cancer, thus providing potential diagnostic and prognostic markers and therapeutic targets for HER2-positive breast cancer.",LINC00589,miR-452,1,36309503,9,7822,0.9931443962317849,YES,1
"Also, it was revealed that tumor size (T) (p = 0.000), tumor differentiation grade (G) (p = 0.015), and IL1RAP rs4624606 genotype (p = 0.044) were effective variables in multivariable Cox regression analysis prognosing survival of LSCC patients.",tumor,rs4624606,0,36682035,5,11716,0.1152561123525468,NO,0
"Silencing WWOX to mimic low WWOX protein expression in HCC in patients with the WWOX-rs13338697-GG genotype, enhanced HIF1A increment under hypoxia, further decreased ASS1, and increased cell susceptibility to ADI-PEG 20.",HCC,HIF1A,0,36530994,8,14389,0.5063624395903972,YES,1
"Median PFS and 1-year PFS probability were 1.7 months and 9.6% for nivolumab versus 5.6 months and 14.0% for carboplatin-pemetrexed [log-rank P < 001; hazard ratio (HR) of 1.92, with a 60% confidence interval (CI) of 1.61-2.29].",carboplatin,pemetrexed,1,34921023,3,2915,0.7867753299522215,YES,1
"Using specific inhibitors, the authors have shown that, in EA.hy926 cells, IL-6-induced expression of MCP-1 and ICAM-1 depends on the signaling protein and transcription activator STAT3 and, in some cases, on JNK, PI3K, and MEK1/2 kinases and is independent of p38 kinase.",MEK1/2,p38 kinase,0,36406976,9,14027,0.012780204121894,NO,0
"We observed that CREPT competed with HDAC1 for binding to oncogene (such as CCND1, CLDN1, VEGFA, PPARD and BMP4) promoters but not the tumor suppressor gene (such as p21 and p27) promoters by a chromatin immunoprecipitation (ChIP) qPCR experiment.",CREPT,BMP4,1,36230720,10,6665,0.8321837206252015,YES,1
4-HPR + ABT-199 was highly synergistic against high BCL-2-expressing neuroblastoma cell lines and significantly improved event-free survival of mice carrying high BCL-2-expressing patient-derived xenografts (PDX).,ABT-199,neuroblastoma,1,31484706,6,598,0.9476236899563883,YES,1
"MMTT analysis showed that probands with variants in MC4R, CASP10, TMPRSS6, HGFAC, and SLC5A1 (c.1415T>C) had sufficient residual beta-cell function with stimulated C-peptide (CP) >200 pmol/L. Seven individuals with variants in RFX2, RREB1, GCKR, DACH1, ZBED3 and SLC5A1 (c.1415T>C, and c.932A>T) presented with complete beta-cell failure.",MC4R,SLC5A1,0,36585034,14,16290,0.0875249817093025,NO,0
"The majority of MR-MRSA isolates were resistant to erythromycin, clindamycin, tetracycline, ciprofloxacin, and gentamicin, but the rates of resistance to rifampin and fusidic acid were 8.7% and 6.5%, respectively.",clindamycin,fusidic acid,0,36622214,8,11339,0.0622933235122967,NO,0
"The combination of zinc with flavonoids (apigenin, epicatechin, and naringenin) seems to stimulate the process of carcinogenesis.",flavonoids,carcinogenesis,0,36673448,6,15774,0.8990592591676589,YES,1
"The NOS inhibitor (N-nitro-l-arginine methyl ester) had no effect on nebivolol's SOICR inhibition, and the NOS activator (histamine or prostaglandin E2) alone did not inhibit SOICR.",nebivolol,histamine,1,27623776,5,168,0.0259111621397907,NO,0
"Activated SGK3 can activate ion channels (TRPV5/6, SOC, Kv1.3, Kv1.5, Kv7.1, BKCa, Kir2.1, Kir2.2, ENaC, Nav1.5, ClC-2, and ClC Ka), carriers and receptors (Npt2a, Npt2b, NHE3, GluR1, GluR6, SN1, EAAT1, EAAT2, EAAT4, EAAT5, SGLT1, SLC1A5, SLC6A19, SLC6A8, and NaDC1), and Na+/K+-ATPase, promoting the transportation of calcium, phosphorus, sodium, glucose, and neutral amino acids in the kidney and intestine, the absorption of potassium and neutral amino acids in the renal tubules, the transportation of glutamate and glutamine in the nervous system, and the transportation of creatine.",EAAT4,EAAT5,0,36531961,37,15023,0.001755594837944,NO,0
"The NOD-like receptor pyrin domain (NLRP3) inflammasome is activated during atherogenesis, but how this occurs is unclear.",NLRP3,atherogenesis,1,36252682,2,6923,0.9475490652910536,YES,1
This study may increase the understanding of the effect of RAD54L2 and GTF2H1 polymorphisms on lung cancer occurrence.,RAD54L2,lung cancer,1,36384536,3,8703,0.8653414826321035,YES,1
"Mutational analysis detected 18,261 mutations in the omicron variant, majority of which were non-synonymous mutations in spike (A67, T547K, D614G, H655Y, N679K, P681H, D796Y, N856K, Q954H), followed by RNA dependent RNA polymerase (rdrp) (A1892T, I189V, P314L, K38R, T492I, V57V), ORF6 (M19M) and nucleocapsid protein (RG203KR).",I189V,K38R,0,35367284,21,3487,0.005699153031998,NO,0
"Activated SGK3 can activate ion channels (TRPV5/6, SOC, Kv1.3, Kv1.5, Kv7.1, BKCa, Kir2.1, Kir2.2, ENaC, Nav1.5, ClC-2, and ClC Ka), carriers and receptors (Npt2a, Npt2b, NHE3, GluR1, GluR6, SN1, EAAT1, EAAT2, EAAT4, EAAT5, SGLT1, SLC1A5, SLC6A19, SLC6A8, and NaDC1), and Na+/K+-ATPase, promoting the transportation of calcium, phosphorus, sodium, glucose, and neutral amino acids in the kidney and intestine, the absorption of potassium and neutral amino acids in the renal tubules, the transportation of glutamate and glutamine in the nervous system, and the transportation of creatine.",Kv7.1,potassium,0,36531961,37,14674,0.5832728960529363,YES,1
We observed significantly increased QTvi in unmedicated patients with CADF-associated risk in CACNA1C rs2283274 C and schizophrenia-associated risk in rs2239061 G compared to the non-risk allele in these patients.,rs2283274,rs2239061,0,36421807,6,9529,0.1006436257524319,NO,0
"Six SNPs of ABCB1 (rs3842, rs1045642, rs2032582, rs1128503, rs3213619, and rs3747802), one SNP of CYP3A5 (rs776746), seven SNPs of APOB (rs1042034, rs2163204, rs693, rs679899, rs13306194, rs13306198, and rs1367117), and two SNPs of APOE (rs429358 and rs7412) were analyzed by a TaqMan genotyping assay.",rs2032582,rs3213619,0,36145636,20,5508,0.0017869832007794,NO,0
CircFAT1 Promotes Lung Adenocarcinoma Progression by Sequestering miR-7 from Repressing IRS2-ERK-mediated CCND1 Expression.,IRS2,CCND1,1,35844799,5,4374,0.9709464114671224,YES,1
"Moreover, ductal-derived Kras G12D/Trp53 -/- mouse PDACs show higher expression of IFNsign compared with acinar-derived counterparts.",Kras,PDACs,1,33060108,5,829,0.4385567534271506,NO,0
"After the virtual screening, dabigatran, estazolam, leucovorin, and pitavastatin were further examined in ischemic stroke using an animal rodent model of focal cerebral ischemia using transient middle cerebral artery occlusion (t-MCAO).",estazolam,middle cerebral artery occlusion,1,33384558,7,1194,0.4751381510276055,NO,0
"Interestingly, a likely compensatory effect was shown between A30K and A62T. Emergence of Y93H was always associated with RAS at position 62.",A62T,Y93H,0,36410397,3,16194,0.8133629328666906,YES,1
"Herein, we report a case of diffuse hemangiomatosis in the liver and spleen accompanied by KMS in a 59-year-old woman who carried two novel heterozygous CTC1 variants: c.435+9A>C and c.3074C>T (p.Ala1025Val).",diffuse hemangiomatosis,c.435+9A>C,1,36761951,6,12331,0.7128949238625027,YES,1
"Here, we first report a case of a PV patient with a de novo double L611S/V617L in cis mutation of JAK2.",L611S,V617L,0,36483035,5,10044,0.7659970164990736,YES,1
"Haplotype analysis revealed that the AACATGG and GACATGG haplotypes for the rs1544410, rs7975232, rs731236, rs4646536, rs703842, rs3782130, and rs10877012 polymorphisms were associated with a lower risk of NSCLC (p = 0.015 and p = 0.044 respectively).",rs7975232,rs3782130,0,36364930,8,8643,0.4208704297614649,NO,0
"In the yeast S. cerevisiae, Pol II attenuation was initially shown to rely on Nrd1-Nab3-Sen1 termination, but more recently our lab characterized a hybrid termination pathway involving Hrp1, an RNA-binding protein in the 3'-end cleavage factor (CF).",Pol II,Nrd1,1,36315099,6,7969,0.8913078336978586,YES,1
"We observed a significant association between the ARNTL-rs7924734, ARNTL-rs10832027, VRK2- rs2678902 SNPs, and CLOCK gene expression; the PER3-rs228642 and PER3-rs10127838 were related to PER1 expression, and the ARNTL-rs10832027, ARNTL-rs11022778, and MNTR1B-rs10830963 were associated with VRK2 gene expression (p < 0.05).",rs10832027,rs10127838,0,36143969,12,5448,0.0029940078271481,NO,0
"In fact, we showed the increased expression of the pro-inflammatory markers iNOS, Caspase 1, IL-1beta, in response to IFN-gamma plus high glucose, a non-specific disease stimulus that emphasized the dynamic polarization and heterogenicity of the microglial population.",iNOS,IFN-gamma,1,36523814,6,10404,0.9239685212204876,YES,1
"In this case report, the authors present a case of hypertrophic mutations pachymeningitis with Factor V Leiden (G1691A), MTHFR C677T, MTHFR A1298C, PAI-1",pachymeningitis,A1298C,1,36348907,7,8247,0.3219082419056159,NO,0
"Using hiPSC-derived cardiomyocyte cell lines with either intrinsic polymorphism or CRISPR-Cas9-mediated deletion of rs28714259 locus, we demonstrate that glucocorticoid receptor signaling activated by dexamethasone pretreatment prior to doxorubicin exposure preserves cardiomyocyte viability and contractility in cardiomyocytes containing the major allele.",dexamethasone,doxorubicin,1,36418322,4,9326,0.9321381646099984,YES,1
"In conclusion, supplementation of rats with selected flavonoids administered separately or in combination with Zn has an impact on the development of neoplasms and the level of modified nucleosides in the urine of rats with breast cancer.",flavonoids,breast cancer,0,36673448,6,15805,0.8300599610109562,YES,1
"Like carvedilol, nebivolol reduced the opening of single RyR2 channels and suppressed spontaneous Ca2+ waves in intact hearts and catecholaminergic polymorphic ventricular tachycardia (CPVT) in the mice harboring a RyR2 mutation (R4496C).",carvedilol,catecholaminergic polymorphic ventricular tachycardia,1,27623776,7,174,0.4861728067881241,NO,0
PEPCK-M promotes proliferation and cell cycle progression in ER+ breast cancer via upregulation of the mTORC1 and E2F1 pathways.,breast cancer,E2F1,1,35757841,5,4084,0.9382295668157412,YES,1
Our findings suggest significant modifications of the effect of the association between arsenic exposure and skin cancer risk by the TIMP3 rs9619311 and rs2234921 variants.,skin cancer,rs9619311,1,36499314,5,10204,0.8917790102587609,YES,1
"Silencing WWOX to mimic HCC with the WWOX-rs13338697-GG genotype further stimulated HCC cell response to hypoxia through increased HIF1A expression, leading to further reduction of ASS1 and thus increased cell susceptibility to ADI-PEG 20.",hypoxia,ADI-PEG 20,0,36530994,7,14425,0.0565091937879549,NO,0
"Specifically, cells that are sensitive to combined dasatinib and trametinib treatment have inhibition of FAK/Src, MEK/ERK, and AKT, resulting in the dramatic upregulation of BIM, while cells that are resistant lack inhibition of AKT and have a dampened induction of BIM.",dasatinib,AKT,1,36672327,8,11602,0.8107246906687492,YES,1
"ATP stimulation induced TWIK2 expression in the plasma membrane of LPS-primed BMDMs, and inhibition of S1PR3 impeded the membrane expression of TWIK2 induced by ATP.",ATP,LPS,0,36798132,4,16547,0.0082822481800366,NO,0
"Downregulation of apelin and ACE2 and upregulation of SGLT2, endothelin-1 and pro-inflammatory cytokines contribute to SARS-CoV-2-mediated cardiorenal injury, indicating that the apelin-ACE2 signaling and SGLT2 inhibitors are potential therapeutic targets for COVID-19 patients.",SGLT2,endothelin-1,0,34000358,9,12866,0.130459353772056,NO,0
"12/102 were found to have novel variants in potential diabetes genes (RFX2, RREB1, SLC5A1 (3 patients with variants in this gene), GCKR, MC4R, CASP10, TMPRSS6, HGFAC, DACH1, ZBED3).",diabetes,SLC5A1,0,36585034,12,16234,0.8461921088717475,YES,1
"An association between 6 SNPs (rs12244380, rs2025345, rs12722561, rs4749926, rs2104286 and rs706778) in IL2RA (interleukin 2 receptor subunit alpha) and CP was investigated using a case-control method based on 782 CP cases and 778 controls.",IL2RA,CP,1,36195861,8,6268,0.988029787635253,YES,1
"To investigate the biological consequences of cysteine modification on the Hsp70 Ssa1 in budding yeast, we generated cysteine null (cysteine to serine) and oxidomimetic (cysteine to aspartic acid) mutant variants of both C264 and C303 and demonstrate reduced ATP binding, hydrolysis, and protein folding properties in both the oxidomimetic and hydrogen peroxide-treated Ssa1.",cysteine to serine,cysteine to aspartic acid,0,36030825,6,4700,0.1603359305665959,NO,0
"Among EGFR positive individuals, 221 (49.0%) had an Exon 19 mutation, 159 (35.3%) had an L858R mutation, and 18 (4%) had an Exon20ins mutation.",L858R,Exon20ins,0,36290844,3,7382,0.0007478419676396,NO,0
"In a collective of 106 NASH, ASH and control liver samples, immunohistochemical analyses revealed increased ballooning, inflammation and fibrosis, as well as an accumulation of PNPLA3-perilipin 5 complexes on larger LDs in patients homo-",ASH,perilipin 5,0,36611868,7,11129,0.0060510582885581,NO,0
"Association analysis of three single nucleotide polymorphisms (SNPs) (rs725084, rs2072493_N592S, and rs5744174_F616L) indicated the minor allele of rs2072493_N592S to be associated with increased risk for COPD (OR = 4.41, p < 0.0001) and NSCLC (OR = 5.17, p < 0.0001) development and non-small cell LC risk in the presence of COPD (OR = 1.75, p = 0.0031).",rs725084,COPD,0,36140341,5,5280,0.0024313472867264,NO,0
These results suggest that MEF2C is involved in the inflammatory pathogenesis of MTrPs and DEX serves as a potential therapeutic strategy for the treatment of MPS.,DEX,MPS,1,36408215,4,9235,0.9953758267485115,YES,1
Keratin 80 regulated by miR-206/ETS1 promotes tumor progression via the MEK/ERK pathway in ovarian cancer.,miR-206,ovarian cancer,1,34659572,7,2625,0.7085492836562055,YES,1
"Our results showed that rs2642438-A and rs6564851-A alleles had a risk association for hypertriglyceridemia (OR = 1.57, p = 0.013; and OR = 1.33, p = 0.031, respectively), and rs56371916-C allele a trend for low HDL-c (OR = 1.27, p = 0.060) only in men.",rs6564851,hypertriglyceridemia,1,36233117,5,6873,0.9990372243239898,YES,1
"Dysfunctional mitochondria destabilize cytosolic Ca2+ concentrations, raising intracellular Ca2+; this leads to excessive calpain activation and persistent inflammatory responses.",Ca2+,inflammatory,0,35090325,3,13522,0.80673604480794,YES,1
"In summary, I3C inhibited the degradation of p53 by MDM2 in liver cancer cells; stable p53 induced miR-34a, which targeted LDHA, a key enzyme for aerobic glycolysis, suggesting cancer metabolism is an important target for I3C in liver cancer cells.",LDHA,cancer,0,36297369,7,7577,0.2609482909194054,NO,0
"The impact of supplementation with the above-mentioned compounds on the content of modified derivatives: 1-methyladenosine, N6-methyl-2'-deoxyadenosine, O-methylguanosine, 7-methylguanine, 3-methyladenine, 1-methylguanine, 2-amino-6,8-dihydroxypurine, and 8-hydroxy-2'-deoxyguanosine in the urine of rats with mammary cancer was also assessed.",O-methylguanosine,"2-amino-6,8-dihydroxypurine",0,36673448,9,15743,0.0002039894734096,NO,0
"For example, regarding cardiovascular disorders, mAbs such as Abciximab, Bevacizumab, and Digoxin Immune Fab will be reviewed.",Abciximab,Digoxin Immune Fab,0,35071113,4,3028,0.0006662228198382,NO,0
"Western blot was performed to detect Cyclin D1, PCNA, MMP-2, MMP-9, inflammatory factors TNF-alpha, IL-1beta, IL-4, IL-10, IL-13, and",MMP-9,inflammatory,0,36593749,10,15221,0.0009273039644142,NO,0
"Particularly in neutrophils, DEX injection inhibited p65-NFkappaB activation and elevated glycogen and ATP contents and SGLT1, GLUT1 and GR expression while inhibiting PFK1 activity, enhancing G6PDH activity and CS expression and lowering cell autophagy levels.",glycogen,CS,0,36174980,10,5975,0.1037694582148698,NO,0
"Furthermore, ATR-MET induced cardiovascular toxicity (increased levels of plasma total cholesterol, HDL-cholesterol, LDL-cholesterol, and triglycerides) with concomitant induction of renal toxicity (increased plasma creatinine and urea levels), and hepatotoxicity (increased plasma bilirubin, alkaline phosphatase, acid phosphatase, alanine aminotransferase and aspartate aminotransferase).",creatinine,urea,0,36262065,13,7151,0.2347636726939121,NO,0
"Brazilian Multiethnic Association Study of Genetic Variant Interactions among FOS, CASP8, MMP2 and CRISPLD2 in the Risk of Nonsyndromic Cleft Lip with or without Cleft Palate.",FOS,CASP8,0,36661544,5,16361,0.2765399602809758,NO,0
"Activated SGK3 can activate ion channels (TRPV5/6, SOC, Kv1.3, Kv1.5, Kv7.1, BKCa, Kir2.1, Kir2.2, ENaC, Nav1.5, ClC-2, and ClC Ka), carriers and receptors (Npt2a, Npt2b, NHE3, GluR1, GluR6, SN1, EAAT1, EAAT2, EAAT4, EAAT5, SGLT1, SLC1A5, SLC6A19, SLC6A8, and NaDC1), and Na+/K+-ATPase, promoting the transportation of calcium, phosphorus, sodium, glucose, and neutral amino acids in the kidney and intestine, the absorption of potassium and neutral amino acids in the renal tubules, the transportation of glutamate and glutamine in the nervous system, and the transportation of creatine.",SGK3,sodium,1,36531961,37,14507,0.961696540700002,YES,1
"PPARgamma/delta dual modulators functioning as both PPARgamma partial agonists and PPARdelta antagonists promoted adiponectin production, suggesting their therapeutic potential against hypoadiponectinemia-associated cancer and metabolic diseases.",PPARdelta,cancer,1,33325691,7,1172,0.3536288787176874,NO,0
Functionalized aluminosilicate materials were studied as catalysts for the conversion of different cyclic carbonates to the corresponding epoxides by the addition of CO2.,epoxides,CO2,1,36558016,4,10809,0.5960623188776861,YES,1
"Activated SGK3 can activate ion channels (TRPV5/6, SOC, Kv1.3, Kv1.5, Kv7.1, BKCa, Kir2.1, Kir2.2, ENaC, Nav1.5, ClC-2, and ClC Ka), carriers and receptors (Npt2a, Npt2b, NHE3, GluR1, GluR6, SN1, EAAT1, EAAT2, EAAT4, EAAT5, SGLT1, SLC1A5, SLC6A19, SLC6A8, and NaDC1), and Na+/K+-ATPase, promoting the transportation of calcium, phosphorus, sodium, glucose, and neutral amino acids in the kidney and intestine, the absorption of potassium and neutral amino acids in the renal tubules, the transportation of glutamate and glutamine in the nervous system, and the transportation of creatine.",SLC1A5,phosphorus,0,36531961,37,15070,0.4921176794226637,NO,0
"DEX injection markedly increased blood glucose, TP and TC levels, the Ca2+/P5+ ratio and the neutrophil/lymphocyte ratio and significantly decreased blood IL-1beta, IL-6 and TNF-alpha levels.",P5+,IL-1beta,0,36174980,7,5946,0.0002079542220769,NO,0
"In endothelial cells, HTL increased GCH1 S-nitrosylation, reduced tetrahydrobiopterin, and induced oxidative stress, which were attenuated by N-acetyl-cysteine, L-N6-1-Iminoethyl-lysine, mutant of GCH1 cysteine 141 to alanine (MT-GCH1) or gene deletion of inducible NO synthase (iNOS).",GCH1,L-N6-1-Iminoethyl-lysine,0,36399957,7,9076,0.3147372670360167,NO,0
"KRT80 overexpression increased the expression of BCL2/BAX, CyclinD1, MMP2, MMP9, and N-cadherin, decreased the expression of E-cadherin, and increased the phosphorylation of MEK and ERK.",MMP2,MEK,0,34659572,10,2676,0.0564016737505103,NO,0
"Using a combination of regional association studies, a linkage disequilibrium map, and multivariate analysis, we revealed that the APOB locus variants rs144467873, rs13306194, and rs1367117 were independently associated with total, low-density lipoprotein (LDL), and non-high-density lipoprotein (non-HDL) cholesterol levels; rs1318006 was associated with HDL cholesterol levels; rs13306194 and rs35131127 were associated with serum triglyceride levels; rs144467873, rs13306194, rs56213756, and rs679899 were associated with remnant cholesterol levels; and rs144467873 and rs4665709 were associated with metabolic syndrome.",rs679899,metabolic syndrome,0,36499290,12,10141,0.0009533307463394,NO,0
"12/102 were found to have novel variants in potential diabetes genes (RFX2, RREB1, SLC5A1 (3 patients with variants in this gene), GCKR, MC4R, CASP10, TMPRSS6, HGFAC, DACH1, ZBED3).",DACH1,ZBED3,0,36585034,12,16286,0.0002496921503568,NO,0
"These data indicate that nebivolol, like carvedilol, possesses a RyR2-targeted action that suppresses SOICR and SOICR-evoked VTs.",carvedilol,VTs,1,27623776,4,190,0.7061722829879707,YES,1
"A fast, mild, and efficient catalyst-free approach has been developed for the synthesis of chromonyl-substituted alpha-aminophosphine oxides by the three-component reaction of 3-formyl-6-methylchromone, primary amines, and secondary phosphine oxides at ambient temperature.",chromonyl-substituted alpha-aminophosphine oxides,3-formyl-6-methylchromone,1,36687078,4,11778,0.9795766480143934,YES,1
"Peripheral TNF- alpha injection significantly decreased the mechanical pain threshold and increased the expression of p-P65, MLCK, MEF2C, and MyoC in healthy rats.",TNF- alpha,pain,1,36408215,7,9186,0.9844159821467358,YES,1
"MATERIALS AND METHODS: In the current study, eight clinically confirmed children with homocystinuria were detected to study the chosen variants in the CBS gene (c.833 T>C and c.19del) and in the MTHFR gene (c.665 C>T, c.1286 A>C) using SNaPshot mini-sequencing and direct sequencing.",homocystinuria,c.833 T>C,0,36512268,7,10295,0.7412988770875952,YES,1
"We determined that ubiquitin-specific protease 12 (USP12), one of the DUBs, is associated with Bax.",ubiquitin-specific protease 12,Bax,1,36361894,2,8471,0.9996048226851196,YES,1
"Further, residues N440K, Q498R, and N501Y were predicted to be energetically favourable in Omicron.",N440K,Q498R,0,36055162,4,15996,0.0203217914280154,NO,0
"This study was conducted for 28 days, and the results showed that BPA indeed induced an impairment in amino acid metabolism, taking place in the mitochondria by significantly (p < 0.05) decreasing the levels of certain amino acids, i.e., taurine, threonine, asparagine, leucine, norleucine, and glutamic acid in the mice plasma.",asparagine,norleucine,0,36432690,9,9729,0.0019785096124324,NO,0
"We create eight mutants with single substitutions at one of the four positions Ala2, Phe4, Tyr10, and Val12 to decrease the hydrophobicity at respective positions (A2T, A2S, F4A, F4S, Y10A, Y10S, V12A, and V12S) and one mutant (Y10F) to remove the polar nature of Tyr10.",F4A,V12S,0,36411082,9,9262,0.0007506239539333,NO,0
"In addition, two tag-SNPs (rs11790782 and rs2241270) in PTGES were linked to higher systolic and diastolic pressure [carriers vs. non-carriers = 5.23 (1.87-9.93), p = 0.03 and 5.9 (1.87-9.93), p = 0.004].",rs11790782,rs2241270,0,36690661,3,11827,0.2058410628166054,NO,0
"Haplotype analysis indicated that the CCGC haplotype of ADD1 constructed by rs1263359, rs3775067, rs4961 and rs4963 was significantly associated with the BP response to CPT.",rs3775067,rs4963,0,22476228,5,37,0.2492762457482934,NO,0
GAS6/AXL Inhibition Enhances Ovarian Cancer Sensitivity to Chemotherapy and PARP Inhibition through Increased DNA Damage and Enhanced Replication Stress.,GAS6,Ovarian Cancer,1,34670865,5,13265,0.8758429613530722,YES,1
"It was transcriptionally repressed by DDP-activated PI3K/AKT/c-Myc signal in LUAD, promoting DDP-acquired chemotherapeutic resistance by regulating miR-1275 to suppress PROCA1/ZFP36L2-induced BCL2 degradation, which led to apoptotic signal reduction.",ZFP36L2,BCL2,1,36627670,8,15498,0.96273675107198,YES,1
"Dose-dense brentuximab vedotin plus ifosfamide, carboplatin, and etoposide for second-line treatment of relapsed or refractory classical Hodgkin lymphoma: a single centre, phase 1/2 study.",carboplatin,relapsed,1,34329577,6,13241,0.5888799319943392,YES,1
"ATR-MET-induced-testicular toxicity (reduced sperm motility, count, and daily sperm production and increased live/dead ratio) was accompanied with testicular oxidative stress (diminished level of reduced glutathione, activities of glutathione-S-transferase, superoxide dismutase and catalase and increased level of malondialdehyde).",testicular toxicity,catalase,0,36262065,7,7092,0.7294737025075775,YES,1
"A significant (p < 0.05) decline in glutathione peroxidase (GPx), superoxide dismutase (SOD,) glutathione, and catalase levels and an elevation in malondialdehyde level in the BPA group confirmed the generation of oxidative stress and lipid peroxidation in experimental mice exposed to BPA.",superoxide dismutase,glutathione,0,36432690,8,9751,0.0215433385552746,NO,0
"Collectively, our mouse model data support an ocular disease association for TRPM3 in humans and suggest that (1) Trpm3 deficiency impaired lens growth but not lens transparency and (2) Trpm3 dysfunction resulted in progressive lens degeneration and calcification coupled with pro-fibrotic (alpha-SMA+ve) and immune (CD68+ve) cell responses.",TRPM3,lens degeneration and calcification,1,33484482,7,1379,0.9927240262930416,YES,1
"Therefore, afatinib, neratinib, and zanubrutinib could be used as drug candidates against the KRASG12C protein.",zanubrutinib,KRAS,1,36614109,5,11249,0.8788481315092207,YES,1
Recurrent Mutations in Cyclin D3 Confer Clinical Resistance to FLT3 Inhibitors in Acute Myeloid Leukemia.,FLT3,Acute Myeloid Leukemia,1,34103301,3,1933,0.8189702913929544,YES,1
Effect of Single Nucleotide Polymorphisms in the Vitamin D Metabolic Pathway on Susceptibility to Non-Small-Cell Lung Cancer.,Vitamin D,Non-Small-Cell Lung Cancer,1,36364930,2,8602,0.5543804295086455,YES,1
Lactic acid sustained positive feedback between glycolysis and LF activation by maintaining the expression of HK2 and PFKFB3.,HK2,PFKFB3,0,36635651,3,15559,0.7506711778689051,YES,1
"All isolates carried mutant alleles for pfcrt (K76T and N75E), and for pfdhfr (N51I and S108N), while for pfdhps, mutations were observed only for codon A437G (32/73, 43.8%).",K76T,S108N,0,36307852,6,7729,0.2870032095928846,NO,0
"The ritonavir-containing 3D regimen resulted in a significant increase in sirolimus or everolimus exposure, consistent with the known strong inhibitory effect of ritonavir on CYP3A requiring dose and/or frequency modification when co-administered with each other.",sirolimus,CYP3A,1,36416673,4,9313,0.2234500791665995,NO,0
"Compared with the wild type (WT), the M5D mutant (Q34P/A37P/M176V/G177A/M294R/ G28C-P206C), which contains five single-point mutations and one additional disulfide bond, displayed a 14.0  C increase in the melting temperature (Tm), 5  C in the optimal temperature, and 1154.3-fold in the half-life (t1/2) at 55  C.",M294R,G28C,0,36553811,8,10774,0.0763085138675068,NO,0
"rs2258461 with body mass index, rs9861311 and rs429358 with body fat percentage, rs2870099 with waist-hip ratio, and rs145500243 with waist circumference.",rs2870099,rs145500243,0,36276968,5,7291,0.0001028628245087,NO,0
Our findings revealed that HDAC1 functions differentially on tumor suppressors and oncogenes due to its interaction with the oncoprotein CREPT.,HDAC1,tumor,0,36230720,3,6711,0.1140339200093,NO,0
Lapatinib inhibited the ability of the neurotensin receptor 1 to transactivate the EGFR and HER2.,neurotensin receptor 1,HER2,1,31614143,4,12564,0.8994518480667475,YES,1
Seminal studies have shown that the proto-oncogene MYC promotes metabolic reprogramming by altering glutamine uptake and metabolism in cancer cells.,MYC,glutamine,1,31416966,3,521,0.9900656927035858,YES,1
Single-agent heat shock protein 90 (HSP90) inhibition has demonstrated activity in oncogene-driven non-small cell and small cell lung cancers.,heat shock protein 90,non-small cell and small cell lung cancers,1,34655925,2,2573,0.955387514681666,YES,1
"In addition, co-treatment of a CB2 antagonist with THC, and a CB2 agonist with CBD, reversed the impact of THC and CBD on the mRNA levels of key markers, respectively.",CB2,CBD,1,35976913,3,4681,0.3421263503196243,NO,0
"TNF-alpha and IL-1beta levels were decreased, but IL-4, IL-10, IL-13, cyclin D1, and PCNA levels were increased in pregnant women with preeclampsia after using progesterone.",IL-4,IL-13,0,36593749,10,15260,0.0007345000890151,NO,0
"Treatment of obese+sugen rats with empagliflozin improved metabolic syndrome, reduced mitochondrial reactive oxygen species and miR-193b levels, restored NFYA/sGC activity, and prevented EIPH.",metabolic syndrome,reactive oxygen species,1,34157861,10,12983,0.3060793182369837,NO,0
"Through a Connectivity Map (CMap) analysis, we revealed that certain drugs/molecules, including omeprazole, methacholine chloride, ioversol, fulvestrant, difenidol, cycloserine, and MK-801, may serve as potential treatments for tamoxifen-resistant breast cancer patients.",ioversol,breast cancer,1,36619229,10,11303,0.9550005361840362,YES,1
"Using NCI-H838 cells, neurotensin or neurotensin8-13 but not neurotensin1-8 increased EGFR, ERK and HER2 tyrosine phosphorylation which was blocked by SR48692.",ERK,SR48692,1,31614143,6,12494,0.8313488395585834,YES,1
"Genes or proteins regulating lipid metabolism include sterol regulatory element binding protein 1 (SREBP1), adipose triglyceride lipase (ATGL), hormone sensitive lipase (HSL), acetyl-CoA carboxylase 1 (ACC1), fatty acid synthase (FAS), zinc alpha 2 glycoprotein (ZAG) and estrogen receptor alpha (ERalpha), and the expression of proteins regulating inflammatory response, such as TLR4 and NF-kappaB, were determined.",sterol regulatory element binding protein 1,TLR4,0,31661889,11,12597,0.0006219210360053,NO,0
"Although dopamine D2 receptor agonists, bromocriptine and cabergoline, are notable medications in the treatment of Parkinsonism, hyperprolactinemia, and hyperglycemia, there is an identified relationship between the utilization of D2-like R agonists and the progress of myocardial injury, especially in the early phase of therapy.",bromocriptine,hyperglycemia,1,34777640,7,2767,0.2565918615898432,NO,0
"The rs17833172 and rs3775067 SNPs of the ADD1 gene and the rs4963516 SNP of the GNB3 gene were significantly associated with the BP response to CPT, even after adjusting for multiple testing.",rs3775067,rs4963516,0,22476228,5,31,0.0119452098942452,NO,0
"The results showed that the levels of gene and protein catalyzing lipogenesis were increased (SREBP1, ACC1 and FAS), while those catalyzing lipolysis were decreased (ATGL, HSL and ZAG), accompanied by dyslipidemia, insulin resistance and hepatic fat accumulation, and there were higher expression of TLR4 and NF-kappaB protein and lower expression of ERalpha protein in liver, and increased serum IL-17 and TNF-alpha levels in fructose and/or BPA exposed rats compared with controls.",insulin resistance,BPA,1,31661889,16,12754,0.7527839224282347,YES,1
"In contrast, the lower MAFs of ABCB1-rs1045642 were observed in both MDD (0.3599, OR = 0.726) and BPD (0.3700, OR = 0.758) groups than controls (0.4364, P < 0.05).",ABCB1,BPD,1,36698099,4,11850,0.9272923634666732,YES,1
Ginsenoside Rg1 ameliorates chronic intermittent hypoxia-induced vascular endothelial dysfunction by suppressing the formation of mitochondrial reactive oxygen species through the calpain-1 pathway.,vascular endothelial dysfunction,calpain-1,1,36644390,6,15600,0.942288416410456,YES,1
We conclude that fisetin potently inhibits IL-17A and the Akt/mTOR pathway and promotes keratinocyte differentiation and autophagy to alleviate IMQ-induced psoriasis-like disease in mice.,fisetin,Akt,1,36741386,7,12137,0.8688534795676931,YES,1
"Altogether, this study proposes a novel EGFR (L858R/T790M/C797S) TK inhibitor scaffold and provides a detailed understanding of compounds' recognition and susceptibility at the molecular level.",L858R,C797S,0,36558033,4,16230,0.1039136116893188,NO,0
"The aim of this study was designed to examine whether HHcy induces VCI through GCH1 S-nitrosylation, a redox-related post-translational modification of cysteine.",VCI,cysteine,0,36399957,4,9064,0.0331932257742444,NO,0
"We observed that CREPT competed with HDAC1 for binding to oncogene (such as CCND1, CLDN1, VEGFA, PPARD and BMP4) promoters but not the tumor suppressor gene (such as p21 and p27) promoters by a chromatin immunoprecipitation (ChIP) qPCR experiment.",VEGFA,tumor,0,36230720,10,6692,0.0226646666922649,NO,0
"In this study, we performed whole-exome sequencing on BRAF-V600E-mutant melanoma patient tumors refractory to the combination of BRAF/MEK inhibition and identified acquired oncogenic mutations in NRAS and loss of the tumor suppressor gene CDKN2A We hypothesized the acquired resistance mechanisms to BRAF/MEK inhibition were reactivation of the MAPK pathway and activation of the cell-cycle pathway, which can both be targeted pharmacologically with the combination of a MEK inhibitor (trametinib) and a CDK4/6 inhibitor (palbociclib).",MEK,MAPK,0,34376578,12,2351,0.6865828357990444,YES,1
"We propose a potential pleiotropic role for common variation in CACNA1C and KCNH2 associated with CADF in schizophrenia patients, independent of antipsychotic medication, that predisposes them to cardiac arrhythmias and premature death.",KCNH2,premature death,1,36421807,7,9555,0.958949055390756,YES,1
"Associations between significant fibrosis and carbohydrates (Adj. OR: 1.04, P = 0.019), n-3 PUFAs (Adj. OR: 0.16, P < 0.01), isoflavones (Adj. OR: 0.65, P = 0.025), methionine (Adj. OR: 0.30, P < 0.01), and total choline (Adj. OR: 0.29, P < 0.01) intakes remained significant only among rs738409 G-allele carriers.",choline,rs738409,0,33306506,7,1124,0.925622509413979,YES,1
"Anti-aldosterone activity via non-renal mineralocorticoid receptors is associated with cardiovascular health, while interactions with parathyroid hormone signaling impact bone structure and vascular calcification.",parathyroid hormone,vascular calcification,1,36744531,3,12195,0.9949613155386668,YES,1
Modulation of Spheroid Forming Capacity and TRAIL Sensitivity by KLF4 and Nanog in Gastric Cancer Cells.,Nanog,Gastric Cancer,1,36661504,4,11500,0.7855892249272387,YES,1
"The results showed that the levels of gene and protein catalyzing lipogenesis were increased (SREBP1, ACC1 and FAS), while those catalyzing lipolysis were decreased (ATGL, HSL and ZAG), accompanied by dyslipidemia, insulin resistance and hepatic fat accumulation, and there were higher expression of TLR4 and NF-kappaB protein and lower expression of ERalpha protein in liver, and increased serum IL-17 and TNF-alpha levels in fructose and/or BPA exposed rats compared with controls.",insulin resistance,NF-kappaB,0,31661889,16,12749,0.1250992392002261,NO,0
"Instead, caspase-8 reduced pro-survival BCL-2 transcription and increased inducible nitric oxide synthase (iNOS), thus facilitating BAX and BAK signaling.",BAX,BAK,0,35139355,5,3132,0.5577879251178974,YES,1
"Our results, taken together, demonstrated that MMP-2 and MMP-9 were involved in the development of H2S-induced ALI and DXM exerted protective effects by alleviating the expression of MMP-2 and MMP-9.",MMP-9,H2S,1,24722316,5,122,0.4548525930583236,NO,0
"We speculated that mutation in the TH gene may clinically manifest by affecting the production of dopamine and catecholamine downstream, which enriches the gene pool of Segawa syndrome.",TH,dopamine,1,36568392,4,10932,0.9764778720112812,YES,1
"Removal of binding affinity to A3AR was achieved by 1'-homologation, and PPARgamma/delta dual modulation was derived from the structural similarity between the target nucleosides and PPAR modulator drug, rosiglitazone.",A3AR,rosiglitazone,0,33325691,5,1145,0.0025847415609844,NO,0
"High-throughput sequencing of chromosome conformation capture coupled with ChIP (HiChIP) and 3C-qPCR uncovered a long-range interaction between the UBE2L3 promoter (rs140490, rs140491, rs11089620) and the downstream YDJC promoter (rs3747093) that was strengthened in the presence of the UBE2L3/YDJC risk haplotype, and correlated with the loss of CCCTC-binding factor (CTCF) and gain of YY1 binding at the risk alleles.",YDJC,YY1,1,34279042,8,2190,0.3536913018438618,NO,0
"The genetic variants with higher MAFs in obese BMI group were; rs2241766 (G = 0.43), rs17817449 (G = 0.54), rs9939609 (A = 0.51), rs1421085 (C = 0.53), rs1558902 (A = 0.63), and rs1137101 (G = 0.64) respectively.",rs2241766,rs1558902,0,36126070,7,5082,0.0757428182902723,NO,0
"Activated SGK3 can activate ion channels (TRPV5/6, SOC, Kv1.3, Kv1.5, Kv7.1, BKCa, Kir2.1, Kir2.2, ENaC, Nav1.5, ClC-2, and ClC Ka), carriers and receptors (Npt2a, Npt2b, NHE3, GluR1, GluR6, SN1, EAAT1, EAAT2, EAAT4, EAAT5, SGLT1, SLC1A5, SLC6A19, SLC6A8, and NaDC1), and Na+/K+-ATPase, promoting the transportation of calcium, phosphorus, sodium, glucose, and neutral amino acids in the kidney and intestine, the absorption of potassium and neutral amino acids in the renal tubules, the transportation of glutamate and glutamine in the nervous system, and the transportation of creatine.",GluR1,creatine,0,36531961,37,14952,0.0138927777407335,NO,0
The pro-apoptotic caspase-8 substrate BID was dispensable for BAX and BAK activation.,BID,BAX,0,35139355,4,3120,0.9116335236829508,YES,1
"In addition, the expression of TNF- alpha, p-P65, MLCK, and Myocilin (MyoC) was up-regulated and the mechanical pain threshold was decreased.",TNF- alpha,Myocilin,1,36408215,5,9178,0.0523386798553938,NO,0
MTX significantly downregulated the level of anti-atherogenic lipid ApoA1 in AA genotype carriers of rs2066398.,MTX,ApoA1,1,36362461,4,8521,0.9966800516256152,YES,1
"We also found that either TSH or NAC enhanced PKA, Akt, mTORC, AMPK, Sirtuins, PGC1alpha, NRF-2, mitofusin-2, TFAM and catalase in the N-TSHR-mAb stressed cells.",Akt,mitofusin-2,0,34801870,14,13413,0.0983543591322134,NO,0
"We evaluated Allplex SARS-CoV-2 Master Assay and Variants I Assay to detect HV69/70 deletion, Y144 deletion, E484K, N501Y, and P681H spike mutations in 248 positive samples collected in Kuala Lumpur, Malaysia, between January and May 2021.",N501Y,P681H,0,35026305,7,3023,0.0577203561912168,NO,0
"Taken together, KRGE-induced bilirubin production is required for enhanced astrocytic mitochondrial function in an LKB1-dependent and AMPKalpha-independent manner under physiological conditions.",KRGE,bilirubin,0,36139815,4,5266,0.9937946540035254,YES,1
Diminishing HMGB2 expression by miR-127 or SHP may provide a potential means to decrease the pluripotency of tumor initiating cells.,HMGB2,miR-127,1,29218329,4,486,0.95086624559006,YES,1
"Chronic oral mucocutaneous candidiasis, recurrent respiratory infection, hepatosplenomegaly, and autoimmune diabetes mellitus: A case report of a gain-of-function mutation of STAT1 in a Chinese boy.",respiratory infection,STAT1,0,36304533,5,7605,0.7986699039915646,YES,1
"Mechanisms of acquired resistance to anti-KRAS molecules typically involves either on target secondary mutations (e.g., G12, G13, Q61H, R68S, H95, Y96C, V8L) or off-target alterations.",Q61H,Y96C,0,36358848,8,8351,0.0033959232577387,NO,0
Our findings suggest significant modifications of the effect of the association between arsenic exposure and skin cancer risk by the TIMP3 rs9619311 and rs2234921 variants.,skin cancer,TIMP3,1,36499314,5,10203,0.9010404463630975,YES,1
"Serum butyric acid, 2-hydroxybutyric acid, l-glutamic acid, l-phenylalanine, l-serine, l-lactic acid, and cholesterol were enriched in COVID-19 and COVID-19-like patients versus HCs.",2-hydroxybutyric acid,l-glutamic acid,0,33662365,9,1583,0.0005236806997691,NO,0
"P2Y11-induced IL-1R upregulation formed the basis for reinforced IL-1 responsiveness of activated M2 macrophages, as IL-1alpha and IL-1ss each enhanced P2Y11-induced secretion of VEGF and CCL20 as well as the previously reported shedding of soluble tumor necrosis factor receptor 2 (sTNFR2).",CCL20,tumor necrosis factor receptor 2,0,36107259,8,4934,0.1046514920804348,NO,0
"We also found that either TSH or NAC enhanced PKA, Akt, mTORC, AMPK, Sirtuins, PGC1alpha, NRF-2, mitofusin-2, TFAM and catalase in the N-TSHR-mAb stressed cells.",NRF-2,catalase,0,34801870,14,13450,0.1726918582120974,NO,0
"The results showed that the application of biochar and especially chemically modified biochars reduced fluoride (about 15-37%) and cadmium (30-52%) contents in mint leaves, while increased soil pH and cation exchange capacity (CEC), nitrogen (12-35%), phosphorus (16-59%), potassium (17-52%), calcium (19-47%), magnesium (28-77%), iron (37-114%), zinc (45-226%), photosynthetic pigments of leaves and plant biomass (about 10-25%) under toxic conditions.",biochar,iron,1,36578343,11,11008,0.8853576106064663,YES,1
Nebivolol suppresses cardiac ryanodine receptor-mediated spontaneous Ca2+ release and catecholaminergic polymorphic ventricular tachycardia.,cardiac ryanodine receptor,Ca2+,1,27623776,4,154,0.8551837743954394,YES,1
"Carrying out the reaction with aliphatic amines or aminoalcohols at a higher temperature (80  C), phosphinoyl-functionalized 3-aminomethylene chromanones were formed instead of the corresponding chromonyl-substituted alpha-aminophosphine oxides.",amines,chromonyl-substituted alpha-aminophosphine oxides,1,36687078,4,11786,0.3737606661322533,NO,0
"We identified one new risk variant rs61204179 (Pcombined = 1.47 x 10-9) with low allele frequency, four previously reported risk variants (NUCKS1/RAB29-rs11557080, SNCA-rs356182, FYN-rs997368, and VPS13C-rs2251086), as well as three risk variants in LRRK2 coding region (A419V, R1628P, and G2385R) with genome-wide significance (P < 5 x 10-8) for PD in Chinese population.",NUCKS1,LRRK2,0,36759515,15,12208,0.003322668813169,NO,0
"At molecular level, circFAT1 sequestered miR-7 to upregulate IRS2, which in turn regulated downstream ERK1/2 phosphorylation and CCND1 expression, ultimately promoting tumor progression.",ERK1/2,tumor,0,35844799,5,4384,0.8171375650928443,YES,1
"Mechanistically, cultured PA smooth muscle cells from obese rats and humans with diabetes or treated with palmitic acid, glucose, and insulin showed increased mitochondrial reactive oxygen species, which enhanced miR-193b-dependent RNA degradation of nuclear factor Y alpha subunit (NFYA), resulting in decreased sGCbeta1-cGMP signaling.",palmitic acid,glucose,0,34157861,12,12927,0.6436153340441052,YES,1
"Further three SNPs rs2227589, rs757583846, and rs121918476 in natural anti-coagulant genes anti-thrombin III (ATIII), protein C (PROC), and protein S (PROS) respectively showed statistically significant difference between the study groups.",anti-thrombin III,protein S,0,36387492,6,8759,0.04229001220447569,NO,0
"In conclusion, 10muM THC and CBD altered the differentiation of HC11 cells, in part via the CB2 receptor.",THC,CBD,0,35976913,4,4683,0.42813275528075473,NO,0
"Activated SGK3 can activate ion channels (TRPV5/6, SOC, Kv1.3, Kv1.5, Kv7.1, BKCa, Kir2.1, Kir2.2, ENaC, Nav1.5, ClC-2, and ClC Ka), carriers and receptors (Npt2a, Npt2b, NHE3, GluR1, GluR6, SN1, EAAT1, EAAT2, EAAT4, EAAT5, SGLT1, SLC1A5, SLC6A19, SLC6A8, and NaDC1), and Na+/K+-ATPase, promoting the transportation of calcium, phosphorus, sodium, glucose, and neutral amino acids in the kidney and intestine, the absorption of potassium and neutral amino acids in the renal tubules, the transportation of glutamate and glutamine in the nervous system, and the transportation of creatine.",Nav1.5,EAAT5,0,36531961,37,14803,0.022497625025947703,NO,0
"A total of 90% of thyroid cancers have identifiable driver mutations, which often are components of the MAPK pathway, including BRAF, RAS, and RET-fusions.",BRAF,RET,0,36672327,5,11570,0.06417789431068359,NO,0
Ritonavir is a strong CYP3A inhibitor.,Ritonavir,CYP3A,1,36416673,2,9285,0.9949468107429269,YES,1
"We also found that either TSH or NAC enhanced PKA, Akt, mTORC, AMPK, Sirtuins, PGC1alpha, NRF-2, mitofusin-2, TFAM and catalase in the N-TSHR-mAb stressed cells.",AMPK,mAb,0,34801870,14,13434,0.12152127293774118,NO,0
"Functional dissection of the enhancer demonstrated co-dependency of the RelA/p65 and CEBPB binding motifs that, together, increase IL20RA and IFNGR1 expression and decreased TNFAIP3 expression in the context of the TNFAIP3 SLE risk haplotype through dynamic long-range interactions up- and downstream.",IL20RA,IFNGR1,0,36199584,6,6295,0.2497192009896867,NO,0
"Fumaric acid (FMA), isoliquiritigenin (ISO), cinnamaldehyde (CA), ferulic acid (FA), sulforaphane (SFN), and chlorogenic acid (CGA) exhibited varying improvements in colitis on clinical signs, colonic histopathology, inflammatory and oxidative indicators, and Nrf2 pathway in a sequence of SFN, ISO > FA, CA > FMA, CGA.",inflammatory,Nrf2,1,36552614,9,10719,0.13331229830299593,NO,0
"The N-TSHR-mAb also activated cytochrome-C, Bax, caspase-9, caspase-3A, and had less effect on FADD or caspase-8 indicating activation of the intrinsic pathway for apoptosis.",mAb,Bax,1,34801870,8,13472,0.8822226763011167,YES,1
"Furthermore, our study identified four novel P/LP mutations: Q3508X in TTN, A990G in KCNH2, G1220E, and D372H (in a representative pedigree) in SCN5A. CONCLUSIONS: Our study showed the variant spectrum of a suspected Chinese BrS cohort, and we identified four novel P/LP mutations in TTN, KCNH2, and SCN5A.",D372H,BrS,1,36354768,8,8317,0.5167585607028983,YES,1
"Compared with the wild type (WT), the M5D mutant (Q34P/A37P/M176V/G177A/M294R/ G28C-P206C), which contains five single-point mutations and one additional disulfide bond, displayed a 14.0  C increase in the melting temperature (Tm), 5  C in the optimal temperature, and 1154.3-fold in the half-life (t1/2) at 55  C.",G177A,M294R,0,36553811,8,10770,0.0708389061713225,NO,0
"IL-37 administration or IL-24 silencing attenuated neutrophilic asthma, reducing IL-17A levels and decreasing neutrophil airway infiltration, airway hyperresponsiveness, and goblet cell metaplasia.",IL-17A,metaplasia,1,36174993,6,16133,0.4714139871508504,NO,0
"We validated that the C allele of rs9619311 attenuated the binding affinity of BACH2, MEIS2, NFE2L2, and PBX2 to the TIMP3 promoter, and that the G allele of rs2234921 reduced the affinity of E2F8 and RUNX1 to bind to the promoter.",BACH2,MEIS2,0,36499314,9,10178,0.0005173074677602282,NO,0
"Four novel QDPR variants [c.714dup or p.(Leu239Thrfs*44), c.106-1G>T or p.(?), c.214G>T or p.(Gly72*), and c.187_189dup or p.(Gln63dup)] were identified.",p.(Leu239Thrfs*44),c.187_189dup,0,36313470,8,7911,0.03196287902677693,NO,0
"Using immunohistochemistry, we found that angiotensin-converting enzyme-II (ACE2) expression was higher in the HT group and neuropilin 1 (NRP1) expression was higher in HT and GD groups than in the normal group, while transmembrane protease serine type 2 (TMPRSS2) expression was lower in HT and GD groups.",angiotensin-converting enzyme-II,GD,0,36362417,5,13878,0.11031049582618087,NO,0
"After statistically adjusting for age, sex, and BMI, rs5219 was found to be associated with an increased risk of T2DM under 2 inheritance models: codominant (OR = 2.15, 95% confidence intervals [CI] = 1.09-4.22) and recessive (OR = 2.08, 95%CI = 1.09-3.94).",rs5219,T2DM,1,36401380,2,9132,0.9998541192237292,YES,1
Biallelic Mutations in TMEM126B Cause Severe Complex I Deficiency with a Variable Clinical Phenotype.,TMEM126B,Complex I Deficiency,1,27374774,2,134,0.9992316263295726,YES,1
Knockdown of CDKN2A in BRAF inhibitor-resistant cells increased sensitivity to CDK4/6 inhibition alone and in combination with MEK inhibition.,CDKN2A,MEK,0,34376578,4,2384,0.6924917020540717,YES,1
"Mechanistically, LINC00589 serves as a ceRNA platform that simultaneously sponges miR-100 and miR-452 and relieves their repression of tumor suppressors, including discs large homolog 5 (DLG5) and PR/SET domain 16 (PRDM16, a transcription suppressor of mucin4), thereby exerting multiple cancer inhibitory functions and counteracting drug resistance.",LINC00589,mucin4,1,36309503,7,7804,0.5845509366446879,YES,1
"In addition to previously reported P286R and V411L, R375Q and P452L were identified as novel, and deleterious POLE hotspot EDMs of EC.",V411L,R375Q,0,36313640,6,7944,0.027165751736933454,NO,0
"Noteworthy, mice expressing the triple 3KR or the single K117R mutant do not show early on-set tumor development in contrast to TP53 -/- mice.",tumor,TP53,1,36226181,4,6632,0.8437066728963255,YES,1
Citrullinemia type 1 (CTLN1) is a rare autosomal recessive disease caused by argininosuccinate synthetase (ASS) deficiency.,Citrullinemia type 1,argininosuccinate synthetase,1,36680390,2,11645,0.9450275980234242,YES,1
"In the current study, we identified the obesity risk or protective association and BMI raising effect of the minor allele of adiponectin, C1Q and collagen domain containing (ADIPOQ), cholesteryl ester transfer protein (CEPT), FTO alpha-ketoglutarate dependent dioxygenase (FTO), leptin (LEP), and leptin receptor (LEPR) genes in a large cohort stratified into four BMI-based body weight categories i.e., normal weight, lean, over-weight, and obese.",obesity,leptin,1,36126070,7,5056,0.7658205360341893,YES,1
"MMTT analysis showed that probands with variants in MC4R, CASP10, TMPRSS6, HGFAC, and SLC5A1 (c.1415T>C) had sufficient residual beta-cell function with stimulated C-peptide (CP) >200 pmol/L. Seven individuals with variants in RFX2, RREB1, GCKR, DACH1, ZBED3 and SLC5A1 (c.1415T>C, and c.932A>T) presented with complete beta-cell failure.",C-peptide,ZBED3,0,36585034,14,16339,0.14820350663139015,NO,0
"Importantly, among these stress kinases, the c-Jun NH2-terminal kinase (JNK) has been linked to numerous neuropathological conditions, including oxidative stress, neuroinflammation, and brain degeneration associated with brain injuries such as ischemia/reperfusion injury.",c-Jun NH2-terminal kinase,brain degeneration,1,33384558,5,1180,0.9960096151642094,YES,1
"Mutational analysis detected 18,261 mutations in the omicron variant, majority of which were non-synonymous mutations in spike (A67, T547K, D614G, H655Y, N679K, P681H, D796Y, N856K, Q954H), followed by RNA dependent RNA polymerase (rdrp) (A1892T, I189V, P314L, K38R, T492I, V57V), ORF6 (M19M) and nucleocapsid protein (RG203KR).",A67,N856K,0,35367284,21,3375,0.001956483705622242,NO,0
"Our analysis also observed a triple cysteine motif harboring mutation (L39M, A41S, A41V, C43F, C43R, C43S, C44Y, N45R) which may hinder the binding of E protein with spike glycoprotein.",L39M,N45R,0,33319124,10,15827,0.004171031435041589,NO,0
"OEA, but not PEA, attenuated TLR3-induced increases in the expression of all IRF- and NFkappaB-related genes examined in the hypothalamus, but not in the spleen.",OEA,PEA,0,34265624,5,13192,0.9371289724347057,YES,1
"Through a Connectivity Map (CMap) analysis, we revealed that certain drugs/molecules, including omeprazole, methacholine chloride, ioversol, fulvestrant, difenidol, cycloserine, and MK-801, may serve as potential treatments for tamoxifen-resistant breast cancer patients.",omeprazole,breast cancer,1,36619229,10,11290,0.9772317269467138,YES,1
"Upregulation of IL-1 receptor (IL-1R) and its known downstream effectors VEGF, CCL20 and SOCS3 as well as downregulation of the ATP-degrading ecto-ATPase CD39 emerged as hallmarks of P2Y11 activation.",IL-1 receptor,CCL20,1,36107259,6,4890,0.40184047913838655,NO,0
"Finally, in a cohort of patients with psoriasis receiving anti-IL-17A treatment, a positive correlation was found between the expression of NFKBIZ and IL36G. In conclusion, these data reveal a novel crucial regulatory mechanism by which TNFalpha and IL-17A regulate IL-36gamma expression.",psoriasis,TNFalpha,1,33491092,6,1425,0.08179600441158628,NO,0
"Conclusion: PPP1R1B gene polymorphisms rs12601930C/T and rs3764352A/G might be associated with working memory assessed by the WCST in healthy Chinese adults, especially among males.",rs3764352,A/G,0,36440265,5,9904,0.3219154086448169,NO,0
"The genetic variants with higher MAFs in obese BMI group were; rs2241766 (G = 0.43), rs17817449 (G = 0.54), rs9939609 (A = 0.51), rs1421085 (C = 0.53), rs1558902 (A = 0.63), and rs1137101 (G = 0.64) respectively.",rs1558902,rs1137101,0,36126070,7,5093,0.04007546228623444,NO,0
"In contrast, the combination of dapagliflozin + spironolactone did not change the migration rate of fibroblast but significantly altered SGLT2i responses on MMP9, GAL3, and IL-1b expression, in association with increased phosphorylation of the kinases AKT/GSK3 and ERK1/2.",GSK3,ERK1/2,0,36303443,8,13863,0.4459401809136269,NO,0
Dual blockade of EGFR and CDK4/6 delays head and neck squamous cell carcinoma progression by inducing metabolic rewiring.,CDK4/6,head and neck squamous cell carcinoma,1,33878394,3,1783,0.9075918465021753,YES,1
"We sought to assess the influence of the O6-methylguanine-DNA methyltransferase (MGMT) promoter methylation on response and progression-free survival (PFS) following initiation of irinotecan and temozolomide (IT), PFS following initiation of vincristine, doxorubicin, and cyclophosphamide alternating with ifosfamide and etoposide (VDC-IE), and overall survival (OS).",O6-methylguanine-DNA methyltransferase,vincristine,1,36523794,10,10340,0.023985420163785475,NO,0
We found that the ALA/MrgD axis improved TGF-beta1-mediated LF activation by repressing glycolysis by downregulating HK2 and PFKFB3 expression.,HK2,PFKFB3,0,36635651,5,15556,0.0527421260457416,NO,0
High PPAT expression was associated with poor ICC prognosis.,PPAT,ICC,1,36711025,2,11906,0.9469503793943613,YES,1
We assessed the efficacy and safety of two pembrolizumab doses versus investigator-choice chemotherapy in patients with ipilimumab-refractory melanoma.,pembrolizumab,melanoma,1,26115796,4,12381,0.9489114410694913,YES,1
"Activated SGK3 can activate ion channels (TRPV5/6, SOC, Kv1.3, Kv1.5, Kv7.1, BKCa, Kir2.1, Kir2.2, ENaC, Nav1.5, ClC-2, and ClC Ka), carriers and receptors (Npt2a, Npt2b, NHE3, GluR1, GluR6, SN1, EAAT1, EAAT2, EAAT4, EAAT5, SGLT1, SLC1A5, SLC6A19, SLC6A8, and NaDC1), and Na+/K+-ATPase, promoting the transportation of calcium, phosphorus, sodium, glucose, and neutral amino acids in the kidney and intestine, the absorption of potassium and neutral amino acids in the renal tubules, the transportation of glutamate and glutamine in the nervous system, and the transportation of creatine.",SGLT1,glucose,0,36531961,37,15060,0.9496194533225198,YES,1
Statin prevents cancer development in chronic inflammation by blocking interleukin 33 expression.,chronic inflammation,interleukin 33,1,36711701,4,11963,0.19737878447625884,NO,0
The expression of KLF4 and SOX2 was increased upon the spheroid culture of SNU-601 (KLF4/Nanog-high) and SNU-638 (KLF4/Nanog-low).,SOX2,Nanog,0,36661504,5,11518,0.04113493907957748,NO,0
"The NOS inhibitor (N-nitro-l-arginine methyl ester) had no effect on nebivolol's SOICR inhibition, and the NOS activator (histamine or prostaglandin E2) alone did not inhibit SOICR.",N-nitro-l-arginine methyl ester,prostaglandin E2,0,27623776,5,167,0.03984719045126288,NO,0
"We conclude that apnea coincident with the tonic phase of a seizure, and subsequent failure to resume breathing, are the determining events that cause seizure-induced death in Scn8a mutant mice.",seizure,Scn8a,1,33604927,6,1523,0.620296710361184,YES,1
"Activated SGK3 can activate ion channels (TRPV5/6, SOC, Kv1.3, Kv1.5, Kv7.1, BKCa, Kir2.1, Kir2.2, ENaC, Nav1.5, ClC-2, and ClC Ka), carriers and receptors (Npt2a, Npt2b, NHE3, GluR1, GluR6, SN1, EAAT1, EAAT2, EAAT4, EAAT5, SGLT1, SLC1A5, SLC6A19, SLC6A8, and NaDC1), and Na+/K+-ATPase, promoting the transportation of calcium, phosphorus, sodium, glucose, and neutral amino acids in the kidney and intestine, the absorption of potassium and neutral amino acids in the renal tubules, the transportation of glutamate and glutamine in the nervous system, and the transportation of creatine.",ClC Ka,Npt2a,0,36531961,37,14843,0.07928070163774657,NO,0
"Mechanistically, cultured PA smooth muscle cells from obese rats and humans with diabetes or treated with palmitic acid, glucose, and insulin showed increased mitochondrial reactive oxygen species, which enhanced miR-193b-dependent RNA degradation of nuclear factor Y alpha subunit (NFYA), resulting in decreased sGCbeta1-cGMP signaling.",reactive oxygen species,cGMP,0,34157861,12,12948,0.5972291551854154,YES,1
"Despite preclinical success, monotherapies targeting EGFR or cyclin D1-CDK4/6 in Head and Neck squamous cell carcinoma (HNSCC) have shown a limited clinical outcome.",EGFR,CDK4/6,0,33878394,4,1785,0.20071521458842875,NO,0
"P2Y11-induced IL-1R upregulation formed the basis for reinforced IL-1 responsiveness of activated M2 macrophages, as IL-1alpha and IL-1ss each enhanced P2Y11-induced secretion of VEGF and CCL20 as well as the previously reported shedding of soluble tumor necrosis factor receptor 2 (sTNFR2).",IL-1ss,VEGF,0,36107259,8,4929,0.9578039306806898,YES,1
"Immortalized canine ADSCs were established by transduction with combinations of the R24C mutation of human cyclin-dependent kinase 4 (CDKR24C), canine cyclin D1, and canine TERT.",cyclin D1,TERT,1,36768587,6,12353,0.508536275737238,YES,1
Growing evidence shows that C-Type Lectin Domain Containing 7A (Clec7a) may be involved into neuroinflammatory injury of various neurological diseases.,C-Type Lectin Domain Containing 7A,neurological diseases,1,36503542,3,14156,0.9715785050081457,YES,1
"On the other hand, rs2285676, rs1799859, and rs757110 were not associated with an increased risk of T2DM.",rs1799859,T2DM,1,36401380,4,9137,0.8700393079399447,YES,1
"Although the efficacy of programmed cell death-1 (PD-1) blockade is generally poor for non-small cell lung cancer (NSCLC) with activating mutations of the epidermal growth factor receptor (EGFR) gene, EGFR tyrosine kinase inhibitors (TKIs) may improve the tumor immune microenvironment.",programmed cell death-1,epidermal growth factor receptor,1,34921023,4,2894,0.05852435279285257,NO,0
"In the present study, we evaluated five single nucleotide polymorphisms (SNPs): IL1RAP rs4624606, IL1RL1 rs1041973, IL-6 rs1800795, BLK rs13277113, and TIMP3 rs9621532, and determined their associations with the patients' 5 year survival rate.",IL1RL1,BLK,0,36682035,11,11702,0.00018510342445550427,NO,0
"The levels of glucose, total protein (TP), total cholesterol (TC), and the proinflammatory cytokines interleukin (IL)-1beta, IL-6 and tumor necrosis factor (TNF)-alpha in blood were examined, and we then detected glycogen and adenosine triphosphate (ATP) content, phosphofructosekinase-1 (PFK1) and glucose-6-phosphate dehydrogenase (G6PDH) activity, glucose transporter (GLUT)1, GLUT4, sodium/glucose cotransporter (SGLT)1 and citrate synthase (CS) protein expression and autophagy levels in circulating neutrophils.",IL-6,phosphofructosekinase-1,0,36174980,13,5889,0.00012652652389643385,NO,0
"With the rolling 6 design, participants received escalating doses of bendamustine (30, 40, or 60 mg/m2 /d) in combination with clofarabine (40 mg/m2 ), etoposide (100 mg/m2 ), and dexamethasone (8 mg/m2 ) daily for 5 days.",clofarabine,etoposide,1,33598942,4,1476,0.9947524768084135,YES,1
"Activated SGK3 can activate ion channels (TRPV5/6, SOC, Kv1.3, Kv1.5, Kv7.1, BKCa, Kir2.1, Kir2.2, ENaC, Nav1.5, ClC-2, and ClC Ka), carriers and receptors (Npt2a, Npt2b, NHE3, GluR1, GluR6, SN1, EAAT1, EAAT2, EAAT4, EAAT5, SGLT1, SLC1A5, SLC6A19, SLC6A8, and NaDC1), and Na+/K+-ATPase, promoting the transportation of calcium, phosphorus, sodium, glucose, and neutral amino acids in the kidney and intestine, the absorption of potassium and neutral amino acids in the renal tubules, the transportation of glutamate and glutamine in the nervous system, and the transportation of creatine.",Na+/K+-ATPase,potassium,0,36531961,37,15111,0.864700225308989,YES,1
"Q57H and T151I of ORF3a; T21I and W27L of ORF6; G38V, V82A, and T120I of ORF7a; S31P and T40I of ORF7b; and R52I, C61F, and I121L of ORF8 were highly frequent in most variants of concern and were within known functional domains.",W27L,I121L,0,35764775,17,4157,0.003177891093970549,NO,0
"Omicron and sub-variant mutations at Receptor-binding Motif (RBM) residues such as Q493R, N501Y, Q498, T478K, and Y505H all contribute significantly to binding affinity with human ACE2.",N501Y,Y505H,0,35680610,7,3849,0.007746433731693749,NO,0
"We compared phenotypes to those of strains with either knockout mutations or expressing predicted constitutively activated, GTPase-deficient alleles for each of the three Galpha subunit genes (gna-1Q204L, gna-2Q205L or gna-3Q208L).",Q204L,Q205L,0,36294641,4,7417,0.1373579161070792,NO,0
A recurrent SHANK1 mutation implicated in autism spectrum disorder causes autistic-like core behaviors in mice via downregulation of mGluR1-IP3R1-calcium signaling.,mGluR1,calcium,1,35388181,7,3520,0.9289219768037377,YES,1
"We also found that either TSH or NAC enhanced PKA, Akt, mTORC, AMPK, Sirtuins, PGC1alpha, NRF-2, mitofusin-2, TFAM and catalase in the N-TSHR-mAb stressed cells.",Akt,Sirtuins,0,34801870,14,13410,0.051539944216347736,NO,0
"Together, aggregation of pT12-WWOX may link to TPC6ADelta aggregation for AD progression, with TPC6ADelta aggregation being a common initiator for AD and PD progression.",TPC6ADelta,PD,1,36498839,4,14145,0.9533803348938127,YES,1
"Serine/Threonine phosphorylation of RIPK1 is known to suppress RIPK1 kinase-mediated cell death in the contexts of inflammation, infection and embryogenesis, however, regulation by tyrosine phosphorylation has not been reported.",Threonine,inflammation,0,36329033,6,8101,0.019264459680510715,NO,0
"Haplotype analysis indicated that the CCGC haplotype of ADD1 constructed by rs1263359, rs3775067, rs4961 and rs4963 was significantly associated with the BP response to CPT.",rs1263359,rs3775067,0,22476228,5,33,0.2698696790455232,NO,0
Adeno-associated virus-mediated NFYA overexpression and SGLT2 inhibition restore NFYA-sGCbeta1-cGMP signaling and ameliorate EIPH.,sGCbeta1,cGMP,0,34157861,5,13026,0.9763440465880473,YES,1
"Using a combination of regional association studies, a linkage disequilibrium map, and multivariate analysis, we revealed that the APOB locus variants rs144467873, rs13306194, and rs1367117 were independently associated with total, low-density lipoprotein (LDL), and non-high-density lipoprotein (non-HDL) cholesterol levels; rs1318006 was associated with HDL cholesterol levels; rs13306194 and rs35131127 were associated with serum triglyceride levels; rs144467873, rs13306194, rs56213756, and rs679899 were associated with remnant cholesterol levels; and rs144467873 and rs4665709 were associated with metabolic syndrome.",rs1318006,metabolic syndrome,0,36499290,12,10127,0.00016251388207418947,NO,0
"Further analysis indicated that PRKD1 might be a cooperating factor to regulate the expression of FOXG1, MECP2 and CDKL5 to contribute the RTT/RTT-like disorders.",MECP2,CDKL5,0,36568277,5,10916,0.029476160375756285,NO,0
"The mechanism of LINC00173 in DDP resistance by mediating miR-1275/PROCA1/ZFP36L2 axis to impair BCL2 mRNA stability was applied, and co-immunoprecipitation, chromatin immunoprecipitation, RNA antisense purification, RNA immunoprecipitation, and luciferase reporter assays were performed.",LINC00173,PROCA1,1,36627670,6,15429,0.8071517249234321,YES,1
"Our findings indicated that the rs3811655 polymorphism may be implicated in the cognitive deficits of schizophrenia and HCs as well as psychiatric symptoms in patients, which suggested the possible iron regulatory mechanism in the pathology of schizophrenia.",rs3811655,psychiatric symptoms,1,36362642,6,8546,0.9692271593222186,YES,1
"The present study examined the effects of intracerebral or systemic administration of the FAAH substrates N-oleoylethanolamide (OEA), N-palmitoylethanolamide (PEA) or the anandamide (AEA) analogue meth-AEA on hyperthermia and hypothalamic inflammatory gene expression following administration of the TLR3 agonist, and viral mimetic, poly I:C.",FAAH,hyperthermia,1,34265624,9,13128,0.2875578598455607,NO,0
"Haplotype analysis revealed that the AACATGG and GACATGG haplotypes for the rs1544410, rs7975232, rs731236, rs4646536, rs703842, rs3782130, and rs10877012 polymorphisms were associated with a lower risk of NSCLC (p = 0.015 and p = 0.044 respectively).",rs1544410,rs703842,0,36364930,8,8636,0.4689163243033728,NO,0
"Whereas the activity of the MgO/xAl_SBA-15 systems was moderate for the conversion of glycidol to the corresponding cyclic carbonate, the Al_SBA-15-supported imidazolium chloride catalysts gave excellent results over different epoxides (conversion of glycidol, epichlorohydrin, and styrene oxide up to 89%, 78%, and 18%, respectively).",MgO,Al_SBA-15,1,36558016,8,10824,0.6689131441383801,YES,1
"MMTT analysis showed that probands with variants in MC4R, CASP10, TMPRSS6, HGFAC, and SLC5A1 (c.1415T>C) had sufficient residual beta-cell function with stimulated C-peptide (CP) >200 pmol/L. Seven individuals with variants in RFX2, RREB1, GCKR, DACH1, ZBED3 and SLC5A1 (c.1415T>C, and c.932A>T) presented with complete beta-cell failure.",CASP10,SLC5A1,0,36585034,14,16300,0.10298269296366094,NO,0
Mechanistic studies showed that WWOX and ASS1 levels were downregulated in hypoxic HCC cells.,WWOX,hypoxic,1,36530994,4,14379,0.08751801335417977,NO,0
Targeting EZH2 is expected to be a novel therapeutic approach for end-stage renal disease (ESRD) patients with PD treatment.,EZH2,end-stage renal disease,0,36619221,3,15393,0.9465261491464558,YES,1
"Here we identified in a multi-generation HAE-PLG family an additional F12 mutation, resulting in the loss of one F12 allele.",HAE-PLG,F12,1,36685169,2,11760,0.2957728326921981,NO,0
"Western blot was performed to detect Cyclin D1, PCNA, MMP-2, MMP-9, inflammatory factors TNF-alpha, IL-1beta, IL-4, IL-10, IL-13, and",inflammatory,IL-10,1,36593749,10,15230,0.00639231838548526,NO,0
"Neurotensin addition to NCI-H838 cells increased significantly reactive oxygen species which was inhibited by SR48692, Tiron (superoxide scavenger) and diphenylene iodonium (DPI inhibits the ability of NADPH oxidase and dual oxidase enzymes to produce reactive oxygen species).",diphenylene iodonium,dual oxidase,1,31614143,8,12515,0.8553105156138492,YES,1
This study explored the role of IL-36 in psoriasis and investigated the molecular mechanism involved in tumour necrosis factor-alpha (TNFalpha)/IL-17A-mediated IL-36 induction.,psoriasis,IL-17A,1,33491092,3,1392,0.38732901582219226,NO,0
"Neurotensin stimulated NSCLC cellular proliferation whereas the growth was inhibited by SR48692, DPI or lapatinib (lapatinib is tyrosine kinase inhibitor of the EGFR and HER2).",lapatinib,tyrosine kinase,0,31614143,8,12554,0.6084143701868395,YES,1
"We observed suggestive evidence (P < 0.05) for eight variants (rs17026425, rs17057166, rs6854845, rs1728400, rs17693104, rs202280, rs6797464, and rs823920) in all colorectal cancer and two variants (rs17026425 and rs6854845) in rectal cancer that were concordant with previous reports.",rs823920,colorectal cancer,1,31488414,10,675,0.9748599430170721,YES,1
"There was significant interaction between FNDC5 (rs16835198) and PGC-1alpha (rs3755863, rs8192678), healthy eating behaviors, moderate-to-vigorous physical activity time, interaction between PGC-1alpha (rs8192678) and moderate-to-vigorous physical activity time in the occurrence of overweight or obesity in Chinese children and adolescents.",rs3755863,obesity,0,36760581,8,12278,0.3854946570558685,NO,0
"BACKGROUND: Mutations in RAS (KRAS, NRAS) and BRAF genes are the main biomarker predicting response to anti-EGFR monoclonal antibodies in targeted therapy in colorectal cancer (CRC).",NRAS,colorectal cancer,1,36444585,6,9940,0.7890419060132826,YES,1
"Prompted by the observation that C/EBPbeta/delta-encoding transcripts contain m6A consensus sites, we show that Cebpd and Cebpb mRNAs are subject to m6A modification.",C/EBPbeta/delta,Cebpb,0,34215679,4,13059,0.3702144662138965,NO,0
"Ciliary defects observed in CCRK-knockout (KO), BROMI-KO, and FAM149B1-KO cells, including abnormally long cilia and accumulation of the IFT machinery and ICK at the ciliary tip, resembled one another, and BROMI mutants that are defective in binding to CCRK and CFAP20 were unable to rescue the ciliary defects of BROMI-KO cells.",BROMI,CFAP20,1,35609210,5,3795,0.9844595020776469,YES,1
"Activated SGK3 can activate ion channels (TRPV5/6, SOC, Kv1.3, Kv1.5, Kv7.1, BKCa, Kir2.1, Kir2.2, ENaC, Nav1.5, ClC-2, and ClC Ka), carriers and receptors (Npt2a, Npt2b, NHE3, GluR1, GluR6, SN1, EAAT1, EAAT2, EAAT4, EAAT5, SGLT1, SLC1A5, SLC6A19, SLC6A8, and NaDC1), and Na+/K+-ATPase, promoting the transportation of calcium, phosphorus, sodium, glucose, and neutral amino acids in the kidney and intestine, the absorption of potassium and neutral amino acids in the renal tubules, the transportation of glutamate and glutamine in the nervous system, and the transportation of creatine.",Kv1.5,NaDC1,0,36531961,37,14637,0.21382294016617703,NO,0
"Epidermal growth factor receptor (EGFR)-tyrosine kinase inhibitors are standard therapeutic agents for non-small cell lung cancer (NSCLC) patients with major EGFR mutations such as exon 19 deletions and a L858R mutation, whereas treatment strategies for cases with uncommon EGFR mutations remain to be fully established.",Epidermal growth factor receptor,non-small cell lung cancer,1,36193787,4,6189,0.8111846625999253,YES,1
We observed significantly increased QTvi in unmedicated patients with CADF-associated risk in CACNA1C rs2283274 C and schizophrenia-associated risk in rs2239061 G compared to the non-risk allele in these patients.,CADF,rs2239061,0,36421807,6,9526,0.10419206679522885,NO,0
"The distribution of allelic frequencies in the AMPD1 and MLCK c.37885C>A polymorphisms were different between non-injured and injured soccer players (p < 0.001 and p = 0.003, respectively).",AMPD1,MLCK,0,36468031,4,10022,0.44913824271596353,NO,0
Inhibition of CDK4/6 activity in CCND3 mutant MV4;11 cells restored pexidartinib-induced cell-cycle arrest but not apoptosis.,CDK4/6,pexidartinib,1,34103301,4,1952,0.157119717049722,NO,0
"Experiments with covalent thiol modification by NEM, glutathione, and amino acid substitutions (C38S, C83S and H81A), indicate that subpopulations ranging from fully reduced thiols, single thiol oxidation, and intramolecular disulfide formation determine heme binding properties by modulating the histidine-heme affinity and ligand binding.",glutathione,H81A,0,33144263,5,874,0.04419456497522385,NO,0
"Using a combination of regional association studies, a linkage disequilibrium map, and multivariate analysis, we revealed that the APOB locus variants rs144467873, rs13306194, and rs1367117 were independently associated with total, low-density lipoprotein (LDL), and non-high-density lipoprotein (non-HDL) cholesterol levels; rs1318006 was associated with HDL cholesterol levels; rs13306194 and rs35131127 were associated with serum triglyceride levels; rs144467873, rs13306194, rs56213756, and rs679899 were associated with remnant cholesterol levels; and rs144467873 and rs4665709 were associated with metabolic syndrome.",rs1367117,rs4665709,0,36499290,12,10113,0.00264459294882379,NO,0
"The types and mechanisms of atrazine-metolachlor toxicity, an herbicide composed of atrazine (ATR) and metolachlor (MET), need to be further investigated.",toxicity,metolachlor,1,36262065,4,7071,0.516149865899714,YES,1
"This case report describes a 12-year-old girl with recurrent oral ulcers, severe chronic periodontitis, and pathological tooth migration as the initial and main clinical symptoms of CyN. Two novel mutations in ELANE, c.180T>G (p.I60M) and c.182C>G (p.A61G) associated with CyN were observed.",chronic periodontitis,ELANE,1,36386806,8,8723,0.48705585976060156,NO,0
"Functional dissection of the enhancer demonstrated co-dependency of the RelA/p65 and CEBPB binding motifs that, together, increase IL20RA and IFNGR1 expression and decreased TNFAIP3 expression in the context of the TNFAIP3 SLE risk haplotype through dynamic long-range interactions up- and downstream.",CEBPB,IFNGR1,1,36199584,6,6292,0.8340439741324984,YES,1
HDAC4 binds both Mef2 and Runx2 and blocks their activities.,Mef2,Runx2,1,33148508,3,908,0.004487614826548851,NO,0
"Only afatinib, neratinib, and zanubrutinib covalently bond at the active site like the KRASG12C inhibitors in the KRASG12C protein (PDB ID: 6OIM).",zanubrutinib,KRAS,1,36614109,5,11231,0.6535472787587244,YES,1
"Our results revealed that MMP-2 and MMP-9 were obviously increased in both mRNA and protein level after H2S exposure, and they could be inhibited by MMP inhibitor doxycycline (DOX) in rat model.",MMP-2,doxycycline,1,24722316,6,88,0.666590461718085,YES,1
"The triple mutations, K417N-E484K-N501Y, and K417T-E484K-N501Y displayed weaker binding affinity to heparin (-6.6 kcal/mol).",E484K,N501Y,0,35194375,5,3265,0.21879930329323488,NO,0
"Thus, we evaluated the cytotoxic effects of Paclitaxel alone and in combination with several repurposed drugs (Pitavastatin, Metformin, Ivermectin, Itraconazole and Alendronate) in two tumor chemoresistant (OVCAR8 and OVCAR8 PTX R P) and a non-tumoral (HOSE6.3) cell lines.",Pitavastatin,Ivermectin,0,36139522,9,5157,0.18464360506052582,NO,0
"Moreover, we confirmed that WEE2-AS1 promoted RPN2 protein stabilization by preventing CUL2-mediated RPN2 K322 ubiquitination, thereby contributing to GBM malignant progression by activating the PI3K-Akt signaling pathway.",WEE2-AS1,GBM,1,36168628,6,5770,0.935696951082443,YES,1
"Unexpectedly, we found that lack of chemerin-CMKLR1 signaling specifically reduced expression of lactoperoxidase (LPO), a peroxidase that is predominantly expressed in colonic ECs and utilizes H2O2 to oxidize thiocyanates to the antibiotic compound, thereby leading to the outgrowth and mucosal invasion of gram-negative bacteria and dysregulated CXCL1/2-mediated neutrophilia.",chemerin,CMKLR1,1,35858331,7,4414,0.9875832269930682,YES,1
"We evaluated Allplex SARS-CoV-2 Master Assay and Variants I Assay to detect HV69/70 deletion, Y144 deletion, E484K, N501Y, and P681H spike mutations in 248 positive samples collected in Kuala Lumpur, Malaysia, between January and May 2021.",Y144 deletion,P681H,0,35026305,7,3020,0.1125834254412331,NO,0
"Genes provided in the present study with genetic variants associated with VTE were FVL (G1691A), Prothrombin (G20210A), MTHFR (C677T, A1298C), PAI-1 (4G/5G), factor VII activating protease (1601G > A), and endothelial protein C receptor (g.6936A_G, c.4600A_G).",PAI-1,factor VII activating protease,0,36316870,14,8038,0.0002881821622541419,NO,0
"The polymorphisms suitable for meta-analysis were CCND1 (rs17852153), COX2 (rs20417), EGF (rs4444903), EGFR (rs712829, rs11543848, 3'UTR CA repeat), FCGR2A (rs1801274), FCGR3A (rs396991), IL8 (rs4073), KRAS (rs61764370) and VEGFA (rs3025039).",FCGR2A,IL8,0,27897268,19,369,0.0003759986755238788,NO,0
"In vitro, N-acetylcysteine (NAC) inhibited NLRP3 inflammasome activation and NLRP3 knockdown reduced GSDMD expression, in MOVAS cells treated with TNF-alpha.",N-acetylcysteine,NLRP3,1,35217818,5,3335,0.9663979223249427,YES,1
"Genes or proteins regulating lipid metabolism include sterol regulatory element binding protein 1 (SREBP1), adipose triglyceride lipase (ATGL), hormone sensitive lipase (HSL), acetyl-CoA carboxylase 1 (ACC1), fatty acid synthase (FAS), zinc alpha 2 glycoprotein (ZAG) and estrogen receptor alpha (ERalpha), and the expression of proteins regulating inflammatory response, such as TLR4 and NF-kappaB, were determined.",hormone sensitive lipase,estrogen receptor alpha,0,31661889,11,12610,0.0013732445620203728,NO,0
"Results: Various medicines were given to the boy during the follow-up, including insulin to keep blood glucose stable, intravenous immunoglobulin and antifungal agents for recurrent infections, and antituberculosis drugs (isoniazid, rifampicin) to combat tuberculosis infection.",blood glucose,rifampicin,0,36304533,5,7613,0.06684366710982095,NO,0
"Activated SGK3 can activate ion channels (TRPV5/6, SOC, Kv1.3, Kv1.5, Kv7.1, BKCa, Kir2.1, Kir2.2, ENaC, Nav1.5, ClC-2, and ClC Ka), carriers and receptors (Npt2a, Npt2b, NHE3, GluR1, GluR6, SN1, EAAT1, EAAT2, EAAT4, EAAT5, SGLT1, SLC1A5, SLC6A19, SLC6A8, and NaDC1), and Na+/K+-ATPase, promoting the transportation of calcium, phosphorus, sodium, glucose, and neutral amino acids in the kidney and intestine, the absorption of potassium and neutral amino acids in the renal tubules, the transportation of glutamate and glutamine in the nervous system, and the transportation of creatine.",NaDC1,calcium,0,36531961,37,15099,0.15972608599297827,NO,0
"BMDMs were primed with LPS and stimulated with NLRP3 activators, including ATP, nigericin, and imiquimod.",NLRP3,nigericin,1,36798132,5,16518,0.6655895467879467,YES,1
"Here, we showed that replacement of a single amino acid at position 973, just distal to the NPEY motif in the intracellular juxtamembrane region, from leucine, which is highly-conserved in IRs, to phenylalanine, the highly-conserved homologous residue in IGF1Rs, resulted in decreased IRS-1-PI3K-Akt-mTORC1 signaling and increased of Shc-Gab1-MAPK-cell cycle signaling.",IGF1Rs,Gab1,0,36548088,9,10544,0.596925121348115,YES,1
"We also determined if these receptor component associations are decreased by tumor necrosis factor (TNF) alpha and if CALCB, ADM, or ADM2 can rescue CALCRL/RAMP associations.",ADM,ADM2,0,27784654,6,217,0.004407893287071436,NO,0
"Polymorphic Variants of AGT, ABCA1, and CYBA Genes Influence the Survival of Patients with Coronary Artery Disease: A Prospective Cohort Study.",CYBA,Coronary Artery Disease,1,36421822,5,9561,0.9308590588804505,YES,1
"Activated SGK3 can activate ion channels (TRPV5/6, SOC, Kv1.3, Kv1.5, Kv7.1, BKCa, Kir2.1, Kir2.2, ENaC, Nav1.5, ClC-2, and ClC Ka), carriers and receptors (Npt2a, Npt2b, NHE3, GluR1, GluR6, SN1, EAAT1, EAAT2, EAAT4, EAAT5, SGLT1, SLC1A5, SLC6A19, SLC6A8, and NaDC1), and Na+/K+-ATPase, promoting the transportation of calcium, phosphorus, sodium, glucose, and neutral amino acids in the kidney and intestine, the absorption of potassium and neutral amino acids in the renal tubules, the transportation of glutamate and glutamine in the nervous system, and the transportation of creatine.",SN1,EAAT2,0,36531961,37,14973,0.010001026651092263,NO,0
"We evaluated Allplex SARS-CoV-2 Master Assay and Variants I Assay to detect HV69/70 deletion, Y144 deletion, E484K, N501Y, and P681H spike mutations in 248 positive samples collected in Kuala Lumpur, Malaysia, between January and May 2021.",Y144 deletion,E484K,0,35026305,7,3018,0.02370388817497958,NO,0
[p.Gly212Val] and/or c.401delA,p.Gly212Val,c.401delA,0,27374774,2,146,0.7048702623451023,YES,1
"ATR-MET-induced-testicular toxicity (reduced sperm motility, count, and daily sperm production and increased live/dead ratio) was accompanied with testicular oxidative stress (diminished level of reduced glutathione, activities of glutathione-S-transferase, superoxide dismutase and catalase and increased level of malondialdehyde).",ATR-MET,superoxide dismutase,1,36262065,7,7086,0.7148173265615604,YES,1
"Beyond these mutations, germline or somatic aberrations in genes of the homologous recombination (HR) pathway such as RAD51B/C/D, PALB2, ATM, BRIP1 may confer an HR deficiency in up to 50% of ovarian tumors.",RAD51B/C/D,BRIP1,0,36531003,6,14432,0.034373021618994005,NO,0
"A combination of d-fructose, citric acid and 2-palmitoyl-glycerol distinguished COVID-19 patients from HCs and COVID-19-like patients, with an area under the curve (AUC) > 0.92 after validation.",d-fructose,citric acid,0,33662365,5,1624,0.583038763170662,YES,1
"The results showed that the levels of gene and protein catalyzing lipogenesis were increased (SREBP1, ACC1 and FAS), while those catalyzing lipolysis were decreased (ATGL, HSL and ZAG), accompanied by dyslipidemia, insulin resistance and hepatic fat accumulation, and there were higher expression of TLR4 and NF-kappaB protein and lower expression of ERalpha protein in liver, and increased serum IL-17 and TNF-alpha levels in fructose and/or BPA exposed rats compared with controls.",fructose,BPA,1,31661889,16,12775,0.7495354032558253,YES,1
"Activated SGK3 can activate ion channels (TRPV5/6, SOC, Kv1.3, Kv1.5, Kv7.1, BKCa, Kir2.1, Kir2.2, ENaC, Nav1.5, ClC-2, and ClC Ka), carriers and receptors (Npt2a, Npt2b, NHE3, GluR1, GluR6, SN1, EAAT1, EAAT2, EAAT4, EAAT5, SGLT1, SLC1A5, SLC6A19, SLC6A8, and NaDC1), and Na+/K+-ATPase, promoting the transportation of calcium, phosphorus, sodium, glucose, and neutral amino acids in the kidney and intestine, the absorption of potassium and neutral amino acids in the renal tubules, the transportation of glutamate and glutamine in the nervous system, and the transportation of creatine.",EAAT1,SGLT1,0,36531961,37,14993,0.017329132041822883,NO,0
"In addition, the expression of TNF- alpha, p-P65, MLCK, and Myocilin (MyoC) was up-regulated and the mechanical pain threshold was decreased.",TNF- alpha,P65,1,36408215,5,9176,0.11057774599425503,NO,0
"Consistent with these findings, orally administered sonidegib attenuated IL-6 and TNF-alpha levels in the brains of LPS-treated mice.",IL-6,LPS,1,36142500,5,13678,0.20078817464056775,NO,0
"Fifteen patients with schizophrenia (SCZ), 15 with bipolar affective disorder type 2 (BD), and 14 healthy volunteers (HV) were genotyped for two SLC30A3 single nucleotide polymorphisms (rs11126936 and rs11126929).",schizophrenia,rs11126936,1,36203844,6,6323,0.2390309243548446,NO,0
"KIR3DL3 recruited SHP-1 and SHP-2 to attenuate Vav1, ERK1/2, AKT, and NF-kappaB signaling.",SHP-1,Vav1,1,34244312,7,2108,0.8943861870163515,YES,1
"In this phase I dose-escalation trial, we assess the maximum tolerated dose (MTD) of Bermekimab in combination with Nanoliposomal Irinotecan (Nal-Iri) and 5-Fluorouracil/Folinic Acid (5-FU/FA).",Irinotecan,Folinic Acid,1,36056179,4,4737,0.6992528120440435,YES,1
"Moreover, we confirmed that WEE2-AS1 promoted RPN2 protein stabilization by preventing CUL2-mediated RPN2 K322 ubiquitination, thereby contributing to GBM malignant progression by activating the PI3K-Akt signaling pathway.",RPN2,PI3K,0,36168628,6,5775,0.6707902799363319,YES,1
"Predictive markers and therapeutic strategies for tamoxifen-resistant ER+ breast cancer are not clear, and micro (mi)RNAs have recently become a focal research point in cancer studies owing to their regulation of gene expressions, metabolism, and many other physiological processes.",ER,breast cancer,1,36619229,4,11261,0.5582938012466294,YES,1
"In summary, I3C inhibited the degradation of p53 by MDM2 in liver cancer cells; stable p53 induced miR-34a, which targeted LDHA, a key enzyme for aerobic glycolysis, suggesting cancer metabolism is an important target for I3C in liver cancer cells.",MDM2,cancer,0,36297369,7,7572,0.13833232025111936,NO,0
Objectives: The purpose of our study is to investigate the effects of apolipoprotein B (APOB) and APOE gene polymorphisms on bleeding complications in patients receiving direct oral anticoagulants (DOACs).,apolipoprotein B,APOE,0,36145636,4,5472,0.01584833576268733,NO,0
"Functional analysis indicated that overexpression of the rs2072493_N592S allele affected the activation of NF-kappaB and AP-1, which could be attributed to impaired phosphorylation of p38 and ERK.",AP-1,p38,0,36140341,5,5293,0.7702820372792647,YES,1
"Genotype analysis comparing lung adenocarcinoma (n = 559) and squamous cell carcinoma (n = 151) indicated that the variants of DPYD (rs190771411, Fisher's exact test, P = 0.045; rs200562975, P = 0.045) and ALDH2 (rs568781254, P = 0.032) were associated with an increased risk of squamous cell carcinoma compared to adenocarcinoma.",squamous cell carcinoma,rs190771411,1,36289279,8,7352,0.993436878849562,YES,1
"Moreover, IkappaBzeta, encoded by NFKBIZ, was identified as a key regulator required for TNFalpha/IL-17A-induced IL-36gamma expression.",TNFalpha,IL-36gamma,1,33491092,4,1399,0.8789573159825487,YES,1
"From 67 FDA-covalent drugs, afatinib, dacomitinib, acalabrutinib, neratinib, zanubrutinib, dutasteride, and finasteride were predicted to be active inhibitors.",afatinib,acalabrutinib,0,36614109,7,11202,0.0003258203925350449,NO,0
"Rescue of TNFalpha-induced dissociation of CALCRL/RAMP1 complex by CALCB in RUASM cells suggests a potential use of CALCB in developing therapeutic strategies for pregnancy-related complications that are vulnerable to abnormal levels of TNFalpha, such as fetal growth restriction and preeclampsia.",CALCRL,CALCB,1,27784654,6,295,0.5693979921396958,YES,1
This study aimed to display reverse data for LINC00173 as a DDP chemosensitivity-inducing factor in lung adenocarcinoma (LUAD).,DDP,lung adenocarcinoma,1,36627670,3,15422,0.4678236596119828,NO,0
"In summary, I3C inhibited the degradation of p53 by MDM2 in liver cancer cells; stable p53 induced miR-34a, which targeted LDHA, a key enzyme for aerobic glycolysis, suggesting cancer metabolism is an important target for I3C in liver cancer cells.",p53,LDHA,0,36297369,7,7567,0.8978637131410012,YES,1
"12/102 were found to have novel variants in potential diabetes genes (RFX2, RREB1, SLC5A1 (3 patients with variants in this gene), GCKR, MC4R, CASP10, TMPRSS6, HGFAC, DACH1, ZBED3).",RREB1,HGFAC,0,36585034,12,16256,9.611142782195499e-05,NO,0
The primary front-line systemic therapy was gefitinib or afatinib monotherapy for individuals with Exon 19 (93.4%) and L858R (94.1%) mutations versus platinum combination therapy for individuals with Exon20ins mutations (61.5%).,afatinib,L858R,1,36290844,5,7388,0.7761103154341179,YES,1
"The osteoblast-like MC3T3-E1 cells were treated with HSP70 inhibitors-VER-155008 and YM-08-, PD98059, SB203580 or SP600125 and then stimulated with PGE1. IL-6 synthesis was evaluated using an IL-6 enzyme-linked immunosorbent assay kit.",YM-08,SP600125,0,36520821,9,14290,0.25878095749422997,NO,0
"In 10 matched-pair cell lines [established at diagnosis (DX) and progressive disease (PD) from the same patients], BCL-2 expression in the DX and PD lines was comparable, suggesting that BCL-2 expression at diagnosis may provide a biomarker for neuroblastomas likely to respond to 4-HPR + ABT-199.",4-HPR,ABT-199,1,31484706,5,605,0.9672738712791229,YES,1
"Pemetrexed (PEM), which is commonly used following EGFR-TKI treatment failure, was identified as an effective potentiator of STING-dependent TBK1-IRF3-STAT1 signaling in MET-amplified, EGFR-TKI-resistant cells.",Pemetrexed,STAT1,1,36066413,7,4798,0.9702530944280232,YES,1
"Molecular docking was used to characterize the binding of ATR and MET with androgen receptor (AR) to predict their potential endocrine-disrupting effects, using testosterone as benchmark.",androgen receptor,testosterone,1,36262065,5,7081,0.3259930026094247,NO,0
"80% of cases belongs to 8 mutants: 241C toT, 1163A toT, 3037C toT, 14408C toT, 23403A toG, 28881G toA, 28,882 G toA, and 28883G toC. Observed dominance of GR clade variants that have strong presence in Europe, suggesting European channel a possible entry route.",241C toT,1163A toT,0,36182010,8,6022,0.04324752278602199,NO,0
"The triplet combination of SNX-5422, carboplatin and paclitaxel followed by maintenance SNX-5422 therapy was well-tolerated and showed anti-tumor activity.",carboplatin,paclitaxel,1,34655925,4,2610,0.971808955582901,YES,1
"Polymorphic Variants of AGT, ABCA1, and CYBA Genes Influence the Survival of Patients with Coronary Artery Disease: A Prospective Cohort Study.",ABCA1,CYBA,0,36421822,5,9559,0.1063072486373108,NO,0
"Relative to control, 10muM THC and 10muM CBD reduced mRNA levels of milk proteins (CSN2 and WAP), lipid synthesizing and glucose transport markers (GLUT 1, HK2, FASN, FABP4, PLIN2 and LPL), as well as whey acidic protein and lipid levels.",THC,PLIN2,1,35976913,12,4623,0.9237831288950271,YES,1
Outcomes were measured across different treatment regimens to assess the effects of: different durations of REZ (<=6 months vs >6 months); addition of a fluoroquinolone to REZ (fluoroquinolone plus 6 months or more of REZ vs 6 months or more of REZ); and addition of streptomycin to REZ (streptomycin plus 6 months of rifampicin and ethambutol and 1-3 months of pyrazinamide vs 6 months or more of REZ).,streptomycin,rifampicin,1,29595509,6,12438,0.9019394970003896,YES,1
"However, the distribution and function of m6A modifications in lncRNAs in GBM tissues have not been fully revealed.",m6A,GBM,1,36168628,2,5755,0.11895717281079927,NO,0
"[4/30; 13%] were the most common genes bearing pathogenic alterations in HGSC, while VUS germline mutations commonly affected HRR-related genes, including ATM (c.7816A>G), BRIP (c.2327 C>A), CHEK2 (c.320-5T>A).",ATM,CHEK2,0,36531003,7,14466,0.04531355681979319,NO,0
"Activated SGK3 can activate ion channels (TRPV5/6, SOC, Kv1.3, Kv1.5, Kv7.1, BKCa, Kir2.1, Kir2.2, ENaC, Nav1.5, ClC-2, and ClC Ka), carriers and receptors (Npt2a, Npt2b, NHE3, GluR1, GluR6, SN1, EAAT1, EAAT2, EAAT4, EAAT5, SGLT1, SLC1A5, SLC6A19, SLC6A8, and NaDC1), and Na+/K+-ATPase, promoting the transportation of calcium, phosphorus, sodium, glucose, and neutral amino acids in the kidney and intestine, the absorption of potassium and neutral amino acids in the renal tubules, the transportation of glutamate and glutamine in the nervous system, and the transportation of creatine.",BKCa,EAAT5,0,36531961,37,14693,0.025927670937290034,NO,0
"The osteoblast-like MC3T3-E1 cells were treated with HSP70 inhibitors-VER-155008 and YM-08-, PD98059, SB203580 or SP600125 and then stimulated with PGE1. IL-6 synthesis was evaluated using an IL-6 enzyme-linked immunosorbent assay kit.",PD98059,SP600125,0,36520821,9,14294,0.19984027046547395,NO,0
"Using a combination of regional association studies, a linkage disequilibrium map, and multivariate analysis, we revealed that the APOB locus variants rs144467873, rs13306194, and rs1367117 were independently associated with total, low-density lipoprotein (LDL), and non-high-density lipoprotein (non-HDL) cholesterol levels; rs1318006 was associated with HDL cholesterol levels; rs13306194 and rs35131127 were associated with serum triglyceride levels; rs144467873, rs13306194, rs56213756, and rs679899 were associated with remnant cholesterol levels; and rs144467873 and rs4665709 were associated with metabolic syndrome.",rs144467873,triglyceride,0,36499290,12,10093,0.21209547235461992,NO,0
"Mutational analysis detected 18,261 mutations in the omicron variant, majority of which were non-synonymous mutations in spike (A67, T547K, D614G, H655Y, N679K, P681H, D796Y, N856K, Q954H), followed by RNA dependent RNA polymerase (rdrp) (A1892T, I189V, P314L, K38R, T492I, V57V), ORF6 (M19M) and nucleocapsid protein (RG203KR).",A67,D796Y,0,35367284,21,3374,0.008330040207769394,NO,0
"The occurrence of L452R carrying RNA was detected in early May 2022, and the presence of BA.4/BA.5 was confirmed by variant-specific single nucleotide polymorphism PCR (SNP-PCR) targeting E484A/F486V and NGS sequencing.",L452R,E484A,0,36146683,3,5609,0.17955239699903394,NO,0
H2S attenuate UII-induced cardiovascular effects via Galphao-ROS-p38MAPK/ERK1/2 pathway.,Galphao,ROS,0,36421438,6,9493,0.9523515421107841,YES,1
These findings highlight that Exon20ins mutations represent a rare subset of NSCLC in which treatment options are limited and survival outcomes are worse relative to individuals with more common types of EGFR mutations.,NSCLC,EGFR,1,36290844,3,7395,0.8196221461597463,YES,1
"In conclusion, an EP4 antagonist reduced the development of peritoneal fibrosis, possibly by suppressing NLRP3 inflammasome- and p-p65-mediated inflammatory responses.",EP4,inflammatory,0,36438844,5,9863,0.5267835661650332,YES,1
"Recombinant (r)TFPI and a thiol blocker (5,5'-dithio-bis-(2-nitrobenzoic acid)) prevented S-protein-induced expression and secretion of Factor-V, thrombin, and fibrinogen.",thiol,"5,5'-dithio-bis-(2-nitrobenzoic acid)",1,36142345,7,13583,0.40521367113821655,NO,0
"Combination therapy with Ox/Cy and anti-PD-L1 synergistically improves CAR-T cell-mediated tumor control and survival, providing a strategy to improve CAR-T cell efficacy in the clinic.",PD-L1,tumor,1,33357452,4,15870,0.45608662431104924,NO,0
"Prompted by the observation that C/EBPbeta/delta-encoding transcripts contain m6A consensus sites, we show that Cebpd and Cebpb mRNAs are subject to m6A modification.",C/EBPbeta/delta,m6A,1,34215679,4,13057,0.9696376561189011,YES,1
"More specifically, we demonstrated the polarization of HMC3 cells through the upregulation of iNOS expression and nitrite production in response to the Parkinson's like stimuli, 6-hydroxidopamine (6-OHDA) and 1-methyl-4-phenyl-1,2,3,6-tetrahydropyridine (MPTP), the latter depending on the NF-kappaB pathway.",iNOS,NF-kappaB,0,36523814,7,10416,0.21716951478438754,NO,0
"Pleiotropic Effects of APOB Variants on Lipid Profiles, Metabolic Syndrome, and the Risk of Diabetes Mellitus.",APOB,Metabolic Syndrome,1,36499290,4,10074,0.952850787994782,YES,1
"Whereas the activity of the MgO/xAl_SBA-15 systems was moderate for the conversion of glycidol to the corresponding cyclic carbonate, the Al_SBA-15-supported imidazolium chloride catalysts gave excellent results over different epoxides (conversion of glycidol, epichlorohydrin, and styrene oxide up to 89%, 78%, and 18%, respectively).",cyclic carbonate,styrene oxide,0,36558016,8,10845,0.08397425680656778,NO,0
"In the present study, we evaluated five single nucleotide polymorphisms (SNPs): IL1RAP rs4624606, IL1RL1 rs1041973, IL-6 rs1800795, BLK rs13277113, and TIMP3 rs9621532, and determined their associations with the patients' 5 year survival rate.",IL-6,BLK,0,36682035,11,11707,0.0015859022299018254,NO,0
"Methods: RiboTag (Pdgfra-cre;HA-Rpl22) mice were used to compare the impact of streptozotocin (STZ) and a high-fat, high-sucrose (HFHS) diet on ribosome association of mRNAs in Muller glia by RNA sequencing analysis.",streptozotocin,sucrose,0,36306144,4,7645,0.1295050248246502,NO,0
"The levels of glucose, total protein (TP), total cholesterol (TC), and the proinflammatory cytokines interleukin (IL)-1beta, IL-6 and tumor necrosis factor (TNF)-alpha in blood were examined, and we then detected glycogen and adenosine triphosphate (ATP) content, phosphofructosekinase-1 (PFK1) and glucose-6-phosphate dehydrogenase (G6PDH) activity, glucose transporter (GLUT)1, GLUT4, sodium/glucose cotransporter (SGLT)1 and citrate synthase (CS) protein expression and autophagy levels in circulating neutrophils.",phosphofructosekinase-1,GLUT4,0,36174980,13,5918,0.00024198601412717038,NO,0
"MYC induced the expression of the tryptophan transporters SLC7A5 and SLC1A5 and the enzyme arylformamidase (AFMID), involved in the conversion of tryptophan into kynurenine.",MYC,tryptophan,1,31416966,6,528,0.2767343702584246,NO,0
"Silencing of SNHG15 or overexpression of miR-18a promoted cell viability, while decreased cell apoptosis induced by OGD; however, subsequent disruption of the ERK/MEK signaling pathway reversed these effects.",miR-18a,ERK,1,32862188,4,772,0.2839071780206789,NO,0
"After the use of progesterone, the symptoms of the PE model group were improved.",progesterone,PE,1,36593749,2,15280,0.9018618276342945,YES,1
The multivariable Cox regression analysis revealed a significant association between patients' survival rate and distribution of IL1RAP rs4624606 variants: patients carrying AT genotype at IL1RAP rs4624606 had a lower risk of death (p = 0.044).,IL1RAP,death,1,36682035,4,11713,0.9363436060832098,YES,1
Recently two other 3G EGFR TKIs (aumolertinib and furmonertinib) have been approved in China for treatment of EGFR T790M+ NSCLC.,furmonertinib,T790M,0,36317157,5,8078,0.8502046250320625,YES,1
"CONCLUSIONS: IL-24 aggravated neutrophilic airway inflammation by increasing epithelium-derived IL-17A production, which could be suppressed by IL-37.",IL-17A,IL-37,1,36174993,4,16140,0.8063473282585579,YES,1
"Guanosine reversed IMPDH1 expression in HCCC-9810 cells, promoting the secretion of inflammatory factors IL-6, IL-8, OPN, VEGF, and VCAM-1 and intensifying epithelial-mesenchymal transition (EMT) progression in the cells.",inflammatory,VCAM-1,1,36711025,9,11924,0.20067759965643844,NO,0
"The discovered five SNPs are g-1578A>G, g-1835G>A, and g-398T>A in the 5'UTR; g3164T>C and g3409G>C in the exon region.",g-1835G>A,g-398T>A,0,36134995,5,5112,0.013090662264893476,NO,0
"GLUL increases intracellular glutamine usage via glutaminolysis, and further active metabolism-related downstream molecules in cancer cell.",glutamine,cancer,0,36619229,3,11271,0.5760213854392865,YES,1
"The CYP27B1 (rs4646536, rs3782130, rs703842, rs10877012), CYP2R1 (rs10741657), GC (rs7041), CYP24A1, and VDR (BsmI, Cdx-2, FokI, ApaI, TaqI) gene polymorphisms were analyzed by real-time polymerase chain reaction.",CYP2R1,VDR,0,36364930,11,8624,0.0032323608459372214,NO,0
"SYK inhibition or DAP12 knockdown suppressed hypoxia-induced expression of the transcription factor hypoxia-inducible factor 1  (HIF1 ), as well as expression of vascular endothelial growth factor and angiopoietin-like 4.",hypoxia,hypoxia-inducible factor 1,0,36306144,6,7679,0.6178265558680689,YES,1
"Our results showed that (i) the sequences were grouped into two clusters (L and R); the R cluster was dominant, its proportion increased over time and was higher in the high-vaccine-coverage areas; (ii) genetic diversities in the countries/regions with low vaccine coverage were higher than those in the ones with high vaccine coverage; (iii) unique mutations and co-mutations were detected in different countries/regions; in particular, common co-mutations were exhibited in highly occurring frequencies in the areas with high vaccine coverage and presented in increasing frequencies over time in the areas with low vaccine coverage; (iv) five sites on the S protein were under strong positive selection in different countries/regions, with three in non-C to U sites (I95T, G142D and T950N), and the occurring frequencies of I95T in high vaccine coverage areas were higher, while G142D and T950N were potentially immune-pressure-selected sites; and (v) mutation at the N6-methyladenosine site 4 on ORF7a (C27527T, P45L) was detected and might be caused by immune pressure.",G142D,T950N,0,36298851,7,7583,0.3329918914328503,NO,0
"ATP stimulation induced TWIK2 expression in the plasma membrane of LPS-primed BMDMs, and inhibition of S1PR3 impeded the membrane expression of TWIK2 induced by ATP.",LPS,S1PR3,1,36798132,4,16551,0.0010216918317914343,NO,0
"However, the enzyme affinity to the classic substrate Suc-Ala-Ala-Ala-pNA was not substantially changed, suggesting that the impaired integrity and stability of the mutant NE, rather than catalytic deficiency, might be the pathogenic mechanism of ELANE mutation-induced neutropenia.",NE,neutropenia,1,36386806,3,8740,0.9011069024903468,YES,1
DDAH1 SNP rs480414 that protects against the development of pulmonary hypertension in bronchopulmonary dysplasia results in lower nitric oxide production in neonatal cord blood-derived lymphoblastoid cell lines.,bronchopulmonary dysplasia,nitric oxide,1,34151866,5,2043,0.3239917893840776,NO,0
"In summary, our findings indicate that the genotypic distribution of IL1RAP rs4624606 influences the 5 year survival rate of LSCC patients.",rs4624606,LSCC,1,36682035,4,11720,0.8612683780436236,YES,1
"Targeted SARS-CoV-2 sequencing allowed for detection of important genetic mutations, such as spike: K417N, D614G, P681H, T716I, S982A, and D1118H, commonly associated with increased cell entry and reinfection.",P681H,T716I,0,35726918,8,3860,0.010603235505017765,NO,0
IL-6 activates the trans-signaling pathway via the formation of the IL-6/sIL-6Ra/gp130 receptor complex and subsequent activation of the JAK/STAT3 signaling pathway and PI3K/AKT and MEK/ERK kinases in some cases.,STAT3,PI3K,0,36406976,9,13965,0.016874104650715056,NO,0
"Furthermore, these treatments reduced the production of stress hormones [abscisic acid (27-55%), salicylic acid (31-50%), and jasmonic acid (6-12%)], but increased indole-3-acetic acid (14-31%) in plants under fluoride and cadmium stresses.",abscisic acid,cadmium,0,36578343,6,11053,0.4187032895308298,NO,0
The administration of systemic steroids is effective against DRESS in pulmonary tuberculosis infection.,steroids,pulmonary tuberculosis infection,1,36147124,3,5642,0.45658893697654435,NO,0
"The roles of thioredoxin-interacting protein (TXNIP) and receptor for advanced glycation end-products (RAGE)-dependent mechanisms of NOD-like receptor family, pyrin domain containing 3 (NLRP3) inflammasome-driven macrophage activation during acute lung injury are underinvestigated.",receptor for advanced glycation end-products,"NOD-like receptor family, pyrin domain containing 3",1,36232959,4,6759,0.20636389464284566,NO,0
"Silencing SOX11 alleviated the behavioral symptoms and upregulation of epithelial-derived cytokines, CCL26, and MUC5AC.",CCL26,MUC5AC,0,36571426,3,10976,0.05504081253343038,NO,0
"We also determined if these receptor component associations are decreased by tumor necrosis factor (TNF) alpha and if CALCB, ADM, or ADM2 can rescue CALCRL/RAMP associations.",ADM2,CALCRL,1,27784654,6,220,0.6306642488330625,YES,1
"With flumazenil blocking classical high-affinity extracellular benzodiazepine site effects, modulation of GABA-activated currents by diazepam, midazolam and flurazepam was measured electrophysiologically in wildtype and M2-15' mutant alpha1 beta3 gamma2L GABAA receptors.",beta3,GABAA,0,34386973,10,2454,0.6540111212627774,YES,1
These findings highlight an important role of Orai1 in astrocytic TRL4 function and may suggest that Orai1 could be a potential therapeutic target for neuroinflammatory disorders including chronic pain.,Orai1,chronic pain,1,35780680,4,4230,0.9187168738882872,YES,1
Disruption of C/EBPbeta-Clec7a axis exacerbates neuroinflammatory injury via NLRP3 inflammasome-mediated pyroptosis in experimental neuropathic pain.,C/EBPbeta,neuropathic pain,1,36503542,5,14149,0.756669463070867,YES,1
"SBT preserved physiological concentration of antioxidant enzymes (CAT, POD, SOD and GSH) in cartilage homogenates and ISO inhibited IL-1beta-mediated genotoxicity in arthritic chondrocytes.",SBT,CAT,0,36188601,6,6132,0.9327552529463629,YES,1
"This was evidenced by elevated levels of autophagy related proteins including beclin 1, LC3A, LC3B, ULK1, p62, and also activated pink and perkin mitophagy related proteins.",LC3B,p62,0,34801870,7,13367,0.1530624976624498,NO,0
"The results showed that the application of biochar and especially chemically modified biochars reduced fluoride (about 15-37%) and cadmium (30-52%) contents in mint leaves, while increased soil pH and cation exchange capacity (CEC), nitrogen (12-35%), phosphorus (16-59%), potassium (17-52%), calcium (19-47%), magnesium (28-77%), iron (37-114%), zinc (45-226%), photosynthetic pigments of leaves and plant biomass (about 10-25%) under toxic conditions.",potassium,iron,0,36578343,11,11038,0.0014251856352467851,NO,0
Epithelial chemerin-CMKLR1 signaling restricts microbiota-driven colonic neutrophilia and tumorigenesis by up-regulating lactoperoxidase.,chemerin,neutrophilia,1,35858331,4,4399,0.973601912890608,YES,1
"Here, KIR3DL3 and TMIGD2 simultaneously bound to different sites of HHLA2.",TMIGD2,HHLA2,1,34244312,3,2090,0.9980528248349236,YES,1
"A significant (p < 0.05) decline in glutathione peroxidase (GPx), superoxide dismutase (SOD,) glutathione, and catalase levels and an elevation in malondialdehyde level in the BPA group confirmed the generation of oxidative stress and lipid peroxidation in experimental mice exposed to BPA.",catalase,malondialdehyde,0,36432690,8,9760,0.29568738968157776,NO,0
"These findings provide evidence of an aggregate effect of the MARC1, ADCY5, and BCO1 variants on the risk of hypertriglyceridemia in Mexican men.",BCO1,hypertriglyceridemia,1,36233117,5,6881,0.9951271556216549,YES,1
"Here, by treating neuroblastoma SK-N-SH cells with neurotoxin MPP+, upregulation and aggregation of TPC6ADelta, along with aggregation of TIAF1, SH3GLB2, Abeta, and tau, occurred.",neuroblastoma,SH3GLB2,0,36498839,9,14083,0.10136231277973079,NO,0
"The roles of ABCC5, ABCA8, ABCC10, ABCB10, ABCG1, ATP7B, ABCG2, and mitochondrial SLC25A10 in platinum-receiving urinary bladder cancer patients should be the subject of further investigation.",ABCA8,urinary bladder cancer,1,36650399,11,11434,0.403284656471424,NO,0
"The obtained data demonstrated that genistein and lycopene but in particular their association might prevent GC's adverse effects, thus stimulating bone formation and reducing bone resorption, improving bone structure and microarchitecture, through different molecular pathways, such as the Wnt/beta-catenin and the Nrf-2 signaling.",GC,beta-catenin,0,36296984,5,7516,0.08550861360511278,NO,0
"Analysis of CDK6, p-CDK2, and/or cyclin E1 expression as a combined biomarker in metastatic lesions of ER+ advanced breast cancer patients treated with AI-monotherapy or combined CDK4/6i and ET revealed a correlation between high biomarker expression and shorter progression-free survival (PFS), and the biomarker combination was an independent prognostic factor in both patients cohorts.",CDK2,CDK4/6,0,36153348,7,5685,0.06940224883951343,NO,0
"A Hypertrophic Spinal Pachymeningitis Patient With Factor V Leiden (G1691A), MTHFR C677T, MTHFR A1298C, PAI-1",Hypertrophic Spinal Pachymeningitis,G1691A,1,36348907,8,8228,0.7569341967570339,YES,1
The current case suggests that afatinib is effective in NSCLC patients with EGFR L858R and L747V mutations and that a therapeutic approach combining appropriately timed systemic therapies with local consolidative therapies for oligometastatic lesions improves long-term survival.,afatinib,L747V,1,36193787,7,6201,0.9784788419752137,YES,1
A case of HCC successfully treated with infliximab-steroid sequential therapy for small bowel perforation due to atezolizumab/bevacizumab combination therapy.,atezolizumab,bevacizumab,1,36224043,6,6586,0.9894117822341075,YES,1
"Interaction with wild-type WDR37 was not affected for any variant; however, one novel mutant, p.(Asp220Gly), lost its ability to bind PACS1 and PACS2.",PACS1,PACS2,0,34642815,4,15932,0.005819967284317439,NO,0
"The triplet combination of SNX-5422, carboplatin and paclitaxel followed by maintenance SNX-5422 therapy was well-tolerated and showed anti-tumor activity.",SNX-5422,carboplatin,1,34655925,4,2607,0.9897402985519768,YES,1
"Here, we demonstrate the unexpected involvement of a posttranscriptional ""epitranscriptomic"" mRNA modification [N6-methyladenosine (m6A)] in regulating C/EBPbeta and C/EBPdelta in response to IL-17A, as well as IL-17F and TNFalpha.",N6-methyladenosine,IL-17F,1,34215679,6,13045,0.10126062682399817,NO,0
"The expression of Carnitine palmitoyltransferase I (CPT-I), carnitine palmitoyltransferase II (CPT-II), lecithin-cholesterol acyltransferase (LCAT), carnitine O-octanoyltransferase (CROT), carnitine-acylcarnitine translocase (CACT), and 5-methyltetrahydrofolate-homocysteine methyltransferase (MTR) genes was significantly upregulated in the liver tissue homogenates of experimental mice exposed to BPA, although RSV regulated the expression of these genes when compared with BPA treated experimental mice.",carnitine-acylcarnitine translocase,BPA,1,36432690,9,9789,0.702040606797985,YES,1
"We found that, in addition to its interaction with HDAC3, emerin interacts with the histone methyltransferases EZH2 and G9a in myogenic progenitor cells.",HDAC3,emerin,1,36274837,4,7258,0.9984983872294414,YES,1
"Iron deposits in the brain are detected in main neurodegenerative diseases, such as Alzheimer's disease, Parkinson's disease and amyotrophic lateral sclerosis.",Iron,Parkinson's disease,1,33412145,5,1352,0.9845850313734253,YES,1
"Thus, fenretinide + venetoclax is a synergistic combination that warrants clinical testing in high BCL-2-expressing neuroblastoma.",fenretinide,BCL-2,1,31484706,4,628,0.3848630806468745,NO,0
"Haplotype analysis revealed that the AACATGG and GACATGG haplotypes for the rs1544410, rs7975232, rs731236, rs4646536, rs703842, rs3782130, and rs10877012 polymorphisms were associated with a lower risk of NSCLC (p = 0.015 and p = 0.044 respectively).",rs1544410,rs7975232,0,36364930,8,8633,0.3118718197700031,NO,0
"MPYS/STING (stimulator of IFN genes) senses cyclic dinucleotides (CDNs), generates type I IFNs, and plays a critical role in infection, inflammation, and cancer.",type I IFNs,infection,0,36261171,6,7053,0.2879584820289636,NO,0
"Moreover, the variants severely affected the expression and function of Cubilin in renal proximal tubules and caused albuminuria, increasing levels in urine transferrin and alpha1-microglobulin, but without progressive glomerular filtration barrier (GFB) impairment, vitB12 deficiencies or abnormal blood levels of HDL and albumin.",transferrin,alpha1-microglobulin,0,36266725,6,7205,0.03208531432683393,NO,0
"Conclusions: Our findings demonstrate that XBP1 controls macrophage cGAS/STING/NLRP3 activation by regulating macrophage self-mtDNA cytosolic leakage via BNIP3-mediated mitophagy modulation, thus providing a novel target against liver fibrosis.",cGAS,NLRP3,0,36185574,6,13757,0.8727653064603956,YES,1
"Molecular modeling simulation revealed the p.A69P mutant had an unstable structure but an unchanged affinity for sulfite, while the truncated p.Y400* mutant showed decreased binding capacity.",sulfite,p.Y400*,1,36303223,3,7603,0.002118842596532063,NO,0
"This study aimed to evaluate the effect of epistasis of gene cytokines such as interleukin (IL)-alpha, IL-6, tumor necrosis factor (TNFalpha), and interferon-gamma (IFN-gamma) on the susceptibility to the development of dementia.",cytokines,tumor necrosis factor,1,36389080,6,8996,0.14589110075221778,NO,0
The high prevalence of variants in the G6PD gene found in this analysis suggests that it may be a significant interaction factor in clinical trials of chloroquine and hydrochloroquine for treatment of COVID-19 in Africans.,chloroquine,COVID-19,1,32577690,4,723,0.9128420553535088,YES,1
"We identified and characterized a homozygous loss-of-function stop mutation underlying IL23R deficiency, resulting in near absent expression of membrane bound IL23R. IL23R deficiency was characterized by impaired IL-23-mediated IFN-gamma secretion in CD4+, CD8+ T, and mucosal-associated invariant T (MAIT) cells, and low frequencies of circulating Th17 (CD3+CD45RA-CCR4+CXCR3-RORgammaT+), Th1* (CD45RA-CCR4-CXCR3+RORgammaT+), and MAIT (CD3+CD8+Valpha7.2+CD161+) cells.",IL-23,IFN-gamma,1,35829840,10,4306,0.982138957337356,YES,1
"In contrast, the lower MAFs of ABCB1-rs1045642 were observed in both MDD (0.3599, OR = 0.726) and BPD (0.3700, OR = 0.758) groups than controls (0.4364, P < 0.05).",rs1045642,BPD,1,36698099,4,11852,0.9796569777123545,YES,1
"Interestingly, CALCB reverses the TNFalpha-induced decreases in CALCRL/RAMP1 associations.",TNFalpha,RAMP1,1,27784654,4,260,0.389791837029894,NO,0
"These data indicate that OEA may be the primary FAAH substrate that modulates TLR3-induced neuroinflammation and hyperthermia, effects partially mediated by PPARalpha.",FAAH,neuroinflammation,1,34265624,6,13223,0.6434010638545287,YES,1
"Genomes recovered from two placentas belong to the B.1.1.28 and B.1.1.33 lineages and present nonsynonymous mutations associated with virus fitness and infectivity; other not frequently reported mutations (B.1.1.33: NSP3 V2090G, M A2S and ORF3ab S253P and Y264N; B.1.1.28: NSP3 E995D, NSP12 R240K, NSP14H1897Y and in ORF7b V21F) were found in proteins involved in viral replication, viral induction of apoptosis, viral interference on interferon and on NF-Kappabeta pathways.",V2090G,E995D,0,35123044,14,3079,0.0007457780797197387,NO,0
"Genes provided in the present study with genetic variants associated with VTE were FVL (G1691A), Prothrombin (G20210A), MTHFR (C677T, A1298C), PAI-1 (4G/5G), factor VII activating protease (1601G > A), and endothelial protein C receptor (g.6936A_G, c.4600A_G).",VTE,MTHFR,1,36316870,14,7999,0.9902350431229262,YES,1
"Genes or proteins regulating lipid metabolism include sterol regulatory element binding protein 1 (SREBP1), adipose triglyceride lipase (ATGL), hormone sensitive lipase (HSL), acetyl-CoA carboxylase 1 (ACC1), fatty acid synthase (FAS), zinc alpha 2 glycoprotein (ZAG) and estrogen receptor alpha (ERalpha), and the expression of proteins regulating inflammatory response, such as TLR4 and NF-kappaB, were determined.",sterol regulatory element binding protein 1,adipose triglyceride lipase,0,31661889,11,12590,0.01577488055458928,NO,0
"Recombinant (r)TFPI and a thiol blocker (5,5'-dithio-bis-(2-nitrobenzoic acid)) prevented S-protein-induced expression and secretion of Factor-V, thrombin, and fibrinogen.","5,5'-dithio-bis-(2-nitrobenzoic acid)",fibrinogen,1,36142345,7,13591,0.8173716231922878,YES,1
"Additionally, blocking the interaction of PD-1 with PD-L1 in lymphocytes demonstrated visible improvement in their immune activation status through release of pro-inflammatory cytokines (IFN-gamma and TNF-alpha).",PD-L1,TNF-alpha,1,36419668,5,9380,0.409411721874943,NO,0
Tryptophan mutations in G3BP1 tune the stability of a cellular signaling hub by weakening transient interactions with Caprin1 and USP10.,Caprin1,USP10,1,36183834,4,6075,0.7499158105128545,YES,1
"Excessive intake of heavy metals, such as arsenic (As), manganese (Mn), mercury (Hg), aluminium (Al), lead (Pb), nickel (Ni), bismuth (Bi), cadmium (Cd), copper (Cu), zinc (Zn), and iron (Fe), is neurotoxic and it promotes neurodegeneration.",copper,neurotoxic,1,33412145,14,1334,0.8844864787472803,YES,1
"Effects of 15 torsadogenic hERG blocking drugs (astemizole, chlorpromazine, cisapride, droperidol, ibutilide, dofetilide, haloperidol, moxifloxacin, pimozide, quinidine, risperidone, sotalol, sertindole, terfenadine, and thioridazine) were assessed by telemetry in beagle dogs.",hERG,astemizole,1,35751378,17,3895,0.8435048081551553,YES,1
The current case suggests that afatinib is effective in NSCLC patients with EGFR L858R and L747V mutations and that a therapeutic approach combining appropriately timed systemic therapies with local consolidative therapies for oligometastatic lesions improves long-term survival.,afatinib,oligometastatic lesions,1,36193787,7,6202,0.04908777270339438,NO,0
"RNA sequencing revealed transcriptome-wide IL-17-induced transcripts that are IMP2 influenced, and RNA immunoprecipitation sequencing identified the subset of mRNAs that are directly occupied by IMP2, which included Cebpb and Cebpd Lipocalin-2 (Lcn2), a hallmark of autoimmune kidney injury, was strongly dependent on IL-17, IMP2, and C/EBPbeta/delta.",Cebpd,autoimmune kidney injury,1,34215679,7,13100,0.2075050955409682,NO,0
"Consistently, the expressions of differentiation markers of the osteoblasts (RUNX2, ALPL, and OCN) or chondrocytes (ACAN) were the highest in the CD34+THY1+ subset, indicating that the CD34+THY1+ subset possessed the highest osteogenic and chondrogenic potential among three subsets, while the differentiation potentials to adipocytes were comparable among the subsets regarding lipid droplet formations and the expression of LPL and PPARgamma.",lipid,PPARgamma,0,35168627,9,3239,0.20510378147340874,NO,0
"Here, we have analysed the proportional expression patterns of TLR2 and TLR4 on the surface of CD3+, CD4+, CD8+, CD19+ and CD161+ lymphocytes and CD14+ monocytes in different groups of leprosy patients.",CD4,CD19,0,36419668,10,9357,0.004057111145044325,NO,0
"Six SNPs of ABCB1 (rs3842, rs1045642, rs2032582, rs1128503, rs3213619, and rs3747802), one SNP of CYP3A5 (rs776746), seven SNPs of APOB (rs1042034, rs2163204, rs693, rs679899, rs13306194, rs13306198, and rs1367117), and two SNPs of APOE (rs429358 and rs7412) were analyzed by a TaqMan genotyping assay.",rs1045642,rs429358,0,36145636,20,5505,0.0006932949973896562,NO,0
"Cirrhosis, prior treatment with interferon/PEG + RBV, and baseline NS5A RAS were associated with higher risk of treatment failure.",Cirrhosis,interferon,0,36410397,5,16181,0.035402061612921046,NO,0
"Mechanistically, LIF-LIFR-EGR1 axis and Sonic Hedgehog signaling formed a vicious cycle between fibroblasts and proximal tubular cells to augment LIF expression and promote the pro-fibrotic response via ERK and STAT3 activation.",LIFR,EGR1,1,36335669,7,8201,0.9396101036813709,YES,1
"Activated SGK3 can activate ion channels (TRPV5/6, SOC, Kv1.3, Kv1.5, Kv7.1, BKCa, Kir2.1, Kir2.2, ENaC, Nav1.5, ClC-2, and ClC Ka), carriers and receptors (Npt2a, Npt2b, NHE3, GluR1, GluR6, SN1, EAAT1, EAAT2, EAAT4, EAAT5, SGLT1, SLC1A5, SLC6A19, SLC6A8, and NaDC1), and Na+/K+-ATPase, promoting the transportation of calcium, phosphorus, sodium, glucose, and neutral amino acids in the kidney and intestine, the absorption of potassium and neutral amino acids in the renal tubules, the transportation of glutamate and glutamine in the nervous system, and the transportation of creatine.",Kir2.2,Na+/K+-ATPase,0,36531961,37,14756,0.3005240146962862,NO,0
"The levels of glucose, total protein (TP), total cholesterol (TC), and the proinflammatory cytokines interleukin (IL)-1beta, IL-6 and tumor necrosis factor (TNF)-alpha in blood were examined, and we then detected glycogen and adenosine triphosphate (ATP) content, phosphofructosekinase-1 (PFK1) and glucose-6-phosphate dehydrogenase (G6PDH) activity, glucose transporter (GLUT)1, GLUT4, sodium/glucose cotransporter (SGLT)1 and citrate synthase (CS) protein expression and autophagy levels in circulating neutrophils.",IL-6,glucose transporter (GLUT)1,0,36174980,13,5891,0.00012302986509595606,NO,0
"Excessive intake of heavy metals, such as arsenic (As), manganese (Mn), mercury (Hg), aluminium (Al), lead (Pb), nickel (Ni), bismuth (Bi), cadmium (Cd), copper (Cu), zinc (Zn), and iron (Fe), is neurotoxic and it promotes neurodegeneration.",mercury,bismuth,0,33412145,14,1290,4.0105055774159315e-05,NO,0
"The Cc T28E, S47E, and Y48E mutants increased the dissociation rate constant kd, decreased the formation rate constant kf, and increased the equilibrium dissociation constant KD of the Cc:CcO complex.",S47E,Y48E,0,36552779,4,10749,0.11510850597271807,NO,0
"MT-TL1 mutations, among which the m.3243A>G mutation is the most frequent, are associated with myopathy, maternal inherited diabetes and deafness, MELAS, cardiomyopathy, and focal segmental glomerulosclerosis.",MT-TL1,cardiomyopathy,1,36404555,7,9153,0.9988048249583016,YES,1
"Five other known variants: c.535T>C (p.(Trp179Arg), RNA not analyzed) in exon 8, c.787G>A (p.(Val263Met), RNA not analyzed) in exon 12, c.847G>A (p.(Glu283Lys), RNA not analyzed) in exon 13, c.910C>T (p.(Arg304Trp), RNA not analyzed) in exon 13, and c.1168G>A (p.(Gly390Arg), RNA not analyzed) in exon 15, were found in Lebanese, Syrian, and Iraqi families, and were associated with diverse clinical presentations.",c.787G>A,c.910C>T,0,36680390,5,11658,0.026118385918700256,NO,0
"Calcitonin gene-related peptide (CALCB), adrenomedullin (ADM), and ADM2/intermedin play critical roles in vascular adaptation during pregnancy through calcitonin receptor-like receptor (CALCRL) and receptor activity-modifying proteins (RAMPs).",Calcitonin gene-related peptide,adrenomedullin,0,27784654,4,201,0.14904042169935433,NO,0
Hence our data suggest beta2-AR agonist administered at disease onset can inhibit receptor internalization by downregulating the expression of beta-arrestin and GRK2 in chondrocytes.,beta2-AR,beta-arrestin,0,36188601,3,6178,0.5355938530301332,YES,1
"ELISA was performed to measure progesterone, MMP-2, MMP-9, pro-inflammatory factors TNF-alpha, IL-1beta, and anti-inflammatory factors IL-4, IL-10, and IL-13 levels.",TNF-alpha,IL-10,0,36593749,9,15189,0.0006629980540376267,NO,0
SNPs Rs11614913 in miR196a and Rs3746444 in miR-499 are implicated in the development of cancers such as non-small cell lung cancer (NSCLC) in non-Arabic subjects.,miR-499,cancers,0,36258913,6,7029,0.9201046287477516,YES,1
"Through a Connectivity Map (CMap) analysis, we revealed that certain drugs/molecules, including omeprazole, methacholine chloride, ioversol, fulvestrant, difenidol, cycloserine, and MK-801, may serve as potential treatments for tamoxifen-resistant breast cancer patients.",fulvestrant,tamoxifen,1,36619229,10,11307,0.17210460207866232,NO,0
"HHLA2+ tumors from human kidney, lung, gallbladder, and stomach were infiltrated by KIR3DL3+ immune cells.",tumors,KIR3DL3,1,34244312,4,2124,0.874924539670394,YES,1
"Variants in the cystathionine beta-synthase (CBS) and methylenetetrahydrofolate reductase (MTHFR) genes interrupt the formation of the corresponding enzymes and prevent homocysteine from being metabolised; hence, the homocysteine levels in plasma increase than the optimum levels.",cystathionine beta-synthase,homocysteine,1,36512268,3,10292,0.9411479893407859,YES,1
Proteomics analysis of the p.G849D variant in neurexin 2 alpha may reveal insight into Parkinson's disease pathobiology.,neurexin 2 alpha,Parkinson's disease,1,36533174,3,10520,0.7504136055658225,YES,1
"These results suggest a pathogenic role of the variant rs190708267 (miR-155) in BRCA 1/2 negative BC, conferring susceptibility and promoting traits of aggressiveness.",BRCA 1/2,BC,1,36499743,4,10234,0.2437171727575159,NO,0
"PD98059, a p44/p42 MAPK inhibitor, and SP600125, a SAPK/JNK inhibitor, upregulated PGE1-stimulated IL-6 release.",SP600125,PGE1,1,36520821,6,14325,0.05412862828200016,NO,0
Isoprenaline and salbutamol inhibit pyroptosis and promote mitochondrial biogenesis in arthritic chondrocytes by downregulating beta-arrestin and GRK2.,beta-arrestin,GRK2,0,36188601,6,6107,0.34403835731394505,NO,0
The Nutraceutical Genistein-Lycopene Combination Improves Bone Damage Induced by Glucocorticoids by Stimulating the Osteoblast Formation Process.,Genistein,Glucocorticoids,0,36296984,4,7448,0.5329359658710557,YES,1
Zfra Inhibits the TRAPPC6ADelta-Initiated Pathway of Neurodegeneration.,TRAPPC6ADelta,Neurodegeneration,1,36498839,3,14058,0.9319796187776462,YES,1
"We found an increased frequency of heterozygous genotype and minor allele of the TLR4 rs4986790 SNP in women with OC compared with healthy controls, and this result remained highly significant after Bonferroni's correction for multiple testing (p < 0.0001).",TLR4,OC,1,36231099,4,6725,0.8496359153705558,YES,1
Metabolic Syndrome Mediates ROS-miR-193b-NFYA-Dependent Downregulation of Soluble Guanylate Cyclase and Contributes to Exercise-Induced Pulmonary Hypertension in Heart Failure With Preserved Ejection Fraction.,ROS,miR-193b,1,34157861,7,12877,0.9291818226357514,YES,1
"The expression levels of adipogenesis- and inflammation-associated proteins, including CCAAT/enhancer-binding protein (C/EBP)-alpha, inducible nitric oxide synthase (iNOS), C/EBPbeta, peroxisome proliferator-activated receptor gamma (PPARgamma), and cyclooxygenase-2 (COX-2), were determined via Western blotting.",inflammation,C/EBPbeta,1,36559664,6,10859,0.15901381349044222,NO,0
The UBE2L3/YDJC autoimmune risk haplotype increases UBE2L3 expression through strengthening a YY1-mediated interaction between the UBE2L3 and YDJC promoters.,UBE2L3,YDJC,1,34279042,3,2193,0.9894666585668686,YES,1
"Activated SGK3 can activate ion channels (TRPV5/6, SOC, Kv1.3, Kv1.5, Kv7.1, BKCa, Kir2.1, Kir2.2, ENaC, Nav1.5, ClC-2, and ClC Ka), carriers and receptors (Npt2a, Npt2b, NHE3, GluR1, GluR6, SN1, EAAT1, EAAT2, EAAT4, EAAT5, SGLT1, SLC1A5, SLC6A19, SLC6A8, and NaDC1), and Na+/K+-ATPase, promoting the transportation of calcium, phosphorus, sodium, glucose, and neutral amino acids in the kidney and intestine, the absorption of potassium and neutral amino acids in the renal tubules, the transportation of glutamate and glutamine in the nervous system, and the transportation of creatine.",phosphorus,glutamate,0,36531961,37,15125,0.01637590557591913,NO,0
"Chemically modified biochars reduced fluoride and cadmium contents of plant leaves by about 20% and 22%, respectively, compared to solid biochar.",fluoride,cadmium,0,36578343,3,11066,0.018156127248423623,NO,0
"The combination of zinc with flavonoids (apigenin, epicatechin, and naringenin) seems to stimulate the process of carcinogenesis.",flavonoids,epicatechin,0,36673448,6,15772,0.05094075436430339,NO,0
"The polymorphisms suitable for meta-analysis were CCND1 (rs17852153), COX2 (rs20417), EGF (rs4444903), EGFR (rs712829, rs11543848, 3'UTR CA repeat), FCGR2A (rs1801274), FCGR3A (rs396991), IL8 (rs4073), KRAS (rs61764370) and VEGFA (rs3025039).",EGF,KRAS,0,27897268,19,343,0.00048287938658895944,NO,0
"Western blot was performed to detect Cyclin D1, PCNA, MMP-2, MMP-9, inflammatory factors TNF-alpha, IL-1beta, IL-4, IL-10, IL-13, and",PCNA,IL-13,0,36593749,10,15213,0.0006152564670283789,NO,0
"A (p. W587*) and the c.69delC (p. Gly24Ala24*11) variant, was detected by WES.",p. W587*,p. Gly24Ala24*11,0,36253741,3,6982,0.44661331497373047,NO,0
"ATR-MET-induced-testicular toxicity (reduced sperm motility, count, and daily sperm production and increased live/dead ratio) was accompanied with testicular oxidative stress (diminished level of reduced glutathione, activities of glutathione-S-transferase, superoxide dismutase and catalase and increased level of malondialdehyde).",ATR-MET,glutathione,1,36262065,7,7084,0.6572687766272505,YES,1
"Cirrhosis, prior treatment with interferon/PEG + RBV, and baseline NS5A RAS were associated with higher risk of treatment failure.",Cirrhosis,RBV,0,36410397,5,16183,0.10867344971474541,NO,0
"Unexpectedly, we found that lack of chemerin-CMKLR1 signaling specifically reduced expression of lactoperoxidase (LPO), a peroxidase that is predominantly expressed in colonic ECs and utilizes H2O2 to oxidize thiocyanates to the antibiotic compound, thereby leading to the outgrowth and mucosal invasion of gram-negative bacteria and dysregulated CXCL1/2-mediated neutrophilia.",H2O2,neutrophilia,0,35858331,7,4431,0.14512119348683566,NO,0
"However, no association was found between AT2R-1675A/G polymorphism and susceptibility to PE.",AT2R,PE,0,36397318,3,9045,0.5753179763860933,YES,1
"However, subgroup analysis revealed a significant association of rs2025345 with spastic tetraplegia (P genotype = 0.048 after correction) and rs12722561 with CP accompanied by global developmental delay (P allele = 0.045 after correction), even after Bonferroni correction.",rs12722561,developmental delay,1,36195861,5,6275,0.9981646399008379,YES,1
"Therefore, abnormal lipid metabolism in the liver of developmental rats could be exacerbated by combined exposed to fructose and BPA.",abnormal lipid metabolism,fructose,1,31661889,4,12776,0.913703014030479,YES,1
IL-6 activates the trans-signaling pathway via the formation of the IL-6/sIL-6Ra/gp130 receptor complex and subsequent activation of the JAK/STAT3 signaling pathway and PI3K/AKT and MEK/ERK kinases in some cases.,gp130 receptor,ERK,0,36406976,9,13959,0.6127572491742693,YES,1
"Guanosine reversed IMPDH1 expression in HCCC-9810 cells, promoting the secretion of inflammatory factors IL-6, IL-8, OPN, VEGF, and VCAM-1 and intensifying epithelial-mesenchymal transition (EMT) progression in the cells.",IL-6,IL-8,0,36711025,9,11925,0.001039293535254809,NO,0
"We identified one new risk variant rs61204179 (Pcombined = 1.47 x 10-9) with low allele frequency, four previously reported risk variants (NUCKS1/RAB29-rs11557080, SNCA-rs356182, FYN-rs997368, and VPS13C-rs2251086), as well as three risk variants in LRRK2 coding region (A419V, R1628P, and G2385R) with genome-wide significance (P < 5 x 10-8) for PD in Chinese population.",SNCA,FYN,0,36759515,15,12222,0.0016793030279933147,NO,0
"Mechanistically, LINC00589 serves as a ceRNA platform that simultaneously sponges miR-100 and miR-452 and relieves their repression of tumor suppressors, including discs large homolog 5 (DLG5) and PR/SET domain 16 (PRDM16, a transcription suppressor of mucin4), thereby exerting multiple cancer inhibitory functions and counteracting drug resistance.",LINC00589,miR-100,1,36309503,7,7799,0.9980812785393923,YES,1
"KRT80 overexpression increased the expression of BCL2/BAX, CyclinD1, MMP2, MMP9, and N-cadherin, decreased the expression of E-cadherin, and increased the phosphorylation of MEK and ERK.",BAX,N-cadherin,0,34659572,10,2663,0.0017730767331778116,NO,0
"Functional dissection of the enhancer demonstrated co-dependency of the RelA/p65 and CEBPB binding motifs that, together, increase IL20RA and IFNGR1 expression and decreased TNFAIP3 expression in the context of the TNFAIP3 SLE risk haplotype through dynamic long-range interactions up- and downstream.",CEBPB,SLE,0,36199584,6,6294,0.18096149010373008,NO,0
"Combination therapy with Ox/Cy and anti-PD-L1 synergistically improves CAR-T cell-mediated tumor control and survival, providing a strategy to improve CAR-T cell efficacy in the clinic.",Ox,tumor,0,33357452,4,15867,0.4687162170452162,NO,0
"An ATP2C1 splice-site mutation (c.325-2A>G, p.Ala109_Gln120del) was previously identified in a Han Chinese family with HHD.",ATP2C1,HHD,1,36254249,4,6986,0.9919001985007764,YES,1
"KIR3DL3 recruited SHP-1 and SHP-2 to attenuate Vav1, ERK1/2, AKT, and NF-kappaB signaling.",ERK1/2,AKT,0,34244312,7,2119,0.0026254184643126894,NO,0
A Randomized Phase 2 Study Comparing Nivolumab with Carboplatin-Pemetrexed for EGFR-Mutated NSCLC with Resistance to EGFR Tyrosine Kinase Inhibitors (WJOG8515L).,Carboplatin,Pemetrexed,1,34921023,6,2883,0.9490889774354554,YES,1
Structural analysis of histone deacetylase 8 mutants associated with Cornelia de Lange Syndrome spectrum disorders.,histone deacetylase 8,Cornelia de Lange Syndrome,1,33316326,2,1129,0.9919758633167552,YES,1
"PD98059, a p44/p42 MAPK inhibitor, and SP600125, a SAPK/JNK inhibitor, upregulated PGE1-stimulated IL-6 release.",PGE1,IL-6,1,36520821,6,14329,0.7188257478200356,YES,1
"Case presentation: A 33-year-old woman presented with fever, maculopapular rashes, hypereosinophilia, and hepatic involvement, which occurred 4 weeks after a fixed-dose combination of first-line ATD containing rifampicin, isoniazid, pyrazinamide, and ethambutol.",hepatic involvement,isoniazid,0,36147124,9,5625,0.930734126398776,YES,1
"Q57H and T151I of ORF3a; T21I and W27L of ORF6; G38V, V82A, and T120I of ORF7a; S31P and T40I of ORF7b; and R52I, C61F, and I121L of ORF8 were highly frequent in most variants of concern and were within known functional domains.",Q57H,T40I,0,35764775,17,4123,0.0035003117326044843,NO,0
Chloroquine/hydroxychloroquine have been proposed as potential treatments for COVID-19.,hydroxychloroquine,COVID-19,1,32577690,3,716,0.9981682582845961,YES,1
"Furthermore, our study identified four novel P/LP mutations: Q3508X in TTN, A990G in KCNH2, G1220E, and D372H (in a representative pedigree) in SCN5A. CONCLUSIONS: Our study showed the variant spectrum of a suspected Chinese BrS cohort, and we identified four novel P/LP mutations in TTN, KCNH2, and SCN5A.",KCNH2,BrS,1,36354768,8,8314,0.6696390478506141,YES,1
Our report demonstrates that combination therapy with ruxolitinib and IFNalpha can lead to a substantial reduction in JAK2 L611S/V617L double-mutant allele burden.,IFNalpha,L611S,1,36483035,5,10055,0.7830711715900774,YES,1
"Additionally, the most common adverse events in the SOX group were mild leukopenia (42.9%) and fatigue (34.3%), while those in the apatinib + SOX group were tolerable leukopenia (44.0%) and hypertension (44.0%).",SOX,hypertension,1,36160880,5,5741,0.8672068243277034,YES,1
"The combination of 2-hydroxy-3-methylbutyric acid, 3-hydroxybutyric acid, cholesterol, succinic acid, L-ornithine, oleic acid and palmitelaidic acid predicted patients who progressed from mild to severe COVID-19, with an AUC of 0.969.",L-ornithine,oleic acid,0,33662365,9,1652,0.18206033359289114,NO,0
We analyzed differences in blood ammonia and citrulline levels based on clinical phenotypes.,ammonia,citrulline,0,36263152,2,7183,0.5862056764462162,YES,1
Outcomes were measured across different treatment regimens to assess the effects of: different durations of REZ (<=6 months vs >6 months); addition of a fluoroquinolone to REZ (fluoroquinolone plus 6 months or more of REZ vs 6 months or more of REZ); and addition of streptomycin to REZ (streptomycin plus 6 months of rifampicin and ethambutol and 1-3 months of pyrazinamide vs 6 months or more of REZ).,REZ,streptomycin,1,29595509,6,12430,0.9537106231657768,YES,1
"Interdicting melanoma intrinsic growth signals, including the blockade of PD-L1 and mTOR signaling concurrently, cooperative with radiotherapy may provide a vigorous repertoire to alleviate the tumor encumbrance.",PD-L1,mTOR,1,36203954,4,6343,0.9352971526132645,YES,1
Topical administration of fisetin in an imiquimod (IMQ)-induced mouse psoriasis model exhibited a better effect than rapamycin in reducing psoriasis-like inflammation and Akt/mTOR phosphorylation and promoting keratinocyte differentiation and autophagy in mice skin lesions.,rapamycin,mTOR,1,36741386,9,12128,0.7761814272764352,YES,1
Induction of BVR-A Expression by Korean Red Ginseng in Murine Hippocampal Astrocytes: Role of Bilirubin in Mitochondrial Function via the LKB1-SIRT1-ERRalpha Axis.,LKB1,ERRalpha,0,36139815,7,5193,0.9198784061040907,YES,1
"The results showed that the application of biochar and especially chemically modified biochars reduced fluoride (about 15-37%) and cadmium (30-52%) contents in mint leaves, while increased soil pH and cation exchange capacity (CEC), nitrogen (12-35%), phosphorus (16-59%), potassium (17-52%), calcium (19-47%), magnesium (28-77%), iron (37-114%), zinc (45-226%), photosynthetic pigments of leaves and plant biomass (about 10-25%) under toxic conditions.",cadmium,magnesium,0,36578343,11,11022,0.05439305480071855,NO,0
"To validate the docking results, the pharmacological effects of dabigatran, estazolam, leucovorin, and pitavastatin on MCAO were tested in parallel with the JNK inhibitor SP600125.",estazolam,JNK,0,33384558,7,1217,0.2516879682657821,NO,0
"Among cases included for F gene characterisation, viral co-infections were observed in 50% (35/70) and 25.7% (18/70) were admitted to intensive care units (ICU).",F gene,viral co-infections,1,36366419,2,8662,0.012817534953674933,NO,0
"Mutational analysis detected 18,261 mutations in the omicron variant, majority of which were non-synonymous mutations in spike (A67, T547K, D614G, H655Y, N679K, P681H, D796Y, N856K, Q954H), followed by RNA dependent RNA polymerase (rdrp) (A1892T, I189V, P314L, K38R, T492I, V57V), ORF6 (M19M) and nucleocapsid protein (RG203KR).",T547K,P681H,0,35367284,21,3388,0.00447307258002585,NO,0
"Effects of 15 torsadogenic hERG blocking drugs (astemizole, chlorpromazine, cisapride, droperidol, ibutilide, dofetilide, haloperidol, moxifloxacin, pimozide, quinidine, risperidone, sotalol, sertindole, terfenadine, and thioridazine) were assessed by telemetry in beagle dogs.",haloperidol,pimozide,0,35751378,17,3980,0.0013160004712976152,NO,0
"Binding of BAFF to BAFFR was affected by P21R and A52T. Spontaneous oligomerization of BAFFR was disturbed by P21R, A52T, G64V, and P146S. BAFF-dependent activation of NF-kappaB2 was reduced by P21R and P146S, while interactions between BAFFR and the B cell antigen receptor component CD79B and AKT phosphorylation were impaired by P21R, A52T, G64V, and DUP92-95.",BAFFR,NF-kappaB2,0,36308663,9,7765,0.908265907828055,YES,1
"Fumaric acid (FMA), isoliquiritigenin (ISO), cinnamaldehyde (CA), ferulic acid (FA), sulforaphane (SFN), and chlorogenic acid (CGA) exhibited varying improvements in colitis on clinical signs, colonic histopathology, inflammatory and oxidative indicators, and Nrf2 pathway in a sequence of SFN, ISO > FA, CA > FMA, CGA.",cinnamaldehyde,Nrf2,1,36552614,9,10705,0.9232919461669947,YES,1
"ET-1 was positively correlated with HbA1c, creatinine levels, and duration of disease, and negatively correlated with AMS/ht2.",HbA1c,creatinine,0,35468098,3,3714,0.010557065256980353,NO,0
"Materials and methods: This was a multicenter retrospective cohort study of patients diagnosed with refractory or recurrent WHO grades II and III meningiomas, recruited between 2011 and 2018, and treated with systemic therapy (sunitinib, everolimus +- octreotide, and bevacizumab).",everolimus,bevacizumab,1,36511679,6,10280,0.8984499313646142,YES,1
"We create eight mutants with single substitutions at one of the four positions Ala2, Phe4, Tyr10, and Val12 to decrease the hydrophobicity at respective positions (A2T, A2S, F4A, F4S, Y10A, Y10S, V12A, and V12S) and one mutant (Y10F) to remove the polar nature of Tyr10.",A2S,V12A,0,36411082,9,9255,0.00019959557387100017,NO,0
"The KRGE-stimulated BVR-A-LKB1-SIRT1-ERRalpha pathway regulates the levels of mitochondria-localized proteins such as SIRT5, translocase of the outer mitochondrial membrane 20 (Tom20), Tom22, cytochrome c (Cyt c), and superoxide dismutase 2 (SOD2).",SIRT1,ERRalpha,1,36139815,9,5244,0.8388583434578262,YES,1
We have previously demonstrated that combined inhibition of Src with dasatinib and the MAPK pathway with trametinib synergistically inhibits growth and induces apoptosis in BRAF- and RAS-mutant thyroid cancer cells.,Src,trametinib,0,36672327,7,11575,0.8984075027238455,YES,1
"TNF, IL6, IL1B, CXCL8, CCL2, IL2, IL4, ICAM1, IFNG, and IL10 has been predicted as key targets.",TNF,IL1B,0,36388945,10,8842,0.0004845172790490349,NO,0
"Relative to control, 10muM THC and 10muM CBD reduced mRNA levels of milk proteins (CSN2 and WAP), lipid synthesizing and glucose transport markers (GLUT 1, HK2, FASN, FABP4, PLIN2 and LPL), as well as whey acidic protein and lipid levels.",CBD,FABP4,1,35976913,12,4632,0.9467146610662569,YES,1
"SLC7A5, SLC1A5, and AFMID were elevated in colon cancer cells and tissues, and kynurenine was significantly greater in tumor samples than in the respective adjacent normal tissue from patients with colon cancer.",colon cancer,kynurenine,1,31416966,7,555,0.9821192146363575,YES,1
"Oxidative stress variables (ROS, nitrite, TBARS, SOD, catalase) and inflammatory markers (TNF-alpha, and IL-1beta), which were altered on Cu exposed rats, also responded favorably to ALA+ MiADMSA",TBARS,IL-1beta,0,36548551,12,10623,0.029151929121339324,NO,0
"The expression levels of THY1+, CD73+, and CD271+ were highest and those of CD54+ and CD29+ were lowest in CD34+THY1",CD73,CD271,0,35168627,6,3192,0.8460733921472182,YES,1
"The results showed that the levels of gene and protein catalyzing lipogenesis were increased (SREBP1, ACC1 and FAS), while those catalyzing lipolysis were decreased (ATGL, HSL and ZAG), accompanied by dyslipidemia, insulin resistance and hepatic fat accumulation, and there were higher expression of TLR4 and NF-kappaB protein and lower expression of ERalpha protein in liver, and increased serum IL-17 and TNF-alpha levels in fructose and/or BPA exposed rats compared with controls.",ACC1,BPA,1,31661889,16,12698,0.517258029768029,YES,1
"The SNPs rs1046117 (FOS), rs3769825 (CASP8) and rs243836 (MMP2) were genotyped using TaqMan allelic discrimination assays in a case-control sample containing 801 NSCL+-P patients (233 nonsyndromic cleft lip only (NSCLO) and 568 nonsyndromic cleft lip and palate (NSCLP)) and 881 healthy controls via logistic regression analysis adjusted for the effects of sex and genomic ancestry proportions with a multiple comparison p value set at <=0.01.",rs243836,NSCL+-P,1,36661544,9,16405,0.17759725521346273,NO,0
Clinical Significance of Somatic Mutations in RAS/RAF/MAPK Signaling Pathway in Moroccan and North African Colorectal Cancer Patients.,RAS,MAPK,1,36444585,5,9924,0.3124198404584767,NO,0
"Among them, LMDS-1 and -2 reduced caspase-1, caspase-6 and caspase-3 activities and promoted neurite outgrowth, and the effect was significantly reversed by knockdown of TRKB.",LMDS-1 and -2,caspase-3,1,36361524,5,8391,0.9912052628951243,YES,1
"Dose-dense brentuximab vedotin plus ifosfamide, carboplatin, and etoposide for second-line treatment of relapsed or refractory classical Hodgkin lymphoma: a single centre, phase 1/2 study.",etoposide,Hodgkin lymphoma,1,34329577,6,13244,0.9842178315639826,YES,1
"The combination of 2-hydroxy-3-methylbutyric acid, 3-hydroxybutyric acid, cholesterol, succinic acid, L-ornithine, oleic acid and palmitelaidic acid predicted patients who progressed from mild to severe COVID-19, with an AUC of 0.969.",3-hydroxybutyric acid,succinic acid,0,33662365,9,1638,0.12986201142389972,NO,0
"These data were not consistent with the previously described role of LINC00173 in SCLC or LUSC, which suggested that LINC00173 could play fine-tuned DDP resistance roles in different pathological subtypes of lung cancer.",SCLC,DDP,1,36627670,5,15503,0.10918498122811095,NO,0
"rs6783836 at ST6GAL1 was associated with HFS in patients treated with XELOX (OR=3.1, 95%CI=2.1-4.6, P=4.3x10-8 ) and was borderline significant in patients receiving capecitabine from QUASAR2, but with an opposite allele effect (OR=0.66, 95% CI=0.42-1.03, P=0.05).",ST6GAL1,XELOX,1,35467766,6,3657,0.2724614227317874,NO,0
"In addition, mAbs such as Adalimumab, Eculizumab, Natalizumab used in autoimmune disorders and Alemtuzumab, Trastuzumab, Cetuximab, and Rituximab that are prescribed for tumors will be reviewed.",Natalizumab,tumors,0,35071113,9,3051,0.0003156131508785772,NO,0
"By using an additive model of inheritance, our moderation analysis showed that PNPLA3 rs738409 significantly modulates the relationship between carbohydrate (%), n-3 PUFAs, total isoflavones, methionine, and choline intakes and fibrosis severity in a dose-dependent, genotype manner.",rs738409,fibrosis,1,33306506,8,1087,0.9869151282870243,YES,1
"We report a new case with CN-SGD caused by two novel heterozygous pathogenic variants in the SMARCD2 gene (c.1081del (p.Gln361Argfs*15)), and (c.217C>T (p.Arg73*)).",CN-SGD,SMARCD2,1,36135322,6,5129,0.9915612478376339,YES,1
Fine-tuning p53 activity by modulating the interaction between eukaryotic translation initiation factor eIF4E and RNA-binding protein RBM38. p53 is critical for tumor suppression but also elicits detrimental effects when aberrantly overexpressed.,p53,eIF4E,1,33664057,4,1658,0.43617488304802154,NO,0
"Although adjuvant tamoxifen therapy is beneficial to estrogen receptor-positive (ER+) breast cancer patients, a significant number of patients still develop metastasis or undergo recurrence.",estrogen receptor,metastasis,0,36619229,5,11257,0.01074818313854934,NO,0
"Excessive intake of heavy metals, such as arsenic (As), manganese (Mn), mercury (Hg), aluminium (Al), lead (Pb), nickel (Ni), bismuth (Bi), cadmium (Cd), copper (Cu), zinc (Zn), and iron (Fe), is neurotoxic and it promotes neurodegeneration.",aluminium,zinc,0,33412145,14,1302,0.00010080232819043985,NO,0
"Here, we show that non-receptor tyrosine kinases Janus kinase 1 (JAK1) and SRC are able to phosphorylate RIPK1 at Y384 (Y383 in murine RIPK1), leading to suppression of TNF-induced cell death.",Janus kinase 1,Y383,0,36329033,7,8112,0.6711958030384376,YES,1
"The polymorphisms suitable for meta-analysis were CCND1 (rs17852153), COX2 (rs20417), EGF (rs4444903), EGFR (rs712829, rs11543848, 3'UTR CA repeat), FCGR2A (rs1801274), FCGR3A (rs396991), IL8 (rs4073), KRAS (rs61764370) and VEGFA (rs3025039).",EGF,FCGR2A,0,27897268,19,340,0.000561635621489329,NO,0
"Silencing WWOX to mimic HCC with the WWOX-rs13338697-GG genotype further stimulated HCC cell response to hypoxia through increased HIF1A expression, leading to further reduction of ASS1 and thus increased cell susceptibility to ADI-PEG 20.",HCC,rs13338697,1,36530994,7,14417,0.5001184537678643,YES,1
Association of selected genetic variants in CBS and MTHFR genes in a cohort of children with homocystinuria in Sri Lanka.,CBS,homocystinuria,1,36512268,3,10287,0.9527787943704158,YES,1
"Her initial hospital course also demonstrated the importance of continuous renal replacement therapy (CRRT) in avoiding rebound hyperammonemia and high glutamine and the benefits of intracranial pressure (ICP) monitoring, providing 3% hypertonic saline and temperature control to avoid fever in treating cerebral edema.",glutamine,fever,0,36466970,5,9981,0.0008694112910602801,NO,0
"The expression of Carnitine palmitoyltransferase I (CPT-I), carnitine palmitoyltransferase II (CPT-II), lecithin-cholesterol acyltransferase (LCAT), carnitine O-octanoyltransferase (CROT), carnitine-acylcarnitine translocase (CACT), and 5-methyltetrahydrofolate-homocysteine methyltransferase (MTR) genes was significantly upregulated in the liver tissue homogenates of experimental mice exposed to BPA, although RSV regulated the expression of these genes when compared with BPA treated experimental mice.",lecithin-cholesterol acyltransferase,carnitine-acylcarnitine translocase,0,36432690,9,9780,0.008467550358918862,NO,0
Genetic spectrum of NOTCH3 and clinical phenotype of CADASIL patients in different populations.,NOTCH3,CADASIL,1,35822697,3,4273,0.9237922563561165,YES,1
"We also found that either TSH or NAC enhanced PKA, Akt, mTORC, AMPK, Sirtuins, PGC1alpha, NRF-2, mitofusin-2, TFAM and catalase in the N-TSHR-mAb stressed cells.",AMPK,Sirtuins,0,34801870,14,13427,0.016995590049732032,NO,0
"Relative to control, 10muM THC and 10muM CBD reduced mRNA levels of milk proteins (CSN2 and WAP), lipid synthesizing and glucose transport markers (GLUT 1, HK2, FASN, FABP4, PLIN2 and LPL), as well as whey acidic protein and lipid levels.",CBD,glucose,1,35976913,12,4628,0.4293711235553034,NO,0
"In this study, we performed whole-exome sequencing on BRAF-V600E-mutant melanoma patient tumors refractory to the combination of BRAF/MEK inhibition and identified acquired oncogenic mutations in NRAS and loss of the tumor suppressor gene CDKN2A We hypothesized the acquired resistance mechanisms to BRAF/MEK inhibition were reactivation of the MAPK pathway and activation of the cell-cycle pathway, which can both be targeted pharmacologically with the combination of a MEK inhibitor (trametinib) and a CDK4/6 inhibitor (palbociclib).",melanoma,CDKN2A,0,34376578,12,2337,0.32965984362499934,NO,0
"In a pair of DX (COG-N-603x) and PD (COG-N-623x) PDXs established from the same patient, COG-N-623x was less responsive to cyclophosphamide + topotecan than COG-N-603x, but both DX and PD PDXs were responsive to 4-HPR + ABT-199.",topotecan,ABT-199,0,31484706,6,610,0.18511791377828618,NO,0
"Instead, caspase-8 reduced pro-survival BCL-2 transcription and increased inducible nitric oxide synthase (iNOS), thus facilitating BAX and BAK signaling.",caspase-8,BAK,1,35139355,5,3126,0.8658113515936434,YES,1
"Newly diagnosed MM patients (41), who either failed to respond or experienced early relapse after a bortezomib-containing induction regimen, were enrolled to evaluate the safety and efficacy of a daratumumab, carfilzomib, lenalidomide and dexamethasone combination.",daratumumab,carfilzomib,1,33619369,7,1534,0.9894918290535929,YES,1
"We studied two well characterized mutations of cardiac TnC, L48Q and I61Q, that decrease or increase the release rate of Ca2+ from cTnC, k-Ca, resulting in HCM and DCM respectively [1].",I61Q,Ca2+,1,33636222,6,1553,0.37995173489707085,NO,0
"Mechanistically, TNF-alpha and IFN-gamma co-treatment activated the JAK/STAT1/IRF1 axis, inducing nitric oxide production and driving caspase-8/FADD-mediated PANoptosis.",JAK,IRF1,1,33278357,8,992,0.9842022976117951,YES,1
These suggested that alpha7nAChR would be a potential pharmacological target for AAA.,alpha7nAChR,AAA,1,35217818,2,3350,0.9977626731500797,YES,1
"Genes or proteins regulating lipid metabolism include sterol regulatory element binding protein 1 (SREBP1), adipose triglyceride lipase (ATGL), hormone sensitive lipase (HSL), acetyl-CoA carboxylase 1 (ACC1), fatty acid synthase (FAS), zinc alpha 2 glycoprotein (ZAG) and estrogen receptor alpha (ERalpha), and the expression of proteins regulating inflammatory response, such as TLR4 and NF-kappaB, were determined.",acetyl-CoA carboxylase 1,TLR4,0,31661889,11,12618,6.921841108546519e-05,NO,0
"Furthermore, we determined that increased MR clustering with NADPH oxidase subunits to produce superoxide contributes to 7-Ket-induced NLRP3 inflammasome activation via a thioredoxin-interacting protein (TXNIP)-mediated controlling mechanism.",superoxide,thioredoxin-interacting protein,1,36252682,5,6960,0.4285411170931329,NO,0
"We also found that either TSH or NAC enhanced PKA, Akt, mTORC, AMPK, Sirtuins, PGC1alpha, NRF-2, mitofusin-2, TFAM and catalase in the N-TSHR-mAb stressed cells.",AMPK,TSHR,0,34801870,14,13433,0.2514019991718086,NO,0
"We sought to assess the influence of the O6-methylguanine-DNA methyltransferase (MGMT) promoter methylation on response and progression-free survival (PFS) following initiation of irinotecan and temozolomide (IT), PFS following initiation of vincristine, doxorubicin, and cyclophosphamide alternating with ifosfamide and etoposide (VDC-IE), and overall survival (OS).",vincristine,ifosfamide,1,36523794,10,10369,0.8751888196462351,YES,1
"The GG genotype carriers of rs12025144 in B7-H4 had a higher prevalence of DM (57.14% vs. 17.71% vs. 18.67%, p = 0.0018), and had a poorer response to MTX in diabetic patients (p < 0.05), compared with AA or AG genotype carriers.",DM,MTX,1,36362461,5,8516,0.17417395041150316,NO,0
"The survival rate of laryngeal squamous cell carcinoma: impact of IL1RAP rs4624606, IL1RL1 rs1041973, IL-6 rs1800795, BLK rs13277113, and TIMP3 rs9621532 single nucleotide polymorphisms.",laryngeal squamous cell carcinoma,IL1RL1,1,36682035,11,11665,0.6284417648012869,YES,1
"These include the following: (1) c.662A > G (p.Asp221Gly) in LDLR, causing heterozygous familial hypercholesterolemia; (2) c.3700_3704del in BRCA1, associated with hereditary breast and ovarian cancer syndrome; (3) c.1528G > C (p.Glu510Gln) in HADHA, seen in long-chain 3-hydroxy acyl-CoA dehydrogenase (LCHAD) deficiency, and (4) c.1032delT in NPHS2, associated with steroid-resistant nephrotic syndrome.",c.3700_3704del,steroid-resistant nephrotic syndrome,0,35971028,12,4583,9.513216109228835e-05,NO,0
Four- to 6-week old male SS and congenic rats containing the BN chromosome 2 distal portion (SS.BN-[rs13453786-rs66377062]/Aek; S2Ba) and middle segment (SS.BN-[rs106982173-rs65057186]/Aek; S2Bb) were fed NSD or HSD (4% NaCl) up to age 12 to 13 weeks.,rs66377062,rs106982173,0,33161775,6,944,0.05610188803453371,NO,0
"Using an auxin-induced Hrp1 depletion system, we identified new Hrp1-dependent attenuators in MNR2, SNG1, and RAD3 genes.",Hrp1,MNR2,1,36315099,5,7986,0.8258948251318371,YES,1
"In the yeast S. cerevisiae, Pol II attenuation was initially shown to rely on Nrd1-Nab3-Sen1 termination, but more recently our lab characterized a hybrid termination pathway involving Hrp1, an RNA-binding protein in the 3'-end cleavage factor (CF).",Nab3,Hrp1,1,36315099,6,7977,0.2897189488658066,NO,0
Genetic or pharmacological targeting of ERK signalling intermediates enhanced the antiproliferative effect of G12C inhibitor treatment in models with acquired RAS or BRAF mutations.,RAS,BRAF,1,34759319,4,15985,0.13218111999663723,NO,0
"GPX4 (rs713041) T allele may influence colorectal cancer risk, stroke, hypertension and pre-eclampsia.",GPX4,hypertension,1,36555402,6,10791,0.9957578595192796,YES,1
"The roles of ABCC5, ABCA8, ABCC10, ABCB10, ABCG1, ATP7B, ABCG2, and mitochondrial SLC25A10 in platinum-receiving urinary bladder cancer patients should be the subject of further investigation.",ATP7B,ABCG2,0,36650399,11,11453,0.00033064984776173,NO,0
"We conclude ceramide from ASM plays a critical role in NLRP3 inflammasome activation during hypercholesterolemia via MR redox signaling platforms to produce superoxide, which leads to TXNIP dissociation.",NLRP3,superoxide,1,36252682,6,6974,0.8707108151744039,YES,1
"TNF-alpha and IL-1beta levels were decreased, but IL-4, IL-10, IL-13, cyclin D1, and PCNA levels were increased in pregnant women with preeclampsia after using progesterone.",TNF-alpha,PCNA,0,36593749,10,15249,0.07260923741236339,NO,0
"These data support that silybin, formononetin, and diosmetin inhibit macrophage-associated adipocyte inflammation and lipid accumulation.",adipocyte inflammation,lipid,0,36559664,5,10898,0.24360949969462087,NO,0
"Noteworthy, in the absence of a pro-oxidative challenge, cells expressing K120R mutant retain a partial capacity to modulate glucose metabolism, limiting lipid peroxidation with respect to the other P53 mutants carrying cells.",K120R,lipid,1,36226181,4,6647,0.5369264920330383,YES,1
"We also found that either TSH or NAC enhanced PKA, Akt, mTORC, AMPK, Sirtuins, PGC1alpha, NRF-2, mitofusin-2, TFAM and catalase in the N-TSHR-mAb stressed cells.",PKA,NRF-2,0,34801870,14,13402,0.07645870057838945,NO,0
"Colony formation, cell viability, half-maximal inhibitory concentration, flow cytometry, and xenograft mouse model were used to evaluate the role of LINC00173 in the chemosensitivity of LUAD to DDP.",LUAD,DDP,1,36627670,4,15426,0.7232261014623294,YES,1
"Effects of 15 torsadogenic hERG blocking drugs (astemizole, chlorpromazine, cisapride, droperidol, ibutilide, dofetilide, haloperidol, moxifloxacin, pimozide, quinidine, risperidone, sotalol, sertindole, terfenadine, and thioridazine) were assessed by telemetry in beagle dogs.",dofetilide,risperidone,0,35751378,17,3974,0.0008631070620541437,NO,0
"In addition to previously reported P286R and V411L, R375Q and P452L were identified as novel, and deleterious POLE hotspot EDMs of EC.",P286R,R375Q,0,36313640,6,7941,0.030092960063899988,NO,0
"Repeated treatment with combined 5-Fu, cisplatin, and paclitaxel induced cross-resistance against TMZ and EP.",5-Fu,cisplatin,1,36660193,5,11478,0.9329723725691907,YES,1
"Furthermore, the addition of TSH, or the antioxidant N-acetyl-l-cysteine (NAC), rescued N-TSHR-mAb-induced apoptotic death.",TSH,mAb,1,34801870,4,13340,0.057417874503723876,NO,0
"In Sprague-Dawley rats, administration of UII into the RVLM resulted in an increase in mean arterial pressure (MAP), heart rate (HR), ROS production, nicotinamide adenine dinucleotide phosphate (NADPH) oxidase activity, and phosphorylation of p47phox, extracellular signal-regulated protein kinase (ERK)1/2 and p38MAPK, but not stress-activated protein kinase/Jun N-terminal kinase (SAPK/JNK).",stress-activated protein kinase,Jun N-terminal kinase,0,36421438,9,9454,0.12074999277370349,NO,0
"The polymorphisms suitable for meta-analysis were CCND1 (rs17852153), COX2 (rs20417), EGF (rs4444903), EGFR (rs712829, rs11543848, 3'UTR CA repeat), FCGR2A (rs1801274), FCGR3A (rs396991), IL8 (rs4073), KRAS (rs61764370) and VEGFA (rs3025039).",rs17852153,rs396991,0,27897268,19,320,0.0003491753503468434,NO,0
"Bax inhibitor, Z-VAD-FMK, pepstatin, and necrostatin partially reduced cell death, suggesting that involvement of the caspase-dependent and -independent mechanisms is related to cell type.",necrostatin,caspase,0,36500726,5,10268,0.42254043650831813,NO,0
"In clones expressing IL-10R1-SNP3, IL-10R1-SNP4 or IL-10R1-SNP3+4, the cmvIL-10 showed significantly less STAT3 phosphorylation, especially when HeLa-expressed cytokines were used.",IL-10R1,cmvIL-10,1,19016528,4,16,0.8773707466898295,YES,1
"We report a case of reinfection by SARS-CoV-2 with the second virus harboring amino acid changes in the Spike protein (141-143del, D215A, ins215AGY, L452R, D614G), orf1a, helicase, orf3a, and Nucleocapside.",reinfection by SARS-CoV-2,L452R,1,34107326,10,1983,0.47905168501013373,NO,0
"Western blot was performed to detect Cyclin D1, PCNA, MMP-2, MMP-9, inflammatory factors TNF-alpha, IL-1beta, IL-4, IL-10, IL-13, and",inflammatory,IL-1beta,1,36593749,10,15228,0.019457534346891146,NO,0
The N6-methyladenosine-mediated lncRNA WEE2-AS1 promotes glioblastoma progression by stabilizing RPN2.,glioblastoma,RPN2,1,36168628,4,5753,0.666355415790494,YES,1
"METHODS: LCLs were analyzed by Western blot (DDAH1, cleaved and total caspase-3 and -8, and beta-actin), and RT-PCR (DDAH1, iNOS).",caspase-3 and -8,beta-actin,0,34151866,4,2054,0.0009722652568506353,NO,0
"Meanwhile, Mg2+ binding was favored for the S55D/E59D alphaPV and D94S/",Mg2+,D94S,1,34115511,5,15902,0.11066337688663624,NO,0
These results indicate that PDE4 plays a role in CINC-1-induced heterologous internalization of the beta2 -AR; PDE4 inhibition reverses these effects and may be a useful adjunct in particular ARDS patients.,PDE4,ARDS,1,34555226,5,2535,0.321300479178542,NO,0
"Relative to control, 10muM THC and 10muM CBD reduced mRNA levels of milk proteins (CSN2 and WAP), lipid synthesizing and glucose transport markers (GLUT 1, HK2, FASN, FABP4, PLIN2 and LPL), as well as whey acidic protein and lipid levels.",glucose,LPL,1,35976913,12,4664,0.05592790904396774,NO,0
Variants in the zinc transporter-3 encoding gene (SLC30A3) in schizophrenia and bipolar disorder: Effects on brain glutamate-A pilot study.,bipolar disorder,glutamate,1,36203844,4,6315,0.07649365497621191,NO,0
"Conclusion: FNDC5 (rs16835198) played an independent or interactive role with PGC-1alpha (rs3755863, rs8192678), healthy eating behaviors, moderate-to-vigorous physical activity time in the occurrence of overweight or obesity in Chinese children and adolescents.",rs16835198,rs3755863,1,36760581,8,12284,0.8335220292628394,YES,1
"Genes provided in the present study with genetic variants associated with VTE were FVL (G1691A), Prothrombin (G20210A), MTHFR (C677T, A1298C), PAI-1 (4G/5G), factor VII activating protease (1601G > A), and endothelial protein C receptor (g.6936A_G, c.4600A_G).",Prothrombin,endothelial protein C receptor,0,36316870,14,8022,0.05321054107623341,NO,0
"Obese+sugen rats showed anatomic PA remodeling and developed elevated right ventricular systolic pressure at rest, which was exacerbated with exercise, modeling CpcPH.",sugen,CpcPH,1,34157861,4,12906,0.28692491222048255,NO,0
"MMTT analysis showed that probands with variants in MC4R, CASP10, TMPRSS6, HGFAC, and SLC5A1 (c.1415T>C) had sufficient residual beta-cell function with stimulated C-peptide (CP) >200 pmol/L. Seven individuals with variants in RFX2, RREB1, GCKR, DACH1, ZBED3 and SLC5A1 (c.1415T>C, and c.932A>T) presented with complete beta-cell failure.",TMPRSS6,beta-cell failure,0,36585034,14,16316,0.021927089938208678,NO,0
Recent studies suggest that ACE2 gene polymorphisms might be candidates for genetic susceptibility to SARS-CoV-2 infection.,ACE2,SARS-CoV-2 infection,1,36231922,2,6730,0.9931523245574396,YES,1
"Amplification-refractory mutation system polymerase chain reaction was used for the rs7830, rs1048943 and rs28371725 polymorphisms in order to genotype each extracted genomic DNA sample.",rs7830,rs28371725,0,36313260,3,7885,0.0045157899856956745,NO,0
"Mutational analysis detected 18,261 mutations in the omicron variant, majority of which were non-synonymous mutations in spike (A67, T547K, D614G, H655Y, N679K, P681H, D796Y, N856K, Q954H), followed by RNA dependent RNA polymerase (rdrp) (A1892T, I189V, P314L, K38R, T492I, V57V), ORF6 (M19M) and nucleocapsid protein (RG203KR).",P681H,P314L,0,35367284,21,3444,0.0023046559093094707,NO,0
"This suggests that the respective amino acids are relevant for the overexpressed RWDBD to disrupt Gcn1-Gcn2 interaction and impair Gcn2 activation, supporting the idea that in Gcn1 these amino acids mediate Gcn2-binding.",Gcn1,Gcn2,1,36441697,2,9918,0.9963933538781136,YES,1
We have previously demonstrated that combined inhibition of Src with dasatinib and the MAPK pathway with trametinib synergistically inhibits growth and induces apoptosis in BRAF- and RAS-mutant thyroid cancer cells.,BRAF,RAS,0,36672327,7,11591,0.0218139433975449,NO,0
"Furthermore, a specific NF-kappaB DNA-binding site in the promoter region of IL36G responsible for the TNFalpha/IL-17A-induced IL36G gene expression was identified.",NF-kappaB,IL-17A,1,33491092,4,1418,0.04140647509009994,NO,0
Klotho deficiency-induced arterial calcification involves osteoblastic transition of VSMCs and activation of BMP signaling.,Klotho,BMP,1,34368951,3,2252,0.8584815821236957,YES,1
"When WWOX is downregulated in middle age, aggregation of a protein cascade, including TRAPPC6ADelta (TPC6ADelta), TIAF1, and SH3GLB2, may start to occur, and the event lasts more than 30 years, which results in amyloid precursor protein (APP) degradation, amyloid beta (Abeta) generation, and neurodegeneration, as shown in Alzheimer's disease (AD).",WWOX,TRAPPC6ADelta,1,36498839,7,14059,0.9205681621388724,YES,1
"Here, we aimed to determine the combined effect of palbociclib (CDK4/6) and afatinib (panEGFR) inhibitors as an effective strategy to target HNSCC.",CDK4/6,afatinib,1,33878394,5,1794,0.3833104795098588,NO,0
"We showed that activation of the mitochondrial ClpP protease by mutant ClpP (Y118A) or through utilization of second-generation imipridone compounds (ONC206 and ONC212) in combination with genetic interference of HDAC1 and HDAC2 as well as with global (panobinostat) or selective (romidepsin) HDAC inhibitors caused synergistic reduction of viability in GBM model systems, which was mediated by interference with tricarboxylic acid cycle activity and GBM cell respiration.",Y118A,GBM,1,35417530,12,3558,0.6100985342115072,YES,1
"The numbers of cells expressing RAGE, NLRP3 and TXNIP among a specific subpopulation of CD16+CD14+CD206- (""pro-inflammatory"") alveolar macrophages were higher in patients with lung injury.",CD16,CD206,0,36232959,9,6828,0.05306677418331275,NO,0
"In addition, mAbs such as Adalimumab, Eculizumab, Natalizumab used in autoimmune disorders and Alemtuzumab, Trastuzumab, Cetuximab, and Rituximab that are prescribed for tumors will be reviewed.",Natalizumab,Trastuzumab,0,35071113,9,3048,0.00030561727558158354,NO,0
"The GG genotype carriers of rs12025144 in B7-H4 had a higher prevalence of DM (57.14% vs. 17.71% vs. 18.67%, p = 0.0018), and had a poorer response to MTX in diabetic patients (p < 0.05), compared with AA or AG genotype carriers.",rs12025144,MTX,1,36362461,5,8513,0.5558721702620034,YES,1
"Activated SGK3 can activate ion channels (TRPV5/6, SOC, Kv1.3, Kv1.5, Kv7.1, BKCa, Kir2.1, Kir2.2, ENaC, Nav1.5, ClC-2, and ClC Ka), carriers and receptors (Npt2a, Npt2b, NHE3, GluR1, GluR6, SN1, EAAT1, EAAT2, EAAT4, EAAT5, SGLT1, SLC1A5, SLC6A19, SLC6A8, and NaDC1), and Na+/K+-ATPase, promoting the transportation of calcium, phosphorus, sodium, glucose, and neutral amino acids in the kidney and intestine, the absorption of potassium and neutral amino acids in the renal tubules, the transportation of glutamate and glutamine in the nervous system, and the transportation of creatine.",EAAT1,calcium,0,36531961,37,14999,0.09642152132088774,NO,0
"Although dopamine D2 receptor agonists, bromocriptine and cabergoline, are notable medications in the treatment of Parkinsonism, hyperprolactinemia, and hyperglycemia, there is an identified relationship between the utilization of D2-like R agonists and the progress of myocardial injury, especially in the early phase of therapy.",dopamine D2 receptor,cabergoline,1,34777640,7,2759,0.8438248345126558,YES,1
"Calpain-1 overexpression increased the expression of PP2A, reduced the level of p-eNOS, and accelerated the occurrence and development of VED, oxidative stress and mitochondrial dysfunction in HCAECs exposed to CIH.",PP2A,VED,0,36644390,6,15685,0.2608556674685834,NO,0
"The combination of 2-hydroxy-3-methylbutyric acid, 3-hydroxybutyric acid, cholesterol, succinic acid, L-ornithine, oleic acid and palmitelaidic acid predicted patients who progressed from mild to severe COVID-19, with an AUC of 0.969.",cholesterol,oleic acid,0,33662365,9,1645,0.21065204918507002,NO,0
"In summary, the four CPMs may play a role in the treatment of COVID-19 by binding flavonoids such as quercetin, luteolin, and acacetin to target proteins such as ACE2, 3CLpro, and S protein and acting on TNF, IL6, IL1B, CXCL8, and other targets to participate in broad-spectrum antiviral, immunomodulatory and inflammatory responses.",flavonoids,acacetin,0,36388945,14,8929,0.9124244960528203,YES,1
"MMTT analysis showed that probands with variants in MC4R, CASP10, TMPRSS6, HGFAC, and SLC5A1 (c.1415T>C) had sufficient residual beta-cell function with stimulated C-peptide (CP) >200 pmol/L. Seven individuals with variants in RFX2, RREB1, GCKR, DACH1, ZBED3 and SLC5A1 (c.1415T>C, and c.932A>T) presented with complete beta-cell failure.",RREB1,beta-cell failure,1,36585034,14,16350,0.989395199025298,YES,1
"These mutations did not interfere with the formation of an ELMO3/DOCK1 complex, but markedly impaired the ability of the complex to promote RAC1-GTP-loading.",ELMO3,DOCK1,1,33660564,4,1568,0.998752603335013,YES,1
"Mechanistically, TNF-alpha and IFN-gamma co-treatment activated the JAK/STAT1/IRF1 axis, inducing nitric oxide production and driving caspase-8/FADD-mediated PANoptosis.",JAK,STAT1,1,33278357,8,991,0.9934316150929079,YES,1
The effect of AT1R-1166A/C and AT2R-1675A/G polymorphisms on susceptibility to preeclampsia: A systematic review and meta-analysis.,-1166A/C,preeclampsia,1,36397318,5,9034,0.4527058263181067,NO,0
"The aim of the study was to compare success, mortality, and acquired rifampicin resistance in patients with INH-R pulmonary tuberculosis given different durations of rifampicin, ethambutol, and pyrazinamide (REZ); a fluoroquinolone plus 6 months or more of REZ; and streptomycin plus a core regimen of REZ.",rifampicin,pulmonary tuberculosis,1,29595509,6,12418,0.7819049102147254,YES,1
"We found significant associations between red cell GLUT1 levels and four single nucleotide polymorphisms (SNP) in the coding SLC2A1 gene, that in individuals with the minor alleles of rs841848, rs1385129, and rs11537641 had increased, while those having the variant rs841847 had decreased erythrocyte GLUT1 levels.",rs841848,rs1385129,0,36421383,5,9413,0.056246794326014406,NO,0
This study provides evidence that combined Src and MEK1/2 inhibition is a promising therapeutic option for patients with advanced thyroid cancer and identifies BIM induction as a potential biomarker of response.,MEK1/2,BIM,0,36672327,5,11642,0.3908691899134265,NO,0
"By using an additive model of inheritance, our moderation analysis showed that PNPLA3 rs738409 significantly modulates the relationship between carbohydrate (%), n-3 PUFAs, total isoflavones, methionine, and choline intakes and fibrosis severity in a dose-dependent, genotype manner.",PNPLA3,isoflavones,1,33306506,8,1078,0.6720467984622437,YES,1
"Herein, using the molecular docking and interaction energy analysis, we showed that N501Y, L452R-E484Q, and E484K mutations bind strongly with heparin in the range of - 7.4 to - 8.0 kcal/mol.",L452R,E484K,0,35194375,5,3256,0.0238250580155222,NO,0
"Our results indicate that circFAT1 promote tumorigenesis in LUAD through sequestering miR-7, consequently upregulating IRS2-ERK1/2-mediated CCND1 expression, and can be a valuable therapeutic target and an important parameter for precision treatment in LUAD patients.",LUAD,CCND1,1,35844799,6,4390,0.7758755665687511,YES,1
"Our results showed that (i) the sequences were grouped into two clusters (L and R); the R cluster was dominant, its proportion increased over time and was higher in the high-vaccine-coverage areas; (ii) genetic diversities in the countries/regions with low vaccine coverage were higher than those in the ones with high vaccine coverage; (iii) unique mutations and co-mutations were detected in different countries/regions; in particular, common co-mutations were exhibited in highly occurring frequencies in the areas with high vaccine coverage and presented in increasing frequencies over time in the areas with low vaccine coverage; (iv) five sites on the S protein were under strong positive selection in different countries/regions, with three in non-C to U sites (I95T, G142D and T950N), and the occurring frequencies of I95T in high vaccine coverage areas were higher, while G142D and T950N were potentially immune-pressure-selected sites; and (v) mutation at the N6-methyladenosine site 4 on ORF7a (C27527T, P45L) was detected and might be caused by immune pressure.",T950N,P45L,0,36298851,7,7587,0.0017022388047241348,NO,0
"Our study reveals how P2Y11 harnesses canonical and IL-1R signaling to promote an anti-inflammatory and pro-angiogenic switch of human M2 macrophages, which may be controlled in part by an Epac1-SOCS3 axis.",P2Y11,SOCS3,0,36107259,5,4974,0.909737485510747,YES,1
"Diminishing HMGB2 expression by ectopic expression of miR-127 or SHP, or treatment with a small molecule inhibitor inflachromene (ICM), decreases OCT4 and SOX2 expression and facilitates CGR8 differentiation.",HMGB2,SOX2,1,29218329,7,467,0.6442881470384555,YES,1
"Human PANK1, PANK2, and PANK3 genes encode several pantothenate kinase isoforms that catalyze the phosphorylation of vitamin B5 (pantothenic acid) to phosphopantothenate, a critical step in the biosynthesis of the major cellular cofactor, Coenzyme A (CoA).",pantothenate kinase,Coenzyme A,1,36613877,8,11176,0.9387133322709551,YES,1
"Bax inhibitor, Z-VAD-FMK, pepstatin, and necrostatin partially reduced cell death, suggesting that involvement of the caspase-dependent and -independent mechanisms is related to cell type.",Bax,necrostatin,1,36500726,5,10261,0.03910869712728188,NO,0
We aimed to determine the effects of dapagliflozin alone and in combination with sacubitril/valsartan (LCZ696) or spironolactone on the function of myocardial fibroblasts of patients with heart failure and reduced ejection fraction (HFrEF).,spironolactone,heart failure and reduced ejection fraction,1,36303443,5,13781,0.5393912795789234,YES,1
"Using specific inhibitors, the authors have shown that, in EA.hy926 cells, IL-6-induced expression of MCP-1 and ICAM-1 depends on the signaling protein and transcription activator STAT3 and, in some cases, on JNK, PI3K, and MEK1/2 kinases and is independent of p38 kinase.",ICAM-1,MEK1/2,1,36406976,9,14016,0.8984793300637386,YES,1
"Colony formation, cell viability, half-maximal inhibitory concentration, flow cytometry, and xenograft mouse model were used to evaluate the role of LINC00173 in the chemosensitivity of LUAD to DDP.",LINC00173,DDP,1,36627670,4,15425,0.7955078954547219,YES,1
"Although all variants change BAFFR function and have the potential to contribute as modifiers to the development of primary antibody deficiencies, autoimmunity, and lymphoma, P21R is the only variant that was found to correlate positively with CVID.",P21R,CVID,1,36308663,5,7786,0.9996937825760718,YES,1
Novel compound heterozygous mutations in the CHST6 gene cause macular corneal dystrophy in a Han Chinese family.,CHST6,macular corneal dystrophy,1,33987320,2,1845,0.9994514814131884,YES,1
"KLF4 is supposed to play a critical role in DR4/DR5 expression and responses to TRAIL and cisplatin, whereas Nanog is only implicated in the former events only.",KLF4,DR4,1,36661504,6,11538,0.9731987800122309,YES,1
"In this context, previous studies reported the efficacy of some isoflavones and carotenoids, such as lycopene and genistein, on the reduction of the risk of fracture related to osteoporosis.",isoflavones,fracture,0,36296984,6,7457,0.8782436862515275,YES,1
"Collectively, our findings suggest that GAS6 levels could be used to predict response to carboplatin and AVB-500 could be used to treat platinum-resistant, HR-proficient HGSOC.",AVB-500,HGSOC,1,34670865,5,13321,0.9899073513693483,YES,1
"The discovered five SNPs are g-1578A>G, g-1835G>A, and g-398T>A in the 5'UTR; g3164T>C and g3409G>C in the exon region.",g-1835G>A,g3409G>C,0,36134995,5,5114,0.0024970472704628657,NO,0
"Patients who remained on single-agent SNX-5422 maintenance therapy >=2 months (n = 9) had cancers enriched for oncogenic drivers (n = 3 KRAS mutation, n = 1 EGFR exon 20 mutation, n = 1 HER2 mutation, and n = 1 RET fusion).",cancers,RET,1,34655925,7,2600,0.7946165936681032,YES,1
"These findings provide evidence of an aggregate effect of the MARC1, ADCY5, and BCO1 variants on the risk of hypertriglyceridemia in Mexican men.",MARC1,BCO1,0,36233117,5,6877,0.3708454186314903,NO,0
"In preclinical patient-derived xenograft and cell line models, resistance to KRAS(G12C) inhibition was associated with low allele frequency hotspot mutations in KRAS(G12V or G13D), NRAS(Q61K or G13R), MRAS(Q71R) and/or BRAF(G596R), mirroring observations in patients.",G13D,G596R,0,34759319,12,15972,0.37902144704597607,NO,0
"Selectivity for these sites may contribute to the distinct GABAA receptor and behavioural actions of different benzodiazepines, particularly at high (i.e. anaesthetic) concentrations.",GABAA receptor,benzodiazepines,1,34386973,2,2473,0.9498534117691941,YES,1
PPARalpha agonism did not alter TLR3-induced hyperthermia or hypothalamic inflammatory gene expression.,PPARalpha,inflammatory,0,34265624,4,13214,0.11044487296222623,NO,0
SNX-5422 is an oral HSP90 inhibitor with increased activity in vitro with the addition of carboplatin and paclitaxel.,HSP90,paclitaxel,0,34655925,4,2578,0.5884565562684213,YES,1
"We conclude ceramide from ASM plays a critical role in NLRP3 inflammasome activation during hypercholesterolemia via MR redox signaling platforms to produce superoxide, which leads to TXNIP dissociation.",ASM,NLRP3,1,36252682,6,6969,0.8630868064541145,YES,1
"Results: Out of 100 patients, CC (38%), CT (43%), TT (19%) pattern was observed in UGT2B7 (C161T) gene, AA (15%), AG (39%), GG (46%) in (A268G) gene and GG (80%), GT (18%), TT (02%) in (G211T) gene.",A268G,G211T,0,36160414,5,16074,0.00014529563308711573,NO,0
CRISPR-Cas9 deletion of PPIA or inhibition of PPIA with a small molecule inhibitor (ciclosporin) significantly sensitizes MM tumor cells to proteasome inhibitors.,PPIA,ciclosporin,1,33619369,3,1541,0.820414105059209,YES,1
"Mutational analysis detected 18,261 mutations in the omicron variant, majority of which were non-synonymous mutations in spike (A67, T547K, D614G, H655Y, N679K, P681H, D796Y, N856K, Q954H), followed by RNA dependent RNA polymerase (rdrp) (A1892T, I189V, P314L, K38R, T492I, V57V), ORF6 (M19M) and nucleocapsid protein (RG203KR).",I189V,T492I,0,35367284,21,3488,0.00265563415044216,NO,0
"Recently, bi-allelic SMARCD2 mutations have been reported in five children, causing autosomal recessive congenital neutropenia with specific granulocytes deficiency (CN-SGD); a syndrome resulting in G-CSF resistant neutropenia, recurrent infections, and dysplastic myelopoiesis.",congenital neutropenia with specific granulocytes deficiency,G-CSF,1,36135322,6,5125,0.6980439759239856,YES,1
"More importantly, dapagliflozin strikingly alleviated cardiorenal fibrosis in diabetic db/db mice by suppressing SGLT2 levels and potentiating the apelin-ACE2 signaling.",SGLT2,ACE2,0,34000358,7,12853,0.16601928409957037,NO,0
"In summary, our findings show that GIGYF1 is a regulator of IGF-1R recycling.",GIGYF1,IGF-1R,1,35917186,2,4532,0.9984601948458849,YES,1
"First, we searched the literature for single-nucleotide polymorphisms (SNPs) in CACNA1C and KCNH2 that showed genome-wide significant association with schizophrenia.",KCNH2,schizophrenia,1,36421807,3,9520,0.7486837487676574,YES,1
"We measured inhibin A, inhibin B, total inhibin, AMH, activin A, activin B, activin AB, follistatin, the GDF-9/BMP-15 complex, and GDF-15 in paired serum and urine samples from healthy reproductive age women and in pregnant (second trimester) women.",inhibin B,AMH,0,34875272,12,2813,0.0005469250795708088,NO,0
"Our results, taken together, demonstrated that MMP-2 and MMP-9 were involved in the development of H2S-induced ALI and DXM exerted protective effects by alleviating the expression of MMP-2 and MMP-9.",MMP-2,H2S,1,24722316,5,119,0.4275798159338985,NO,0
"It reduced the lipopolysaccharide (LPS)-induced production of pro-inflammatory factors, including interleukin-1beta (IL-1beta), IL-6, tumor necrosis factor-alpha (TNF-alpha), and nitric oxide (NO), and the expression of inducible NO synthase and cyclooxygenase-2.",lipopolysaccharide,cyclooxygenase-2,1,36142500,7,13651,0.5326247632584095,YES,1
"Sonidegib inhibited the LPS-induced IkappaBalpha phosphorylation, thereby blocking NF-kappaB nuclear translocation.",IkappaBalpha,NF-kappaB,0,36142500,4,13673,0.9466388406022542,YES,1
"The roles of ABCC5, ABCA8, ABCC10, ABCB10, ABCG1, ATP7B, ABCG2, and mitochondrial SLC25A10 in platinum-receiving urinary bladder cancer patients should be the subject of further investigation.",ABCC5,ABCB10,0,36650399,11,11420,0.0006951152356560309,NO,0
Genetic or pharmacological targeting of ERK signalling intermediates enhanced the antiproliferative effect of G12C inhibitor treatment in models with acquired RAS or BRAF mutations.,ERK,BRAF,0,34759319,4,15984,0.5386868010250732,YES,1
IDH1 mutations were demonstrated in multiple cartilaginous tumours and extraskeletal neoplasms in this case series.,IDH1,extraskeletal neoplasms,1,36428825,3,9683,0.93105340413805,YES,1
Here the effects of reactive oxygen species on the transactivation of the EGFR and HER2 were investigated.,reactive oxygen species,HER2,1,31614143,3,12483,0.8012187917685518,YES,1
"Recently, Repulsive Guidance Molecule b (RGMb) has been identified as part of a signaling hub with neogenin and BMP receptors in mice and humans.",Repulsive Guidance Molecule b,BMP receptors,1,36420263,5,9386,0.9885661360752291,YES,1
"Notably, whole-gene deletion of CYP2A6 was confirmed in 22 patients with lung adenocarcinoma but not in any patients with squamous cell carcinoma.",CYP2A6,lung adenocarcinoma,1,36289279,4,7367,0.9705444197151105,YES,1
"In this study, we identified 100 naturally occurring M pro mutations located at the nirmatrelvir binding site, among which 20 mutants, including S144M/F/A/G/Y, M165T, E166G, H172Q/F, and Q192T/S/L/A/I/P/H/V/W/C/F, showed comparable enzymatic activity to the wild-type (k cat /K",S144M/F/A/G/Y,E166G,0,36119652,5,16055,0.4135135987857184,NO,0
"Using hiPSC-derived cardiomyocyte cell lines with either intrinsic polymorphism or CRISPR-Cas9-mediated deletion of rs28714259 locus, we demonstrate that glucocorticoid receptor signaling activated by dexamethasone pretreatment prior to doxorubicin exposure preserves cardiomyocyte viability and contractility in cardiomyocytes containing the major allele.",rs28714259,dexamethasone,1,36418322,4,9322,0.014706811452902426,NO,0
"Using S-proteins of two different SARS-CoV-2 variants (Wuhan and Delta), we demonstrate that exposure of HLMEC or neutrophils to S-proteins, co-culture of HLMEC exposed to S-proteins with non-exposed neutrophils, or co-culture of neutrophils exposed to S-proteins with non-exposed HLMEC induced transcriptional upregulation of tissue factor (TF), significantly increased the expression and secretion of factor (F)-V, thrombin, and fibrinogen and inhibited tissue factor pathway inhibitor (TFPI), the primary regulator of the extrinsic pathway of blood coagulation, in both cell types.",tissue factor,thrombin,0,36142345,9,13563,0.5517307860908919,YES,1
We aimed to explore whether the effect of progesterone on preeclampsia via the PI3K/AKT signaling pathway.,preeclampsia,AKT,1,36593749,4,15156,0.3206689285920513,NO,0
"The expression levels of THY1+, CD73+, and CD271+ were highest and those of CD54+ and CD29+ were lowest in CD34+THY1",THY1,CD271,0,35168627,6,3188,0.7936293223040927,YES,1
"Furthermore, CALCB increases ERK1/2 phosphorylation in a time-dependent manner in RUASM, and the protective effect of CALCB on TNFalpha-induced inhibition of CALCRL/RAMP1 associations was significantly blocked in presence of ERK inhibitor (PD98059).",ERK1/2,PD98059,1,27784654,7,272,0.7057804511462147,YES,1
"The impact of supplementation with the above-mentioned compounds on the content of modified derivatives: 1-methyladenosine, N6-methyl-2'-deoxyadenosine, O-methylguanosine, 7-methylguanine, 3-methyladenine, 1-methylguanine, 2-amino-6,8-dihydroxypurine, and 8-hydroxy-2'-deoxyguanosine in the urine of rats with mammary cancer was also assessed.",1-methyladenosine,N6-methyl-2'-deoxyadenosine,0,36673448,9,15727,0.0004940048060836833,NO,0
"1-Methyl-4-phenyl-1,2,3,6-tetrahydropyridine (MPTP-a prodrug to the neurotoxin 1-methyl-4-phenylpyridinium (MPP+)), rotenone (an environmental neurotoxin), and 6-hydroxydopamine (6-OHDA - a neurotoxic synthetic organic compound) induce PD-like conditions when injected into rodents.",6-hydroxydopamine,PD,1,35090325,5,13546,0.9820920277774629,YES,1
"Pembrolizumab versus investigator-choice chemotherapy for ipilimumab-refractory melanoma (KEYNOTE-002): a randomised, controlled, phase 2 trial.",ipilimumab,melanoma,1,26115796,3,12373,0.5336155431585765,YES,1
"To explore the mechanistic basis by which CPE alters permeability, this study tested the permeability effects of several recombinant CPE (rCPE) species: rCPE and rCPEC186A (which form pores), rC-CPE and rCPED48A (which bind to receptors but cannot oligomerize), rCPEC186A/F91C (which binds and oligomerizes without pore formation), and rCPEY306A/L315A (which has poor receptor-binding ability).",Y306A,L315A,0,36069435,6,16023,0.3145800659669589,NO,0
"We reported that among 14 beta-blockers tested previously, only carvedilol effectively suppressed cardiac ryanodine receptor (RyR2)-mediated spontaneous Ca2+ waves during store Ca2+ overload, also known as store overload-induced Ca2+ release (SOICR).",cardiac ryanodine receptor,Ca2+,1,27623776,3,159,0.884032497491503,YES,1
"In this study, we treated liver cancer cells with I3C, performed colony formation and cell migration, measured the expression of glycolysis-related proteins, and predicted and validated LDHA-targeting miRNA from the databases.",I3C,LDHA,1,36297369,3,7537,0.08895561474387075,NO,0
"The present study examined the effects of intracerebral or systemic administration of the FAAH substrates N-oleoylethanolamide (OEA), N-palmitoylethanolamide (PEA) or the anandamide (AEA) analogue meth-AEA on hyperthermia and hypothalamic inflammatory gene expression following administration of the TLR3 agonist, and viral mimetic, poly I:C.",N-oleoylethanolamide,inflammatory,0,34265624,9,13136,0.3542392416755499,NO,0
"As a result, a total of 101 common active ingredients and 21 key active ingredients of four CPMs were obtained, including quercetin, luteolin, acacetin, kaempferol, baicalein, naringenin, artemisinin, aloe-emodin, which might be medicinal substances for the treatment of COVID-19.",quercetin,luteolin,0,36388945,10,8805,0.0027664530139112705,NO,0
"Mechanistically, LIF-LIFR-EGR1 axis and Sonic Hedgehog signaling formed a vicious cycle between fibroblasts and proximal tubular cells to augment LIF expression and promote the pro-fibrotic response via ERK and STAT3 activation.",fibrotic,ERK,1,36335669,7,8213,0.745986446539787,YES,1
"Deucravacitinib, a novel, selective inhibitor of TYK2 is currently under review at the FDA and EMA for treatment of moderate-to-severe plaque psoriasis.",TYK2,plaque psoriasis,1,35747941,3,3870,0.5141622912888807,YES,1
"High-throughput sequencing of chromosome conformation capture coupled with ChIP (HiChIP) and 3C-qPCR uncovered a long-range interaction between the UBE2L3 promoter (rs140490, rs140491, rs11089620) and the downstream YDJC promoter (rs3747093) that was strengthened in the presence of the UBE2L3/YDJC risk haplotype, and correlated with the loss of CCCTC-binding factor (CTCF) and gain of YY1 binding at the risk alleles.",rs140490,rs3747093,0,34279042,8,2185,0.7730474704877763,YES,1
"Here, we tested the hypothesis that expression of growth arrest-specific 6 (GAS6), the ligand of receptor tyrosine kinase AXL, is associated with chemotherapy response and that sequestration of GAS6 with AVB-S6-500 (AVB-500) could improve tumor response to chemotherapy and PARP inhibitors.",AXL,PARP,1,34670865,5,13283,0.00334071492465917,NO,0
"In conclusion, we provide further evidence that biallelic CACNA1A variants can cause a severe epileptic and developmental encephalopathy with progressive cerebellar atrophy, and highlight complexities of genetic counseling in such situations.",CACNA1A,cerebellar atrophy,1,36063114,4,16007,0.987750199615656,YES,1
"The level of N6-methyl-2'-deoxyadenosine and 3-methyladenine in the urine of rats was statistically significantly higher in the groups supplemented with apigenin, epicatechin, and naringenin administered in combination with Zn than in the groups receiving only polyphenolic compounds.",epicatechin,naringenin,1,36673448,8,15796,0.8431609840053941,YES,1
"Furthermore, these treatments reduced the production of stress hormones [abscisic acid (27-55%), salicylic acid (31-50%), and jasmonic acid (6-12%)], but increased indole-3-acetic acid (14-31%) in plants under fluoride and cadmium stresses.",salicylic acid,cadmium,0,36578343,6,11057,0.49898238648323984,NO,0
"A subset of patients in our cohort acquired oncogenic KRAS, NRAS or BRAF mutations, and resistance in this setting may be delayed by co-targeting of ERK signalling intermediates.",KRAS,NRAS,1,34759319,5,15986,0.023994826189938753,NO,0
"Our analyses showed that HOXA11-AS expression in human OSCC cases correlates with lymph node metastasis, nicotinamide adenine dinucleotide (NAD)(P)H: quinone oxidoreductase 1 (NQO1) upregulation, and dihydronicotinamide riboside (NRH): quinone oxidoreductase 2 (NQO2) downregulation.",OSCC,dihydronicotinamide riboside (NRH): quinone oxidoreductase 2,1,36142607,6,5362,0.8201223095545045,YES,1
"Binding of BAFF to BAFFR was affected by P21R and A52T. Spontaneous oligomerization of BAFFR was disturbed by P21R, A52T, G64V, and P146S. BAFF-dependent activation of NF-kappaB2 was reduced by P21R and P146S, while interactions between BAFFR and the B cell antigen receptor component CD79B and AKT phosphorylation were impaired by P21R, A52T, G64V, and DUP92-95.",B cell antigen receptor,AKT,0,36308663,9,7776,0.04122252243678578,NO,0
The novel CPLANE1 c.8948dupT (p.P2984Tfs*7) variant will assist clinicians and geneticists in reaching a precise diagnosis for JBTS.,p.P2984Tfs*7,JBTS,1,36789003,4,12370,0.8026752490169965,YES,1
"Additionally, ABCB1 rs3842 variant homozygote carriers (CC) and APOB rs13306198 variant allele carriers (AG, AA) had a higher risk of bleeding risk compared with that of wild-type allele carriers (TT, TC) and wild-type homozygote carriers (GG), respectively.",APOB,bleeding,1,36145636,5,5607,0.9247398993897157,YES,1
"In summary, I3C inhibited the degradation of p53 by MDM2 in liver cancer cells; stable p53 induced miR-34a, which targeted LDHA, a key enzyme for aerobic glycolysis, suggesting cancer metabolism is an important target for I3C in liver cancer cells.",p53,MDM2,1,36297369,7,7564,0.9952299564256006,YES,1
"Activated SGK3 can activate ion channels (TRPV5/6, SOC, Kv1.3, Kv1.5, Kv7.1, BKCa, Kir2.1, Kir2.2, ENaC, Nav1.5, ClC-2, and ClC Ka), carriers and receptors (Npt2a, Npt2b, NHE3, GluR1, GluR6, SN1, EAAT1, EAAT2, EAAT4, EAAT5, SGLT1, SLC1A5, SLC6A19, SLC6A8, and NaDC1), and Na+/K+-ATPase, promoting the transportation of calcium, phosphorus, sodium, glucose, and neutral amino acids in the kidney and intestine, the absorption of potassium and neutral amino acids in the renal tubules, the transportation of glutamate and glutamine in the nervous system, and the transportation of creatine.",SOC,NHE3,0,36531961,37,14560,0.04425325180675832,NO,0
"Concluding, the AGT, ABCA1, and CYBA genes polymorphisms influence the risk of death in patients with CAD.",ABCA1,CYBA,0,36421822,6,9572,0.1167770602696372,NO,0
"Methods: In this study, the identified ATP2C1 splice-site mutation (c.325-2A>G, p.Ala109_Gln120del) was investigated in transfected human embryonic kidney 293 cells to analyze its pathogenic mechanism in HHD patients by using cycloheximide chase assay, CCK8 assay and in silico modeling of SPCA1 mutant.",p.Ala109_Gln120del,HHD,1,36254249,7,6997,0.9156207328733901,YES,1
"Furthermore, ATR-MET induced cardiovascular toxicity (increased levels of plasma total cholesterol, HDL-cholesterol, LDL-cholesterol, and triglycerides) with concomitant induction of renal toxicity (increased plasma creatinine and urea levels), and hepatotoxicity (increased plasma bilirubin, alkaline phosphatase, acid phosphatase, alanine aminotransferase and aspartate aminotransferase).",hepatotoxicity,aspartate aminotransferase,0,36262065,13,7168,0.9932772115857074,YES,1
"Conclusions: Our findings demonstrate that XBP1 controls macrophage cGAS/STING/NLRP3 activation by regulating macrophage self-mtDNA cytosolic leakage via BNIP3-mediated mitophagy modulation, thus providing a novel target against liver fibrosis.",NLRP3,BNIP3,1,36185574,6,13763,0.5854378686872709,YES,1
"12/102 were found to have novel variants in potential diabetes genes (RFX2, RREB1, SLC5A1 (3 patients with variants in this gene), GCKR, MC4R, CASP10, TMPRSS6, HGFAC, DACH1, ZBED3).",diabetes,CASP10,1,36585034,12,16237,0.7294133070802533,YES,1
"Thus, we evaluated the cytotoxic effects of Paclitaxel alone and in combination with several repurposed drugs (Pitavastatin, Metformin, Ivermectin, Itraconazole and Alendronate) in two tumor chemoresistant (OVCAR8 and OVCAR8 PTX R P) and a non-tumoral (HOSE6.3) cell lines.",Paclitaxel,tumor,0,36139522,9,5155,0.12401902321492711,NO,0
GAS6/AXL Inhibition Enhances Ovarian Cancer Sensitivity to Chemotherapy and PARP Inhibition through Increased DNA Damage and Enhanced Replication Stress.,AXL,PARP,1,34670865,5,13269,0.3796346258741785,NO,0
LINC00173 downregulation in patients with DDP-resistant LUAD was correlated with poor prognosis.,DDP,LUAD,1,36627670,4,15444,0.09998060408117464,NO,0
"Klotho-deficient serum promoted BMP2/vitamin D3-induced protein expression of PIT2 and RUNX2, phosphorylation of SMAD1/5/8 and SMAD2/3, and extracellular matrix calcification.",SMAD1/5/8,SMAD2/3,0,34368951,8,2298,0.05613521979139709,NO,0
"Treatment of ERK inhibitor U0126 or PI3K inhibitor wortmannin decreased p-CREB, BDNF and BCL2 in these cells, implying that the neuroprotective effects of LMDS-1/2 are via activating TRKB downstream ERK, PI3K-AKT and CREB signaling.",CREB,AKT,0,36361524,10,8433,0.48831398328227954,NO,0
"Mechanisms of acquired resistance to anti-KRAS molecules typically involves either on target secondary mutations (e.g., G12, G13, Q61H, R68S, H95, Y96C, V8L) or off-target alterations.",Q61H,H95,0,36358848,8,8350,0.013906040205781654,NO,0
"The majority of MR-MRSA isolates were resistant to erythromycin, clindamycin, tetracycline, ciprofloxacin, and gentamicin, but the rates of resistance to rifampin and fusidic acid were 8.7% and 6.5%, respectively.",tetracycline,fusidic acid,0,36622214,8,11343,0.08447998200447404,NO,0
"Instead, caspase-8 reduced pro-survival BCL-2 transcription and increased inducible nitric oxide synthase (iNOS), thus facilitating BAX and BAK signaling.",inducible nitric oxide synthase,BAK,0,35139355,5,3131,0.39730073758148615,NO,0
"We propose evaluation of nicotinamide (Vitamin B3) and analogues, including isoniazid, nicotinamide mononucleotide and nicotinamide riboside, as potential therapy for infectious causes of sepsis, including COVID-19.",nicotinamide,sepsis,1,33686748,6,1700,0.967671744743038,YES,1
"Indole-3-Carbinol Stabilizes p53 to Induce miR-34a, Which Targets LDHA to Block Aerobic Glycolysis in Liver Cancer Cells.",p53,miR-34a,1,36297369,5,7523,0.9949467341410723,YES,1
Topical administration of fisetin in an imiquimod (IMQ)-induced mouse psoriasis model exhibited a better effect than rapamycin in reducing psoriasis-like inflammation and Akt/mTOR phosphorylation and promoting keratinocyte differentiation and autophagy in mice skin lesions.,fisetin,rapamycin,1,36741386,9,12112,0.9983919644321828,YES,1
"Multiple treatment-emergent alterations were observed across 27 patients, including alterations in KRAS, NRAS, BRAF, EGFR, FGFR2, MYC and other genes.",EGFR,FGFR2,0,34759319,7,15952,0.00014982326372288432,NO,0
"Genomes recovered from two placentas belong to the B.1.1.28 and B.1.1.33 lineages and present nonsynonymous mutations associated with virus fitness and infectivity; other not frequently reported mutations (B.1.1.33: NSP3 V2090G, M A2S and ORF3ab S253P and Y264N; B.1.1.28: NSP3 E995D, NSP12 R240K, NSP14H1897Y and in ORF7b V21F) were found in proteins involved in viral replication, viral induction of apoptosis, viral interference on interferon and on NF-Kappabeta pathways.",NSP3,NF-Kappabeta,0,35123044,14,3075,0.28385228307980126,NO,0
"The functional consequences of genotypes discovered by targeted exomic sequencing were explored by analysing the binding of the main ligand iC3b to mutated CR3 or CR4, which were transiently expressed on the surface of COS-1 cells.",CR3,CR4,1,33539617,4,1438,0.2288540394285967,NO,0
"Oxidative stress variables (ROS, nitrite, TBARS, SOD, catalase) and inflammatory markers (TNF-alpha, and IL-1beta), which were altered on Cu exposed rats, also responded favorably to ALA+ MiADMSA",ROS,catalase,0,36548551,12,10603,0.0060800461817830335,NO,0
"Results: Regarding rs822336 G>C, we found that the CG genotype was the most common among women that harbored Stage IV breast tumors (81.8%; p = 0.022), recurred (38.9%; p = 0.02) and died (66.7%; p = 0.04).",rs822336 G>C,died,1,36295559,5,7436,0.9928793977720143,YES,1
"In comparison, OEA and PEA attenuated the TLR3-induced hyperthermia, although only OEA attenuated the expression of hyperthermia-related genes (IL-1beta, iNOS, COX2 and m-PGES) in the hypothalamus.",OEA,COX2,1,34265624,8,13169,0.8549019898849058,YES,1
"Furthermore, pain-modulating genes, such as COMT and OPRM1, have been linked to the aetiology of chronic pain.",pain,OPRM1,0,36672750,4,16470,0.9131389387899502,YES,1
We found that the ALA/MrgD axis improved TGF-beta1-mediated LF activation by repressing glycolysis by downregulating HK2 and PFKFB3 expression.,MrgD,HK2,1,36635651,5,15552,0.8266025469583882,YES,1
"Activated SGK3 can activate ion channels (TRPV5/6, SOC, Kv1.3, Kv1.5, Kv7.1, BKCa, Kir2.1, Kir2.2, ENaC, Nav1.5, ClC-2, and ClC Ka), carriers and receptors (Npt2a, Npt2b, NHE3, GluR1, GluR6, SN1, EAAT1, EAAT2, EAAT4, EAAT5, SGLT1, SLC1A5, SLC6A19, SLC6A8, and NaDC1), and Na+/K+-ATPase, promoting the transportation of calcium, phosphorus, sodium, glucose, and neutral amino acids in the kidney and intestine, the absorption of potassium and neutral amino acids in the renal tubules, the transportation of glutamate and glutamine in the nervous system, and the transportation of creatine.",ENaC,NHE3,0,36531961,37,14770,0.08934108013856575,NO,0
"Addition of a fluoroquinolone to 6 months or more of (H)REZ was associated with significantly greater treatment success (aOR 2 8, 95% CI 1 1-7 3), but no significant effect on mortality (aOR 0 7, 0 4-1 1) or acquired rifampicin resistance (aOR 0 1, 0 0-1 2).",fluoroquinolone,rifampicin,1,29595509,3,12446,0.5387930005250943,YES,1
"Western blot was performed to detect Cyclin D1, PCNA, MMP-2, MMP-9, inflammatory factors TNF-alpha, IL-1beta, IL-4, IL-10, IL-13, and",inflammatory,TNF-alpha,1,36593749,10,15227,0.03192017078938594,NO,0
"For the first time, we detected the rare S275F mutation that is associated with palivizumab resistance.",S275F,palivizumab,1,36366419,2,8664,0.9926202409576464,YES,1
"These results identify a key role for AGGF1 in an AGGF1-MDM2-p53 signaling axis with important functions in tumor suppression, and uncover a novel trans-tumor-suppression mechanism dependent on p53.",AGGF1,p53,1,33069768,4,852,0.9947016344918986,YES,1
"Compared with chemotherapy alone, AVB-500 plus carboplatin and/or paclitaxel led to decreased ovarian cancer-cell survival in vitro and tumor burden in vivo.",AVB-500,paclitaxel,1,34670865,5,13290,0.956862277779342,YES,1
"For example, regarding cardiovascular disorders, mAbs such as Abciximab, Bevacizumab, and Digoxin Immune Fab will be reviewed.",cardiovascular disorders,Bevacizumab,1,35071113,4,3025,0.6543741593049113,YES,1
"In the in vivo studies, both bromocriptine and cabergoline were managed independently and combined with sarpogrelate for about a month in diabetic nephropathy rats.",sarpogrelate,diabetic nephropathy,1,34777640,5,2783,0.8708188662812821,YES,1
Dexamethasone enhances glucose uptake by SGLT1 and GLUT1 and boosts ATP generation through the PPP-TCA cycle in bovine neutrophils.,Dexamethasone,GLUT1,1,36174980,7,5838,0.9864657500829186,YES,1
"Associations between significant fibrosis and carbohydrates (Adj. OR: 1.04, P = 0.019), n-3 PUFAs (Adj. OR: 0.16, P < 0.01), isoflavones (Adj. OR: 0.65, P = 0.025), methionine (Adj. OR: 0.30, P < 0.01), and total choline (Adj. OR: 0.29, P < 0.01) intakes remained significant only among rs738409 G-allele carriers.",fibrosis,isoflavones,1,33306506,7,1106,0.9772454144033049,YES,1
"In an allogenic humanized mouse model, CD73 deletion enhanced immunogenicity of MET-amplified, EGFR-TKI-resistant cells, and PEM treatment promoted robust responses regardless of CD73 status.",CD73,PEM,0,36066413,5,4818,0.27065687094644675,NO,0
"We also determined if these receptor component associations are decreased by tumor necrosis factor (TNF) alpha and if CALCB, ADM, or ADM2 can rescue CALCRL/RAMP associations.",tumor necrosis factor (TNF) alpha,RAMP,1,27784654,6,212,0.33285735362608354,NO,0
"We measured inhibin A, inhibin B, total inhibin, AMH, activin A, activin B, activin AB, follistatin, the GDF-9/BMP-15 complex, and GDF-15 in paired serum and urine samples from healthy reproductive age women and in pregnant (second trimester) women.",inhibin B,GDF-9,0,34875272,12,2818,0.0004611949568953301,NO,0
"We identified one new risk variant rs61204179 (Pcombined = 1.47 x 10-9) with low allele frequency, four previously reported risk variants (NUCKS1/RAB29-rs11557080, SNCA-rs356182, FYN-rs997368, and VPS13C-rs2251086), as well as three risk variants in LRRK2 coding region (A419V, R1628P, and G2385R) with genome-wide significance (P < 5 x 10-8) for PD in Chinese population.",rs61204179,G2385R,0,36759515,15,12202,0.02742402795766124,NO,0
"An association between 6 SNPs (rs12244380, rs2025345, rs12722561, rs4749926, rs2104286 and rs706778) in IL2RA (interleukin 2 receptor subunit alpha) and CP was investigated using a case-control method based on 782 CP cases and 778 controls.",rs12244380,rs4749926,0,36195861,8,6249,0.15765099859235007,NO,0
"In the aortas of these animals, SkQ1 also prevented the increase in the expression of NF-kB-dependent genes, including the cytokine IL-6 and the chemokine MCP-1.",SkQ1,MCP-1,1,36406976,4,13985,0.9511249659749832,YES,1
"Her initial hospital course also demonstrated the importance of continuous renal replacement therapy (CRRT) in avoiding rebound hyperammonemia and high glutamine and the benefits of intracranial pressure (ICP) monitoring, providing 3% hypertonic saline and temperature control to avoid fever in treating cerebral edema.",glutamine,cerebral edema,0,36466970,5,9982,0.017669828624729794,NO,0
"Brentuximab vedotin was delivered on days 1 and 8 at either 1 2 mg/kg (dose level 1) or 1 5 mg/kg (dose level 2) intravenously (capped at 150 mg) with standard dosing of ICE on days 1-3 (ifosfamide 5 g/m2 plus mesna 5 g/m2 intravenously over 24 h on day 2, carboplatin area under the curve 5 on day 2 in one intravenous injection, and etoposide 100 mg/m2 on days 1-3 in one intravenous injection per day) for two 21-day cycles.",ICE,mesna,1,34329577,6,13253,0.945640314170602,YES,1
"An association between 6 SNPs (rs12244380, rs2025345, rs12722561, rs4749926, rs2104286 and rs706778) in IL2RA (interleukin 2 receptor subunit alpha) and CP was investigated using a case-control method based on 782 CP cases and 778 controls.",rs4749926,CP,0,36195861,8,6264,0.9297909518390344,YES,1
Mutant plasminogen in hereditary angioedema is bypassing FXII/kallikrein to generate bradykinin.,hereditary angioedema,FXII,1,36685169,5,11725,0.5193231636993417,YES,1
"Cells treated with AVB-500 plus carboplatin had more DNA damage, slower DNA replication fork progression, and fewer RAD51 foci than cells treated with carboplatin alone, indicating AVB-500 impaired homologous recombination (HR).",DNA,RAD51,0,34670865,4,13303,0.2481396941563755,NO,0
"The cAMP-binding effector, exchange protein activated by cAMP 1 (Epac1), which is known to induce SOCS3, differentially regulated the P2Y11/IL-1R response because pharmacological Epac1 inhibition enhanced sTNFR2 and CCL20 release, but had no effect on VEGF secretion.",CCL20,VEGF,0,36107259,8,4965,0.015457588379289587,NO,0
The VCI model was induced by feeding mice homocysteine thiolactone (HTL) for 16 consecutive weeks.,VCI,homocysteine thiolactone,1,36399957,3,9066,0.9065326863562252,YES,1
"knockdown markedly attenuated CCI-induced mechanical allodynia, obstructed Syk, ERK and JNK phosphorylation, inhibited NLRP3 inflammasome and caspase-1 activation, GSDMD cleavage, and consequently reduced the release of pro-inflammatory cytokines (all P < 0.05).",CCI,GSDMD,1,36503542,9,14166,0.4053754694594422,NO,0
"Serum butyric acid, 2-hydroxybutyric acid, l-glutamic acid, l-phenylalanine, l-serine, l-lactic acid, and cholesterol were enriched in COVID-19 and COVID-19-like patients versus HCs.",2-hydroxybutyric acid,l-lactic acid,0,33662365,9,1586,0.0008364179629314786,NO,0
Treatment of bromocriptine or cabergoline with sarpogrelate altogether decreased the levels of the elevated myocardial biomarkers in serum.,bromocriptine,sarpogrelate,1,34777640,3,2791,0.9250104748837354,YES,1
"TNF-alpha and IL-1beta levels were decreased, but IL-4, IL-10, IL-13, cyclin D1, and PCNA levels were increased in pregnant women with preeclampsia after using progesterone.",IL-10,progesterone,1,36593749,10,15269,0.9016505774182659,YES,1
"These findings reveal that iNOS selectively licenses programmed cell death, which may explain how nitric oxide impacts disease severity in SARS-CoV-2 infection and other iNOS-associated inflammatory conditions.",nitric oxide,inflammatory,1,35139355,4,3161,0.27476684901680337,NO,0
"In vitro validation showed that silencing of KLF12, ZNF281 and RELA suppressed proliferation, glucose uptake, lactate production and ATP level, but increased ADP/ATP ratio in PDTC cells.",glucose,ADP,0,36121916,8,5034,0.017714113045193165,NO,0
"Collectively, our results disclose two LINC00589-initiated ceRNA networks, the LINC00589-miR-100-DLG5 and LINC00589-miR-452-PRDM16- mucin4 axes, which regulate trastuzumab resistance, CSC-like properties and multiple chemoresistance of breast cancer, thus providing potential diagnostic and prognostic markers and therapeutic targets for HER2-positive breast cancer.",miR-452,mucin4,1,36309503,9,7842,0.893598246657569,YES,1
"Mutational analysis detected 18,261 mutations in the omicron variant, majority of which were non-synonymous mutations in spike (A67, T547K, D614G, H655Y, N679K, P681H, D796Y, N856K, Q954H), followed by RNA dependent RNA polymerase (rdrp) (A1892T, I189V, P314L, K38R, T492I, V57V), ORF6 (M19M) and nucleocapsid protein (RG203KR).",H655Y,V57V,0,35367284,21,3424,0.0035039138472318532,NO,0
"The aim of this study was to evaluate 3 gene polymorphisms including rs1048943 of CYP1A1, rs28371725 of CYP2D6, and rs7830 of NOS3 in idiopathic RPL to identify their association with RPL.",CYP2D6,NOS3,0,36313260,7,7880,0.0016283473526358583,NO,0
"These data indicate that OEA may be the primary FAAH substrate that modulates TLR3-induced neuroinflammation and hyperthermia, effects partially mediated by PPARalpha.",TLR3,hyperthermia,1,34265624,6,13227,0.9816885364183943,YES,1
Forced NYFA expression by adeno-associated virus 6 delivery increased sGCbeta1 levels and improved exercise pulmonary hypertension in obese+sugen rats.,sGCbeta1,obese,1,34157861,6,12960,0.07537120279175806,NO,0
The objective of the study was to explore if there was an association between the UGT2B7 genetic polymorphism and clinical efficacy and safety in paediatric epileptic patients on sodium valproate monotherapy.,epileptic,sodium valproate,1,36160414,4,16067,0.23901556643199132,NO,0
"Targeted SARS-CoV-2 sequencing allowed for detection of important genetic mutations, such as spike: K417N, D614G, P681H, T716I, S982A, and D1118H, commonly associated with increased cell entry and reinfection.",D614G,P681H,0,35726918,8,3856,0.029582601501363354,NO,0
Spectrum of transthyretin gene mutations and clinical characteristics of Polish patients with cardiac transthyretin amyloidosis.,transthyretin,cardiac transthyretin amyloidosis,1,32789836,3,725,0.37721579554278767,NO,0
RNA Polymerase II transcription attenuation at the yeast DNA repair gene DEF1 is biologically significant and dependent on the Hrp1 RNA-recognition motif.,RNA Polymerase II,Hrp1,1,36315099,4,7967,0.581141003016906,YES,1
"Brazilian Multiethnic Association Study of Genetic Variant Interactions among FOS, CASP8, MMP2 and CRISPLD2 in the Risk of Nonsyndromic Cleft Lip with or without Cleft Palate.",MMP2,CRISPLD2,1,36661544,5,16368,0.22186689996541123,NO,0
"Here we report the case of an Italian 49-years old female presenting with encephalomyopathy, chronic proteinuric kidney disease and a new heteroplasmic m.3274_3275delAC MT-TL1 gene mutation.",proteinuric kidney disease,MT-TL1,1,36404555,4,9163,0.6461867424229478,YES,1
"T and c.871G > A. Seven rare single variants (c.25C > T, c.152C > T, c.406C > T, c.497G > A, c.679C > T, c.854G > A and c.1057C > T) and two rare multiple variants (IVS-5 637/638T del/c.1311C >",c.406C > T,c.497G > A,0,36212142,9,6478,0.010563981796532102,NO,0
"This case report describes a 12-year-old girl with recurrent oral ulcers, severe chronic periodontitis, and pathological tooth migration as the initial and main clinical symptoms of CyN. Two novel mutations in ELANE, c.180T>G (p.I60M) and c.182C>G (p.A61G) associated with CyN were observed.",tooth migration,c.180T>G,0,36386806,8,8728,0.30016638047312183,NO,0
"The polymorphisms suitable for meta-analysis were CCND1 (rs17852153), COX2 (rs20417), EGF (rs4444903), EGFR (rs712829, rs11543848, 3'UTR CA repeat), FCGR2A (rs1801274), FCGR3A (rs396991), IL8 (rs4073), KRAS (rs61764370) and VEGFA (rs3025039).",rs20417,rs396991,0,27897268,19,335,0.00021749536300723221,NO,0
"METHODS: LCLs were analyzed by Western blot (DDAH1, cleaved and total caspase-3 and -8, and beta-actin), and RT-PCR (DDAH1, iNOS).",DDAH1,beta-actin,0,34151866,4,2052,0.002109551300015751,NO,0
Upregulation of the PI3K/AKT/mTOR pathway has been implicated in glioma-related epileptogenesis.,mTOR,glioma,0,34102393,4,1915,0.7824517355619968,YES,1
"Associations between significant fibrosis and carbohydrates (Adj. OR: 1.04, P = 0.019), n-3 PUFAs (Adj. OR: 0.16, P < 0.01), isoflavones (Adj. OR: 0.65, P = 0.025), methionine (Adj. OR: 0.30, P < 0.01), and total choline (Adj. OR: 0.29, P < 0.01) intakes remained significant only among rs738409 G-allele carriers.",carbohydrates,choline,0,33306506,7,1113,0.0016172448435436049,NO,0
"These included rs2228262 (N700S; thrombospondin-1 (THBS1, TSP1)), rs112913396 (D563 G; collagen type VI, alpha 3 (COL6A3)) and rs34759087 (E987K; laminin subunit beta 2 (LAMB2)).","collagen type VI, alpha 3",laminin subunit beta 2,0,34143713,6,2030,0.0002525884439657246,NO,0
Further mechanistic insights showed that the variants after the vitB12-binding domain of CUBN merely disrupted the association with Amnionless (AMN) that exhibited aberrant localization in cell cytoplasm rather than membrane.,vitB12,Amnionless,0,36266725,3,7212,0.045379636302253064,NO,0
"Synergy of 4-HPR + ABT-199 was mediated by induction of NOXA via 4-HPR stimulation of reactive oxygen species that induced expression of ATF4 and ATF3, transcription factors for NOXA.",ABT-199,ATF4,0,31484706,6,619,0.4783533638904632,NO,0
"Here, by treating neuroblastoma SK-N-SH cells with neurotoxin MPP+, upregulation and aggregation of TPC6ADelta, along with aggregation of TIAF1, SH3GLB2, Abeta, and tau, occurred.",MPP+,TIAF1,1,36498839,9,14093,0.7162571223869929,YES,1
"Relative to control, 10muM THC and 10muM CBD reduced mRNA levels of milk proteins (CSN2 and WAP), lipid synthesizing and glucose transport markers (GLUT 1, HK2, FASN, FABP4, PLIN2 and LPL), as well as whey acidic protein and lipid levels.",FASN,FABP4,0,35976913,12,4674,0.02753949636684989,NO,0
Chronic glucocorticoid (GC) therapy is the most common cause of iatrogenic osteoporosis and represents an important risk factor for osteoporosis and bone fractures.,glucocorticoid,bone fractures,1,36296984,3,7453,0.9909991326443243,YES,1
"The N-TSHR-mAb also activated cytochrome-C, Bax, caspase-9, caspase-3A, and had less effect on FADD or caspase-8 indicating activation of the intrinsic pathway for apoptosis.",TSHR,FADD,0,34801870,8,13469,0.0553876878821547,NO,0
"Calcitonin Gene-Related Peptide Rescues Proximity Associations of Its Receptor Components, Calcitonin Receptor-Like Receptor and Receptor Activity-Modifying Protein 1, in Rat Uterine Artery Smooth Muscle Cells Exposed to Tumor Necrosis Factor Alpha.",Calcitonin Gene-Related Peptide,Receptor Activity-Modifying Protein 1,1,27784654,5,196,0.897843921377306,YES,1
These findings highlight an important role of Orai1 in astrocytic TRL4 function and may suggest that Orai1 could be a potential therapeutic target for neuroinflammatory disorders including chronic pain.,Orai1,TRL4,1,35780680,4,4228,0.8307117998055373,YES,1
"Further, 75 ns all-atom molecular dynamics simulation investigations show variations in the geometric properties such as root mean square deviation (RMSD), radius of gyration (Rg), total solvent accessible surface area (SASA) and number of hydrogen bonds (NHBs) in the mutant spike:ACE2 complexes with respect to the native spike:ACE2 complex.",spike,ACE2,1,34955621,2,3008,0.989760376042405,YES,1
"To investigate the molecular consequences of mutations in EXOSC3 that lead to neurological diseases, we analyzed the effect of three of the mutations that affect conserved residues of EXOSC3/Rrp40p (G31A, G191C, and W238R; G8A, G148C, and W195R, respectively, in human and yeast) in S. cerevisiae We show that the severity of the phenotypes of these mutations in yeast correlate with that of the disease in human patients, with the W195R mutant showing the strongest growth and RNA processing phenotypes.",EXOSC3,neurological diseases,1,28053271,11,397,0.9759420098813676,YES,1
"For the inferred COMT (rs6269 A > G-rs4680 G > A) haplotype analyses, the G-G (p = 0.026, OR: 0.67, 95% CI: 0.38-1.18) and A-A (p = 0.007, OR: 2.09, 95% CI: 0.89-4.88) haplotypes were significantly associated with reduced and increased likelihoods of reporting moderate-high pain, respectively.",rs4680,pain,0,36672750,4,16486,0.7855572510167439,YES,1
"In the current study, we identified the obesity risk or protective association and BMI raising effect of the minor allele of adiponectin, C1Q and collagen domain containing (ADIPOQ), cholesteryl ester transfer protein (CEPT), FTO alpha-ketoglutarate dependent dioxygenase (FTO), leptin (LEP), and leptin receptor (LEPR) genes in a large cohort stratified into four BMI-based body weight categories i.e., normal weight, lean, over-weight, and obese.",obesity,leptin receptor,1,36126070,7,5057,0.6659841867924149,YES,1
"A, c.1265T>C), 3 splicing (c.316+1G>T, c.682-2A>G, c.572-16C>G), 2 nonsenses (c.790delC, c.1248G>A), and 1 frameshift (c.1346delA).",c.790delC,c.1248G>A,0,36760778,7,12317,0.006315724393164201,NO,0
"Piperaquine-resistant PfCRT mutations differentially impact drug transport, hemoglobin catabolism and parasite physiology in Plasmodium falciparum asexual blood stages.",PfCRT,hemoglobin,0,36306287,4,7690,0.2847593626493398,NO,0
"We measured inhibin A, inhibin B, total inhibin, AMH, activin A, activin B, activin AB, follistatin, the GDF-9/BMP-15 complex, and GDF-15 in paired serum and urine samples from healthy reproductive age women and in pregnant (second trimester) women.",inhibin B,follistatin,0,34875272,12,2817,0.00025874504363636926,NO,0
"Guanosine reversed IMPDH1 expression in HCCC-9810 cells, promoting the secretion of inflammatory factors IL-6, IL-8, OPN, VEGF, and VCAM-1 and intensifying epithelial-mesenchymal transition (EMT) progression in the cells.",IL-6,VCAM-1,0,36711025,9,11928,0.051049069096382606,NO,0
"Activated SGK3 can activate ion channels (TRPV5/6, SOC, Kv1.3, Kv1.5, Kv7.1, BKCa, Kir2.1, Kir2.2, ENaC, Nav1.5, ClC-2, and ClC Ka), carriers and receptors (Npt2a, Npt2b, NHE3, GluR1, GluR6, SN1, EAAT1, EAAT2, EAAT4, EAAT5, SGLT1, SLC1A5, SLC6A19, SLC6A8, and NaDC1), and Na+/K+-ATPase, promoting the transportation of calcium, phosphorus, sodium, glucose, and neutral amino acids in the kidney and intestine, the absorption of potassium and neutral amino acids in the renal tubules, the transportation of glutamate and glutamine in the nervous system, and the transportation of creatine.",Kv1.3,Kir2.1,0,36531961,37,14585,0.01763393898334233,NO,0
Mitochondrial phosphoenolpyruvate carboxykinase promotes tumor growth in estrogen receptor-positive breast cancer via regulation of the mTOR pathway.,tumor,estrogen receptor,0,35757841,5,4030,0.26738903195751557,NO,0
"The only m6A ""reader"" found to be involved in this pathway was IGF2BP2 (IMP2), and IMP2 occupancy of Cebpd and Cebpb mRNA was enhanced by m6A modification.",m6A,Cebpd,1,34215679,4,13064,0.6912050509508506,YES,1
"D820A, E829A, and R845A which removed the charge and the side chain of the residues were tested by 500 muM adenosine diphosphate-ribose (ADPR) or 50 mM Ca2+. E829A and R845A affected the characteristic of channel currents, while D820A behaved similarly to WT, indicating the participations of E829 and R845 in channel gating.",E829A,adenosine diphosphate-ribose,1,36353687,5,8289,0.6047013745113659,YES,1
"Activated SGK3 can activate ion channels (TRPV5/6, SOC, Kv1.3, Kv1.5, Kv7.1, BKCa, Kir2.1, Kir2.2, ENaC, Nav1.5, ClC-2, and ClC Ka), carriers and receptors (Npt2a, Npt2b, NHE3, GluR1, GluR6, SN1, EAAT1, EAAT2, EAAT4, EAAT5, SGLT1, SLC1A5, SLC6A19, SLC6A8, and NaDC1), and Na+/K+-ATPase, promoting the transportation of calcium, phosphorus, sodium, glucose, and neutral amino acids in the kidney and intestine, the absorption of potassium and neutral amino acids in the renal tubules, the transportation of glutamate and glutamine in the nervous system, and the transportation of creatine.",SGK3,ClC-2,1,36531961,37,14487,0.9848929062177321,YES,1
"We also determined if these receptor component associations are decreased by tumor necrosis factor (TNF) alpha and if CALCB, ADM, or ADM2 can rescue CALCRL/RAMP associations.",CALCB,ADM2,0,27784654,6,214,0.07561528892487496,NO,0
"Instead, caspase-8 reduced pro-survival BCL-2 transcription and increased inducible nitric oxide synthase (iNOS), thus facilitating BAX and BAK signaling.",caspase-8,BAX,1,35139355,5,3125,0.9114406616871861,YES,1
"TNF, IL6, IL1B, CXCL8, CCL2, IL2, IL4, ICAM1, IFNG, and IL10 has been predicted as key targets.",IL1B,CXCL8,0,36388945,10,8858,0.000288483886698343,NO,0
Striatal medium spiny neurons (MSNs) express high levels of A2A receptors and are particularly vulnerable to ischaemic insults.,A2A receptors,ischaemic,1,35817954,2,4254,0.006197875166878622,NO,0
"We conclude ceramide from ASM plays a critical role in NLRP3 inflammasome activation during hypercholesterolemia via MR redox signaling platforms to produce superoxide, which leads to TXNIP dissociation.",ceramide,superoxide,1,36252682,6,6967,0.9045009944614626,YES,1
SNX-5422 is an oral HSP90 inhibitor with increased activity in vitro with the addition of carboplatin and paclitaxel.,SNX-5422,paclitaxel,1,34655925,4,2576,0.9869255098005782,YES,1
"Furthermore, ballooned hepatocytes, the hallmark of steatohepatitis, were positive for PNPLA3 and perilipins 2 and 5, but showed decreased perilipin 1 expression with respect to neighboured hepatocytes.",steatohepatitis,PNPLA3,1,36611868,4,11147,0.28174718535086163,NO,0
NG_007494.1(RHD):c.[4A>T;5G>C;6_7insG] with an RhD-negative phenotype.,c.[4A>T,6_7insG,0,33043462,4,808,0.17475876197458548,NO,0
"Activated SGK3 can activate ion channels (TRPV5/6, SOC, Kv1.3, Kv1.5, Kv7.1, BKCa, Kir2.1, Kir2.2, ENaC, Nav1.5, ClC-2, and ClC Ka), carriers and receptors (Npt2a, Npt2b, NHE3, GluR1, GluR6, SN1, EAAT1, EAAT2, EAAT4, EAAT5, SGLT1, SLC1A5, SLC6A19, SLC6A8, and NaDC1), and Na+/K+-ATPase, promoting the transportation of calcium, phosphorus, sodium, glucose, and neutral amino acids in the kidney and intestine, the absorption of potassium and neutral amino acids in the renal tubules, the transportation of glutamate and glutamine in the nervous system, and the transportation of creatine.",SOC,phosphorus,0,36531961,37,14575,0.2648379959111401,NO,0
Systemic lupus erythematosus variants modulate the function of an enhancer upstream of TNFAIP3.,Systemic lupus erythematosus,TNFAIP3,1,36199584,2,6277,0.8518192908483594,YES,1
"Relative to control, 10muM THC and 10muM CBD reduced mRNA levels of milk proteins (CSN2 and WAP), lipid synthesizing and glucose transport markers (GLUT 1, HK2, FASN, FABP4, PLIN2 and LPL), as well as whey acidic protein and lipid levels.",FASN,LPL,0,35976913,12,4676,0.05360465856366052,NO,0
"Additionally, blocking the interaction of PD-1 with PD-L1 in lymphocytes demonstrated visible improvement in their immune activation status through release of pro-inflammatory cytokines (IFN-gamma and TNF-alpha).",PD-1,IFN-gamma,1,36419668,5,9376,0.9010235254222239,YES,1
"The level of N6-methyl-2'-deoxyadenosine and 3-methyladenine in the urine of rats was statistically significantly higher in the groups supplemented with apigenin, epicatechin, and naringenin administered in combination with Zn than in the groups receiving only polyphenolic compounds.",apigenin,epicatechin,1,36673448,8,15792,0.8458428632201567,YES,1
"Moreover, IMP2 deletion initiated only after AGN onset ameliorated disease.",IMP2,AGN,1,34215679,2,13108,0.709971556051961,YES,1
"SNP-SNP interactions involving CRISPLD2 variants and rs1046117 (FOS), rs3769825 (CASP8) and rs243836 (MMP2) yielded several significant p values, mostly driven by FOS rs1046117 and CASP8 rs3769825 in NSCL+-P, FOS rs1046117 in NSCLO and CRISPLD2 rs8061351 in NSCLP.",rs3769825,rs243836,0,36661544,10,16434,0.17325054044343755,NO,0
"Dapagliflozin slowed the migration rate of HFrEF fibroblasts in a dose-dependent manner and markedly decreased the expression of IL-1beta, IL-6, MMP3, MMP9, GAL3, and FN1. SGLT2i",IL-1beta,FN1,0,36303443,8,13819,0.04368664097060009,NO,0
"T and c.871G > A. Seven rare single variants (c.25C > T, c.152C > T, c.406C > T, c.497G > A, c.679C > T, c.854G > A and c.1057C > T) and two rare multiple variants (IVS-5 637/638T del/c.1311C >",c.871G > A,c.679C > T,0,36212142,9,6461,0.0007760922048549518,NO,0
"Collectively, our results disclose two LINC00589-initiated ceRNA networks, the LINC00589-miR-100-DLG5 and LINC00589-miR-452-PRDM16- mucin4 axes, which regulate trastuzumab resistance, CSC-like properties and multiple chemoresistance of breast cancer, thus providing potential diagnostic and prognostic markers and therapeutic targets for HER2-positive breast cancer.",LINC00589,DLG5,1,36309503,9,7821,0.9813969678520059,YES,1
"Collectively, our findings suggest that GAS6 levels could be used to predict response to carboplatin and AVB-500 could be used to treat platinum-resistant, HR-proficient HGSOC.",GAS6,platinum,0,34670865,5,13315,0.030692549887271242,NO,0
"Compared with the wild type (WT), the M5D mutant (Q34P/A37P/M176V/G177A/M294R/ G28C-P206C), which contains five single-point mutations and one additional disulfide bond, displayed a 14.0  C increase in the melting temperature (Tm), 5  C in the optimal temperature, and 1154.3-fold in the half-life (t1/2) at 55  C.",Q34P,M294R,0,36553811,8,10755,0.12604786078216904,NO,0
Sik1 and Sik2 also mediate PTHrP/cAMP/PKA signaling when Sik3 activity is low.,PTHrP,Sik3,1,33148508,6,920,0.7073994118685463,YES,1
"The single nucleotide polymorphism I148M of the lipase patatin-like phospholipase domain containing 3 (PNPLA3) is associated with an unfavorable prognosis in alcoholic and non-alcoholic steatohepatitis (ASH, NASH), with progression to liver cirrhosis and development of hepatocellular carcinoma.",patatin-like phospholipase domain containing 3,liver cirrhosis,1,36611868,7,11124,0.44310456427175154,NO,0
"The osteoblast-like MC3T3-E1 cells were treated with HSP70 inhibitors-VER-155008 and YM-08-, PD98059, SB203580 or SP600125 and then stimulated with PGE1. IL-6 synthesis was evaluated using an IL-6 enzyme-linked immunosorbent assay kit.",YM-08,PGE1,1,36520821,9,14291,0.18549950927961617,NO,0
These findings establish pembrolizumab as a new standard of care for the treatment of ipilimumab-refractory melanoma.,ipilimumab,melanoma,1,26115796,3,12413,0.5327096491498855,YES,1
"A phase 1 study was conducted to determine the maximum tolerated dose of bendamustine when given in combination with clofarabine, etoposide, and dexamethasone daily for 5 days in children and adolescents with relapsed or refractory hematologic malignancies.",etoposide,hematologic malignancies,1,33598942,5,1471,0.7566422355283935,YES,1
"Among these, the IDP hub protein G3BP1 can form complexes with cytoplasmic phosphoprotein Caprin1 and ubiquitin peptidase USP10; the resulting control of USP10 activity contributes to a pathogenic virulence system that targets endocytic recycling of the ion channel CFTR.",Caprin1,USP10,1,36183834,4,6079,0.9561791463191869,YES,1
"In contrast, the combination of dapagliflozin + spironolactone did not change the migration rate of fibroblast but significantly altered SGLT2i responses on MMP9, GAL3, and IL-1b expression, in association with increased phosphorylation of the kinases AKT/GSK3 and ERK1/2.",AKT,GSK3,0,36303443,8,13861,0.6756487582293866,YES,1
"Here, we showed that replacement of a single amino acid at position 973, just distal to the NPEY motif in the intracellular juxtamembrane region, from leucine, which is highly-conserved in IRs, to phenylalanine, the highly-conserved homologous residue in IGF1Rs, resulted in decreased IRS-1-PI3K-Akt-mTORC1 signaling and increased of Shc-Gab1-MAPK-cell cycle signaling.",IRs,Akt,0,36548088,9,10534,0.03437004186764705,NO,0
Lactate dehydrogenase A (LDHA) catalyzes the reduction of pyruvate to lactate and regains NAD+,Lactate dehydrogenase A,pyruvate,1,36297369,4,7529,0.9944086109359251,YES,1
The effect of AT1R-1166A/C and AT2R-1675A/G polymorphisms on susceptibility to preeclampsia: A systematic review and meta-analysis.,AT2R,preeclampsia,0,36397318,5,9035,0.5352034473193485,YES,1
"SkQ1 suppressed the expression and secretion of the MCP-1 chemokine, induced by IL-6 in combination with sIL-6-Ra, but not the expression of ICAM-1 adhesion molecules in EA.hy926 human endothelial cells.",MCP-1,ICAM-1,0,36406976,7,13996,0.013786475353994554,NO,0
"Q57H and T151I of ORF3a; T21I and W27L of ORF6; G38V, V82A, and T120I of ORF7a; S31P and T40I of ORF7b; and R52I, C61F, and I121L of ORF8 were highly frequent in most variants of concern and were within known functional domains.",ORF3a,ORF7b,0,35764775,17,4139,0.00031661347958430975,NO,0
"We showed that activation of the mitochondrial ClpP protease by mutant ClpP (Y118A) or through utilization of second-generation imipridone compounds (ONC206 and ONC212) in combination with genetic interference of HDAC1 and HDAC2 as well as with global (panobinostat) or selective (romidepsin) HDAC inhibitors caused synergistic reduction of viability in GBM model systems, which was mediated by interference with tricarboxylic acid cycle activity and GBM cell respiration.",romidepsin,tricarboxylic acid,0,35417530,12,3601,0.40267474318747254,NO,0
"In addition, mAbs such as Adalimumab, Eculizumab, Natalizumab used in autoimmune disorders and Alemtuzumab, Trastuzumab, Cetuximab, and Rituximab that are prescribed for tumors will be reviewed.",Trastuzumab,Rituximab,0,35071113,9,3061,0.00043972064925047304,NO,0
S-adenosyl-l-methionine (SAM) is an important intermediate of folic acid pathway and acts as methyl donor and substrate for DNA (cytosine-5)-methyltransferase 3B (DNMT3B - EC 2.1.1.37) de novo methylation processes during embryogenesis.,S-adenosyl-l-methionine,DNA (cytosine-5)-methyltransferase 3B,1,29379364,3,495,0.970143624107229,YES,1
"Toll Like receptors (TLRs) specifically TLR2 and TLR4, are PRRs, which have gained prominence due to their exceptional capacity to recognize unique molecular patterns from invading pathogens.",Toll Like receptors,TLR2,0,36419668,3,9332,0.8650180183600756,YES,1
"Western blot was performed to detect Cyclin D1, PCNA, MMP-2, MMP-9, inflammatory factors TNF-alpha, IL-1beta, IL-4, IL-10, IL-13, and",IL-1beta,IL-4,0,36593749,10,15236,0.00016277341404973792,NO,0
"A total of 90% of thyroid cancers have identifiable driver mutations, which often are components of the MAPK pathway, including BRAF, RAS, and RET-fusions.",MAPK,RAS,0,36672327,5,11567,0.9222364513507267,YES,1
"Somatic AGGF1 variants in the FHA domain in human tumors, including p.Q467H,",AGGF1,tumors,1,33069768,4,845,0.9167577913254213,YES,1
"38 genotypes were found and the top 5 frequencies of G6PD gene variants were c.1388G > A, c.1376G > T, c.95A > G, c.1024C >",c.1388G > A,c.95A > G,0,36212142,4,6455,0.009101215833616248,NO,0
"Activated SGK3 can activate ion channels (TRPV5/6, SOC, Kv1.3, Kv1.5, Kv7.1, BKCa, Kir2.1, Kir2.2, ENaC, Nav1.5, ClC-2, and ClC Ka), carriers and receptors (Npt2a, Npt2b, NHE3, GluR1, GluR6, SN1, EAAT1, EAAT2, EAAT4, EAAT5, SGLT1, SLC1A5, SLC6A19, SLC6A8, and NaDC1), and Na+/K+-ATPase, promoting the transportation of calcium, phosphorus, sodium, glucose, and neutral amino acids in the kidney and intestine, the absorption of potassium and neutral amino acids in the renal tubules, the transportation of glutamate and glutamine in the nervous system, and the transportation of creatine.",Kv1.3,sodium,0,36531961,37,14609,0.45933592536580364,NO,0
"T and c.871G > A. Seven rare single variants (c.25C > T, c.152C > T, c.406C > T, c.497G > A, c.679C > T, c.854G > A and c.1057C > T) and two rare multiple variants (IVS-5 637/638T del/c.1311C >",c.25C > T,c.152C > T,0,36212142,9,6465,0.02569376187826362,NO,0
"Genotype analysis comparing lung adenocarcinoma (n = 559) and squamous cell carcinoma (n = 151) indicated that the variants of DPYD (rs190771411, Fisher's exact test, P = 0.045; rs200562975, P = 0.045) and ALDH2 (rs568781254, P = 0.032) were associated with an increased risk of squamous cell carcinoma compared to adenocarcinoma.",lung adenocarcinoma,DPYD,1,36289279,8,7346,0.22591664486437368,NO,0
Depleting YY1 by siRNA disrupted the long-range interaction between the 2 promoters and reduced UBE2L3 expression.,YY1,UBE2L3,1,34279042,2,2192,0.9746277526210744,YES,1
"Finally, recorded seizures from a patient with developmental epileptic encephalopathy with a previously undocumented SCN8A likely pathogenic variant (p.Leu257Val) revealed similarities to those of the mice, namely, an extended tonic phase that was accompanied by apnea.",p.Leu257Val,apnea,1,33604927,8,1520,0.21026140725526876,NO,0
"To investigate the molecular consequences of mutations in EXOSC3 that lead to neurological diseases, we analyzed the effect of three of the mutations that affect conserved residues of EXOSC3/Rrp40p (G31A, G191C, and W238R; G8A, G148C, and W195R, respectively, in human and yeast) in S. cerevisiae We show that the severity of the phenotypes of these mutations in yeast correlate with that of the disease in human patients, with the W195R mutant showing the strongest growth and RNA processing phenotypes.",G31A,G191C,0,28053271,11,406,0.02730416644311806,NO,0
Aluminosilicate-Supported Catalysts for the Synthesis of Cyclic Carbonates by Reaction of CO2 with the Corresponding Epoxides.,CO2,Epoxides,1,36558016,4,10803,0.9402300456412263,YES,1
Cells expressing L861Q were less sensitive to EGFR-specific inhibitors compared with cells expressing L858R but were similarly sensitive to pan-ERBB inhibitors.,L861Q,L858R,0,33038514,3,798,0.9932962843772434,YES,1
"Using NCI-H838 cells, neurotensin or neurotensin8-13 but not neurotensin1-8 increased EGFR, ERK and HER2 tyrosine phosphorylation which was blocked by SR48692.",neurotensin,SR48692,0,31614143,6,12489,0.5663670072434814,YES,1
"Activated SGK3 can activate ion channels (TRPV5/6, SOC, Kv1.3, Kv1.5, Kv7.1, BKCa, Kir2.1, Kir2.2, ENaC, Nav1.5, ClC-2, and ClC Ka), carriers and receptors (Npt2a, Npt2b, NHE3, GluR1, GluR6, SN1, EAAT1, EAAT2, EAAT4, EAAT5, SGLT1, SLC1A5, SLC6A19, SLC6A8, and NaDC1), and Na+/K+-ATPase, promoting the transportation of calcium, phosphorus, sodium, glucose, and neutral amino acids in the kidney and intestine, the absorption of potassium and neutral amino acids in the renal tubules, the transportation of glutamate and glutamine in the nervous system, and the transportation of creatine.",Npt2a,SLC6A19,0,36531961,37,14878,0.06318671254381658,NO,0
Phase 1 multicenter study of the HSP90 inhibitor SNX-5422 plus carboplatin and paclitaxel in patients with lung cancers.,SNX-5422,lung cancers,1,34655925,6,2569,0.9557700045951489,YES,1
"Following D614G, L18F, A222V, E484K, and N501Y, respectively, were ranked as the most frequent mutations in S protein globally.",L18F,N501Y,0,36528612,6,10486,0.11701385760306877,NO,0
"Both in vivo and in vitro assays demonstrated that C/EBPbeta knockdown significantly suppressed CCI- or LPS/ATP-induced Clec7a upregulation, and subsequently reduced Syk, ERK and JNK phosphorylation, NLRP3 oligomerization, caspase-1 activation, GSDMD expression and pyroptosis, which were markedly reversed by the co-transfection of Clec7a expression vector.",LPS,GSDMD,0,36503542,11,14221,0.7669388341572924,YES,1
Ginsenoside Rg1 ameliorates chronic intermittent hypoxia-induced vascular endothelial dysfunction by suppressing the formation of mitochondrial reactive oxygen species through the calpain-1 pathway.,chronic intermittent hypoxia,calpain-1,1,36644390,6,15598,0.482433621427673,NO,0
"Both in vivo and in vitro assays demonstrated that C/EBPbeta knockdown significantly suppressed CCI- or LPS/ATP-induced Clec7a upregulation, and subsequently reduced Syk, ERK and JNK phosphorylation, NLRP3 oligomerization, caspase-1 activation, GSDMD expression and pyroptosis, which were markedly reversed by the co-transfection of Clec7a expression vector.",Syk,caspase-1,0,36503542,11,14238,0.5015438933542299,YES,1
Receptor-interacting serine/threonine-protein kinase 1 (RIPK1) is a cytosolic protein kinase that regulates multiple inflammatory and cell death pathways.,Receptor-interacting serine/threonine-protein kinase 1,inflammatory,1,36329033,2,8094,0.6486429942293311,YES,1
Angiogenic factor AGGF1 acts as a tumor suppressor by modulating p53 post-transcriptional modifications and stability via MDM2.,tumor,MDM2,1,33069768,4,836,0.28892148109842813,NO,0
"Further, HTL incubation or iNOS overexpression promoted endothelial cellular senescence, but abolished by exogenous expression of MT-GCH1 or pharmacological approaches including N-acetyl-cysteine, L-sepiapterin, and tempol.",HTL,iNOS,1,36399957,6,9087,0.2891718896882339,NO,0
"Both in vivo and in vitro assays demonstrated that C/EBPbeta knockdown significantly suppressed CCI- or LPS/ATP-induced Clec7a upregulation, and subsequently reduced Syk, ERK and JNK phosphorylation, NLRP3 oligomerization, caspase-1 activation, GSDMD expression and pyroptosis, which were markedly reversed by the co-transfection of Clec7a expression vector.",C/EBPbeta,LPS,1,36503542,11,14196,0.038896378963048726,NO,0
"In preclinical patient-derived xenograft and cell line models, resistance to KRAS(G12C) inhibition was associated with low allele frequency hotspot mutations in KRAS(G12V or G13D), NRAS(Q61K or G13R), MRAS(Q71R) and/or BRAF(G596R), mirroring observations in patients.",G13R,Q71R,0,34759319,12,15978,0.18770499445037034,NO,0
Abnormal apelin-ACE2 and SGLT2 signaling contribute to adverse cardiorenal injury in patients with COVID-19.,apelin,ACE2,0,34000358,6,12779,0.7914232568934353,YES,1
"Recently, bi-allelic SMARCD2 mutations have been reported in five children, causing autosomal recessive congenital neutropenia with specific granulocytes deficiency (CN-SGD); a syndrome resulting in G-CSF resistant neutropenia, recurrent infections, and dysplastic myelopoiesis.",SMARCD2,congenital neutropenia with specific granulocytes deficiency,1,36135322,6,5120,0.99865530877896,YES,1
"The impact of estetrol is less pronounced, and for 17-beta-estradiol/drospirenone and drospirenone-only, decreased triglyceride and cholesterol levels were observed.",estetrol,triglyceride,1,36744531,5,12167,0.08516819076830141,NO,0
"Serum EPCR measurement showed that I/R triggered the shedding of membrane EPCR into circulation, while administration of APC attenuated the I/R-induced EPCR shedding in both young and aged hearts.",EPCR,I/R,1,34930019,3,2942,0.9754373708712895,YES,1
"P2Y11-induced IL-1R upregulation formed the basis for reinforced IL-1 responsiveness of activated M2 macrophages, as IL-1alpha and IL-1ss each enhanced P2Y11-induced secretion of VEGF and CCL20 as well as the previously reported shedding of soluble tumor necrosis factor receptor 2 (sTNFR2).",P2Y11,VEGF,1,36107259,8,4911,0.960715165700544,YES,1
We further provided evidence that IDH mutations are the potential genetic links among the multiple neoplastic lesions of Ollier disease and Maffucci syndrome.,IDH,neoplastic lesions,1,36428825,3,9687,0.9591181675318206,YES,1
"In this study, the ethanol production performance of two cellobiose-fermenting S. cerevisiae strains expressing mutant CDT-2 (N306I) with GH1-1 or CBP were compared with two cellobiose-fermenting S. cerevisiae strains expressing mutant CDT-1 (F213L) with GH1-1 or CBP in the simultaneous saccharification and fermentation (SSF) of cellulose under various conditions.",CDT-2,CDT-1,1,34949751,8,2973,0.8465919822975031,YES,1
The high prevalence of variants in the G6PD gene found in this analysis suggests that it may be a significant interaction factor in clinical trials of chloroquine and hydrochloroquine for treatment of COVID-19 in Africans.,G6PD,chloroquine,1,32577690,4,719,0.6698779824843959,YES,1
Prior studies indicated that IL-8-induced heterologous desensitization of the beta2-adrenergic receptor (beta2 -AR) led to decreased beta-agonist-induced mobilization of cyclic adenosine monophosphate (cAMP).,beta2-adrenergic receptor,cyclic adenosine monophosphate,1,34555226,3,2500,0.9496070184898815,YES,1
"Compared with a daily regimen of 6 months of (H)REZ (REZ with or without isoniazid), extending the duration to 8-9 months had similar outcomes; as such, 6 months or more of (H)REZ was used for subsequent comparisons.",REZ,isoniazid,1,29595509,2,12444,0.8793637043790163,YES,1
"The polymorphisms suitable for meta-analysis were CCND1 (rs17852153), COX2 (rs20417), EGF (rs4444903), EGFR (rs712829, rs11543848, 3'UTR CA repeat), FCGR2A (rs1801274), FCGR3A (rs396991), IL8 (rs4073), KRAS (rs61764370) and VEGFA (rs3025039).",COX2,EGFR,0,27897268,19,325,0.00026746373395263674,NO,0
"Although the patient did not have a history of recurrent fungal infections, impaired Th17 differentiation and blunted IL-23-mediated IL-17 secretion in PBMCs were observed.",fungal infections,IL-17,0,35829840,4,4343,0.09138936725097287,NO,0
"Peripheral TNF- alpha injection significantly decreased the mechanical pain threshold and increased the expression of p-P65, MLCK, MEF2C, and MyoC in healthy rats.",TNF- alpha,MEF2C,1,36408215,7,9189,0.9425377272530382,YES,1
Femurs obtained from the Sham group were used for osteoblasts extraction; they were then incubated with dexamethasone (DEX) for 24 h to be then treated with lycopene or genistein or the association of lycopene and genistein for an additional 24 h. Treatments with lycopene and genistein restored the impaired mineralization of cells observed following DEX treatment and stimulated osteoblast differentiation by increasing the depressed expression of bALP and RUNX2 (p < 0.0001).,lycopene,RUNX2,1,36296984,4,7491,0.9612561265485536,YES,1
"Six SNPs of ABCB1 (rs3842, rs1045642, rs2032582, rs1128503, rs3213619, and rs3747802), one SNP of CYP3A5 (rs776746), seven SNPs of APOB (rs1042034, rs2163204, rs693, rs679899, rs13306194, rs13306198, and rs1367117), and two SNPs of APOE (rs429358 and rs7412) were analyzed by a TaqMan genotyping assay.",rs679899,rs429358,0,36145636,20,5589,0.00026025509439929836,NO,0
"Recombinant (r)TFPI and a thiol blocker (5,5'-dithio-bis-(2-nitrobenzoic acid)) prevented S-protein-induced expression and secretion of Factor-V, thrombin, and fibrinogen.",TFPI,S,1,36142345,7,13579,0.4945992108897109,NO,0
"In conclusion, our study suggests that genetic polymorphisms in DRD2 and ANKK1 may influence TMD signs and symptoms in a group of male construction workers.",DRD2,TMD,1,36043564,3,4721,0.9805843878836169,YES,1
"Activated SGK3 can activate ion channels (TRPV5/6, SOC, Kv1.3, Kv1.5, Kv7.1, BKCa, Kir2.1, Kir2.2, ENaC, Nav1.5, ClC-2, and ClC Ka), carriers and receptors (Npt2a, Npt2b, NHE3, GluR1, GluR6, SN1, EAAT1, EAAT2, EAAT4, EAAT5, SGLT1, SLC1A5, SLC6A19, SLC6A8, and NaDC1), and Na+/K+-ATPase, promoting the transportation of calcium, phosphorus, sodium, glucose, and neutral amino acids in the kidney and intestine, the absorption of potassium and neutral amino acids in the renal tubules, the transportation of glutamate and glutamine in the nervous system, and the transportation of creatine.",SLC6A19,phosphorus,0,36531961,37,15081,0.3663379153795422,NO,0
"Thence, we design a three-pronged platinum@polymer-catechol nanobraker to deliver mTOR inhibitor TAK228 and anti-PD-L1 antibody (aPD-L1) for impeding the melanoma-PD-1-driven aggression and maximizing the melanoma eradication.",TAK228,PD-L1,1,36203954,7,6361,0.792538805537425,YES,1
"A (p.Pro265Thr), in the CPS1 gene (NM_001875.4) causing late onset carbamoyl phosphate synthetase 1 deficiency-Lessons learned.",p.Pro265Thr,carbamoyl phosphate synthetase 1 deficiency,1,36466970,3,9973,0.9747026985001067,YES,1
"We measured inhibin A, inhibin B, total inhibin, AMH, activin A, activin B, activin AB, follistatin, the GDF-9/BMP-15 complex, and GDF-15 in paired serum and urine samples from healthy reproductive age women and in pregnant (second trimester) women.",inhibin,GDF-15,0,34875272,12,2828,0.0011665768951480097,NO,0
"In summary, I3C inhibited the degradation of p53 by MDM2 in liver cancer cells; stable p53 induced miR-34a, which targeted LDHA, a key enzyme for aerobic glycolysis, suggesting cancer metabolism is an important target for I3C in liver cancer cells.",p53,miR-34a,1,36297369,7,7566,0.9939791208025557,YES,1
"Collectively, our mouse model data support an ocular disease association for TRPM3 in humans and suggest that (1) Trpm3 deficiency impaired lens growth but not lens transparency and (2) Trpm3 dysfunction resulted in progressive lens degeneration and calcification coupled with pro-fibrotic (alpha-SMA+ve) and immune (CD68+ve) cell responses.",ocular disease,alpha-SMA,0,33484482,7,1377,0.15505478046132845,NO,0
"In this study, we performed whole-exome sequencing on BRAF-V600E-mutant melanoma patient tumors refractory to the combination of BRAF/MEK inhibition and identified acquired oncogenic mutations in NRAS and loss of the tumor suppressor gene CDKN2A We hypothesized the acquired resistance mechanisms to BRAF/MEK inhibition were reactivation of the MAPK pathway and activation of the cell-cycle pathway, which can both be targeted pharmacologically with the combination of a MEK inhibitor (trametinib) and a CDK4/6 inhibitor (palbociclib).",BRAF,palbociclib,1,34376578,12,2330,0.4896802022801783,NO,0
"Patients who remained on single-agent SNX-5422 maintenance therapy >=2 months (n = 9) had cancers enriched for oncogenic drivers (n = 3 KRAS mutation, n = 1 EGFR exon 20 mutation, n = 1 HER2 mutation, and n = 1 RET fusion).",KRAS,EGFR,0,34655925,7,2601,0.00017609512114798542,NO,0
"Whole-exome sequencing revealed a novel missense variant from G to A in exon 45 of 68 in the COL11A1 gene (NM_080629.2: c.3440G > A, [p.G1147E, g.103404625]).",G to A in exon 45,p.G1147E,0,36397853,4,9055,0.5236965382037454,YES,1
These findings have important implications regarding the interplay between the lipids required for alphaS function and the individual point mutations known to accelerate PD and related diseases.,lipids,PD,0,36208776,3,6450,0.27572384260481725,NO,0
"Effects of 15 torsadogenic hERG blocking drugs (astemizole, chlorpromazine, cisapride, droperidol, ibutilide, dofetilide, haloperidol, moxifloxacin, pimozide, quinidine, risperidone, sotalol, sertindole, terfenadine, and thioridazine) were assessed by telemetry in beagle dogs.",cisapride,quinidine,0,35751378,17,3943,0.0010110165878046116,NO,0
"Activated SGK3 can activate ion channels (TRPV5/6, SOC, Kv1.3, Kv1.5, Kv7.1, BKCa, Kir2.1, Kir2.2, ENaC, Nav1.5, ClC-2, and ClC Ka), carriers and receptors (Npt2a, Npt2b, NHE3, GluR1, GluR6, SN1, EAAT1, EAAT2, EAAT4, EAAT5, SGLT1, SLC1A5, SLC6A19, SLC6A8, and NaDC1), and Na+/K+-ATPase, promoting the transportation of calcium, phosphorus, sodium, glucose, and neutral amino acids in the kidney and intestine, the absorption of potassium and neutral amino acids in the renal tubules, the transportation of glutamate and glutamine in the nervous system, and the transportation of creatine.",EAAT1,potassium,0,36531961,37,15003,0.057466129288733396,NO,0
"1-Methyl-4-phenyl-1,2,3,6-tetrahydropyridine (MPTP-a prodrug to the neurotoxin 1-methyl-4-phenylpyridinium (MPP+)), rotenone (an environmental neurotoxin), and 6-hydroxydopamine (6-OHDA - a neurotoxic synthetic organic compound) induce PD-like conditions when injected into rodents.",1-methyl-4-phenylpyridinium,PD,1,35090325,5,13543,0.5690752036108797,YES,1
"These data were not consistent with the previously described role of LINC00173 in SCLC or LUSC, which suggested that LINC00173 could play fine-tuned DDP resistance roles in different pathological subtypes of lung cancer.",LINC00173,SCLC,1,36627670,5,15499,0.8664554257375501,YES,1
"We show here that BROMI interacts not only with CCRK but also with CFAP20, an evolutionarily conserved ciliary protein, and with FAM149B1/ Joubert syndrome (JBTS)36, a protein in which mutations cause JBTS.",CFAP20,JBTS,0,35609210,5,3784,0.06758983561911204,NO,0
"Herein, we show that upregulation of CDK6, p-CDK2, and/or cyclin E1 is associated with adaptation and resistance to AI-monotherapy and combined CDK4/6i and ET in ER+ advanced breast cancer.",CDK2,cyclin E1,0,36153348,6,5664,0.38780240517055764,NO,0
"KRAS mutations have been linked to adenocarcinoma histology, positive smoking history, and Caucasian ethnicity, although differences have been described across KRAS mutational variants subtypes.",KRAS,adenocarcinoma,1,36358848,2,8321,0.9962897094628532,YES,1
"Haplotype analysis revealed that the AACATGG and GACATGG haplotypes for the rs1544410, rs7975232, rs731236, rs4646536, rs703842, rs3782130, and rs10877012 polymorphisms were associated with a lower risk of NSCLC (p = 0.015 and p = 0.044 respectively).",rs7975232,NSCLC,1,36364930,8,8645,0.9667985427337931,YES,1
Outcomes were measured across different treatment regimens to assess the effects of: different durations of REZ (<=6 months vs >6 months); addition of a fluoroquinolone to REZ (fluoroquinolone plus 6 months or more of REZ vs 6 months or more of REZ); and addition of streptomycin to REZ (streptomycin plus 6 months of rifampicin and ethambutol and 1-3 months of pyrazinamide vs 6 months or more of REZ).,rifampicin,pyrazinamide,0,29595509,6,12442,0.8692385094613426,YES,1
"Mutational analysis detected 18,261 mutations in the omicron variant, majority of which were non-synonymous mutations in spike (A67, T547K, D614G, H655Y, N679K, P681H, D796Y, N856K, Q954H), followed by RNA dependent RNA polymerase (rdrp) (A1892T, I189V, P314L, K38R, T492I, V57V), ORF6 (M19M) and nucleocapsid protein (RG203KR).",D614G,P681H,0,35367284,21,3402,0.006088202814121268,NO,0
"Case presentation: A 33-year-old woman presented with fever, maculopapular rashes, hypereosinophilia, and hepatic involvement, which occurred 4 weeks after a fixed-dose combination of first-line ATD containing rifampicin, isoniazid, pyrazinamide, and ethambutol.",maculopapular rashes,isoniazid,1,36147124,9,5617,0.8838226848025743,YES,1
"To elaborate on the effects of transferrin on schizophrenia and its psychiatric phenotypes, our study aimed to investigate whether transferrin gene polymorphism was correlated with cognitive deficits and clinical symptoms in schizophrenia.",transferrin,cognitive deficits,1,36362642,3,8540,0.6736780664657197,YES,1
"Activated SGK3 can activate ion channels (TRPV5/6, SOC, Kv1.3, Kv1.5, Kv7.1, BKCa, Kir2.1, Kir2.2, ENaC, Nav1.5, ClC-2, and ClC Ka), carriers and receptors (Npt2a, Npt2b, NHE3, GluR1, GluR6, SN1, EAAT1, EAAT2, EAAT4, EAAT5, SGLT1, SLC1A5, SLC6A19, SLC6A8, and NaDC1), and Na+/K+-ATPase, promoting the transportation of calcium, phosphorus, sodium, glucose, and neutral amino acids in the kidney and intestine, the absorption of potassium and neutral amino acids in the renal tubules, the transportation of glutamate and glutamine in the nervous system, and the transportation of creatine.",Nav1.5,phosphorus,0,36531961,37,14811,0.2994188563895563,NO,0
"CONCLUSIONS: IL-24 aggravated neutrophilic airway inflammation by increasing epithelium-derived IL-17A production, which could be suppressed by IL-37.",IL-24,IL-37,0,36174993,4,16137,0.7901263774240866,YES,1
"The KRGE-stimulated BVR-A-LKB1-SIRT1-ERRalpha pathway regulates the levels of mitochondria-localized proteins such as SIRT5, translocase of the outer mitochondrial membrane 20 (Tom20), Tom22, cytochrome c (Cyt c), and superoxide dismutase 2 (SOD2).",BVR-A,SIRT1,1,36139815,9,5232,0.9822212402411794,YES,1
"Six SNPs of ABCB1 (rs3842, rs1045642, rs2032582, rs1128503, rs3213619, and rs3747802), one SNP of CYP3A5 (rs776746), seven SNPs of APOB (rs1042034, rs2163204, rs693, rs679899, rs13306194, rs13306198, and rs1367117), and two SNPs of APOE (rs429358 and rs7412) were analyzed by a TaqMan genotyping assay.",rs1128503,rs429358,0,36145636,20,5530,0.0009551839150671286,NO,0
"With flumazenil blocking classical high-affinity extracellular benzodiazepine site effects, modulation of GABA-activated currents by diazepam, midazolam and flurazepam was measured electrophysiologically in wildtype and M2-15' mutant alpha1 beta3 gamma2L GABAA receptors.",diazepam,flurazepam,0,34386973,10,2436,0.19140742324203525,NO,0
A Randomized Phase 2 Study Comparing Nivolumab with Carboplatin-Pemetrexed for EGFR-Mutated NSCLC with Resistance to EGFR Tyrosine Kinase Inhibitors (WJOG8515L).,EGFR,WJOG8515L,1,34921023,6,2891,0.12767477192479146,NO,0
"Finally, our model replicates the experimental dose-dependent effect of OM and BLEB on the normalized isometric tension.",OM,BLEB,0,36388127,2,8790,0.4258975434540843,NO,0
"Sonidegib also inhibited the phosphorylation of MKK4 and c-Jun, the upstream and downstream signals of JNK, respectively.",c-Jun,JNK,1,36142500,4,13645,0.8508213098338848,YES,1
GAS6/AXL Inhibition Enhances Ovarian Cancer Sensitivity to Chemotherapy and PARP Inhibition through Increased DNA Damage and Enhanced Replication Stress.,AXL,DNA,1,34670865,5,13270,0.4698932917285569,NO,0
"The aPD-L1 collaborated with TAK228 restrains melanoma cell-intrinsic PD-1: PD-L1 tumorigenic interaction via blocking melanoma-PD-L1 ligand and the melanoma-PD-1 receptor-driven mTOR signaling; corresponding downregulation of mTOR downstream protumorigenic cellular MYC and proangiogenic hypoxia-inducible factor 1-alpha is conducive to preventing tumorigenesis and angiogenesis, respectively.",TAK228,hypoxia-inducible factor 1-alpha,1,36203954,7,6377,0.7604879083027295,YES,1
"The mechanism of LINC00173 in DDP resistance by mediating miR-1275/PROCA1/ZFP36L2 axis to impair BCL2 mRNA stability was applied, and co-immunoprecipitation, chromatin immunoprecipitation, RNA antisense purification, RNA immunoprecipitation, and luciferase reporter assays were performed.",ZFP36L2,BCL2,1,36627670,6,15441,0.5081302872007473,YES,1
"In this study, we performed whole-exome sequencing on BRAF-V600E-mutant melanoma patient tumors refractory to the combination of BRAF/MEK inhibition and identified acquired oncogenic mutations in NRAS and loss of the tumor suppressor gene CDKN2A We hypothesized the acquired resistance mechanisms to BRAF/MEK inhibition were reactivation of the MAPK pathway and activation of the cell-cycle pathway, which can both be targeted pharmacologically with the combination of a MEK inhibitor (trametinib) and a CDK4/6 inhibitor (palbociclib).",CDKN2A,trametinib,0,34376578,12,2361,0.10104876807594967,NO,0
"The only m6A ""reader"" found to be involved in this pathway was IGF2BP2 (IMP2), and IMP2 occupancy of Cebpd and Cebpb mRNA was enhanced by m6A modification.",IGF2BP2,Cebpd,1,34215679,4,13066,0.86125291271545,YES,1
"Limited evidence has been reported on the impact of cannabis or its components, delta-9-tetrahydrocannabinol (THC) and cannabidiol (CBD), on MG development or MEC differentiation.",delta-9-tetrahydrocannabinol,cannabidiol,0,35976913,2,4606,0.0028798587669829176,NO,0
"Furthermore, ATR-MET induced cardiovascular toxicity (increased levels of plasma total cholesterol, HDL-cholesterol, LDL-cholesterol, and triglycerides) with concomitant induction of renal toxicity (increased plasma creatinine and urea levels), and hepatotoxicity (increased plasma bilirubin, alkaline phosphatase, acid phosphatase, alanine aminotransferase and aspartate aminotransferase).",ATR-MET,cardiovascular toxicity,1,36262065,13,7104,0.9996752725139285,YES,1
"Furthermore, ONO-AE3-208 blunted activation of the NLR family pyrin domain containing 3 (NLRP3) inflammasome and phosphorylation of nuclear factor kappa B (NF-kappaB) (p-p65).",NLR family pyrin domain containing 3,nuclear factor kappa B,0,36438844,3,9848,0.30661342111323786,NO,0
"Four novel QDPR variants [c.714dup or p.(Leu239Thrfs*44), c.106-1G>T or p.(?), c.214G>T or p.(Gly72*), and c.187_189dup or p.(Gln63dup)] were identified.",c.214G>T,c.187_189dup,0,36313470,8,7918,0.0022219060491840783,NO,0
"By focusing on natural variants at the Spike-hACE2 interface and assessing over 700 mutant complexes, our analysis reveals that high-affinity Spike mutations (including N440K, S443A, G476S, E484R, G502P) tend to cluster near known human ACE2 recognition sites (K31 and K353).",N440K,E484R,0,33992693,8,1861,0.10845570385771541,NO,0
"The patient was treated with prednisone, thalidomide, and sirolimus, and her general condition was ameliorated at the 4-month follow-up with improved platelet count and coagulation function.",prednisone,sirolimus,1,36761951,4,12342,0.893575221321718,YES,1
The novel alleles are C-terminal to the prior variants and located either within the second WD40 motif (c.659A>G p.(Asp220Gly)) or in a disordered protein region connecting the second and third WD40 motifs (c.778G>A p.(Asp260Asn) and c.770C>A p.(Pro257His)).,c.659A>G,c.778G>A,0,34642815,4,15922,0.042688556357373474,NO,0
"In endothelial cells, HTL increased GCH1 S-nitrosylation, reduced tetrahydrobiopterin, and induced oxidative stress, which were attenuated by N-acetyl-cysteine, L-N6-1-Iminoethyl-lysine, mutant of GCH1 cysteine 141 to alanine (MT-GCH1) or gene deletion of inducible NO synthase (iNOS).",HTL,tetrahydrobiopterin,1,36399957,7,9069,0.9780515124226237,YES,1
"Finally, treatment with the PARP inhibitor olaparib plus AVB-500 led to decreased ovarian cancer-cell survival in vitro and less tumor burden in vivo.",olaparib,ovarian cancer,1,34670865,5,13309,0.9544360206692468,YES,1
"Compared with the wild type (WT), the M5D mutant (Q34P/A37P/M176V/G177A/M294R/ G28C-P206C), which contains five single-point mutations and one additional disulfide bond, displayed a 14.0  C increase in the melting temperature (Tm), 5  C in the optimal temperature, and 1154.3-fold in the half-life (t1/2) at 55  C.",G177A,G28C,0,36553811,8,10771,0.07128094619003268,NO,0
"SGK3 is activated by insulin and growth factors through signaling pathways involving phosphatidylinositol-3-kinase (PI3K), 3-phosphoinositide-dependent kinase-1 (PDK-1), and mammalian target of rapamycin complex 2 (mTORC2).",insulin,phosphatidylinositol-3-kinase,0,36531961,4,14474,0.759841584120197,YES,1
"Treatment of ERK inhibitor U0126 or PI3K inhibitor wortmannin decreased p-CREB, BDNF and BCL2 in these cells, implying that the neuroprotective effects of LMDS-1/2 are via activating TRKB downstream ERK, PI3K-AKT and CREB signaling.",BDNF,TRKB,0,36361524,10,8436,0.6280563387216521,YES,1
"Here we describe in vitro analysis of these G3BP1 affinities, and show tryptophan substitutions of specific G3BP1 residues reduce its affinity for both USP10 and Caprin1.",tryptophan,USP10,0,36183834,4,6085,0.3787111102752698,NO,0
N-acylethanolamine regulation of TLR3-induced hyperthermia and neuroinflammatory gene expression: A role for PPARalpha.,TLR3,neuroinflammatory,1,34265624,5,13117,0.7315284293691448,YES,1
"Serum total cholesterol (T-CHO), triglyceride (TG), low, high density lipoprotein cholesterol (LDL-C, HDL-C), blood glucose, insulin, IL-17 and TNF-alpha levels were also measured.","low, high density lipoprotein cholesterol",HDL-C,0,31661889,9,12651,0.016750336704386862,NO,0
"In addition, EMSA assays with SARS-CoV-2 derived RNA hairpin loops from a putative viral packaging sequence showed the preference interaction of the N-CTD to RNA oligonucleotides containing G and the loss of the specificity in the mutant W330A. Here we propose that this interaction may facilitate the viral assembly process.",RNA,W330A,0,35842466,6,4359,0.45985506846768304,NO,0
"However, this response does not avoid the increased lipid peroxidation, confirming that only wild type P53 is able to completely counteract the oxidative stress and relative damages.",lipid,P53,1,36226181,2,6651,0.0847214377486831,NO,0
"Relative to control, 10muM THC and 10muM CBD reduced mRNA levels of milk proteins (CSN2 and WAP), lipid synthesizing and glucose transport markers (GLUT 1, HK2, FASN, FABP4, PLIN2 and LPL), as well as whey acidic protein and lipid levels.",HK2,PLIN2,0,35976913,12,4672,0.08816415435214175,NO,0
"A total of 90% of thyroid cancers have identifiable driver mutations, which often are components of the MAPK pathway, including BRAF, RAS, and RET-fusions.",RAS,RET,0,36672327,5,11571,0.027730468555515916,NO,0
"Six SNPs of ABCB1 (rs3842, rs1045642, rs2032582, rs1128503, rs3213619, and rs3747802), one SNP of CYP3A5 (rs776746), seven SNPs of APOB (rs1042034, rs2163204, rs693, rs679899, rs13306194, rs13306198, and rs1367117), and two SNPs of APOE (rs429358 and rs7412) were analyzed by a TaqMan genotyping assay.",rs3842,rs7412,0,36145636,20,5492,0.0020700689153877235,NO,0
"Both in vivo and in vitro assays demonstrated that C/EBPbeta knockdown significantly suppressed CCI- or LPS/ATP-induced Clec7a upregulation, and subsequently reduced Syk, ERK and JNK phosphorylation, NLRP3 oligomerization, caspase-1 activation, GSDMD expression and pyroptosis, which were markedly reversed by the co-transfection of Clec7a expression vector.",C/EBPbeta,CCI,1,36503542,11,14195,0.005578508346094556,NO,0
"Molecular docking was used to characterize the binding of ATR and MET with androgen receptor (AR) to predict their potential endocrine-disrupting effects, using testosterone as benchmark.",MET,testosterone,0,36262065,5,7079,0.1533515297267082,NO,0
Myography and magnetic resonance imaging during dobutamine challenge revealed PA functional impairment of both obese groups.,dobutamine,obese,1,34157861,2,12907,0.07131484994384553,NO,0
"Targeted SARS-CoV-2 sequencing allowed for detection of important genetic mutations, such as spike: K417N, D614G, P681H, T716I, S982A, and D1118H, commonly associated with increased cell entry and reinfection.",K417N,P681H,0,35726918,8,3852,0.07187959017786075,NO,0
"Here we used three yeast mutants carrying missense mutations in the yeast PanK gene, CAB1, which are associated with defective growth at high temperature and iron, mitochondrial dysfunction, increased iron content, and oxidative stress, to assess the cellular function of human PANK genes and functional conservation of the CoA-controlled processes between humans and yeast.",PanK,CoA,0,36613877,7,11184,0.5260433787206105,YES,1
Association of KCNJ11 and ABCC8 single-nucleotide polymorphisms with type 2 diabetes mellitus in a Kinh Vietnamese population.,ABCC8,type 2 diabetes mellitus,1,36401380,3,9115,0.9974238724202465,YES,1
"Xbp1 deficiency decreased the mtDNA cytosolic release and STING/NLRP3 activation by promoting BNIP3-mediated mitophagy activation in macrophages, which was abrogated by Bnip3 knockdown.",STING,BNIP3,1,36185574,4,13748,0.6315565633037669,YES,1
"Finally, sleep duration was associated with PER3-rs238666 (p = 0.008) and CLOCK-rs4580704 (p = 0.023).",PER3,CLOCK,1,36143969,4,5467,0.0008001699119124512,NO,0
"Treatment of ERK inhibitor U0126 or PI3K inhibitor wortmannin decreased p-CREB, BDNF and BCL2 in these cells, implying that the neuroprotective effects of LMDS-1/2 are via activating TRKB downstream ERK, PI3K-AKT and CREB signaling.",CREB,BCL2,0,36361524,10,8430,0.5001295136773759,YES,1
"KIR3DL3 recruited SHP-1 and SHP-2 to attenuate Vav1, ERK1/2, AKT, and NF-kappaB signaling.",KIR3DL3,AKT,0,34244312,7,2105,0.9504455389354872,YES,1
"Noteworthy, mice expressing the triple 3KR or the single K117R mutant do not show early on-set tumor development in contrast to TP53 -/- mice.",K117R,tumor,1,36226181,4,6631,0.7391986600970419,YES,1
The current case suggests that afatinib is effective in NSCLC patients with EGFR L858R and L747V mutations and that a therapeutic approach combining appropriately timed systemic therapies with local consolidative therapies for oligometastatic lesions improves long-term survival.,L858R,oligometastatic lesions,0,36193787,7,6208,0.008794024775310097,NO,0
"The functionalized systems were then tested as catalysts for the conversion of CO2 and epoxides to cyclic carbonates in a batch reactor at 100 or 125  C, with an initial CO2 pressure (at room temperature) of 25 bar.",CO2,cyclic carbonates,1,36558016,3,10822,0.9979174478015873,YES,1
"ELISA was performed to measure progesterone, MMP-2, MMP-9, pro-inflammatory factors TNF-alpha, IL-1beta, and anti-inflammatory factors IL-4, IL-10, and IL-13 levels.",MMP-9,IL-1beta,0,36593749,9,15178,0.00011163104371738739,NO,0
"Genes provided in the present study with genetic variants associated with VTE were FVL (G1691A), Prothrombin (G20210A), MTHFR (C677T, A1298C), PAI-1 (4G/5G), factor VII activating protease (1601G > A), and endothelial protein C receptor (g.6936A_G, c.4600A_G).",MTHFR,PAI-1,0,36316870,14,8028,0.008519180947979675,NO,0
"Our results revealed that MMP-2 and MMP-9 were obviously increased in both mRNA and protein level after H2S exposure, and they could be inhibited by MMP inhibitor doxycycline (DOX) in rat model.",MMP,doxycycline,1,24722316,6,94,0.6382145927921222,YES,1
Neurotensin increases tyrosine phosphorylation of the epidermal growth factor receptor (EGFR) and the neurotensin receptor 1 antagonist SR48692 blocks the transactivation of the EGFR.,neurotensin receptor 1,SR48692,1,31614143,4,12481,0.9467916554351842,YES,1
"AMPD1 (rs17602729), ACE (rs4646994), ACTN3 (rs1815739), CKM (rs8111989) and MLCK (rs2849757 and rs2700352) polymorphisms were genotyped by using Single Nucleotide Primer Extension (SNPE).",ACE,ACTN3,0,36468031,11,10006,0.0015749980556413739,NO,0
"RAS and BRAF mutations were assessed by pyrosequencing assays using Qiagen, KRAS Pyro kit 24.V1, Ras-Extension Pyro kit 24.V1 and BRAF Pyro Kit 24.V1, respectively, and carried out in the PyroMark-Q24.",RAS,BRAF,1,36444585,3,9950,0.15532673720464338,NO,0
(SLC30A3) affects brain glutamate and cognitive activity in patients with schizophrenia and bipolar affective disorder.,SLC30A3,glutamate,1,36203844,5,6317,0.9837789658944087,YES,1
"We carried out a randomised phase 2 trial of patients aged 18 years or older from 73 hospitals, clinics, and academic medical centres in 12 countries who had confirmed progressive disease within 24 weeks after two or more ipilimumab doses and, if BRAF(V600) mutant-positive, previous treatment with a BRAF or MEK inhibitor or both.",BRAF,MEK,0,26115796,4,12385,0.24086644881351701,NO,0
"We observed a significant association between the ARNTL-rs7924734, ARNTL-rs10832027, VRK2- rs2678902 SNPs, and CLOCK gene expression; the PER3-rs228642 and PER3-rs10127838 were related to PER1 expression, and the ARNTL-rs10832027, ARNTL-rs11022778, and MNTR1B-rs10830963 were associated with VRK2 gene expression (p < 0.05).",rs228642,rs10127838,0,36143969,12,5461,0.2081411262273754,NO,0
"Intriguingly, there were decreases in ACE2 and apelin expression as well as marked increases in SGLT2 and endothelin-1 levels in SARS-CoV-2-infected cardiomyocytes, animal models with diabetes, acute kidney injury, heart failure and COVID-19 patients.",apelin,diabetes,1,34000358,10,12807,0.2724129563107774,NO,0
Inhibition of AKT directly sensitizes resistant cells to combined dasatinib and trametinib but will not be clinically feasible.,dasatinib,trametinib,1,36672327,3,11627,0.959378857650951,YES,1
We also observed clear differences between the Dictyostelium myosin II and human cardiac beta myosin for ATP hydrolysis as well as predict the effect of the mutation I467T on the chemical step.,myosin II,beta myosin,0,34105970,6,1972,0.9881145965159065,YES,1
"In summary, PNPLA3- and ATGL-driven lipolysis is significantly regulated by perilipin 1 and 5 in steatohepatitis.",perilipin 1 and 5,steatohepatitis,1,36611868,4,11158,0.5017100725684249,YES,1
"Regulatory network of KLF12, ZNF281 and RELA controlled the expression of these four prognostic target genes (LDHA, ACLY, ME2 and IDH2).",ME2,IDH2,0,36121916,7,5013,0.00878429177987983,NO,0
"Moreover, they inhibited the protein expression of PPARgamma, C/EBPalpha, COX-2, C/EBPbeta, and iNOS in the co-cultures of 3T3-L1 and RAW264.7 cells.",C/EBPalpha,iNOS,0,36559664,7,10885,0.06663612157051649,NO,0
"In heart failure with preserved ejection fraction and CpcPH models, metabolic syndrome contributes to pulmonary vascular dysfunction and EIPH through enhanced reactive oxygen species and miR-193b expression, which downregulates NFYA-dependent sGCbeta1 expression.",CpcPH,NFYA,1,34157861,8,13003,0.32352788828322887,NO,0
"Novel compound heterozygous variations, c.4301delA (p.Asp1434fs*3) and c.5255C>G (p.Ser1752Ter), in the multiple PDZ domain (MPDZ) proteins were identified via whole-exome analysis on the proband with isolated bilateral macular coloboma in a Chinese family.",c.4301delA,p.Ser1752Ter,0,36429029,6,9692,0.598336558913135,YES,1
"With flumazenil blocking classical high-affinity extracellular benzodiazepine site effects, modulation of GABA-activated currents by diazepam, midazolam and flurazepam was measured electrophysiologically in wildtype and M2-15' mutant alpha1 beta3 gamma2L GABAA receptors.",diazepam,beta3,1,34386973,10,2438,0.425804965281296,NO,0
Dexamethasone enhances glucose uptake by SGLT1 and GLUT1 and boosts ATP generation through the PPP-TCA cycle in bovine neutrophils.,Dexamethasone,TCA,0,36174980,7,5840,0.7584256800586102,YES,1
"Dapagliflozin slowed the migration rate of HFrEF fibroblasts in a dose-dependent manner and markedly decreased the expression of IL-1beta, IL-6, MMP3, MMP9, GAL3, and FN1. SGLT2i",HFrEF,IL-6,1,36303443,8,13810,0.23042475160239398,NO,0
"Particularly, variants in Prothrombin (G20210A), MTHFR (C677T), and PAI-1 (4G/5G) had more than 2 types of model significance.",Prothrombin,PAI-1,0,36316870,5,8051,0.3454819797573588,NO,0
"Diminishing HMGB2 expression by ectopic expression of miR-127 or SHP, or treatment with a small molecule inhibitor inflachromene (ICM), decreases OCT4 and SOX2 expression and facilitates CGR8 differentiation.",inflachromene,SOX2,0,29218329,7,476,0.842912985932396,YES,1
"Activated SGK3 can activate ion channels (TRPV5/6, SOC, Kv1.3, Kv1.5, Kv7.1, BKCa, Kir2.1, Kir2.2, ENaC, Nav1.5, ClC-2, and ClC Ka), carriers and receptors (Npt2a, Npt2b, NHE3, GluR1, GluR6, SN1, EAAT1, EAAT2, EAAT4, EAAT5, SGLT1, SLC1A5, SLC6A19, SLC6A8, and NaDC1), and Na+/K+-ATPase, promoting the transportation of calcium, phosphorus, sodium, glucose, and neutral amino acids in the kidney and intestine, the absorption of potassium and neutral amino acids in the renal tubules, the transportation of glutamate and glutamine in the nervous system, and the transportation of creatine.",Npt2b,glutamine,0,36531961,37,14910,0.09400807566283136,NO,0
"KRGE-induced BVR-A expression and subsequent bilirubin production were required for changes in mitochondrial membrane potential, mitochondrial mass, and oxidative phosphorylation through liver kinase B1 (LKB1), estrogen-related receptor alpha (ERRalpha), and sirtuin (SIRT1 and SIRT5) in astrocytes.",KRGE,liver kinase B1,0,36139815,7,5201,0.6265679082228349,YES,1
"In addition, mAbs such as Adalimumab, Eculizumab, Natalizumab used in autoimmune disorders and Alemtuzumab, Trastuzumab, Cetuximab, and Rituximab that are prescribed for tumors will be reviewed.",autoimmune disorders,Rituximab,0,35071113,9,3055,0.16319203364787416,NO,0
"Activated SGK3 can activate ion channels (TRPV5/6, SOC, Kv1.3, Kv1.5, Kv7.1, BKCa, Kir2.1, Kir2.2, ENaC, Nav1.5, ClC-2, and ClC Ka), carriers and receptors (Npt2a, Npt2b, NHE3, GluR1, GluR6, SN1, EAAT1, EAAT2, EAAT4, EAAT5, SGLT1, SLC1A5, SLC6A19, SLC6A8, and NaDC1), and Na+/K+-ATPase, promoting the transportation of calcium, phosphorus, sodium, glucose, and neutral amino acids in the kidney and intestine, the absorption of potassium and neutral amino acids in the renal tubules, the transportation of glutamate and glutamine in the nervous system, and the transportation of creatine.",EAAT5,creatine,0,36531961,37,15051,0.03815594051237328,NO,0
"Effects of 15 torsadogenic hERG blocking drugs (astemizole, chlorpromazine, cisapride, droperidol, ibutilide, dofetilide, haloperidol, moxifloxacin, pimozide, quinidine, risperidone, sotalol, sertindole, terfenadine, and thioridazine) were assessed by telemetry in beagle dogs.",sertindole,thioridazine,0,35751378,17,4013,0.0023644528844951754,NO,0
"Furthermore, ATR-MET induced cardiovascular toxicity (increased levels of plasma total cholesterol, HDL-cholesterol, LDL-cholesterol, and triglycerides) with concomitant induction of renal toxicity (increased plasma creatinine and urea levels), and hepatotoxicity (increased plasma bilirubin, alkaline phosphatase, acid phosphatase, alanine aminotransferase and aspartate aminotransferase).",bilirubin,acid phosphatase,0,36262065,13,7170,0.018073147632857178,NO,0
"Above all, SFN and ISO possessed high logP values and effectively improving DSS-induced colitis by activating the Keap1-Nrf2 pathway to alleviate oxidative stress and inflammatory responses.",DSS,inflammatory,0,36552614,7,10737,0.18354852364172877,NO,0
"The addition of three variants, namely PTGS2 rs4648268, PTGES3 rs2958155 and PTGES3 rs11300958, to a predictive model for CV events containing classic risk factors in nephrosclerosis patients, significantly enhanced its statistical power (AUC value increased from 78.6 to 87.4%, p = 0.0003).",rs2958155,rs11300958,0,36690661,7,11824,0.03445484154011319,NO,0
"In the presence of flumazenil, micromolar concentrations of diazepam and midazolam both potentiated and inhibited wildtype GABAA receptor currents.",flumazenil,diazepam,1,34386973,4,2457,0.5531338319708667,YES,1
"OBJECTIVE/BACKGROUND: Recurrent somatic mutations in the JAK2, calreticulin (CALR), and the MPL genes are described as drivers of BCR-ABL1-negative myeloproliferative neoplasms (MPN) that includes polycythemia vera (PV), essential thrombocytosis (ET), primary myelofibrosis (PMF), and MPN unclassified (MPN-U).",JAK2,primary myelofibrosis,1,33789164,9,1741,0.9139652940117191,YES,1
"The aim of the study was to evaluate the effect of selected polyphenolic compounds: epicatechin, apigenin, and naringenin, administered separately or in combination with zinc (Zn), on the growth and development of the neoplastic process induced by 7,12-dimethylbenz[a]anthracene (DMBA) in rats.",apigenin,naringenin,0,36673448,8,15717,0.37300304451435196,NO,0
"Particularly in neutrophils, DEX injection inhibited p65-NFkappaB activation and elevated glycogen and ATP contents and SGLT1, GLUT1 and GR expression while inhibiting PFK1 activity, enhancing G6PDH activity and CS expression and lowering cell autophagy levels.",SGLT1,PFK1,0,36174980,10,5984,0.05649076124436142,NO,0
"Patients with melanoma that progresses on ipilimumab and, if BRAF(V600) mutant-positive, a BRAF or MEK inhibitor or both, have few treatment options.",melanoma,ipilimumab,1,26115796,5,12374,0.9228711194651967,YES,1
"Here, we show that non-receptor tyrosine kinases Janus kinase 1 (JAK1) and SRC are able to phosphorylate RIPK1 at Y384 (Y383 in murine RIPK1), leading to suppression of TNF-induced cell death.",Janus kinase 1,Y384,0,36329033,7,8111,0.9799411880310434,YES,1
"Here we show that TNF-like weak inducer of apoptosis (TWEAK) and its receptor, Fn14, are strong inducers of alternative NF-kappaB signaling and are enriched in ovarian tumors following chemotherapy treatment.",TNF-like weak inducer of apoptosis,NF-kappaB,1,36214671,4,6510,0.9258129298983351,YES,1
"CCK8 assay showed that cell proliferation rates in the wild-type, A109_Q120del, and empty vector control groups all decreased in the gradient Mn2+ solutions in a dose-dependent manner.",CCK8,Mn2+,0,36254249,3,7005,0.2608348500223628,NO,0
"In addition to genetic association studies, the BAFFR variants P21R, A52T, G64V, DUP92-95, P146S, and H159Y were expressed by lentiviral gene transfer in DG-75 Burkitt's lymphoma cells and analyzed for their impacts on BAFFR function.",P21R,Burkitt's lymphoma,0,36308663,8,7750,0.2849617055388427,NO,0
"Consistently, the expressions of differentiation markers of the osteoblasts (RUNX2, ALPL, and OCN) or chondrocytes (ACAN) were the highest in the CD34+THY1+ subset, indicating that the CD34+THY1+ subset possessed the highest osteogenic and chondrogenic potential among three subsets, while the differentiation potentials to adipocytes were comparable among the subsets regarding lipid droplet formations and the expression of LPL and PPARgamma.",ALPL,ACAN,0,35168627,9,3214,0.2664117580009048,NO,0
"Moreover, ductal-derived Kras G12D/Trp53 -/- mouse PDACs show higher expression of IFNsign compared with acinar-derived counterparts.",Kras,Trp53,0,33060108,5,828,0.19868741574660206,NO,0
"We hypothesized that THC and CBD will negatively impact the synthesis of milk proteins and lipids, as well as lipid markers in HC11 cells.",THC,CBD,0,35976913,4,4610,0.050018193524261415,NO,0
"Klotho-deficient mice demonstrated higher levels of bone morphogenetic proteins (BMP2, BMP4) and runt-related transcription factor 2 (RUNX2) in aortas, indicating that Klotho deficiency upregulates expression of BMP2 and RUNX2 (a key transcription factor in osteoblasts).",BMP2,runt-related transcription factor 2,1,34368951,5,2261,0.5435373963156455,YES,1
"A subset of patients in our cohort acquired oncogenic KRAS, NRAS or BRAF mutations, and resistance in this setting may be delayed by co-targeting of ERK signalling intermediates.",KRAS,ERK,0,34759319,5,15988,0.5216368888206009,YES,1
"Similar to OCT4 and SOX2, HMGB2 protein is highly expressed in undifferentiated CGR8 cells, whereas it undergoes rapid decline during embryonic body (EB) formation.",OCT4,HMGB2,1,29218329,4,454,0.7954900970602757,YES,1
"Synergism of TNF-alpha and IFN-gamma Triggers Inflammatory Cell Death, Tissue Damage, and Mortality in SARS-CoV-2 Infection and Cytokine Shock Syndromes.",IFN-gamma,SARS-CoV-2 Infection,1,33278357,5,971,0.8458843725665847,YES,1
"In addition, mAbs such as Adalimumab, Eculizumab, Natalizumab used in autoimmune disorders and Alemtuzumab, Trastuzumab, Cetuximab, and Rituximab that are prescribed for tumors will be reviewed.",Adalimumab,Rituximab,0,35071113,9,3037,0.0007598662437051669,NO,0
"Removal of binding affinity to A3AR was achieved by 1'-homologation, and PPARgamma/delta dual modulation was derived from the structural similarity between the target nucleosides and PPAR modulator drug, rosiglitazone.",A3AR,PPARgamma/delta,1,33325691,5,1142,0.0036161360014809385,NO,0
"Here, we showed that replacement of a single amino acid at position 973, just distal to the NPEY motif in the intracellular juxtamembrane region, from leucine, which is highly-conserved in IRs, to phenylalanine, the highly-conserved homologous residue in IGF1Rs, resulted in decreased IRS-1-PI3K-Akt-mTORC1 signaling and increased of Shc-Gab1-MAPK-cell cycle signaling.",PI3K,MAPK,0,36548088,9,10556,0.33980976941262264,NO,0
"In addition, peripheral injection of DEX in MTrPs rats also inhibited the expression of TNF- alpha, p-P65, MLCK, MEF2C, and MyoC.",TNF- alpha,MyoC,1,36408215,7,9224,0.17097362190886659,NO,0
"Nevertheless, several common mutational pathways to nirmatrelvir resistance were preferred, with a majority of the viruses descending from T21I, P252L or T304I as precursor mutations.",T21I,P252L,0,36351451,4,8273,0.37893350579821194,NO,0
"Fibroblasts from HFrEF show higher migratory rate compared with control (P = 0.0036), and increased expression of HF markers [fold-change (Log2): COL1A1-1.3; IL-1b-1.9; IL-6-1.7; FN1-2.9 (P < 0.05)].",COL1A1,IL-1b,0,36303443,6,13796,0.00019087184041055168,NO,0
"Genotype analysis comparing lung adenocarcinoma (n = 559) and squamous cell carcinoma (n = 151) indicated that the variants of DPYD (rs190771411, Fisher's exact test, P = 0.045; rs200562975, P = 0.045) and ALDH2 (rs568781254, P = 0.032) were associated with an increased risk of squamous cell carcinoma compared to adenocarcinoma.",lung adenocarcinoma,rs200562975,1,36289279,8,7348,0.360745331943564,NO,0
"Moreover, we observe a significant uncoupling between oxygen consumption and ATP production associated with higher lipid peroxidation level in all P53 mutants carrying cells with respect to wild type P53 expressing cells.",ATP,lipid,0,36226181,4,6643,0.1747819847923522,NO,0
"Effects of 15 torsadogenic hERG blocking drugs (astemizole, chlorpromazine, cisapride, droperidol, ibutilide, dofetilide, haloperidol, moxifloxacin, pimozide, quinidine, risperidone, sotalol, sertindole, terfenadine, and thioridazine) were assessed by telemetry in beagle dogs.",moxifloxacin,sotalol,0,35751378,17,3990,0.02385501816863408,NO,0
"Six SNPs of ABCB1 (rs3842, rs1045642, rs2032582, rs1128503, rs3213619, and rs3747802), one SNP of CYP3A5 (rs776746), seven SNPs of APOB (rs1042034, rs2163204, rs693, rs679899, rs13306194, rs13306198, and rs1367117), and two SNPs of APOE (rs429358 and rs7412) were analyzed by a TaqMan genotyping assay.",rs693,rs429358,0,36145636,20,5584,0.0006620342710559577,NO,0
"Most of these point mutations were located within the coding sequences of the SARS-CoV-2 genome that includes spike, ORF1ab, ORF3, and nucleocapsid protein genes.",spike,ORF3,0,35598737,5,3750,0.001305402466023348,NO,0
"Activated SGK3 can activate ion channels (TRPV5/6, SOC, Kv1.3, Kv1.5, Kv7.1, BKCa, Kir2.1, Kir2.2, ENaC, Nav1.5, ClC-2, and ClC Ka), carriers and receptors (Npt2a, Npt2b, NHE3, GluR1, GluR6, SN1, EAAT1, EAAT2, EAAT4, EAAT5, SGLT1, SLC1A5, SLC6A19, SLC6A8, and NaDC1), and Na+/K+-ATPase, promoting the transportation of calcium, phosphorus, sodium, glucose, and neutral amino acids in the kidney and intestine, the absorption of potassium and neutral amino acids in the renal tubules, the transportation of glutamate and glutamine in the nervous system, and the transportation of creatine.",SN1,SLC6A19,0,36531961,37,14978,0.03191291055494455,NO,0
"Serum total cholesterol (T-CHO), triglyceride (TG), low, high density lipoprotein cholesterol (LDL-C, HDL-C), blood glucose, insulin, IL-17 and TNF-alpha levels were also measured.","low, high density lipoprotein cholesterol",LDL-C,0,31661889,9,12650,0.03469259038874156,NO,0
"Our study is the first in the Brazilian population to reveal the association of FOS rs1046117 with NSCLO risk, and to support that CRISPLD2, CASP8, FOS and MMP2 interactions may be related to the pathogenesis of this common craniofacial malformation.",NSCLO,CRISPLD2,0,36661544,7,16455,0.7538821353571461,YES,1
"Activated SGK3 can activate ion channels (TRPV5/6, SOC, Kv1.3, Kv1.5, Kv7.1, BKCa, Kir2.1, Kir2.2, ENaC, Nav1.5, ClC-2, and ClC Ka), carriers and receptors (Npt2a, Npt2b, NHE3, GluR1, GluR6, SN1, EAAT1, EAAT2, EAAT4, EAAT5, SGLT1, SLC1A5, SLC6A19, SLC6A8, and NaDC1), and Na+/K+-ATPase, promoting the transportation of calcium, phosphorus, sodium, glucose, and neutral amino acids in the kidney and intestine, the absorption of potassium and neutral amino acids in the renal tubules, the transportation of glutamate and glutamine in the nervous system, and the transportation of creatine.",SOC,SGLT1,0,36531961,37,14568,0.004944872842765758,NO,0
"Macular corneal dystrophy (MCD), a rare autosomal recessive disorder, is caused by pathogenic mutations in the carbohydrate sulfotransferase 6 gene (CHST6) and is characterized by bilateral progressive stromal clouding and vision loss.",Macular corneal dystrophy,carbohydrate sulfotransferase 6,1,33987320,5,1846,0.9871908201216615,YES,1
"The aim of this study was designed to examine whether HHcy induces VCI through GCH1 S-nitrosylation, a redox-related post-translational modification of cysteine.",VCI,GCH1,1,36399957,4,9063,0.8958246608407768,YES,1
"From 67 FDA-covalent drugs, afatinib, dacomitinib, acalabrutinib, neratinib, zanubrutinib, dutasteride, and finasteride were predicted to be active inhibitors.",afatinib,dutasteride,0,36614109,7,11205,0.0009739473387011211,NO,0
"Mutational analysis detected 18,261 mutations in the omicron variant, majority of which were non-synonymous mutations in spike (A67, T547K, D614G, H655Y, N679K, P681H, D796Y, N856K, Q954H), followed by RNA dependent RNA polymerase (rdrp) (A1892T, I189V, P314L, K38R, T492I, V57V), ORF6 (M19M) and nucleocapsid protein (RG203KR).",A67,K38R,0,35367284,21,3380,0.0004145262816579006,NO,0
WWOX-rs13338697 genotype predicts therapeutic efficacy of ADI-PEG 20 for patients with advanced hepatocellular carcinoma.,rs13338697,hepatocellular carcinoma,1,36530994,5,14354,0.9025716449715523,YES,1
"Results: Various medicines were given to the boy during the follow-up, including insulin to keep blood glucose stable, intravenous immunoglobulin and antifungal agents for recurrent infections, and antituberculosis drugs (isoniazid, rifampicin) to combat tuberculosis infection.",blood glucose,infections,0,36304533,5,7611,0.0014360115866612943,NO,0
"We identified one new risk variant rs61204179 (Pcombined = 1.47 x 10-9) with low allele frequency, four previously reported risk variants (NUCKS1/RAB29-rs11557080, SNCA-rs356182, FYN-rs997368, and VPS13C-rs2251086), as well as three risk variants in LRRK2 coding region (A419V, R1628P, and G2385R) with genome-wide significance (P < 5 x 10-8) for PD in Chinese population.",RAB29,FYN,0,36759515,15,12211,0.002801283368838124,NO,0
"The levels of glucose, total protein (TP), total cholesterol (TC), and the proinflammatory cytokines interleukin (IL)-1beta, IL-6 and tumor necrosis factor (TNF)-alpha in blood were examined, and we then detected glycogen and adenosine triphosphate (ATP) content, phosphofructosekinase-1 (PFK1) and glucose-6-phosphate dehydrogenase (G6PDH) activity, glucose transporter (GLUT)1, GLUT4, sodium/glucose cotransporter (SGLT)1 and citrate synthase (CS) protein expression and autophagy levels in circulating neutrophils.",tumor necrosis factor (TNF)-alpha,phosphofructosekinase-1,0,36174980,13,5897,0.00010502476060171688,NO,0
"However, high expression of MMP-2, MMP-9, p-AKT, and p-PI3K in Normal and preeclampsia groups caused by progesterone was weakened after adding LY294002, indicating that progesterone could activate PI3K/AKT signaling pathway to regulate HTR-8/Svneo cells.",AKT,LY294002,1,36593749,8,15295,0.6414045378631811,YES,1
"The most significant correlation was found for variant ACE2 rs2285666 (AA allele, OR = 2.12, p = 0.0189) and ACE2 rs2074192 (TT allele, OR = 2.05, p = 0.0016), and for ACE2 rs4646174 (GG allele, OR = 1.93, p = 0.0016), ACE2 rs4646156 (TT allele OR = 1.71, p = 0.008) and ACE2 rs2158083 (TT allele OR = 1.84, p = 0.0025).",rs4646174,rs4646156,0,36231922,6,6740,0.3610159507482869,NO,0
Astrocytes in heavy metal neurotoxicity and neurodegeneration.,heavy metal,neurodegeneration,1,33412145,3,1250,0.6092781432205837,YES,1
PEPCK-M promoted the activation of mTORC1 downstream signaling molecules and the E2F1 pathways in ER+ breast cancer.,mTORC1,E2F1,0,35757841,5,4055,0.13104187281429752,NO,0
"PRRT2 pathogenic variants have been described in benign familial infantile epilepsy, episodic ataxia, paroxysmal kinesigenic dyskinesia, and hemiplegic migraines.",PRRT2,paroxysmal kinesigenic dyskinesia,1,31193310,5,503,0.9992892585286212,YES,1
"We aimed to determine whether genetic variability represented by 38 tag-SNPs in genes of the cyclooxygenase pathway (PTGS1, PTGS2, PTGES, PTGES2 and PTGES3) leading to prostaglandin E2 (PGE2) synthesis, modified CV traits and events in 493 nephrosclerosis patients.",PTGES3,prostaglandin E2,1,36690661,8,11815,0.7056413742908633,YES,1
"We identified and characterized a homozygous loss-of-function stop mutation underlying IL23R deficiency, resulting in near absent expression of membrane bound IL23R. IL23R deficiency was characterized by impaired IL-23-mediated IFN-gamma secretion in CD4+, CD8+ T, and mucosal-associated invariant T (MAIT) cells, and low frequencies of circulating Th17 (CD3+CD45RA-CCR4+CXCR3-RORgammaT+), Th1* (CD45RA-CCR4-CXCR3+RORgammaT+), and MAIT (CD3+CD8+Valpha7.2+CD161+) cells.",IL-23,CXCR3,0,35829840,10,4311,0.05503060289208645,NO,0
"Importantly, decreased LPO expression was causally linked to aggravated microbiota-driven colitis and associated tumorigenesis, as LPO supplementation could completely rescue such phenotypes in mice deficient in epithelial chemerin-CMKLR1 signaling.",colitis,CMKLR1,1,35858331,5,4439,0.7463655258181527,YES,1
"In addition, we identified Kif13A, a Rab10 binding molecular motor, as a novel regulator of GLUT4 traffic.",Kif13A,GLUT4,1,36283703,3,7343,0.9580737781942307,YES,1
"This was a single-arm, open-label adaptive Bayesian dose-escalation study of Bermekimab combined with Nal-Iri and 5FU/FA in patients with advanced or locally advanced PDAC who failed gemcitabine-based chemotherapy.",Bermekimab,FA,1,36056179,7,4741,0.962569589249888,YES,1
"Based on our findings, it has become crucial to evaluate the impact of the emerging fully resistant type of Pfdhfr-Pfdhps as well as its combination with I431V on the efficacy of sulfadoxine-pyrimethamine (SP) in Nigeria.",Pfdhfr,sulfadoxine-pyrimethamine,1,36106887,3,4880,0.7444258867877299,YES,1
"Furthermore, we proved that ALA counteracts the effects of bleomycin on HK2, PFKFB3, LC3, Parkin, and LF activation in vivo.",bleomycin,PFKFB3,1,36635651,6,15578,0.628353131195562,YES,1
"We unveil, for the first time, that high-frequency mutations R346K/S, N439K, G446V, L455F, V483F/A, F486L, F490L/S, Q493L, and S494P might compromise some of mAbs in clinical trials.",F490L,Q493L,0,34273397,9,2162,0.0006053908111978193,NO,0
"Variants in the cystathionine beta-synthase (CBS) and methylenetetrahydrofolate reductase (MTHFR) genes interrupt the formation of the corresponding enzymes and prevent homocysteine from being metabolised; hence, the homocysteine levels in plasma increase than the optimum levels.",methylenetetrahydrofolate reductase,homocysteine,1,36512268,3,10293,0.9172270884836866,YES,1
"Furthermore, active pulmonary tuberculosis was treated with second-line ATD containing streptomycin, levofloxacin, and ethambutol with no adverse reaction.",pulmonary tuberculosis,ethambutol,1,36147124,4,5636,0.9949730600640475,YES,1
"Relative to control, 10muM THC and 10muM CBD reduced mRNA levels of milk proteins (CSN2 and WAP), lipid synthesizing and glucose transport markers (GLUT 1, HK2, FASN, FABP4, PLIN2 and LPL), as well as whey acidic protein and lipid levels.",CBD,FASN,1,35976913,12,4631,0.9467561311661421,YES,1
Dexamethasone ameliorates H2S-induced acute lung injury by alleviating matrix metalloproteinase-2 and -9 expression.,acute lung injury,matrix metalloproteinase-2 and -9,1,24722316,4,45,0.5521045271097479,YES,1
The predicted TFs and their differential binding affinities to the TIMP3 promoter provide insights into how TIMP3 interacts with arsenic through TFs in skin cancer formation.,TIMP3,arsenic,1,36499314,3,10207,0.9555781496588068,YES,1
"Our meta-analysis showed that the AT1R -1166 A/C allele was significantly associated with susceptibility to PE (A vs C: OR = 0.82, 95% CI: 0.69-0.96, P = .013), and there was significant difference in recessive gene model (AA vs AC + CC: OR = 0.81, 95% CI: 0.67-0.97, P = .021).",-1166 A/C,PE,1,36397318,3,9044,0.9962369604216986,YES,1
"The aPD-L1 collaborated with TAK228 restrains melanoma cell-intrinsic PD-1: PD-L1 tumorigenic interaction via blocking melanoma-PD-L1 ligand and the melanoma-PD-1 receptor-driven mTOR signaling; corresponding downregulation of mTOR downstream protumorigenic cellular MYC and proangiogenic hypoxia-inducible factor 1-alpha is conducive to preventing tumorigenesis and angiogenesis, respectively.",melanoma,PD-1,1,36203954,7,6378,0.6489819292588335,YES,1
"In addition to binding to the classical high-affinity extracellular benzodiazepine binding site of the GABAA receptor, some benzodiazepines occupy transmembrane inter-subunit anaesthetic sites that bind etomidate (beta+ /alpha- sites) or the barbiturate derivative R-mTFD-MPAB (alpha+ /beta- and gamma+",benzodiazepine,etomidate,1,34386973,5,2402,0.8060730149304017,YES,1
"In patients with INH-R tuberculosis, compared with treatment with at least 6 months of daily REZ, addition of a fluoroquinolone was associated with better treatment success, whereas addition of streptomycin was associated with less treatment success; however, the quality of the evidence was very low.",REZ,fluoroquinolone,1,29595509,5,12466,0.6607208529018718,YES,1
This study explored the role of IL-36 in psoriasis and investigated the molecular mechanism involved in tumour necrosis factor-alpha (TNFalpha)/IL-17A-mediated IL-36 induction.,psoriasis,tumour necrosis factor-alpha,1,33491092,3,1391,0.3217743308844696,NO,0
"Furthermore, treating with neutralizing antibodies against TNF-alpha and IFN-gamma protected mice from mortality during SARS-CoV-2 infection, sepsis, hemophagocytic lymphohistiocytosis, and cytokine shock.",TNF-alpha,hemophagocytic lymphohistiocytosis,1,33278357,7,1018,0.6366848103790536,YES,1
Toll-like receptor 4 (TLR4) has been implicated in pathological conditions including chronic pain.,Toll-like receptor 4,chronic pain,1,35780680,2,4202,0.9993218676316092,YES,1
Segawa syndrome caused by TH gene mutation and its mechanism.,Segawa syndrome,TH,1,36568392,2,10919,0.9913694961664592,YES,1
"Structural modeling of the Spike protein with the T1117I mutation suggests a potential effect on the viral oligomerization needed for cell infection, but no differences with other genomes on transmissibility, severity nor vaccine effectiveness are predicted.",T1117I,infection,0,33905892,3,1836,0.7655425364459783,YES,1
"We observed that CREPT competed with HDAC1 for binding to oncogene (such as CCND1, CLDN1, VEGFA, PPARD and BMP4) promoters but not the tumor suppressor gene (such as p21 and p27) promoters by a chromatin immunoprecipitation (ChIP) qPCR experiment.",PPARD,p27,0,36230720,10,6698,0.03982616224286583,NO,0
"In summary, PNPLA3- and ATGL-driven lipolysis is significantly regulated by perilipin 1 and 5 in steatohepatitis.",PNPLA3,perilipin 1 and 5,1,36611868,4,11154,0.7488302767439048,YES,1
"We found that, in addition to stimulating initial DNA unwinding, Mcm10 stabilizes Cdc45 and GINS association with Mcm2-7 and stimulates replication elongation in vivo and in vitro.",Mcm10,Cdc45,1,28270517,3,431,0.9790436577450354,YES,1
"Activated SGK3 can activate ion channels (TRPV5/6, SOC, Kv1.3, Kv1.5, Kv7.1, BKCa, Kir2.1, Kir2.2, ENaC, Nav1.5, ClC-2, and ClC Ka), carriers and receptors (Npt2a, Npt2b, NHE3, GluR1, GluR6, SN1, EAAT1, EAAT2, EAAT4, EAAT5, SGLT1, SLC1A5, SLC6A19, SLC6A8, and NaDC1), and Na+/K+-ATPase, promoting the transportation of calcium, phosphorus, sodium, glucose, and neutral amino acids in the kidney and intestine, the absorption of potassium and neutral amino acids in the renal tubules, the transportation of glutamate and glutamine in the nervous system, and the transportation of creatine.",ClC-2,EAAT2,0,36531961,37,14826,0.0070459982382940645,NO,0
"Activated SGK3 can activate ion channels (TRPV5/6, SOC, Kv1.3, Kv1.5, Kv7.1, BKCa, Kir2.1, Kir2.2, ENaC, Nav1.5, ClC-2, and ClC Ka), carriers and receptors (Npt2a, Npt2b, NHE3, GluR1, GluR6, SN1, EAAT1, EAAT2, EAAT4, EAAT5, SGLT1, SLC1A5, SLC6A19, SLC6A8, and NaDC1), and Na+/K+-ATPase, promoting the transportation of calcium, phosphorus, sodium, glucose, and neutral amino acids in the kidney and intestine, the absorption of potassium and neutral amino acids in the renal tubules, the transportation of glutamate and glutamine in the nervous system, and the transportation of creatine.",SGK3,GluR6,1,36531961,37,14493,0.9668153713544081,YES,1
"Treatment of ERK inhibitor U0126 or PI3K inhibitor wortmannin decreased p-CREB, BDNF and BCL2 in these cells, implying that the neuroprotective effects of LMDS-1/2 are via activating TRKB downstream ERK, PI3K-AKT and CREB signaling.",PI3K,TRKB,0,36361524,10,8421,0.48240809520878275,NO,0
"rs2258461 with body mass index, rs9861311 and rs429358 with body fat percentage, rs2870099 with waist-hip ratio, and rs145500243 with waist circumference.",rs429358,rs2870099,0,36276968,5,7289,9.6401292562562e-05,NO,0
"Particularly in neutrophils, DEX injection inhibited p65-NFkappaB activation and elevated glycogen and ATP contents and SGLT1, GLUT1 and GR expression while inhibiting PFK1 activity, enhancing G6PDH activity and CS expression and lowering cell autophagy levels.",DEX,glycogen,1,36174980,10,5953,0.992069458260851,YES,1
"Activated SGK3 can activate ion channels (TRPV5/6, SOC, Kv1.3, Kv1.5, Kv7.1, BKCa, Kir2.1, Kir2.2, ENaC, Nav1.5, ClC-2, and ClC Ka), carriers and receptors (Npt2a, Npt2b, NHE3, GluR1, GluR6, SN1, EAAT1, EAAT2, EAAT4, EAAT5, SGLT1, SLC1A5, SLC6A19, SLC6A8, and NaDC1), and Na+/K+-ATPase, promoting the transportation of calcium, phosphorus, sodium, glucose, and neutral amino acids in the kidney and intestine, the absorption of potassium and neutral amino acids in the renal tubules, the transportation of glutamate and glutamine in the nervous system, and the transportation of creatine.",BKCa,calcium,0,36531961,37,14700,0.7757076079487856,YES,1
"A phase 1 study was conducted to evaluate the pharmacokinetics, safety, and tolerability of the co-administration of sirolimus or everolimus with the ritonavir-containing 3D regimen of the direct-acting antiviral agents ombitasvir, ritonavir-boosted paritaprevir, and dasabuvir in healthy subjects.",ritonavir,ombitasvir,1,36416673,6,9295,0.8759199506462205,YES,1
"Herein, we identified the pro-apoptotic protein BCL2L11 (BIM) as being a key mediator of sensitivity in response to combined dasatinib and trametinib treatment.",BCL2L11,trametinib,1,36672327,3,11595,0.9208521858779293,YES,1
"The aim of this study was to evaluate single nucleotide polymorphisms (SNPs) in FOS, CASP8 and MMP2 and to determine their SNP-SNP interactions with CRISPLD2 variants in the risk of nonsyndromic cleft lip with or without cleft palate (NSCL+-P) in the Brazilian population.",MMP2,nonsyndromic cleft lip with or without cleft palate,1,36661544,5,16389,0.7082759259168082,YES,1
"We show here that BROMI interacts not only with CCRK but also with CFAP20, an evolutionarily conserved ciliary protein, and with FAM149B1/ Joubert syndrome (JBTS)36, a protein in which mutations cause JBTS.",CCRK,JBTS,1,35609210,5,3782,0.013629867386183209,NO,0
"OBJECTIVE/BACKGROUND: Recurrent somatic mutations in the JAK2, calreticulin (CALR), and the MPL genes are described as drivers of BCR-ABL1-negative myeloproliferative neoplasms (MPN) that includes polycythemia vera (PV), essential thrombocytosis (ET), primary myelofibrosis (PMF), and MPN unclassified (MPN-U).",calreticulin,polycythemia vera,1,33789164,9,1746,0.6879671301684348,YES,1
"Genes or proteins regulating lipid metabolism include sterol regulatory element binding protein 1 (SREBP1), adipose triglyceride lipase (ATGL), hormone sensitive lipase (HSL), acetyl-CoA carboxylase 1 (ACC1), fatty acid synthase (FAS), zinc alpha 2 glycoprotein (ZAG) and estrogen receptor alpha (ERalpha), and the expression of proteins regulating inflammatory response, such as TLR4 and NF-kappaB, were determined.",fatty acid synthase,zinc alpha 2 glycoprotein,0,31661889,11,12620,0.0009372441186291371,NO,0
"Moreover, they inhibited the protein expression of PPARgamma, C/EBPalpha, COX-2, C/EBPbeta, and iNOS in the co-cultures of 3T3-L1 and RAW264.7 cells.",PPARgamma,iNOS,0,36559664,7,10882,0.06612408619148659,NO,0
"The functionalized systems were then tested as catalysts for the conversion of CO2 and epoxides to cyclic carbonates in a batch reactor at 100 or 125  C, with an initial CO2 pressure (at room temperature) of 25 bar.",epoxides,cyclic carbonates,1,36558016,3,10823,0.9982151556441662,YES,1
"In conclusion, an EP4 antagonist reduced the development of peritoneal fibrosis, possibly by suppressing NLRP3 inflammasome- and p-p65-mediated inflammatory responses.",EP4,p65,0,36438844,5,9862,0.2777701639351406,NO,0
"Compared with the wild type (WT), the M5D mutant (Q34P/A37P/M176V/G177A/M294R/ G28C-P206C), which contains five single-point mutations and one additional disulfide bond, displayed a 14.0  C increase in the melting temperature (Tm), 5  C in the optimal temperature, and 1154.3-fold in the half-life (t1/2) at 55  C.",A37P,M294R,0,36553811,8,10761,0.12087174848846083,NO,0
"After pretreatment with NaHS in thyrocytes, ACE2 and NRP1 expression were downregulated compared to IFN-gamma or TNF-alpha treatment, and NaHS had no effect on TMPRSS2 expression.",ACE2,IFN-gamma,1,36362417,6,13906,0.7106737772806996,YES,1
"In this study, we performed whole-exome sequencing on BRAF-V600E-mutant melanoma patient tumors refractory to the combination of BRAF/MEK inhibition and identified acquired oncogenic mutations in NRAS and loss of the tumor suppressor gene CDKN2A We hypothesized the acquired resistance mechanisms to BRAF/MEK inhibition were reactivation of the MAPK pathway and activation of the cell-cycle pathway, which can both be targeted pharmacologically with the combination of a MEK inhibitor (trametinib) and a CDK4/6 inhibitor (palbociclib).",MAPK,CDK4/6,1,34376578,12,2365,0.21138331096391155,NO,0
"Interestingly, a likely compensatory effect was shown between A30K and A62T. Emergence of Y93H was always associated with RAS at position 62.",A30K,A62T,0,36410397,3,16192,0.9974687644562831,YES,1
"We analyzed samples of amino-acid sequences (AASs) for envelope (E), membrane (M), nucleocapsid (N), and spike (S) proteins from the declaration of the coronavirus 2019 (COVID-19) as pandemic to January 2022.",envelope,spike,0,36528612,5,10450,0.0030964724321137257,NO,0
"In heart failure with preserved ejection fraction and CpcPH models, metabolic syndrome contributes to pulmonary vascular dysfunction and EIPH through enhanced reactive oxygen species and miR-193b expression, which downregulates NFYA-dependent sGCbeta1 expression.",pulmonary vascular dysfunction,reactive oxygen species,1,34157861,8,13009,0.967965047155238,YES,1
"Activated SGK3 can activate ion channels (TRPV5/6, SOC, Kv1.3, Kv1.5, Kv7.1, BKCa, Kir2.1, Kir2.2, ENaC, Nav1.5, ClC-2, and ClC Ka), carriers and receptors (Npt2a, Npt2b, NHE3, GluR1, GluR6, SN1, EAAT1, EAAT2, EAAT4, EAAT5, SGLT1, SLC1A5, SLC6A19, SLC6A8, and NaDC1), and Na+/K+-ATPase, promoting the transportation of calcium, phosphorus, sodium, glucose, and neutral amino acids in the kidney and intestine, the absorption of potassium and neutral amino acids in the renal tubules, the transportation of glutamate and glutamine in the nervous system, and the transportation of creatine.",Kv1.5,SLC6A8,0,36531961,37,14636,0.1921757574159054,NO,0
"We showed that activation of the mitochondrial ClpP protease by mutant ClpP (Y118A) or through utilization of second-generation imipridone compounds (ONC206 and ONC212) in combination with genetic interference of HDAC1 and HDAC2 as well as with global (panobinostat) or selective (romidepsin) HDAC inhibitors caused synergistic reduction of viability in GBM model systems, which was mediated by interference with tricarboxylic acid cycle activity and GBM cell respiration.",HDAC1,panobinostat,1,35417530,12,3585,0.18891467235504078,NO,0
"Analyses included participants with pathogenic biallelic mutations in adenosine triphosphate (ATP)-binding cassette subfamily B member 11 (ABCB11) (bile salt export pump; BSEP) or adenosine triphosphatase (ATPase) phospholipid transporting 8B1 (ATP8B1) (familial intrahepatic cholestasis; FIC1), or those with monoallelic or biallelic mutations in adenosine triphosphate (ATP)-binding cassette subfamily B member 4 (ABCB4) (multidrug resistance; MDR3), prospectively enrolled in the Longitudinal Study of Genetic Causes of Intrahepatic Cholestasis (LOGIC; NCT00571272) between November 2007 and December 2013.",adenosine triphosphate (ATP)-binding cassette subfamily B member 11,adenosine triphosphate (ATP)-binding cassette subfamily B member 4,0,34016879,5,1881,0.038069228083043756,NO,0
The Nutraceutical Genistein-Lycopene Combination Improves Bone Damage Induced by Glucocorticoids by Stimulating the Osteoblast Formation Process.,Lycopene,Bone Damage,1,36296984,4,7449,0.7427523423392178,YES,1
"A previously reported missense mutation, c.265C>T (p.Arg89Cys), was found in one Iranian family for the first time, and a combination of two variants in a single codon, c.[265C>T;267C>A] (p.Arg89X), was identified in the three other families.",c.265C>T,267C>A],0,36274208,3,7238,0.7787013511575026,YES,1
"BACKGROUND: Mutations in RAS (KRAS, NRAS) and BRAF genes are the main biomarker predicting response to anti-EGFR monoclonal antibodies in targeted therapy in colorectal cancer (CRC).",KRAS,NRAS,0,36444585,6,9934,0.21574816635811275,NO,0
"The roles of thioredoxin-interacting protein (TXNIP) and receptor for advanced glycation end-products (RAGE)-dependent mechanisms of NOD-like receptor family, pyrin domain containing 3 (NLRP3) inflammasome-driven macrophage activation during acute lung injury are underinvestigated.",thioredoxin-interacting protein,"NOD-like receptor family, pyrin domain containing 3",1,36232959,4,6757,0.22108860250746257,NO,0
"Activated SGK3 can activate ion channels (TRPV5/6, SOC, Kv1.3, Kv1.5, Kv7.1, BKCa, Kir2.1, Kir2.2, ENaC, Nav1.5, ClC-2, and ClC Ka), carriers and receptors (Npt2a, Npt2b, NHE3, GluR1, GluR6, SN1, EAAT1, EAAT2, EAAT4, EAAT5, SGLT1, SLC1A5, SLC6A19, SLC6A8, and NaDC1), and Na+/K+-ATPase, promoting the transportation of calcium, phosphorus, sodium, glucose, and neutral amino acids in the kidney and intestine, the absorption of potassium and neutral amino acids in the renal tubules, the transportation of glutamate and glutamine in the nervous system, and the transportation of creatine.",SLC6A8,phosphorus,0,36531961,37,15091,0.3187747157432977,NO,0
"CONCLUSIONS: Mutations in CCND3, a gene not commonly mutated in AML, are a novel cause of clinical primary resistance to FLT3 inhibitors in AML and may have sensitivity to CDK4/6 inhibition.",CCND3,CDK4/6,1,34103301,4,1956,0.6153366832027317,YES,1
Association of CYP2R1 and VDR Polymorphisms with Metabolic Syndrome Components in Non-Diabetic Brazilian Adolescents.,VDR,Diabetic,1,36364874,4,8555,0.0007072372056456122,NO,0
"Carriers of the GPX4 (rs173041) T allele were associated with an increased risk of developing colorectal cancer in additive and dominant models (p = 0.02 and p = 0.004, respectively).",GPX4,colorectal cancer,1,36555402,3,10784,0.9980356254734977,YES,1
"Whole-exome sequencing revealed a novel missense variant from G to A in exon 45 of 68 in the COL11A1 gene (NM_080629.2: c.3440G > A, [p.G1147E, g.103404625]).",c.3440G > A,p.G1147E,0,36397853,4,9056,0.8482644571145203,YES,1
"Intake of heavy metals affects astroglial homeostatic and neuroprotective cascades including glutamate/GABA-glutamine shuttle, antioxidative machinery and energy metabolism.",GABA,glutamine,1,33412145,4,1347,0.5399986647549884,YES,1
"Fenretinide via NOXA Induction, Enhanced Activity of the BCL-2 Inhibitor Venetoclax in High BCL-2-Expressing Neuroblastoma Preclinical Models.",NOXA,BCL-2,0,31484706,5,575,0.4133558391291638,NO,0
"Our results indicate that circFAT1 promote tumorigenesis in LUAD through sequestering miR-7, consequently upregulating IRS2-ERK1/2-mediated CCND1 expression, and can be a valuable therapeutic target and an important parameter for precision treatment in LUAD patients.",LUAD,IRS2,1,35844799,6,4388,0.5580203492841922,YES,1
"Furthermore, CALCB increases ERK1/2 phosphorylation in a time-dependent manner in RUASM, and the protective effect of CALCB on TNFalpha-induced inhibition of CALCRL/RAMP1 associations was significantly blocked in presence of ERK inhibitor (PD98059).",CALCRL,ERK,0,27784654,7,278,0.4561615776595125,NO,0
In this study we aimed to investigate the prognostic role of the rs822336 G>C and rs822337 T>A polymorphisms of the PD-L1 (Programmed Death-Ligand 1) in TNBC patients.,PD-L1,TNBC,1,36295559,5,7430,0.3515798378582951,NO,0
"We report a case of reinfection by SARS-CoV-2 with the second virus harboring amino acid changes in the Spike protein (141-143del, D215A, ins215AGY, L452R, D614G), orf1a, helicase, orf3a, and Nucleocapside.",141-143del,L452R,0,34107326,10,1993,0.08913359554350289,NO,0
Our findings suggest significant modifications of the effect of the association between arsenic exposure and skin cancer risk by the TIMP3 rs9619311 and rs2234921 variants.,rs9619311,rs2234921,0,36499314,5,10206,0.010081277700283978,NO,0
"Next, we observed enhanced colocalization of NLRP3 vs. adaptor protein ASC or caspase-1 in the carotid ECs of WD-treated Smpd1trg/ECcre mice, but not in their control littermates.",caspase-1,Smpd1,0,36252682,5,6934,0.11641853553832272,NO,0
"As a result, a total of 101 common active ingredients and 21 key active ingredients of four CPMs were obtained, including quercetin, luteolin, acacetin, kaempferol, baicalein, naringenin, artemisinin, aloe-emodin, which might be medicinal substances for the treatment of COVID-19.",aloe-emodin,COVID-19,1,36388945,10,8840,0.9641677128823068,YES,1
Tryptophan mutations in G3BP1 tune the stability of a cellular signaling hub by weakening transient interactions with Caprin1 and USP10.,Tryptophan,Caprin1,0,36183834,4,6071,0.4672927189389592,NO,0
"Klotho-deficient mice demonstrated higher levels of bone morphogenetic proteins (BMP2, BMP4) and runt-related transcription factor 2 (RUNX2) in aortas, indicating that Klotho deficiency upregulates expression of BMP2 and RUNX2 (a key transcription factor in osteoblasts).",BMP2,BMP4,0,34368951,5,2260,0.023590685939462137,NO,0
IL-6 activates the trans-signaling pathway via the formation of the IL-6/sIL-6Ra/gp130 receptor complex and subsequent activation of the JAK/STAT3 signaling pathway and PI3K/AKT and MEK/ERK kinases in some cases.,IL-6Ra,AKT,0,36406976,9,13951,0.5810544441663281,YES,1
"Dose-dense brentuximab vedotin plus ifosfamide, carboplatin, and etoposide for second-line treatment of relapsed or refractory classical Hodgkin lymphoma: a single centre, phase 1/2 study.",ifosfamide,etoposide,1,34329577,6,13237,0.967294228641696,YES,1
"Further, these TLRs positive cells were correlated with the surface markers of cell exhaustion such as Programmed Death-1 (PD-1) and its ligand (PD-L1), which indicated their role in immunosuppression.",TLRs,PD-L1,0,36419668,3,9372,0.6876042164575118,YES,1
This study provides a novel proof-of-concept of complex RAGE-TXNIP-NLRP3 interactions during macrophage activation in acute lung injury.,RAGE,NLRP3,1,36232959,4,6837,0.9794989804545535,YES,1
"To investigate the molecular consequences of mutations in EXOSC3 that lead to neurological diseases, we analyzed the effect of three of the mutations that affect conserved residues of EXOSC3/Rrp40p (G31A, G191C, and W238R; G8A, G148C, and W195R, respectively, in human and yeast) in S. cerevisiae We show that the severity of the phenotypes of these mutations in yeast correlate with that of the disease in human patients, with the W195R mutant showing the strongest growth and RNA processing phenotypes.",neurological diseases,Rrp40p,1,28053271,11,399,0.2587300956854049,NO,0
and CXCL13 were overexpressed and miR-18a was underexpressed in MCAO-induced mice and OGD-treated N2a cells.,CXCL13,MCAO,0,32862188,5,767,0.30681947953753935,NO,0
"Taken together, KRGE-induced bilirubin production is required for enhanced astrocytic mitochondrial function in an LKB1-dependent and AMPKalpha-independent manner under physiological conditions.",bilirubin,AMPKalpha,1,36139815,4,5270,0.5445807343245767,YES,1
"Haplotype analysis elucidated a strong linkage disequilibrium between the 3 SNPs, rs5219, rs2285676, and rs757110.",rs5219,rs757110,0,36401380,3,9140,0.986171391783799,YES,1
Sequencing of microRNAs deregulated in BC was performed using DNA from Chilean patients with a strong family history and negative for mutations in BRCA1/BRCA2.,BC,BRCA1,1,36499743,4,10211,0.11464882274030917,NO,0
Induction of Synthetic Lethality by Activation of Mitochondrial ClpP and Inhibition of HDAC1/2 in Glioblastoma.,ClpP,HDAC1/2,1,35417530,3,3536,0.8308192448178146,YES,1
"Using a combination of regional association studies, a linkage disequilibrium map, and multivariate analysis, we revealed that the APOB locus variants rs144467873, rs13306194, and rs1367117 were independently associated with total, low-density lipoprotein (LDL), and non-high-density lipoprotein (non-HDL) cholesterol levels; rs1318006 was associated with HDL cholesterol levels; rs13306194 and rs35131127 were associated with serum triglyceride levels; rs144467873, rs13306194, rs56213756, and rs679899 were associated with remnant cholesterol levels; and rs144467873 and rs4665709 were associated with metabolic syndrome.",rs13306194,rs679899,0,36499290,12,10104,0.2414365353399334,NO,0
"The survival rate of laryngeal squamous cell carcinoma: impact of IL1RAP rs4624606, IL1RL1 rs1041973, IL-6 rs1800795, BLK rs13277113, and TIMP3 rs9621532 single nucleotide polymorphisms.",rs1800795,rs9621532,0,36682035,11,11690,0.013454891588315391,NO,0
"Mechanistically, TNF-alpha and IFN-gamma co-treatment activated the JAK/STAT1/IRF1 axis, inducing nitric oxide production and driving caspase-8/FADD-mediated PANoptosis.",IRF1,caspase-8,0,33278357,8,1001,0.456608501529465,NO,0
SNPs Rs11614913 in miR196a and Rs3746444 in miR-499 are implicated in the development of cancers such as non-small cell lung cancer (NSCLC) in non-Arabic subjects.,miR196a,cancers,0,36258913,6,7025,0.782381329965222,YES,1
"In conclusion, this study demonstrates that CALCRL predominantly associates with RAMP1 forming a CALCB-specific receptor complex in RUASM cells, which is dissociated by TNFalpha.",RAMP1,CALCB,1,27784654,4,286,0.7012814374294132,YES,1
"We create eight mutants with single substitutions at one of the four positions Ala2, Phe4, Tyr10, and Val12 to decrease the hydrophobicity at respective positions (A2T, A2S, F4A, F4S, Y10A, Y10S, V12A, and V12S) and one mutant (Y10F) to remove the polar nature of Tyr10.",Y10A,Y10S,0,36411082,9,9269,0.00884172557337163,NO,0
"It reduced the lipopolysaccharide (LPS)-induced production of pro-inflammatory factors, including interleukin-1beta (IL-1beta), IL-6, tumor necrosis factor-alpha (TNF-alpha), and nitric oxide (NO), and the expression of inducible NO synthase and cyclooxygenase-2.",tumor necrosis factor-alpha,inducible NO synthase,0,36142500,7,13662,0.0846727536428484,NO,0
"We aimed to determine whether genetic variability represented by 38 tag-SNPs in genes of the cyclooxygenase pathway (PTGS1, PTGS2, PTGES, PTGES2 and PTGES3) leading to prostaglandin E2 (PGE2) synthesis, modified CV traits and events in 493 nephrosclerosis patients.",PTGS2,PTGES,0,36690661,8,11803,0.0012860692087980105,NO,0
Our findings demonstrate that blocking the TBK1-IRF3 signaling pathway suppresses IL-33 expression and cancer-prone chronic inflammation.,TBK1,IL-33,1,36711701,5,11988,0.9348613720743674,YES,1
"Importantly, we determined that moderation of Parkin/LC3-mediated mitophagy by TGF-beta1 also promotes glycolysis but is reversed by ALA.",Parkin,ALA,1,36635651,4,15568,0.21271844157114542,NO,0
"Comclusion: In summary, the WWOX-rs13338697 and rs6025211 genotypes predicted treatment outcomes in ADI-PEG 20-treated advanced HCC patients.",rs13338697,HCC,1,36530994,6,14404,0.7108516154698864,YES,1
"In this study, we aimed to characterize the mutational spectrum of the PTS gene in patients with PTPSD from Jiangxi province.",PTS,PTPSD,1,36583021,3,11070,0.7077165755122589,YES,1
"Activated SGK3 can activate ion channels (TRPV5/6, SOC, Kv1.3, Kv1.5, Kv7.1, BKCa, Kir2.1, Kir2.2, ENaC, Nav1.5, ClC-2, and ClC Ka), carriers and receptors (Npt2a, Npt2b, NHE3, GluR1, GluR6, SN1, EAAT1, EAAT2, EAAT4, EAAT5, SGLT1, SLC1A5, SLC6A19, SLC6A8, and NaDC1), and Na+/K+-ATPase, promoting the transportation of calcium, phosphorus, sodium, glucose, and neutral amino acids in the kidney and intestine, the absorption of potassium and neutral amino acids in the renal tubules, the transportation of glutamate and glutamine in the nervous system, and the transportation of creatine.",SGLT1,SLC1A5,0,36531961,37,15052,0.0013109411898203633,NO,0
"The expression levels of adipogenesis- and inflammation-associated proteins, including CCAAT/enhancer-binding protein (C/EBP)-alpha, inducible nitric oxide synthase (iNOS), C/EBPbeta, peroxisome proliferator-activated receptor gamma (PPARgamma), and cyclooxygenase-2 (COX-2), were determined via Western blotting.",C/EBPbeta,cyclooxygenase-2,0,36559664,6,10870,0.0008289642510410207,NO,0
"Fibroblasts from HFrEF show higher migratory rate compared with control (P = 0.0036), and increased expression of HF markers [fold-change (Log2): COL1A1-1.3; IL-1b-1.9; IL-6-1.7; FN1-2.9 (P < 0.05)].",HF,COL1A1,0,36303443,6,13792,0.7388932992775211,YES,1
"The combined treatment of genistein and lycopene improved the bone damage induced by glucocorticoids and significantly restored the normal architecture of bones as well as adequate interconnectivity of bone trabeculae, thus increasing bone mineral density parameters.",lycopene,bone damage,1,36296984,4,7506,0.8873972956089863,YES,1
"In this study, we performed whole-exome sequencing on BRAF-V600E-mutant melanoma patient tumors refractory to the combination of BRAF/MEK inhibition and identified acquired oncogenic mutations in NRAS and loss of the tumor suppressor gene CDKN2A We hypothesized the acquired resistance mechanisms to BRAF/MEK inhibition were reactivation of the MAPK pathway and activation of the cell-cycle pathway, which can both be targeted pharmacologically with the combination of a MEK inhibitor (trametinib) and a CDK4/6 inhibitor (palbociclib).",NRAS,palbociclib,0,34376578,12,2359,0.010120224224367712,NO,0
"Instead, molecular mechanics generalized Born surface area (MM/GBSA) approximation energies, which we used to quantify the thermodynamic cost of structural rearrangement of the proteins upon binding ions, indicated that S55D/E59D alphaPV favored Ca2+ binding by -20 kcal/mol relative to WT versus 30 kcal/mol for D94S/G98E alphaPV.",D94S,G98E,0,34115511,6,15898,0.6889915752552513,YES,1
"Downregulation of apelin and ACE2 and upregulation of SGLT2, endothelin-1 and pro-inflammatory cytokines contribute to SARS-CoV-2-mediated cardiorenal injury, indicating that the apelin-ACE2 signaling and SGLT2 inhibitors are potential therapeutic targets for COVID-19 patients.",SGLT2,inflammatory,0,34000358,9,12867,0.11916375840080409,NO,0
"Haplotype analysis revealed that the AACATGG and GACATGG haplotypes for the rs1544410, rs7975232, rs731236, rs4646536, rs703842, rs3782130, and rs10877012 polymorphisms were associated with a lower risk of NSCLC (p = 0.015 and p = 0.044 respectively).",rs703842,rs3782130,0,36364930,8,8655,0.3864813800817043,NO,0
We next examined the association of the WWOX-rs13338697 genotypes with WWOX tissue protein levels in 214 paired (cancerous/noncancerous) surgically resected HCC tissues (cohort-3).,rs13338697,HCC,1,36530994,3,14376,0.33668914916182197,NO,0
"Zfra, a 31-amino-acid zinc finger-like WWOX-binding protein, is known to restore memory deficits in 9-month-old triple-transgenic (3xTg) mice by blocking the aggregation of TPC6ADelta, SH3GLB2, tau, and amyloid beta, as well as inflammatory NF-kappaB activation.",TPC6ADelta,inflammatory,0,36498839,9,14127,0.006628396716177336,NO,0
"Bax inhibitor, Z-VAD-FMK, pepstatin, and necrostatin partially reduced cell death, suggesting that involvement of the caspase-dependent and -independent mechanisms is related to cell type.",Bax,caspase,0,36500726,5,10262,0.0303911151428527,NO,0
"E166V mutation conferred the strongest resistance (around 100-fold), but this mutation resulted in a loss of viral replicative fitness that was restored by compensatory changes such as L50F and T21I. Our findings indicate that SARS-CoV-2 resistance to nirmatrelvir does readily arise via multiple pathways in vitro, and the specific mutations observed herein form a strong foundation from which to study the mechanism of resistance in detail and to inform the design of next-generation protease inhibitors.",E166V,T21I,0,36351451,5,8277,0.8111099146065479,YES,1
"Downregulation of apelin and ACE2 and upregulation of SGLT2, endothelin-1 and pro-inflammatory cytokines contribute to SARS-CoV-2-mediated cardiorenal injury, indicating that the apelin-ACE2 signaling and SGLT2 inhibitors are potential therapeutic targets for COVID-19 patients.",apelin,endothelin-1,0,34000358,9,12857,0.13061816405820587,NO,0
"Six SNPs of ABCB1 (rs3842, rs1045642, rs2032582, rs1128503, rs3213619, and rs3747802), one SNP of CYP3A5 (rs776746), seven SNPs of APOB (rs1042034, rs2163204, rs693, rs679899, rs13306194, rs13306198, and rs1367117), and two SNPs of APOE (rs429358 and rs7412) were analyzed by a TaqMan genotyping assay.",rs2032582,rs1128503,0,36145636,20,5507,0.0017009571857021155,NO,0
"This study was conducted for 28 days, and the results showed that BPA indeed induced an impairment in amino acid metabolism, taking place in the mitochondria by significantly (p < 0.05) decreasing the levels of certain amino acids, i.e., taurine, threonine, asparagine, leucine, norleucine, and glutamic acid in the mice plasma.",BPA,taurine,1,36432690,9,9707,0.9861262929234259,YES,1
"Western blot was performed to detect Cyclin D1, PCNA, MMP-2, MMP-9, inflammatory factors TNF-alpha, IL-1beta, IL-4, IL-10, IL-13, and",IL-10,IL-13,0,36593749,10,15241,0.0002919053338948418,NO,0
"Using molecular dynamics simulations, we investigated the binding characteristics of the Delta and Omicron (BA.1) variants in comparison to wild-type (WT) at the interface of the spike protein receptor binding domain (RBD) and human angiotensin converting enzyme-2 (ACE2) ectodomain.",spike,angiotensin converting enzyme-2,1,36055162,4,15995,0.9047944673435354,YES,1
"The expression levels of THY1+, CD73+, and CD271+ were highest and those of CD54+ and CD29+ were lowest in CD34+THY1",CD271,CD29,0,35168627,6,3197,0.8770754642423768,YES,1
"Screening of unrelated TM cells (n = 27) showed higher prevalence of the THBS1 variant but not the LAMB2 variant, in GTM cells (39%) than NTM cells (11%).",THBS1,LAMB2,0,34143713,2,2031,0.703579062369374,YES,1
"Q57H and T151I of ORF3a; T21I and W27L of ORF6; G38V, V82A, and T120I of ORF7a; S31P and T40I of ORF7b; and R52I, C61F, and I121L of ORF8 were highly frequent in most variants of concern and were within known functional domains.",T151I,C61F,0,35764775,17,4135,0.0021327224814498506,NO,0
"1,055 patients were treated with XELOX +-cetuximab and 745 with folinic acid, fluorouracil and oxaliplatin +-cetuximab.",cetuximab,fluorouracil,1,35467766,6,3636,0.7211168464129658,YES,1
"IFNgamma-primed, TLR-induced macrophage killing required iNOS, which licensed apoptotic caspase-8 activity and reduced the BAX and BAK inhibitors, A1 and MCL-1.",BAX,BAK,0,35139355,7,3148,0.3452777165845152,NO,0
"The levels of glucose, total protein (TP), total cholesterol (TC), and the proinflammatory cytokines interleukin (IL)-1beta, IL-6 and tumor necrosis factor (TNF)-alpha in blood were examined, and we then detected glycogen and adenosine triphosphate (ATP) content, phosphofructosekinase-1 (PFK1) and glucose-6-phosphate dehydrogenase (G6PDH) activity, glucose transporter (GLUT)1, GLUT4, sodium/glucose cotransporter (SGLT)1 and citrate synthase (CS) protein expression and autophagy levels in circulating neutrophils.",glucose-6-phosphate dehydrogenase,GLUT4,0,36174980,13,5922,0.00015529178218252394,NO,0
"Relative to control, 10muM THC and 10muM CBD reduced mRNA levels of milk proteins (CSN2 and WAP), lipid synthesizing and glucose transport markers (GLUT 1, HK2, FASN, FABP4, PLIN2 and LPL), as well as whey acidic protein and lipid levels.",glucose,GLUT 1,1,35976913,12,4659,0.15273734738614694,NO,0
"The level of N6-methyl-2'-deoxyadenosine and 3-methyladenine in the urine of rats was statistically significantly higher in the groups supplemented with apigenin, epicatechin, and naringenin administered in combination with Zn than in the groups receiving only polyphenolic compounds.",N6-methyl-2'-deoxyadenosine,epicatechin,1,36673448,8,15783,0.38920025780559464,NO,0
BCL2L11 Induction Mediates Sensitivity to Src and MEK1/2 Inhibition in Thyroid Cancer.,Src,Thyroid Cancer,1,36672327,4,11560,0.687030199368887,YES,1
"We validated that the C allele of rs9619311 attenuated the binding affinity of BACH2, MEIS2, NFE2L2, and PBX2 to the TIMP3 promoter, and that the G allele of rs2234921 reduced the affinity of E2F8 and RUNX1 to bind to the promoter.",PBX2,TIMP3,1,36499314,9,10193,0.9577886381660432,YES,1
"DEX injection markedly increased blood glucose, TP and TC levels, the Ca2+/P5+ ratio and the neutrophil/lymphocyte ratio and significantly decreased blood IL-1beta, IL-6 and TNF-alpha levels.",P5+,TNF-alpha,0,36174980,7,5948,0.0002714327181335312,NO,0
"As a result, a total of 101 common active ingredients and 21 key active ingredients of four CPMs were obtained, including quercetin, luteolin, acacetin, kaempferol, baicalein, naringenin, artemisinin, aloe-emodin, which might be medicinal substances for the treatment of COVID-19.",acacetin,baicalein,0,36388945,10,8821,0.00028518645736312566,NO,0
"MATERIALS AND METHODS: In the current study, eight clinically confirmed children with homocystinuria were detected to study the chosen variants in the CBS gene (c.833 T>C and c.19del) and in the MTHFR gene (c.665 C>T, c.1286 A>C) using SNaPshot mini-sequencing and direct sequencing.",c.833 T>C,c.1286 A>C,0,36512268,7,10303,0.02350324697036268,NO,0
"Forty patients were included, of which telomerase reverse transcriptase mutations were found in 21 (52.5%), being C228T and C250T the most frequent variants with 87.5 % and 14.3 %, respectively.",C228T,C250T,0,36511679,4,10282,0.2940914179571069,NO,0
"A, c.1265T>C), 3 splicing (c.316+1G>T, c.682-2A>G, c.572-16C>G), 2 nonsenses (c.790delC, c.1248G>A), and 1 frameshift (c.1346delA).",c.682-2A>G,c.1248G>A,0,36760778,7,12312,0.0006951038282684428,NO,0
"OBJECTIVE/BACKGROUND: Recurrent somatic mutations in the JAK2, calreticulin (CALR), and the MPL genes are described as drivers of BCR-ABL1-negative myeloproliferative neoplasms (MPN) that includes polycythemia vera (PV), essential thrombocytosis (ET), primary myelofibrosis (PMF), and MPN unclassified (MPN-U).",calreticulin,primary myelofibrosis,1,33789164,9,1748,0.6902156204373403,YES,1
"Phase 1 study of bendamustine in combination with clofarabine, etoposide, and dexamethasone in pediatric patients with relapsed or refractory hematologic malignancies.",dexamethasone,hematologic malignancies,1,33598942,6,1462,0.8853189054762906,YES,1
Progesterone could reduce blood pressure and urine protein in pregnant women with preeclampsia.,Progesterone,preeclampsia,1,36593749,3,15243,0.9840201177778968,YES,1
"Above all, SFN and ISO possessed high logP values and effectively improving DSS-induced colitis by activating the Keap1-Nrf2 pathway to alleviate oxidative stress and inflammatory responses.",ISO,colitis,1,36552614,7,10730,0.9776840528442283,YES,1
"Further, HTL incubation or iNOS overexpression promoted endothelial cellular senescence, but abolished by exogenous expression of MT-GCH1 or pharmacological approaches including N-acetyl-cysteine, L-sepiapterin, and tempol.",HTL,tempol,1,36399957,6,9091,0.32101106554839337,NO,0
"We performed functional validation of the R381X mutation by evaluating IL23R expression and IL-23 signaling (STAT3 phosphorylation, IFN-gamma production) in primary cells (PBMCs, EBV-B cells) and cell lines (HeLa) with or without back-complementation of wild-type IL23R. RESULTS:",STAT3,IFN-gamma,0,35829840,6,4296,0.06278712423202462,NO,0
"Treatment of ERK inhibitor U0126 or PI3K inhibitor wortmannin decreased p-CREB, BDNF and BCL2 in these cells, implying that the neuroprotective effects of LMDS-1/2 are via activating TRKB downstream ERK, PI3K-AKT and CREB signaling.",BDNF,BCL2,0,36361524,10,8434,0.15021682414915044,NO,0
Induction of Synthetic Lethality by Activation of Mitochondrial ClpP and Inhibition of HDAC1/2 in Glioblastoma.,HDAC1/2,Glioblastoma,1,35417530,3,3538,0.7959843155712757,YES,1
A phenomenon of concealed QT prolongation was unmasked for several torsadogenic hERG blockers under beta-adrenoceptor blockade with atenolol.,QT prolongation,hERG,1,35751378,4,4018,0.861172595167774,YES,1
"Activated SGK3 can activate ion channels (TRPV5/6, SOC, Kv1.3, Kv1.5, Kv7.1, BKCa, Kir2.1, Kir2.2, ENaC, Nav1.5, ClC-2, and ClC Ka), carriers and receptors (Npt2a, Npt2b, NHE3, GluR1, GluR6, SN1, EAAT1, EAAT2, EAAT4, EAAT5, SGLT1, SLC1A5, SLC6A19, SLC6A8, and NaDC1), and Na+/K+-ATPase, promoting the transportation of calcium, phosphorus, sodium, glucose, and neutral amino acids in the kidney and intestine, the absorption of potassium and neutral amino acids in the renal tubules, the transportation of glutamate and glutamine in the nervous system, and the transportation of creatine.",SN1,glutamate,0,36531961,37,14987,0.3485149671593128,NO,0
"Patients who remained on single-agent SNX-5422 maintenance therapy >=2 months (n = 9) had cancers enriched for oncogenic drivers (n = 3 KRAS mutation, n = 1 EGFR exon 20 mutation, n = 1 HER2 mutation, and n = 1 RET fusion).",KRAS,HER2,0,34655925,7,2602,0.00031661842222297816,NO,0
NS variants are associated with the neurogenerative disease termed familial encephalopathy with neuroserpin inclusion bodies (FENIB).,NS,neurogenerative disease,0,36408789,3,9237,0.8582379004031938,YES,1
"This increased p-S6 expression was drastically reduced after combination treatment with afatinib and palbociclib in the cell lines and mouse models, suggesting its utiliy as a prognostic marker in HNSCC.",S6,afatinib,1,33878394,5,1817,0.6798555300876947,YES,1
"CVID-Associated B Cell Activating Factor Receptor Variants Change Receptor Oligomerization, Ligand Binding, and Signaling Responses.",CVID,B Cell Activating Factor Receptor,1,36308663,2,7739,0.8633180023563285,YES,1
"Next, the expression and colocalization of p53 and MDM2 in liver cancer cells were evaluated after I3C treatment, and the effect of I3C on p53 protein stability was examined.",p53,MDM2,1,36297369,4,7539,0.9439388753554206,YES,1
"In conclusion, the CYP2R1 rs12794714 polymorphism could be considered a possible new molecular marker for predicting the risk of MS; CYP2R1 rs10741657 polymorphism and VDR rs7975232 polymorphism are associated with an increased risk of diabetes and hypertension in adolescents with overweight/obesity.",rs12794714,overweight,0,36364874,10,8584,0.0008338052847590658,NO,0
"Combinations of the well-known antineoplastic agents 5-fluorouracil (5-Fu), cisplatin, and paclitaxel are employed to increase radiotherapy/immunotherapy efficacy against persistent and resistant tumors.",cisplatin,paclitaxel,1,36660193,4,11472,0.9698749982961246,YES,1
"Fibroblasts from HFrEF show higher migratory rate compared with control (P = 0.0036), and increased expression of HF markers [fold-change (Log2): COL1A1-1.3; IL-1b-1.9; IL-6-1.7; FN1-2.9 (P < 0.05)].",IL-1b,IL-6,0,36303443,6,13799,0.0005457694257010466,NO,0
"Therefore, patients with LAGC treated with neoadjuvant apatinib plus SOX chemotherapy (apatinib + SOX group; n=25) or SOX chemotherapy (SOX group; n=35) were enrolled in the present study.",LAGC,apatinib,1,36160880,4,5728,0.5817868398559028,YES,1
Aluminosilicate-Supported Catalysts for the Synthesis of Cyclic Carbonates by Reaction of CO2 with the Corresponding Epoxides.,Aluminosilicate,Epoxides,1,36558016,4,10800,0.3842292655299432,NO,0
Selective actions of benzodiazepines at the transmembrane anaesthetic binding sites of the GABAA receptor: In vitro and in vivo studies.,benzodiazepines,GABAA receptor,1,34386973,2,2400,0.988512603509728,YES,1
"The B7 family ligand HERV-H LTR-associating protein 2 (HHLA2) is an attractive target for cancer immunotherapy because of its coinhibitory function, overexpression in human cancers, and association with poor prognoses.",HERV-H LTR-associating protein 2,cancer,1,34244312,3,2084,0.8337399096696456,YES,1
"Instead, molecular mechanics generalized Born surface area (MM/GBSA) approximation energies, which we used to quantify the thermodynamic cost of structural rearrangement of the proteins upon binding ions, indicated that S55D/E59D alphaPV favored Ca2+ binding by -20 kcal/mol relative to WT versus 30 kcal/mol for D94S/G98E alphaPV.",S55D,D94S,0,34115511,6,15890,0.8533088123675924,YES,1
"Thus, combined administration of MiADMSA and ALA might be a better treatment strategy than monotherapy with MiADMSA or ALA against Cu-induced neurotoxicity, particularly in reducing oxidative stress, neurobehavioral abnormalities, and inflammatory markers.",MiADMSA,neurotoxicity,1,36548551,6,10657,0.9440455829589397,YES,1
"First, we searched the literature for single-nucleotide polymorphisms (SNPs) in CACNA1C and KCNH2 that showed genome-wide significant association with schizophrenia.",CACNA1C,schizophrenia,1,36421807,3,9519,0.7819849888421022,YES,1
"We measured inhibin A, inhibin B, total inhibin, AMH, activin A, activin B, activin AB, follistatin, the GDF-9/BMP-15 complex, and GDF-15 in paired serum and urine samples from healthy reproductive age women and in pregnant (second trimester) women.",inhibin,GDF-9,0,34875272,12,2826,0.0006341021301444013,NO,0
"Using immunoprecipitation experiments, we deciphered that CREPT specifically occupied at the oncogene promoter via TCF4, a transcription factor activated by Wnt signaling.",CREPT,Wnt,1,36230720,3,6706,0.5164675592831399,YES,1
"CONCLUSIONS Silencing of SNHG15 led to CXCL13 upregulation through sequestering miR-18a and the following ERK/MEK activation, thus enhancing viability while reducing apoptosis of N2a cells.",ERK,MEK,1,32862188,6,787,0.9532722549124523,YES,1
"Using this multiplexed approach we showed that Vps45 and Rab14 are selective regulators of GLUT4, but Trarg1, Stx6, Stx16, Tbc1d4 and Rab10 knockdown affected both GLUT4 and TfR translocation.",Trarg1,Stx6,0,36283703,9,7324,0.09679734484412358,NO,0
G6PD variant distribution in sub-Saharan Africa and potential risks of using chloroquine/hydroxychloroquine based treatments for COVID-19.,chloroquine,COVID-19,1,32577690,4,712,0.9027706121833785,YES,1
"Finally, we shall discuss two mAbs that are IL-6 antagonists, Tocilizumab and Siltuximab, which are in ongoing clinical trials as potential treatments of COVID-19.",Tocilizumab,Siltuximab,0,35071113,4,3069,0.1726814526064003,NO,0
"Association Study of the SLC1A2 (rs4354668), SLC6A9 (rs2486001), and SLC6A5 (rs2000959) Polymorphisms in Major Depressive Disorder.",rs2000959,Major Depressive Disorder,0,36233781,7,6893,0.9054595469500507,YES,1
"The combination of 2-hydroxy-3-methylbutyric acid, 3-hydroxybutyric acid, cholesterol, succinic acid, L-ornithine, oleic acid and palmitelaidic acid predicted patients who progressed from mild to severe COVID-19, with an AUC of 0.969.",succinic acid,COVID-19,1,33662365,9,1651,0.9436647943813746,YES,1
SNPs Rs11614913 in miR196a and Rs3746444 in miR-499 are implicated in the development of cancers such as non-small cell lung cancer (NSCLC) in non-Arabic subjects.,miR-499,non-small cell lung cancer,1,36258913,6,7030,0.958820181022466,YES,1
"The minor allele frequencies (MAF) of CYP2C19-rs4986893 in the MDD group (0.0547) and BPD group (0.0533) were higher than that of the control group (0.0259, P < 0.05), leading to the odds ratios (ORs) of MDD (2.178) and BPD (2.122), respectively.",CYP2C19,MDD,1,36698099,4,11845,0.9854413744254615,YES,1
"Relative to control, 10muM THC and 10muM CBD reduced mRNA levels of milk proteins (CSN2 and WAP), lipid synthesizing and glucose transport markers (GLUT 1, HK2, FASN, FABP4, PLIN2 and LPL), as well as whey acidic protein and lipid levels.",THC,lipid,1,35976913,12,4617,0.9138041510688912,YES,1
"We also found that either TSH or NAC enhanced PKA, Akt, mTORC, AMPK, Sirtuins, PGC1alpha, NRF-2, mitofusin-2, TFAM and catalase in the N-TSHR-mAb stressed cells.",Sirtuins,NRF-2,0,34801870,14,13436,0.02783367428102242,NO,0
Neuroprotective Action of Coumarin Derivatives through Activation of TRKB-CREB-BDNF Pathway and Reduction of Caspase Activity in Neuronal Cells Expressing Pro-Aggregated Tau Protein.,CREB,Tau,0,36361524,5,8368,0.5208657322519373,YES,1
"Y383F mice are largely alleviated by RIPK1 kinase inhibition, and prevented by genomic deletions targeted to the upstream pathway (either to Tumor necrosis factor receptor 1 or RIPK3 and Caspase8 simultaneously).",RIPK1,Caspase8,1,36329033,6,8136,0.22550777857437826,NO,0
"We also showed that glycolysis enhancement resulted from blocking the autophagic degradation of HK2 and PFKFB3 while upregulated mRNA levels by TGF-beta1, while all of those improved by ALA adding.",HK2,TGF-beta1,0,36635651,4,15561,0.45643774414621036,NO,0
"The simulated inotropic effects of MAVA, OM, and BLEB, along with the ATPase activities in the control and HCM model variant agree with in vitro results from different labs.",MAVA,HCM,1,36388127,4,8783,0.3040499474032567,NO,0
"When culturing primary thyrocytes with cytokines or sodium hydrosulfide (NaHS) plus cytokines, we found that ACE2 and NRP1 mRNA levels were upregulated while TMPRSS2 levels were downregulated by interferon-gamma (IFN-gamma) and tumor necrosis factor-alpha (TNF-alpha).",ACE2,interferon-gamma,1,36362417,6,13892,0.9900329624438924,YES,1
"The mechanism of LINC00173 in DDP resistance by mediating miR-1275/PROCA1/ZFP36L2 axis to impair BCL2 mRNA stability was applied, and co-immunoprecipitation, chromatin immunoprecipitation, RNA antisense purification, RNA immunoprecipitation, and luciferase reporter assays were performed.",DDP,miR-1275,1,36627670,6,15432,0.5265041673345837,YES,1
"A, c.1265T>C), 3 splicing (c.316+1G>T, c.682-2A>G, c.572-16C>G), 2 nonsenses (c.790delC, c.1248G>A), and 1 frameshift (c.1346delA).",c.790delC,c.1346delA,0,36760778,7,12318,0.0007502606120854767,NO,0
"The Swiss Army Knife (del19, L858R, T790M, Exon 20 Insertions, ""uncommon-G719X, S768I, L861Q"")",T790M,L861Q,0,36317157,6,8065,0.03505816225118869,NO,0
"HHLA2+ tumors from human kidney, lung, gallbladder, and stomach were infiltrated by KIR3DL3+ immune cells.",HHLA2,tumors,1,34244312,4,2122,0.8481117264144656,YES,1
Resistance to aromatase inhibitor (AI) treatment and combined CDK4/6 inhibitor (CDK4/6i) and endocrine therapy (ET) are crucial clinical challenges in treating estrogen receptor-positive (ER+) breast cancer.,aromatase,CDK4/6,0,36153348,4,5653,0.006228127466408645,NO,0
"This was evidenced by elevated levels of autophagy related proteins including beclin 1, LC3A, LC3B, ULK1, p62, and also activated pink and perkin mitophagy related proteins.",ULK1,p62,0,34801870,7,13369,0.11977852923116475,NO,0
"However, how GLUL regulates the tumor microenvironment for tamoxifen-resistant ER+ breast cancer remains unexplored.",ER,breast cancer,1,36619229,5,11280,0.3958175517855859,NO,0
"The miR-196a rs11614913 polymorphism increased the risk of NSCLC (CC vs. TT+TC: OR= 2.26, 95%CI= 1.28 - 3.98, P= 0.0046) in a dominant genetic model.",miR-196a,NSCLC,1,36258913,3,7031,0.9952393776022216,YES,1
"Case presentation: A 33-year-old woman presented with fever, maculopapular rashes, hypereosinophilia, and hepatic involvement, which occurred 4 weeks after a fixed-dose combination of first-line ATD containing rifampicin, isoniazid, pyrazinamide, and ethambutol.",fever,isoniazid,0,36147124,9,5613,0.7721263099450627,YES,1
"Western blot was performed to detect Cyclin D1, PCNA, MMP-2, MMP-9, inflammatory factors TNF-alpha, IL-1beta, IL-4, IL-10, IL-13, and",IL-4,IL-10,0,36593749,10,15239,0.000213121157262071,NO,0
"We also found that either TSH or NAC enhanced PKA, Akt, mTORC, AMPK, Sirtuins, PGC1alpha, NRF-2, mitofusin-2, TFAM and catalase in the N-TSHR-mAb stressed cells.",NRF-2,TSHR,0,34801870,14,13451,0.23625426086227544,NO,0
Isolated sulfite oxidase deficiency (ISOD) caused by sulfite oxidase gene (SUOX) mutations is a rare neurometabolic disease associated with ectopia lentis (EL).,sulfite oxidase deficiency,sulfite oxidase,1,36303223,4,7591,0.33696339306005285,NO,0
"We showed that activation of the mitochondrial ClpP protease by mutant ClpP (Y118A) or through utilization of second-generation imipridone compounds (ONC206 and ONC212) in combination with genetic interference of HDAC1 and HDAC2 as well as with global (panobinostat) or selective (romidepsin) HDAC inhibitors caused synergistic reduction of viability in GBM model systems, which was mediated by interference with tricarboxylic acid cycle activity and GBM cell respiration.",ClpP,ONC212,0,35417530,12,3545,0.932848849786674,YES,1
"Our results indicate that circFAT1 promote tumorigenesis in LUAD through sequestering miR-7, consequently upregulating IRS2-ERK1/2-mediated CCND1 expression, and can be a valuable therapeutic target and an important parameter for precision treatment in LUAD patients.",IRS2,CCND1,1,35844799,6,4395,0.9490143361957514,YES,1
No subgroup including patients with a high tumor mutation burden showed a substantially longer PFS with nivolumab than with carboplatin-pemetrexed.,tumor,nivolumab,0,34921023,5,2919,0.04669674706172306,NO,0
Combination treatment also reduced the cell growth and induced cell senescence via increasing reactive oxygen species with concurrent ablation of glycolytic and tricarboxylic acid cycle intermediates.,reactive oxygen species,tricarboxylic acid,0,33878394,2,1823,0.5427844457553729,YES,1
"Results: LOX rs1800449 and LOXL4 rs3793692 were positively associated with the risk of single IA rupture in the recessive model (OR =5.66, 2.06; 95% CI =1.22-26.24, 1.11-3.82, respectively) and LOX rs10519694 demonstrated a protective effect on single IA rupture (dominant model: OR =0.42, 95% CI =0.21-0.83; recessive model: OR",rs1800449,rs10519694,0,36172092,6,5799,0.031759863443982954,NO,0
"Co-alteration landscapes were largely similar across KRAS mutations but distinct from KRAS wild-type, though differences were observed in some tumor types for tumor mutational burden, PD-L1 expression, microsatellite instability, and other mutational signatures.",KRAS,PD-L1,1,36494601,3,10070,0.3762085961702841,NO,0
"Activated SGK3 can activate ion channels (TRPV5/6, SOC, Kv1.3, Kv1.5, Kv7.1, BKCa, Kir2.1, Kir2.2, ENaC, Nav1.5, ClC-2, and ClC Ka), carriers and receptors (Npt2a, Npt2b, NHE3, GluR1, GluR6, SN1, EAAT1, EAAT2, EAAT4, EAAT5, SGLT1, SLC1A5, SLC6A19, SLC6A8, and NaDC1), and Na+/K+-ATPase, promoting the transportation of calcium, phosphorus, sodium, glucose, and neutral amino acids in the kidney and intestine, the absorption of potassium and neutral amino acids in the renal tubules, the transportation of glutamate and glutamine in the nervous system, and the transportation of creatine.",GluR1,GluR6,0,36531961,37,14933,0.008147291768913578,NO,0
"Activated SGK3 can activate ion channels (TRPV5/6, SOC, Kv1.3, Kv1.5, Kv7.1, BKCa, Kir2.1, Kir2.2, ENaC, Nav1.5, ClC-2, and ClC Ka), carriers and receptors (Npt2a, Npt2b, NHE3, GluR1, GluR6, SN1, EAAT1, EAAT2, EAAT4, EAAT5, SGLT1, SLC1A5, SLC6A19, SLC6A8, and NaDC1), and Na+/K+-ATPase, promoting the transportation of calcium, phosphorus, sodium, glucose, and neutral amino acids in the kidney and intestine, the absorption of potassium and neutral amino acids in the renal tubules, the transportation of glutamate and glutamine in the nervous system, and the transportation of creatine.",SLC6A8,sodium,0,36531961,37,15092,0.41031853868027307,NO,0
Endothelial Acid Sphingomyelinase Promotes NLRP3 Inflammasome and Neointima Formation during Hypercholesterolemia.,NLRP3,Hypercholesterolemia,1,36252682,4,6922,0.362857717227652,NO,0
"Therefore, our research aimed to search for effective agents that could impede the function of EGFR (L858R/T790M/C797S) TK by the integration of in silico and in vitro approaches.",T790M,C797S,0,36558033,4,16218,0.011034480783178716,NO,0
"The polymorphisms suitable for meta-analysis were CCND1 (rs17852153), COX2 (rs20417), EGF (rs4444903), EGFR (rs712829, rs11543848, 3'UTR CA repeat), FCGR2A (rs1801274), FCGR3A (rs396991), IL8 (rs4073), KRAS (rs61764370) and VEGFA (rs3025039).",CCND1,IL8,0,27897268,19,312,0.0011989209530706222,NO,0
"The levels of glucose, total protein (TP), total cholesterol (TC), and the proinflammatory cytokines interleukin (IL)-1beta, IL-6 and tumor necrosis factor (TNF)-alpha in blood were examined, and we then detected glycogen and adenosine triphosphate (ATP) content, phosphofructosekinase-1 (PFK1) and glucose-6-phosphate dehydrogenase (G6PDH) activity, glucose transporter (GLUT)1, GLUT4, sodium/glucose cotransporter (SGLT)1 and citrate synthase (CS) protein expression and autophagy levels in circulating neutrophils.",glucose,adenosine triphosphate,0,36174980,13,5858,0.005178072530278303,NO,0
"Therefore, we conducted a phase 1, open-label, multicenter study to evaluate SNX-5422, carboplatin and paclitaxel followed by SNX-5422 maintenance in patients with advanced lung cancers.",paclitaxel,lung cancers,1,34655925,5,2585,0.7855653779953505,YES,1
Background: CHARGE syndrome (CS) is a single-gene genetic disorder with multiple organ malformations caused by a variant of the chromodomain helicase DNA-binding protein 7 (CHD7) gene on chromosome 8q12.1.,multiple organ malformations,chromodomain helicase DNA-binding protein 7,1,35938004,4,4542,0.28715470661576725,NO,0
"Serum levels of total cholesterol (TC), triglycerides (TG), lipoprotein (a) (LP(a)), high-density lipoprotein cholesterol (HDL-C), low-density lipoprotein (LDL), apolipoprotein A1 (ApoA1), and apolipoprotein B (ApoB) were measured at baseline and week 12.",cholesterol,apolipoprotein A1,0,36362461,7,8495,0.0002440174553397657,NO,0
"In summary, the four CPMs may play a role in the treatment of COVID-19 by binding flavonoids such as quercetin, luteolin, and acacetin to target proteins such as ACE2, 3CLpro, and S protein and acting on TNF, IL6, IL1B, CXCL8, and other targets to participate in broad-spectrum antiviral, immunomodulatory and inflammatory responses.",quercetin,ACE2,0,36388945,14,8940,0.8243503869857545,YES,1
"Aim -To evaluate associations among breast and nipple pain sensitivity and candidate pain sensitivity single-nucleotide polymorphisms [SNPs], (COMT rs6269, rs4633, rs4818, rs4680 and OXTR rs2254298, rs53576) in breastfeeding women.",pain,rs6269,0,33303340,11,1035,0.5895172277153037,YES,1
"Activated SGK3 can activate ion channels (TRPV5/6, SOC, Kv1.3, Kv1.5, Kv7.1, BKCa, Kir2.1, Kir2.2, ENaC, Nav1.5, ClC-2, and ClC Ka), carriers and receptors (Npt2a, Npt2b, NHE3, GluR1, GluR6, SN1, EAAT1, EAAT2, EAAT4, EAAT5, SGLT1, SLC1A5, SLC6A19, SLC6A8, and NaDC1), and Na+/K+-ATPase, promoting the transportation of calcium, phosphorus, sodium, glucose, and neutral amino acids in the kidney and intestine, the absorption of potassium and neutral amino acids in the renal tubules, the transportation of glutamate and glutamine in the nervous system, and the transportation of creatine.",Nav1.5,Npt2a,0,36531961,37,14794,0.08801208238300423,NO,0
Angiogenic factor AGGF1 acts as a tumor suppressor by modulating p53 post-transcriptional modifications and stability via MDM2.,AGGF1,tumor,1,33069768,4,832,0.9132360678324716,YES,1
"Collectively, these results suggest the functional interaction between emerin and HDAC3, EZH2, and G9a are important for myogenic differentiation.",emerin,HDAC3,1,36274837,4,7276,0.9968371982045721,YES,1
"Haplotype analysis elucidated a strong linkage disequilibrium between the 3 SNPs, rs5219, rs2285676, and rs757110.",rs2285676,rs757110,0,36401380,3,9141,0.9876287750678764,YES,1
"Here, KIR3DL3 and TMIGD2 simultaneously bound to different sites of HHLA2.",KIR3DL3,HHLA2,1,34244312,3,2089,0.9992176069613309,YES,1
"In HAEnCI patients mutations have been identified in the F12, PLG, KNG1, ANGPT1, MYOF, and HS3ST6 genes.",F12,PLG,0,36685169,8,11739,0.008603589724175204,NO,0
"Genomes recovered from two placentas belong to the B.1.1.28 and B.1.1.33 lineages and present nonsynonymous mutations associated with virus fitness and infectivity; other not frequently reported mutations (B.1.1.33: NSP3 V2090G, M A2S and ORF3ab S253P and Y264N; B.1.1.28: NSP3 E995D, NSP12 R240K, NSP14H1897Y and in ORF7b V21F) were found in proteins involved in viral replication, viral induction of apoptosis, viral interference on interferon and on NF-Kappabeta pathways.",V2090G,H1897Y,0,35123044,14,3081,0.025584404662071132,NO,0
Analysis of CACNA1C and KCNH2 Risk Variants on Cardiac Autonomic Function in Patients with Schizophrenia.,KCNH2,Schizophrenia,1,36421807,4,9512,0.7058599033453824,YES,1
"We studied two well characterized mutations of cardiac TnC, L48Q and I61Q, that decrease or increase the release rate of Ca2+ from cTnC, k-Ca, resulting in HCM and DCM respectively [1].",cardiac TnC,HCM,1,33636222,6,1547,0.8502513587455945,YES,1
"HHLA2 engagement recruited KIR3DL3 to the immunological synapse and coinhibited CD8+ T and NK cell function and killing, inducing immune-evasive HHLA2+ tumors.",HHLA2,KIR3DL3,1,34244312,4,2095,0.9991426062109039,YES,1
"We also found that either TSH or NAC enhanced PKA, Akt, mTORC, AMPK, Sirtuins, PGC1alpha, NRF-2, mitofusin-2, TFAM and catalase in the N-TSHR-mAb stressed cells.",PGC1alpha,NRF-2,0,34801870,14,13442,0.02193669551244652,NO,0
"In the aortas of these animals, SkQ1 also prevented the increase in the expression of NF-kB-dependent genes, including the cytokine IL-6 and the chemokine MCP-1.",IL-6,MCP-1,0,36406976,4,13988,0.03086515002061845,NO,0
"We showed that activation of the mitochondrial ClpP protease by mutant ClpP (Y118A) or through utilization of second-generation imipridone compounds (ONC206 and ONC212) in combination with genetic interference of HDAC1 and HDAC2 as well as with global (panobinostat) or selective (romidepsin) HDAC inhibitors caused synergistic reduction of viability in GBM model systems, which was mediated by interference with tricarboxylic acid cycle activity and GBM cell respiration.",imipridone,GBM,0,35417530,12,3567,0.820749776677128,YES,1
"At the same time, two new mutations of the TH gene were found in other children: c.316_317insCGT, and c.832G>A (p.Ala278Thr).",c.316_317insCGT,c.832G>A,0,36568392,4,10928,0.10596562232483649,NO,0
Targeted sequencing revealed a compound heterozygous missense variant of CPLANE1 p.Arg1193Cys_Gln1223Pro; c.3577C>T_3668A>C. Multiple in silico assays predicted that the missense sites were pathogenic.,Gln1223Pro,c.3577C>T,0,36176335,5,6017,0.4835081192201901,NO,0
"This study investigates the efficacy of miltefosine, alkylphospholipid, and alkyltriazolederivative compounds against leukemia lineages.",miltefosine,leukemia,0,36500726,4,10240,0.970100612698248,YES,1
"Our results, taken together, demonstrated that MMP-2 and MMP-9 were involved in the development of H2S-induced ALI and DXM exerted protective effects by alleviating the expression of MMP-2 and MMP-9.",MMP-2,DXM,1,24722316,5,121,0.42659561770112253,NO,0
"Serum total cholesterol (T-CHO), triglyceride (TG), low, high density lipoprotein cholesterol (LDL-C, HDL-C), blood glucose, insulin, IL-17 and TNF-alpha levels were also measured.",HDL-C,blood glucose,0,31661889,9,12661,4.887125284094298e-05,NO,0
"The obtained data demonstrated that genistein and lycopene but in particular their association might prevent GC's adverse effects, thus stimulating bone formation and reducing bone resorption, improving bone structure and microarchitecture, through different molecular pathways, such as the Wnt/beta-catenin and the Nrf-2 signaling.",genistein,GC,0,36296984,5,7510,0.7578922044917704,YES,1
"Between October 2007 and July 2013, 183 Mayo Clinic patients (median age 65 years; 58% males) with high/intermediate risk myelofibrosis (MF) were enrolled in consecutive phase 1/2 JAK2 inhibitor (JAKi) clinical trials with momelotinib (n = 79), ruxolitinib (n = 50), fedratinib (n = 23) and BMS-911543 (n = 31).",myelofibrosis,ruxolitinib,1,36599841,7,11094,0.9332960760594226,YES,1
"In this model, IL-6 induced rapid STAT3 activation, while ERK1/2 activation was less pronounced, and there was no IL-6 effect on Akt and JNK activation.",ERK1/2,JNK,0,36406976,5,14036,0.03687565463011287,NO,0
"SYK inhibition or DAP12 knockdown suppressed hypoxia-induced expression of the transcription factor hypoxia-inducible factor 1  (HIF1 ), as well as expression of vascular endothelial growth factor and angiopoietin-like 4.",DAP12,angiopoietin-like 4,1,36306144,6,7678,0.8412398669322438,YES,1
"Significant associations at MTHFR and ALDH2 robustly confirm deleterious effects of genetically elevated homocysteine and alcohol intake, respectively, on ischemic stroke.",MTHFR,ischemic stroke,1,36193932,5,6239,0.9814494297080714,YES,1
"The SNPs rs1046117 (FOS), rs3769825 (CASP8) and rs243836 (MMP2) were genotyped using TaqMan allelic discrimination assays in a case-control sample containing 801 NSCL+-P patients (233 nonsyndromic cleft lip only (NSCLO) and 568 nonsyndromic cleft lip and palate (NSCLP)) and 881 healthy controls via logistic regression analysis adjusted for the effects of sex and genomic ancestry proportions with a multiple comparison p value set at <=0.01.",rs3769825,NSCL+-P,1,36661544,9,16400,0.1298855305366143,NO,0
"The results showed that the application of biochar and especially chemically modified biochars reduced fluoride (about 15-37%) and cadmium (30-52%) contents in mint leaves, while increased soil pH and cation exchange capacity (CEC), nitrogen (12-35%), phosphorus (16-59%), potassium (17-52%), calcium (19-47%), magnesium (28-77%), iron (37-114%), zinc (45-226%), photosynthetic pigments of leaves and plant biomass (about 10-25%) under toxic conditions.",cadmium,calcium,0,36578343,11,11021,0.007734688298660656,NO,0
"We showed that activation of the mitochondrial ClpP protease by mutant ClpP (Y118A) or through utilization of second-generation imipridone compounds (ONC206 and ONC212) in combination with genetic interference of HDAC1 and HDAC2 as well as with global (panobinostat) or selective (romidepsin) HDAC inhibitors caused synergistic reduction of viability in GBM model systems, which was mediated by interference with tricarboxylic acid cycle activity and GBM cell respiration.",romidepsin,GBM,1,35417530,12,3600,0.8137838404645231,YES,1
"Furthermore, allergic rhinitis mice exhibited overproduction of epithelial-derived cytokines (thymic stromal lymphopoietin, interleukin-25, interleukin-33), C-C motif chemokine ligand 26 (CCL26), and mucin 5 AC (MUC5AC).",thymic stromal lymphopoietin,mucin 5 AC,0,36571426,7,10967,0.08443101529938246,NO,0
"Effects of 15 torsadogenic hERG blocking drugs (astemizole, chlorpromazine, cisapride, droperidol, ibutilide, dofetilide, haloperidol, moxifloxacin, pimozide, quinidine, risperidone, sotalol, sertindole, terfenadine, and thioridazine) were assessed by telemetry in beagle dogs.",moxifloxacin,thioridazine,0,35751378,17,3993,0.006925105761850668,NO,0
"Regulatory network of KLF12, ZNF281 and RELA controlled the expression of these four prognostic target genes (LDHA, ACLY, ME2 and IDH2).",KLF12,ZNF281,0,36121916,7,4993,0.73761258570329,YES,1
"Collectively, our results disclose two LINC00589-initiated ceRNA networks, the LINC00589-miR-100-DLG5 and LINC00589-miR-452-PRDM16- mucin4 axes, which regulate trastuzumab resistance, CSC-like properties and multiple chemoresistance of breast cancer, thus providing potential diagnostic and prognostic markers and therapeutic targets for HER2-positive breast cancer.",miR-100,miR-452,0,36309503,9,7829,0.001900706759790916,NO,0
"Oxidative stress variables (ROS, nitrite, TBARS, SOD, catalase) and inflammatory markers (TNF-alpha, and IL-1beta), which were altered on Cu exposed rats, also responded favorably to ALA+ MiADMSA",catalase,MiADMSA,0,36548551,12,10639,0.8924252551667632,YES,1
CYP2C19-rs4986893 confers risk to major depressive disorder and bipolar disorder in the Han Chinese population whereas ABCB1-rs1045642 acts as a protective factor.,CYP2C19,ABCB1,0,36698099,6,11831,0.09095273518747861,NO,0
"ELISA was performed to measure progesterone, MMP-2, MMP-9, pro-inflammatory factors TNF-alpha, IL-1beta, and anti-inflammatory factors IL-4, IL-10, and IL-13 levels.",inflammatory,IL-10,1,36593749,9,15185,0.1984842169581029,NO,0
Methods: An in vivo murine allergic rhinitis model was established using ovalbumin treatment in female mice.,allergic rhinitis,ovalbumin,1,36571426,3,10953,0.8562516134309855,YES,1
"We showed that activation of the mitochondrial ClpP protease by mutant ClpP (Y118A) or through utilization of second-generation imipridone compounds (ONC206 and ONC212) in combination with genetic interference of HDAC1 and HDAC2 as well as with global (panobinostat) or selective (romidepsin) HDAC inhibitors caused synergistic reduction of viability in GBM model systems, which was mediated by interference with tricarboxylic acid cycle activity and GBM cell respiration.",ONC206,ONC212,0,35417530,12,3569,0.49007737185516087,NO,0
"The biochar addition to the soil was 25 g kg-1 (non-biochar, solid biochar, H2O2, KOH, and H3PO4-modified biochars).",H2O2,H3PO4,0,36578343,4,10999,0.05515763633670726,NO,0
"Here, we have analysed the proportional expression patterns of TLR2 and TLR4 on the surface of CD3+, CD4+, CD8+, CD19+ and CD161+ lymphocytes and CD14+ monocytes in different groups of leprosy patients.",CD3,CD19,0,36419668,10,9352,0.007118897101544754,NO,0
"Inhibin A, total inhibin, activin A, activin AB, follistatin, and GDF-15 were significantly higher in pregnant than in non-pregnant women.",activin AB,follistatin,0,34875272,7,2869,0.03005021558090318,NO,0
"Ginsenoside Rg1, calpain-1 knockout, OKA, NAC and TEMPOL treatment protected against CIH-induced VED, oxidative stress and mitochondrial dysfunction, which is likely concomitant with the downregulated protein expression of calpain-1 and PP2A and the upregulation of p-eNOS in mice and cellular levels.",calpain-1,TEMPOL,1,36644390,11,15648,0.48001388103318215,NO,0
Alamandine/MrgD axis prevents TGF-beta1-mediated fibroblast activation via regulation of aerobic glycolysis and mitophagy.,Alamandine,TGF-beta1,1,36635651,3,15510,0.8123423846673979,YES,1
"In addition, the mRNA and protein levels of p53, glycolysis-related genes and miRNAs that regulate glycolysis were detected after I3C and siRNA-p53 treatment alone or in combination.",p53,I3C,1,36297369,2,7538,0.6305171222692082,YES,1
"Although dopamine D2 receptor agonists, bromocriptine and cabergoline, are notable medications in the treatment of Parkinsonism, hyperprolactinemia, and hyperglycemia, there is an identified relationship between the utilization of D2-like R agonists and the progress of myocardial injury, especially in the early phase of therapy.",dopamine D2 receptor,myocardial injury,1,34777640,7,2763,0.5067923933651723,YES,1
"Significant differences were observed in the Total Correct (TC), Total Errors (TE), and Conceptual Level Responses (CLR) scores of the WCST among the three rs12601930C/T genotypes (p = 0.044, 0.044, and 0.047, respectively); in TC, TE, Non-Perseverative Errors (NPE), and CLR scores between participants with the CC and (CT + TT) rs12601930C/T polymorphism genotypes (p = 0.032, 0.032, 0.019, and 0.029, respectively); in TC, TE, Perseverative Errors (PE), NPE, and CLR scores between participants with the (CT + CC) and TT rs12601930C/T polymorphism genotypes (p = 0.001, 0.001, 0.011, 0.004, and 0.001, respectively); and in NPE and CLR scores between participants with the GG and (AG + AA) genotypes of the rs3764352A/G polymorphism (p = 0.011 and 0.010).",C/T,A/G,0,36440265,5,9894,0.0021758210694863053,NO,0
"We evaluated Allplex SARS-CoV-2 Master Assay and Variants I Assay to detect HV69/70 deletion, Y144 deletion, E484K, N501Y, and P681H spike mutations in 248 positive samples collected in Kuala Lumpur, Malaysia, between January and May 2021.",Y144 deletion,N501Y,0,35026305,7,3019,0.009520048751229226,NO,0
"In this study, we performed whole-exome sequencing on BRAF-V600E-mutant melanoma patient tumors refractory to the combination of BRAF/MEK inhibition and identified acquired oncogenic mutations in NRAS and loss of the tumor suppressor gene CDKN2A We hypothesized the acquired resistance mechanisms to BRAF/MEK inhibition were reactivation of the MAPK pathway and activation of the cell-cycle pathway, which can both be targeted pharmacologically with the combination of a MEK inhibitor (trametinib) and a CDK4/6 inhibitor (palbociclib).",V600E,tumors,0,34376578,12,2332,0.1737086334660662,NO,0
"Fumaric acid (FMA), isoliquiritigenin (ISO), cinnamaldehyde (CA), ferulic acid (FA), sulforaphane (SFN), and chlorogenic acid (CGA) exhibited varying improvements in colitis on clinical signs, colonic histopathology, inflammatory and oxidative indicators, and Nrf2 pathway in a sequence of SFN, ISO > FA, CA > FMA, CGA.",Fumaric acid,isoliquiritigenin,0,36552614,9,10685,0.9267547524338334,YES,1
"Whereas the activity of the MgO/xAl_SBA-15 systems was moderate for the conversion of glycidol to the corresponding cyclic carbonate, the Al_SBA-15-supported imidazolium chloride catalysts gave excellent results over different epoxides (conversion of glycidol, epichlorohydrin, and styrene oxide up to 89%, 78%, and 18%, respectively).",MgO,cyclic carbonate,1,36558016,8,10826,0.7810368196873657,YES,1
"Collectively, our mouse model data support an ocular disease association for TRPM3 in humans and suggest that (1) Trpm3 deficiency impaired lens growth but not lens transparency and (2) Trpm3 dysfunction resulted in progressive lens degeneration and calcification coupled with pro-fibrotic (alpha-SMA+ve) and immune (CD68+ve) cell responses.",ocular disease,CD68,0,33484482,7,1378,0.20309337559219878,NO,0
"Activated SGK3 can activate ion channels (TRPV5/6, SOC, Kv1.3, Kv1.5, Kv7.1, BKCa, Kir2.1, Kir2.2, ENaC, Nav1.5, ClC-2, and ClC Ka), carriers and receptors (Npt2a, Npt2b, NHE3, GluR1, GluR6, SN1, EAAT1, EAAT2, EAAT4, EAAT5, SGLT1, SLC1A5, SLC6A19, SLC6A8, and NaDC1), and Na+/K+-ATPase, promoting the transportation of calcium, phosphorus, sodium, glucose, and neutral amino acids in the kidney and intestine, the absorption of potassium and neutral amino acids in the renal tubules, the transportation of glutamate and glutamine in the nervous system, and the transportation of creatine.",ClC-2,EAAT4,0,36531961,37,14827,0.0069663624165343255,NO,0
"Intriguingly, there were decreases in ACE2 and apelin expression as well as marked increases in SGLT2 and endothelin-1 levels in SARS-CoV-2-infected cardiomyocytes, animal models with diabetes, acute kidney injury, heart failure and COVID-19 patients.",SGLT2,acute kidney injury,0,34000358,10,12813,0.7874060237566106,YES,1
"Activated SGK3 can activate ion channels (TRPV5/6, SOC, Kv1.3, Kv1.5, Kv7.1, BKCa, Kir2.1, Kir2.2, ENaC, Nav1.5, ClC-2, and ClC Ka), carriers and receptors (Npt2a, Npt2b, NHE3, GluR1, GluR6, SN1, EAAT1, EAAT2, EAAT4, EAAT5, SGLT1, SLC1A5, SLC6A19, SLC6A8, and NaDC1), and Na+/K+-ATPase, promoting the transportation of calcium, phosphorus, sodium, glucose, and neutral amino acids in the kidney and intestine, the absorption of potassium and neutral amino acids in the renal tubules, the transportation of glutamate and glutamine in the nervous system, and the transportation of creatine.",EAAT1,phosphorus,0,36531961,37,15000,0.11595939087940624,NO,0
"The impact of supplementation with the above-mentioned compounds on the content of modified derivatives: 1-methyladenosine, N6-methyl-2'-deoxyadenosine, O-methylguanosine, 7-methylguanine, 3-methyladenine, 1-methylguanine, 2-amino-6,8-dihydroxypurine, and 8-hydroxy-2'-deoxyguanosine in the urine of rats with mammary cancer was also assessed.",3-methyladenine,mammary cancer,0,36673448,9,15751,0.19473317843899243,NO,0
BCL2L11 Induction Mediates Sensitivity to Src and MEK1/2 Inhibition in Thyroid Cancer.,BCL2L11,Thyroid Cancer,0,36672327,4,11558,0.9436427756829966,YES,1
"We found significant associations between red cell GLUT1 levels and four single nucleotide polymorphisms (SNP) in the coding SLC2A1 gene, that in individuals with the minor alleles of rs841848, rs1385129, and rs11537641 had increased, while those having the variant rs841847 had decreased erythrocyte GLUT1 levels.",rs11537641,rs841847,0,36421383,5,9418,0.24779394386101106,NO,0
"While multiple inflammatory cytokines are produced by innate immune cells during SARS-CoV-2 infection, we found that only the combination of TNF-alpha and IFN-gamma induced inflammatory cell death characterized by inflammatory cell death, PANoptosis.",SARS-CoV-2 infection,IFN-gamma,1,33278357,4,976,0.16539732258509,NO,0
"In summary, the four CPMs may play a role in the treatment of COVID-19 by binding flavonoids such as quercetin, luteolin, and acacetin to target proteins such as ACE2, 3CLpro, and S protein and acting on TNF, IL6, IL1B, CXCL8, and other targets to participate in broad-spectrum antiviral, immunomodulatory and inflammatory responses.",CPMs,quercetin,0,36388945,14,8905,0.5532562577918274,YES,1
"The impact of supplementation with the above-mentioned compounds on the content of modified derivatives: 1-methyladenosine, N6-methyl-2'-deoxyadenosine, O-methylguanosine, 7-methylguanine, 3-methyladenine, 1-methylguanine, 2-amino-6,8-dihydroxypurine, and 8-hydroxy-2'-deoxyguanosine in the urine of rats with mammary cancer was also assessed.",N6-methyl-2'-deoxyadenosine,mammary cancer,0,36673448,9,15739,0.2185429913914061,NO,0
"In vitro validation showed that silencing of KLF12, ZNF281 and RELA suppressed proliferation, glucose uptake, lactate production and ATP level, but increased ADP/ATP ratio in PDTC cells.",glucose,ATP,0,36121916,8,5033,0.20078114607539727,NO,0
"Genetic variants spanning UBE2L3 are associated with increased expression of the UBE2L3-encoded E2 ubiquitin-conjugating enzyme H7 (UbcH7), which facilitates activation of proinflammatory NF-kappaB signaling and susceptibility to autoimmune diseases.",UBE2L3,autoimmune diseases,1,34279042,3,2176,0.9887577023591825,YES,1
"In addition, peripheral injection of DEX in MTrPs rats also inhibited the expression of TNF- alpha, p-P65, MLCK, MEF2C, and MyoC.",DEX,MEF2C,1,36408215,7,9219,0.9672686614475775,YES,1
"PAs suppressed hepatic fibrosis, improved liver function and structure via modulating the interdependence between oxidative stress, inflammation, apoptosis, and DNA integrity in CCl4-treated rats.",PAs,hepatic fibrosis,1,35881285,5,4503,0.9993513449997955,YES,1
"Furthermore, our study identified four novel P/LP mutations: Q3508X in TTN, A990G in KCNH2, G1220E, and D372H (in a representative pedigree) in SCN5A. CONCLUSIONS: Our study showed the variant spectrum of a suspected Chinese BrS cohort, and we identified four novel P/LP mutations in TTN, KCNH2, and SCN5A.",Q3508X,D372H,0,36354768,8,8305,0.005883828546513644,NO,0
Diminishing HMGB2 expression by miR-127 or SHP may provide a potential means to decrease the pluripotency of tumor initiating cells.,HMGB2,tumor,0,29218329,4,488,0.45109002086272526,NO,0
"A total of 3 individual mutations in CCND3 (Q276*, S264R, and T283A) were identified in 2 of 21 non-responders (one patient had both Q276* and S264R).",Q276*,S264R,0,34103301,5,1943,0.5470713900100839,YES,1
"T and c.871G > A. Seven rare single variants (c.25C > T, c.152C > T, c.406C > T, c.497G > A, c.679C > T, c.854G > A and c.1057C > T) and two rare multiple variants (IVS-5 637/638T del/c.1311C >",c.406C > T,c.1057C > T,0,36212142,9,6481,0.0066698044437071245,NO,0
Impact of GTF2H1 and RAD54L2 polymorphisms on the risk of lung cancer in the Chinese Han population.,RAD54L2,lung cancer,1,36384536,3,8667,0.901512977397007,YES,1
"A (p. W587*) and the c.69delC (p. Gly24Ala24*11) variant, was detected by WES.",c.69delC,p. Gly24Ala24*11,0,36253741,3,6983,0.8907540424576406,YES,1
"Among them, LMDS-1 and -2 reduced caspase-1, caspase-6 and caspase-3 activities and promoted neurite outgrowth, and the effect was significantly reversed by knockdown of TRKB.",LMDS-1 and -2,TRKB,1,36361524,5,8392,0.8630559157926976,YES,1
"Both in vivo and in vitro assays demonstrated that C/EBPbeta knockdown significantly suppressed CCI- or LPS/ATP-induced Clec7a upregulation, and subsequently reduced Syk, ERK and JNK phosphorylation, NLRP3 oligomerization, caspase-1 activation, GSDMD expression and pyroptosis, which were markedly reversed by the co-transfection of Clec7a expression vector.",ATP,caspase-1,0,36503542,11,14227,0.6105094790210248,YES,1
"SYK inhibition or DAP12 knockdown suppressed hypoxia-induced expression of the transcription factor hypoxia-inducible factor 1  (HIF1 ), as well as expression of vascular endothelial growth factor and angiopoietin-like 4.",hypoxia,vascular endothelial growth factor,0,36306144,6,7680,0.1807492026065742,NO,0
"We concluded that the efflux transporters ABCB1, ABCC2, SLC25A21, ATP7A, and the uptake transporter OCT2, as well as the organic anion uptake transporters OAT1 and OAT2, are linked to cisplatin accumulation, toxicity, and resistance in urinary bladder cancer patients.",OAT2,cisplatin,1,36650399,11,11399,0.9944720471395804,YES,1
"LOXL1 rs2165241, LOXL2 rs1063582, and LOXL3 rs17010021 showed risk effects on multiple IAs rupture.",rs2165241,rs17010021,0,36172092,7,5808,0.34006212032119215,NO,0
"It has nine additional mutations in the S protein compared to BA.2, three of which (W152R, G446S, and R493Q reversion) might contribute to higher transmissibility and immune escape.",W152R,G446S,0,36320663,3,8088,0.08072640603388469,NO,0
"Association of MARC1, ADCY5, and BCO1 Variants with the Lipid Profile, Suggests an Additive Effect for Hypertriglyceridemia in Mexican Adult Men.",MARC1,BCO1,0,36233117,6,6843,0.8107840824839649,YES,1
"We observed suggestive evidence (P < 0.05) for eight variants (rs17026425, rs17057166, rs6854845, rs1728400, rs17693104, rs202280, rs6797464, and rs823920) in all colorectal cancer and two variants (rs17026425 and rs6854845) in rectal cancer that were concordant with previous reports.",rs17026425,colorectal cancer,1,31488414,10,640,0.9957159591231693,YES,1
"The results showed that the application of biochar and especially chemically modified biochars reduced fluoride (about 15-37%) and cadmium (30-52%) contents in mint leaves, while increased soil pH and cation exchange capacity (CEC), nitrogen (12-35%), phosphorus (16-59%), potassium (17-52%), calcium (19-47%), magnesium (28-77%), iron (37-114%), zinc (45-226%), photosynthetic pigments of leaves and plant biomass (about 10-25%) under toxic conditions.",magnesium,iron,0,36578343,11,11043,0.0008353776291526763,NO,0
"The mechanism of LINC00173 in DDP resistance by mediating miR-1275/PROCA1/ZFP36L2 axis to impair BCL2 mRNA stability was applied, and co-immunoprecipitation, chromatin immunoprecipitation, RNA antisense purification, RNA immunoprecipitation, and luciferase reporter assays were performed.",DDP,BCL2,1,36627670,6,15435,0.7579107777539272,YES,1
We conclude that fisetin potently inhibits IL-17A and the Akt/mTOR pathway and promotes keratinocyte differentiation and autophagy to alleviate IMQ-induced psoriasis-like disease in mice.,fisetin,IL-17A,1,36741386,7,12136,0.9966459046531585,YES,1
HOXA11 anti-sense RNA (HOXA11-AS) is an lncRNA belonging to the homeobox (HOX) gene cluster that promotes liver metastasis in human colon cancer.,HOXA11 anti-sense RNA,liver metastasis,1,36142607,4,5354,0.9944357405473674,YES,1
"Further analysis indicated that PRKD1 might be a cooperating factor to regulate the expression of FOXG1, MECP2 and CDKL5 to contribute the RTT/RTT-like disorders.",PRKD1,RTT/RTT-like disorders,1,36568277,5,10912,0.9302267808401141,YES,1
"Klotho-deficient serum promoted BMP2/vitamin D3-induced protein expression of PIT2 and RUNX2, phosphorylation of SMAD1/5/8 and SMAD2/3, and extracellular matrix calcification.",PIT2,RUNX2,0,34368951,8,2291,0.27771272369759203,NO,0
"SNHG15 was found to bind to miR-18a, which could further target CXCL13.",SNHG15,CXCL13,1,32862188,3,776,0.7584158638039578,YES,1
"The roles of ABCC5, ABCA8, ABCC10, ABCB10, ABCG1, ATP7B, ABCG2, and mitochondrial SLC25A10 in platinum-receiving urinary bladder cancer patients should be the subject of further investigation.",ABCC5,ABCC10,0,36650399,11,11419,0.0006886287170951308,NO,0
"The CYP27B1 (rs4646536, rs3782130, rs703842, rs10877012), CYP2R1 (rs10741657), GC (rs7041), CYP24A1, and VDR (BsmI, Cdx-2, FokI, ApaI, TaqI) gene polymorphisms were analyzed by real-time polymerase chain reaction.",GC,VDR,0,36364930,11,8627,0.008441026695727218,NO,0
"The cAMP-binding effector, exchange protein activated by cAMP 1 (Epac1), which is known to induce SOCS3, differentially regulated the P2Y11/IL-1R response because pharmacological Epac1 inhibition enhanced sTNFR2 and CCL20 release, but had no effect on VEGF secretion.",SOCS3,P2Y11,0,36107259,8,4951,0.0900435234831394,NO,0
"We found that VER-155008, an HSP70 inhibitor, enhanced the PGE1-stimulated IL-6 release and IL-6 mRNA expression.",VER-155008,PGE1,1,36520821,4,14304,0.06216086116171288,NO,0
"MET amplification upregulates CD73 to suppress tumor cell STING induction and T-cell responsiveness in TKI-resistant, EGFR-mutated lung cancer, identifying a strategy to enhance immunogenicity and improve treatment.",tumor,EGFR,0,36066413,6,4847,0.13896426871392248,NO,0
"LOXL1 rs2165241, LOXL2 rs1063582, and LOXL3 rs17010021 showed risk effects on multiple IAs rupture.",rs17010021,IAs rupture,1,36172092,7,5815,0.9882727836738134,YES,1
"In the current study, we identified the obesity risk or protective association and BMI raising effect of the minor allele of adiponectin, C1Q and collagen domain containing (ADIPOQ), cholesteryl ester transfer protein (CEPT), FTO alpha-ketoglutarate dependent dioxygenase (FTO), leptin (LEP), and leptin receptor (LEPR) genes in a large cohort stratified into four BMI-based body weight categories i.e., normal weight, lean, over-weight, and obese.",cholesteryl ester transfer protein,FTO alpha-ketoglutarate dependent dioxygenase,0,36126070,7,5063,0.0006794080958611165,NO,0
"In the present study, we investigated whether heat shock protein 70 (HSP70), a molecular chaperone that coordinates protein folding and homeostasis, affects PGE1-stimulated IL-6 synthesis in MC3T3-E1 cells through the MAPK activation.",heat shock protein 70,IL-6,1,36520821,5,14270,0.8655249559359872,YES,1
"Compared with 6 months or more of (H)REZ, the standardised retreatment regimen (2 months of streptomycin, 3 months of pyrazinamide, and 8 months of isoniazid, rifampicin, and ethambutol) was associated with significantly worse treatment success (aOR 0 4, 0 2-0 7).",REZ,pyrazinamide,0,29595509,6,12449,0.5588010499974617,YES,1
"We showed that activation of the mitochondrial ClpP protease by mutant ClpP (Y118A) or through utilization of second-generation imipridone compounds (ONC206 and ONC212) in combination with genetic interference of HDAC1 and HDAC2 as well as with global (panobinostat) or selective (romidepsin) HDAC inhibitors caused synergistic reduction of viability in GBM model systems, which was mediated by interference with tricarboxylic acid cycle activity and GBM cell respiration.",HDAC1,romidepsin,1,35417530,12,3586,0.2705272118476688,NO,0
"Pemetrexed (PEM), which is commonly used following EGFR-TKI treatment failure, was identified as an effective potentiator of STING-dependent TBK1-IRF3-STAT1 signaling in MET-amplified, EGFR-TKI-resistant cells.",STING,MET,1,36066413,7,4808,0.3937600772485745,NO,0
"Mechanisms of acquired resistance to anti-KRAS molecules typically involves either on target secondary mutations (e.g., G12, G13, Q61H, R68S, H95, Y96C, V8L) or off-target alterations.",R68S,Y96C,0,36358848,8,8354,0.0037164568715521095,NO,0
IL-24 enhanced IL-17A production in bronchial epithelial cells via the STAT3 and ERK1/2 signaling pathways; this effect was reversed by exogenous IL-37.,IL-24,STAT3,1,36174993,5,16104,0.9650154902625985,YES,1
"As a result, a total of 101 common active ingredients and 21 key active ingredients of four CPMs were obtained, including quercetin, luteolin, acacetin, kaempferol, baicalein, naringenin, artemisinin, aloe-emodin, which might be medicinal substances for the treatment of COVID-19.",acacetin,naringenin,0,36388945,10,8822,0.0004207810660623471,NO,0
"ELISA was performed to measure progesterone, MMP-2, MMP-9, pro-inflammatory factors TNF-alpha, IL-1beta, and anti-inflammatory factors IL-4, IL-10, and IL-13 levels.",MMP-2,IL-13,0,36593749,9,15175,0.0002178151317364437,NO,0
"Klotho-deficient serum promoted BMP2/vitamin D3-induced protein expression of PIT2 and RUNX2, phosphorylation of SMAD1/5/8 and SMAD2/3, and extracellular matrix calcification.",BMP2,vitamin D3,0,34368951,8,2280,0.8242530802182308,YES,1
Proanthocyanidins attenuated liver damage and suppressed fibrosis in CCl4-treated rats.,Proanthocyanidins,CCl4,1,35881285,5,4462,0.25371956401626206,NO,0
"When culturing primary thyrocytes with cytokines or sodium hydrosulfide (NaHS) plus cytokines, we found that ACE2 and NRP1 mRNA levels were upregulated while TMPRSS2 levels were downregulated by interferon-gamma (IFN-gamma) and tumor necrosis factor-alpha (TNF-alpha).",NRP1,interferon-gamma,1,36362417,6,13895,0.94705616641609,YES,1
"Determinants of survival and retrospective comparisons of 183 clinical trial patients with myelofibrosis treated with momelotinib, ruxolitinib, fedratinib or BMS- 911543",momelotinib,fedratinib,0,36599841,6,11087,0.9501159032193109,YES,1
"In Sprague-Dawley rats, administration of UII into the RVLM resulted in an increase in mean arterial pressure (MAP), heart rate (HR), ROS production, nicotinamide adenine dinucleotide phosphate (NADPH) oxidase activity, and phosphorylation of p47phox, extracellular signal-regulated protein kinase (ERK)1/2 and p38MAPK, but not stress-activated protein kinase/Jun N-terminal kinase (SAPK/JNK).",extracellular signal-regulated protein kinase (ERK)1/2,Jun N-terminal kinase,0,36421438,9,9451,0.08533193900357501,NO,0
"Excessive intake of heavy metals, such as arsenic (As), manganese (Mn), mercury (Hg), aluminium (Al), lead (Pb), nickel (Ni), bismuth (Bi), cadmium (Cd), copper (Cu), zinc (Zn), and iron (Fe), is neurotoxic and it promotes neurodegeneration.",arsenic,bismuth,0,33412145,14,1269,7.452562645393966e-05,NO,0
"Genes provided in the present study with genetic variants associated with VTE were FVL (G1691A), Prothrombin (G20210A), MTHFR (C677T, A1298C), PAI-1 (4G/5G), factor VII activating protease (1601G > A), and endothelial protein C receptor (g.6936A_G, c.4600A_G).",G1691A,c.4600A_G,0,36316870,14,8018,0.0063158480587358744,NO,0
"Genes provided in the present study with genetic variants associated with VTE were FVL (G1691A), Prothrombin (G20210A), MTHFR (C677T, A1298C), PAI-1 (4G/5G), factor VII activating protease (1601G > A), and endothelial protein C receptor (g.6936A_G, c.4600A_G).",A1298C,c.4600A_G,0,36316870,14,8037,0.00048143184543667265,NO,0
"FOXO3, IGFBP3, L-FABP, PCSK9, ANGPTL6, and ANGPTL8 plasma concentrations were measured by ELISA in 86 individuals.",IGFBP3,PCSK9,0,36143124,6,5415,0.00018998043818513582,NO,0
"Exposure to Cu led to significant neurobehavioral abnormalities; treatment with MiADMSA, and in particular MiADMSA + ALA, significantly ameliorated the neurobehavioral parameters and restored the memory deficits in rats.",neurobehavioral abnormalities,ALA,1,36548551,6,10596,0.2057426072079696,NO,0
"Guanosine reversed IMPDH1 expression in HCCC-9810 cells, promoting the secretion of inflammatory factors IL-6, IL-8, OPN, VEGF, and VCAM-1 and intensifying epithelial-mesenchymal transition (EMT) progression in the cells.",inflammatory,VEGF,1,36711025,9,11923,0.2314519019691963,NO,0
"Activated SGK3 can activate ion channels (TRPV5/6, SOC, Kv1.3, Kv1.5, Kv7.1, BKCa, Kir2.1, Kir2.2, ENaC, Nav1.5, ClC-2, and ClC Ka), carriers and receptors (Npt2a, Npt2b, NHE3, GluR1, GluR6, SN1, EAAT1, EAAT2, EAAT4, EAAT5, SGLT1, SLC1A5, SLC6A19, SLC6A8, and NaDC1), and Na+/K+-ATPase, promoting the transportation of calcium, phosphorus, sodium, glucose, and neutral amino acids in the kidney and intestine, the absorption of potassium and neutral amino acids in the renal tubules, the transportation of glutamate and glutamine in the nervous system, and the transportation of creatine.",ClC Ka,EAAT4,0,36531961,37,14851,0.036605564759738494,NO,0
"Synergy of 4-HPR + ABT-199 was mediated by induction of NOXA via 4-HPR stimulation of reactive oxygen species that induced expression of ATF4 and ATF3, transcription factors for NOXA.",ABT-199,ATF3,0,31484706,6,620,0.5638260824521276,YES,1
"Reactive oxygen species generation using dihydroethidium staining, expression of vascular cell adhesion molecule-1 and monocyte chemoattractant protein-1, and immune cell infiltration by immunofluorescence demonstrated that S2Ba rats present less inflammation under NSD and more under HSD versus SS rats.",Reactive oxygen species,dihydroethidium,0,33161775,6,950,0.46169227102715904,NO,0
"The present study examined the effects of intracerebral or systemic administration of the FAAH substrates N-oleoylethanolamide (OEA), N-palmitoylethanolamide (PEA) or the anandamide (AEA) analogue meth-AEA on hyperthermia and hypothalamic inflammatory gene expression following administration of the TLR3 agonist, and viral mimetic, poly I:C.",FAAH,N-palmitoylethanolamide,1,34265624,9,13125,0.8565591775656619,YES,1
"No unique factor was correlated with aggressiveness; however, CNA-positive thyroid nodules that were associated with high-risk mutations such as BRAF V600E, TP53, NTRK1/3 fusion, or PTEN mutation with high allele frequency (AF) ended up being aggressive cancers.",BRAF,PTEN,0,36551633,7,10674,0.017807387097185868,NO,0
"UII-induced cardiovascular effects were also significantly abolished by pretreatment with microinjection of Tempol, Apocynin, SB203580, or PD98059 into the RVLM.",Tempol,Apocynin,0,36421438,5,9465,0.08738417281490757,NO,0
"Significant differences were observed in the Total Correct (TC), Total Errors (TE), and Conceptual Level Responses (CLR) scores of the WCST among the three rs12601930C/T genotypes (p = 0.044, 0.044, and 0.047, respectively); in TC, TE, Non-Perseverative Errors (NPE), and CLR scores between participants with the CC and (CT + TT) rs12601930C/T polymorphism genotypes (p = 0.032, 0.032, 0.019, and 0.029, respectively); in TC, TE, Perseverative Errors (PE), NPE, and CLR scores between participants with the (CT + CC) and TT rs12601930C/T polymorphism genotypes (p = 0.001, 0.001, 0.011, 0.004, and 0.001, respectively); and in NPE and CLR scores between participants with the GG and (AG + AA) genotypes of the rs3764352A/G polymorphism (p = 0.011 and 0.010).",rs3764352,A/G,0,36440265,5,9895,0.37884177350245085,NO,0
"Activated SGK3 can activate ion channels (TRPV5/6, SOC, Kv1.3, Kv1.5, Kv7.1, BKCa, Kir2.1, Kir2.2, ENaC, Nav1.5, ClC-2, and ClC Ka), carriers and receptors (Npt2a, Npt2b, NHE3, GluR1, GluR6, SN1, EAAT1, EAAT2, EAAT4, EAAT5, SGLT1, SLC1A5, SLC6A19, SLC6A8, and NaDC1), and Na+/K+-ATPase, promoting the transportation of calcium, phosphorus, sodium, glucose, and neutral amino acids in the kidney and intestine, the absorption of potassium and neutral amino acids in the renal tubules, the transportation of glutamate and glutamine in the nervous system, and the transportation of creatine.",NHE3,creatine,0,36531961,37,14932,0.29218137589926774,NO,0
"Variants in MRPS7 have been described only once in the literature and were identified in sisters, one of whom presented with congenital sensorineural hearing loss and POI, consistent with our patient phenotype.",MRPS7,sensorineural hearing loss,1,36421788,4,9506,0.9891865210773966,YES,1
"However, how GLUL regulates the tumor microenvironment for tamoxifen-resistant ER+ breast cancer remains unexplored.",GLUL,breast cancer,1,36619229,5,11275,0.6112361508955972,YES,1
Cc > V11I Cc > Q12M > D50A >,Q12M,D50A,0,36552779,4,10745,0.8601156282543007,YES,1
LINC00173 downregulation in patients with DDP-resistant LUAD was correlated with poor prognosis.,LINC00173,DDP,1,36627670,4,15442,0.13352885389639582,NO,0
"The aims of this study were to analyze the association between FNDC5, PGC-1alpha genetic variants and overweight or obesity in Chinese children and adolescents.",PGC-1alpha,overweight,1,36760581,5,12260,0.912507889428606,YES,1
"Using a combination of regional association studies, a linkage disequilibrium map, and multivariate analysis, we revealed that the APOB locus variants rs144467873, rs13306194, and rs1367117 were independently associated with total, low-density lipoprotein (LDL), and non-high-density lipoprotein (non-HDL) cholesterol levels; rs1318006 was associated with HDL cholesterol levels; rs13306194 and rs35131127 were associated with serum triglyceride levels; rs144467873, rs13306194, rs56213756, and rs679899 were associated with remnant cholesterol levels; and rs144467873 and rs4665709 were associated with metabolic syndrome.",rs1318006,triglyceride,0,36499290,12,10123,0.1395467272058198,NO,0
"Our results indicate that circFAT1 promote tumorigenesis in LUAD through sequestering miR-7, consequently upregulating IRS2-ERK1/2-mediated CCND1 expression, and can be a valuable therapeutic target and an important parameter for precision treatment in LUAD patients.",miR-7,IRS2,1,35844799,6,4391,0.2625311790811462,NO,0
"Osimertinib, a third-generation (3G) epidermal growth factor receptor (EGFR) tyrosine kinase inhibitor (TKI) is now considered the standard of care for the first-line (1L) treatment of advanced EGFR+ NSCLC due to statistically significant improved progression-free survival (PFS) and overall survival (OS) compared with first-generation (1G) treatment from the FLAURA trial.",Osimertinib,epidermal growth factor receptor,1,36317157,3,8069,0.9675361081444805,YES,1
"We observed that CREPT competed with HDAC1 for binding to oncogene (such as CCND1, CLDN1, VEGFA, PPARD and BMP4) promoters but not the tumor suppressor gene (such as p21 and p27) promoters by a chromatin immunoprecipitation (ChIP) qPCR experiment.",CLDN1,BMP4,0,36230720,10,6686,0.0013628960993693543,NO,0
"Expressions of surface markers associated with MSCs (THY1, CD34, CD73, CD271, CD54, CD44, and CD29) were evaluated in fleshly isolated SF subsets by flow cytometry.",CD34,CD29,0,35168627,7,3176,0.04007210544564904,NO,0
"We concluded that the efflux transporters ABCB1, ABCC2, SLC25A21, ATP7A, and the uptake transporter OCT2, as well as the organic anion uptake transporters OAT1 and OAT2, are linked to cisplatin accumulation, toxicity, and resistance in urinary bladder cancer patients.",ABCB1,toxicity,1,36650399,11,11367,0.9970855575351966,YES,1
"Dapagliflozin slowed the migration rate of HFrEF fibroblasts in a dose-dependent manner and markedly decreased the expression of IL-1beta, IL-6, MMP3, MMP9, GAL3, and FN1. SGLT2i",Dapagliflozin,IL-1beta,1,36303443,8,13803,0.9651424898749597,YES,1
"Mutational analysis detected 18,261 mutations in the omicron variant, majority of which were non-synonymous mutations in spike (A67, T547K, D614G, H655Y, N679K, P681H, D796Y, N856K, Q954H), followed by RNA dependent RNA polymerase (rdrp) (A1892T, I189V, P314L, K38R, T492I, V57V), ORF6 (M19M) and nucleocapsid protein (RG203KR).",N856K,Q954H,0,35367284,21,3460,0.012838281585275018,NO,0
"Thus, we have shown that SkQ1 suppresses not only NF-kB-dependent expression of IL-6 and other proinflammatory genes but also IL-6-induced activation of JAK/STAT3 and STAT3-dependent expression of MCP-1, which probably contributes to the overall therapeutic effect of SkQ1.",SkQ1,IL-6,1,36406976,6,14042,0.8839989377456876,YES,1
"A significant (p < 0.05) decline in glutathione peroxidase (GPx), superoxide dismutase (SOD,) glutathione, and catalase levels and an elevation in malondialdehyde level in the BPA group confirmed the generation of oxidative stress and lipid peroxidation in experimental mice exposed to BPA.",glutathione,lipid,0,36432690,8,9759,0.01077085504777661,NO,0
"Imp2-/- mice were resistant to autoantibody-induced glomerulonephritis (AGN), showing impaired renal expression of C/EBPs and Lcn2",autoantibody-induced glomerulonephritis,Lcn2,1,34215679,4,13107,0.5373892193767404,YES,1
"CONCLUSIONS: Here, our findings suggested that different mutation types after the vitB12-binding domain of CUBN uncouple proteinuria from glomerular filtration barrier, that may be an unexpectedly common benign condition in humans and may not require any proteinuria-lowering treatment or renal biopsy.",CUBN,proteinuria,1,36266725,4,7216,0.8668206453016002,YES,1
"The types and mechanisms of atrazine-metolachlor toxicity, an herbicide composed of atrazine (ATR) and metolachlor (MET), need to be further investigated.",atrazine-metolachlor,atrazine,0,36262065,4,7068,0.3081836491220134,NO,0
"Other treatment-related grade 3-4 adverse events include generalised oedema and myalgia (each in two [1%] patients) in those given pembrolizumab 2 mg/kg; hypopituitarism, colitis, diarrhoea, decreased appetite, hyponatremia, and pneumonitis (each in two [1%]) in those given pembrolizumab 10 mg/kg; and anaemia (nine [5%]), fatigue (eight [5%]), neutropenia (six [4%]), and leucopenia (six [4%]) in those assigned to chemotherapy.",pembrolizumab,neutropenia,0,26115796,14,12409,0.025824415974278855,NO,0
"Interestingly, this mutant shows a partial transactivation activity on p53 response element belonging to the metabolic target TIGAR.",p53,TIGAR,1,36226181,2,6639,0.8168955713507688,YES,1
DAP12 knockdown reduced SYK autophosphorylation in Muller cells exposed to hyperglycemic or hypoxic conditions.,SYK,hyperglycemic,0,36306144,4,7668,0.07020337485925597,NO,0
"Activated SGK3 can activate ion channels (TRPV5/6, SOC, Kv1.3, Kv1.5, Kv7.1, BKCa, Kir2.1, Kir2.2, ENaC, Nav1.5, ClC-2, and ClC Ka), carriers and receptors (Npt2a, Npt2b, NHE3, GluR1, GluR6, SN1, EAAT1, EAAT2, EAAT4, EAAT5, SGLT1, SLC1A5, SLC6A19, SLC6A8, and NaDC1), and Na+/K+-ATPase, promoting the transportation of calcium, phosphorus, sodium, glucose, and neutral amino acids in the kidney and intestine, the absorption of potassium and neutral amino acids in the renal tubules, the transportation of glutamate and glutamine in the nervous system, and the transportation of creatine.",NHE3,SLC6A19,0,36531961,37,14921,0.08820664502372473,NO,0
"Multiple treatment-emergent alterations were observed across 27 patients, including alterations in KRAS, NRAS, BRAF, EGFR, FGFR2, MYC and other genes.",EGFR,MYC,0,34759319,7,15953,0.0008508349650581196,NO,0
"EC cells were transfected with wildtype POLE or POLE variants to examine the effects of the EDMs on EC cell behavior, including cell cycle, migration, and invasion.",EC,POLE,1,36313640,2,7939,0.6544726284035995,YES,1
"PPARgamma/delta dual modulators functioning as both PPARgamma partial agonists and PPARdelta antagonists promoted adiponectin production, suggesting their therapeutic potential against hypoadiponectinemia-associated cancer and metabolic diseases.",PPARdelta,metabolic diseases,1,33325691,7,1173,0.6449684571647231,YES,1
"Neurotensin addition to NCI-H838 cells increased significantly reactive oxygen species which was inhibited by SR48692, Tiron (superoxide scavenger) and diphenylene iodonium (DPI inhibits the ability of NADPH oxidase and dual oxidase enzymes to produce reactive oxygen species).",Neurotensin,diphenylene iodonium,1,31614143,8,12499,0.29206157493166424,NO,0
We aimed to explore whether the effect of progesterone on preeclampsia via the PI3K/AKT signaling pathway.,preeclampsia,PI3K,1,36593749,4,15155,0.31850223145566303,NO,0
"Intriguingly, there were decreases in ACE2 and apelin expression as well as marked increases in SGLT2 and endothelin-1 levels in SARS-CoV-2-infected cardiomyocytes, animal models with diabetes, acute kidney injury, heart failure and COVID-19 patients.",ACE2,COVID-19,1,34000358,10,12804,0.6589531892047589,YES,1
"The genetic variants with higher MAFs in obese BMI group were; rs2241766 (G = 0.43), rs17817449 (G = 0.54), rs9939609 (A = 0.51), rs1421085 (C = 0.53), rs1558902 (A = 0.63), and rs1137101 (G = 0.64) respectively.",obese,rs1421085,1,36126070,7,5076,0.9576317786202385,YES,1
"Q57H and T151I of ORF3a; T21I and W27L of ORF6; G38V, V82A, and T120I of ORF7a; S31P and T40I of ORF7b; and R52I, C61F, and I121L of ORF8 were highly frequent in most variants of concern and were within known functional domains.",T151I,I121L,0,35764775,17,4136,0.001711683915930298,NO,0
"Diminishing HMGB2 expression by ectopic expression of miR-127 or SHP, or treatment with a small molecule inhibitor inflachromene (ICM), decreases OCT4 and SOX2 expression and facilitates CGR8 differentiation.",HMGB2,OCT4,1,29218329,7,466,0.5027473333696353,YES,1
"This was a single-arm, open-label adaptive Bayesian dose-escalation study of Bermekimab combined with Nal-Iri and 5FU/FA in patients with advanced or locally advanced PDAC who failed gemcitabine-based chemotherapy.",5FU,gemcitabine,0,36056179,7,4750,0.021485175221267198,NO,0
"Pemetrexed (PEM), which is commonly used following EGFR-TKI treatment failure, was identified as an effective potentiator of STING-dependent TBK1-IRF3-STAT1 signaling in MET-amplified, EGFR-TKI-resistant cells.",EGFR,STING,1,36066413,7,4800,0.10023572768706739,NO,0
"To investigate the biological consequences of cysteine modification on the Hsp70 Ssa1 in budding yeast, we generated cysteine null (cysteine to serine) and oxidomimetic (cysteine to aspartic acid) mutant variants of both C264 and C303 and demonstrate reduced ATP binding, hydrolysis, and protein folding properties in both the oxidomimetic and hydrogen peroxide-treated Ssa1.",cysteine to serine,ATP,1,36030825,6,4701,0.0040559371277249815,NO,0
"Zfra, a 31-amino-acid zinc finger-like WWOX-binding protein, is known to restore memory deficits in 9-month-old triple-transgenic (3xTg) mice by blocking the aggregation of TPC6ADelta, SH3GLB2, tau, and amyloid beta, as well as inflammatory NF-kappaB activation.",Zfra,memory deficits,1,36498839,9,14112,0.9931782607273193,YES,1
Conclusion: Ginsenoside Rg1 may alleviate CIH-induced vascular endothelial dysfunction by suppressing the formation of mitochondrial reactive oxygen species through the calpain-1 pathway.,CIH,reactive oxygen species,0,36644390,5,15696,0.7538487928048344,YES,1
"Myogenic differentiation is a tightly regulated process characterized by genomic reorganization leading to coordinated temporal expression of key transcription factors, including MyoD, Pax7, and Myf5.",MyoD,Myf5,0,36274837,3,7250,0.282259589314919,NO,0
"This dominant negative phenotype is reverted by the R2259A substitution, again allowing Gcn1-Gcn2 interaction and enhanced eIF2alpha phosphorylation.",Gcn1,Gcn2,1,36441697,4,9909,0.996442256554302,YES,1
"However, these abnormalities induced by HTL administration were rescued by enforced expression of MT-GCH1 or gene knockout of iNOS.",GCH1,iNOS,1,36399957,3,9105,0.14077443795723274,NO,0
"38 genotypes were found and the top 5 frequencies of G6PD gene variants were c.1388G > A, c.1376G > T, c.95A > G, c.1024C >",c.1376G > T,c.95A > G,0,36212142,4,6456,0.006806834986659888,NO,0
"DEX injection markedly increased blood glucose, TP and TC levels, the Ca2+/P5+ ratio and the neutrophil/lymphocyte ratio and significantly decreased blood IL-1beta, IL-6 and TNF-alpha levels.",DEX,IL-1beta,1,36174980,7,5934,0.9738596073401304,YES,1
"Through a Connectivity Map (CMap) analysis, we revealed that certain drugs/molecules, including omeprazole, methacholine chloride, ioversol, fulvestrant, difenidol, cycloserine, and MK-801, may serve as potential treatments for tamoxifen-resistant breast cancer patients.",omeprazole,methacholine chloride,0,36619229,10,11283,0.0005636778408259143,NO,0
"The present study examined the effects of intracerebral or systemic administration of the FAAH substrates N-oleoylethanolamide (OEA), N-palmitoylethanolamide (PEA) or the anandamide (AEA) analogue meth-AEA on hyperthermia and hypothalamic inflammatory gene expression following administration of the TLR3 agonist, and viral mimetic, poly I:C.",hyperthermia,TLR3,1,34265624,9,13154,0.3760868108497784,NO,0
"Activated SGK3 can activate ion channels (TRPV5/6, SOC, Kv1.3, Kv1.5, Kv7.1, BKCa, Kir2.1, Kir2.2, ENaC, Nav1.5, ClC-2, and ClC Ka), carriers and receptors (Npt2a, Npt2b, NHE3, GluR1, GluR6, SN1, EAAT1, EAAT2, EAAT4, EAAT5, SGLT1, SLC1A5, SLC6A19, SLC6A8, and NaDC1), and Na+/K+-ATPase, promoting the transportation of calcium, phosphorus, sodium, glucose, and neutral amino acids in the kidney and intestine, the absorption of potassium and neutral amino acids in the renal tubules, the transportation of glutamate and glutamine in the nervous system, and the transportation of creatine.",TRPV5/6,GluR1,0,36531961,37,14527,0.039789806823730144,NO,0
"SYK inhibition or DAP12 knockdown suppressed hypoxia-induced expression of the transcription factor hypoxia-inducible factor 1  (HIF1 ), as well as expression of vascular endothelial growth factor and angiopoietin-like 4.",hypoxia,angiopoietin-like 4,0,36306144,6,7681,0.2955805420816262,NO,0
"The tissue inhibitor of metalloproteinase (TIMP)-3, encoded by the TIMP3 gene, may inhibit tumor growth, invasion, and metastasis of several cancer types.",tissue inhibitor of metalloproteinase (TIMP)-3,tumor,1,36499314,3,10160,0.7816695210858106,YES,1
"The expression levels of adipogenesis- and inflammation-associated proteins, including CCAAT/enhancer-binding protein (C/EBP)-alpha, inducible nitric oxide synthase (iNOS), C/EBPbeta, peroxisome proliferator-activated receptor gamma (PPARgamma), and cyclooxygenase-2 (COX-2), were determined via Western blotting.",inflammation,cyclooxygenase-2,1,36559664,6,10861,0.2951908367543039,NO,0
"Maslinic acid increased the mechanical pain threshold and inhibited the expression of p-P65, MLCK, MEF2C, and MyoC.",Maslinic acid,P65,1,36408215,6,9202,0.9072580620381171,YES,1
"Conclusion: KRT80 regulated by miR-206/ETS1 promotes tumor progression via the MEK/ERK pathway in ovarian cancer, and KRT80 may have applications as a screening biomarker and potential therapeutic target for ovarian cancer.",miR-206,ovarian cancer,1,34659572,7,2702,0.6848766983208313,YES,1
"Screening of nine affected families revealed two novel (c.5571_5576delinsCTAGATand c.471dup in EYS and SPATA7 genes, respectively) and six reported pathogenic mutations (c.304C>A, c.187C>T, c.1560C>A, c.547C>T, c.109del and c.9911_11550del in PDE6A, USH2A, USH2A, NMNAT1, PAX6 and ALMS1 genes, respectively) segregating with disease phenotype in each respective family.",c.547C>T,c.109del,0,36140798,15,5334,0.0009398675238805222,NO,0
"Specifically, cells that are sensitive to combined dasatinib and trametinib treatment have inhibition of FAK/Src, MEK/ERK, and AKT, resulting in the dramatic upregulation of BIM, while cells that are resistant lack inhibition of AKT and have a dampened induction of BIM.",FAK,BIM,0,36672327,8,11614,0.6327135028606838,YES,1
Phosphoenolpyruvate carboxykinase (PEPCK) catalyzes the conversion of oxaloacetate to phosphoenolpyruvate and links the tricarboxylic acid cycle and glycolysis/gluconeogenesis.,Phosphoenolpyruvate carboxykinase,phosphoenolpyruvate,1,35757841,4,4036,0.9434659692986479,YES,1
"We report a case of reinfection by SARS-CoV-2 with the second virus harboring amino acid changes in the Spike protein (141-143del, D215A, ins215AGY, L452R, D614G), orf1a, helicase, orf3a, and Nucleocapside.",reinfection by SARS-CoV-2,ins215AGY,1,34107326,10,1982,0.28766392646881567,NO,0
"Using S-proteins of two different SARS-CoV-2 variants (Wuhan and Delta), we demonstrate that exposure of HLMEC or neutrophils to S-proteins, co-culture of HLMEC exposed to S-proteins with non-exposed neutrophils, or co-culture of neutrophils exposed to S-proteins with non-exposed HLMEC induced transcriptional upregulation of tissue factor (TF), significantly increased the expression and secretion of factor (F)-V, thrombin, and fibrinogen and inhibited tissue factor pathway inhibitor (TFPI), the primary regulator of the extrinsic pathway of blood coagulation, in both cell types.",fibrinogen,tissue factor pathway inhibitor,0,36142345,9,13574,0.20489711685577403,NO,0
We found that the ALA/MrgD axis improved TGF-beta1-mediated LF activation by repressing glycolysis by downregulating HK2 and PFKFB3 expression.,ALA,HK2,1,36635651,5,15549,0.9158876614847877,YES,1
"We also found that either TSH or NAC enhanced PKA, Akt, mTORC, AMPK, Sirtuins, PGC1alpha, NRF-2, mitofusin-2, TFAM and catalase in the N-TSHR-mAb stressed cells.",catalase,TSHR,0,34801870,14,13460,0.3929167745847592,NO,0
"Herein, using the molecular docking and interaction energy analysis, we showed that N501Y, L452R-E484Q, and E484K mutations bind strongly with heparin in the range of - 7.4 to - 8.0 kcal/mol.",E484K,heparin,1,35194375,5,3260,0.9975820926450646,YES,1
"Furthermore, we proved that ALA counteracts the effects of bleomycin on HK2, PFKFB3, LC3, Parkin, and LF activation in vivo.",LC3,Parkin,1,36635651,6,15586,0.006915567358592443,NO,0
"The present study examined the effects of intracerebral or systemic administration of the FAAH substrates N-oleoylethanolamide (OEA), N-palmitoylethanolamide (PEA) or the anandamide (AEA) analogue meth-AEA on hyperthermia and hypothalamic inflammatory gene expression following administration of the TLR3 agonist, and viral mimetic, poly I:C.",meth-AEA,hyperthermia,1,34265624,9,13150,0.8572565842055098,YES,1
"A 72-year-old man, who received seven courses of atezolizumab/bevacizumab for hepatocellular carcinoma due to hepatitis B, was admitted to our department with idiopathic abdominal pain and diarrhea (grade 2",atezolizumab,bevacizumab,1,36224043,7,6606,0.9851751560521843,YES,1
"After delivery, high parathyroid hormone (PTH) and calcium serum levels were found in Patient 2 and the scintigraphy showed the presence of adenoma of a parathyroid gland.",parathyroid hormone,calcium,0,36232568,4,6747,0.36990817893486544,NO,0
"The survival rate of laryngeal squamous cell carcinoma: impact of IL1RAP rs4624606, IL1RL1 rs1041973, IL-6 rs1800795, BLK rs13277113, and TIMP3 rs9621532 single nucleotide polymorphisms.",rs4624606,rs1800795,0,36682035,11,11678,0.026022648986643273,NO,0
"In this study, we treated liver cancer cells with I3C, performed colony formation and cell migration, measured the expression of glycolysis-related proteins, and predicted and validated LDHA-targeting miRNA from the databases.",liver cancer,I3C,1,36297369,3,7535,0.9035566112216016,YES,1
"MMTT analysis showed that probands with variants in MC4R, CASP10, TMPRSS6, HGFAC, and SLC5A1 (c.1415T>C) had sufficient residual beta-cell function with stimulated C-peptide (CP) >200 pmol/L. Seven individuals with variants in RFX2, RREB1, GCKR, DACH1, ZBED3 and SLC5A1 (c.1415T>C, and c.932A>T) presented with complete beta-cell failure.",SLC5A1,RFX2,0,36585034,14,16326,0.2220032647990965,NO,0
"A known pathogenic mutation in the desmin (DES) gene resulting in p.S13F substitution (NM_001927.3:c.38C>T) at a PKC phosphorylation site was identified in all four members of the kindred with early-onset AF and heart block, while only two developed DCM.",desmin,heart block,1,34289528,6,2201,0.8277297002371918,YES,1
"Targeted SARS-CoV-2 sequencing allowed for detection of important genetic mutations, such as spike: K417N, D614G, P681H, T716I, S982A, and D1118H, commonly associated with increased cell entry and reinfection.",P681H,S982A,0,35726918,8,3861,0.022495117546274614,NO,0
"Presently we focused on evolution of the envelope (E) protein, one of the most enigmatic and less studied protein among the four structural proteins (S, E, M and N) associated with multitude of immunopathological functions of SARS-CoV-2.",envelope (E) protein,M,0,33319124,5,15812,0.051287109149020016,NO,0
"KRGE-induced BVR-A expression and subsequent bilirubin production were required for changes in mitochondrial membrane potential, mitochondrial mass, and oxidative phosphorylation through liver kinase B1 (LKB1), estrogen-related receptor alpha (ERRalpha), and sirtuin (SIRT1 and SIRT5) in astrocytes.",BVR-A,liver kinase B1,1,36139815,7,5206,0.6783782251609529,YES,1
We performed cardiorespiratory monitoring of seizure-induced death in mice carrying either a p.Arg1872Trp or p.Asn1768Asp mutation in a single Scn8a allele-mutations identified from patients who died from SUDEP-and of seizure-induced death in pentylenetetrazole-treated wild-type mice.,seizure,Scn8a,1,33604927,9,1499,0.3556182860849674,NO,0
"In addition, glucose uptake, intracellular glutamine levels, and mTORC1 pathways activation by glucose and glutamine in ER+ breast cancer were attenuated by PCK2 knockdown.",glutamine,mTORC1,1,35757841,6,4066,0.6872810816955219,YES,1
"In conclusion, we report a case of HP with Factor V Leiden (G1691A), MTHFR C677T, MTHFR A1298C, PAI-1",HP,G1691A,1,36348907,7,8256,0.8203747127822247,YES,1
"Together, we provide in vivo evidence that the RBM38-eIF4E loop can be explored to fine-tune p53 expression for therapeutic development.",RBM38,p53,1,33664057,3,1687,0.9811587975377954,YES,1
"Mass spectrometry and RNA-pulldown, RNA immunoprecipitation (RIP), luciferase reporter and coimmunoprecipitation assays were performed to explore the mechanism of m6A-mediated upregulation of WEE2-AS1 expression and the downstream mechanism promoting the malignant progression of GBM.",m6A,GBM,1,36168628,3,5759,0.6549489577974332,YES,1
"Furthermore, ATR-MET induced cardiovascular toxicity (increased levels of plasma total cholesterol, HDL-cholesterol, LDL-cholesterol, and triglycerides) with concomitant induction of renal toxicity (increased plasma creatinine and urea levels), and hepatotoxicity (increased plasma bilirubin, alkaline phosphatase, acid phosphatase, alanine aminotransferase and aspartate aminotransferase).",triglycerides,acid phosphatase,0,36262065,13,7141,0.10072895874327929,NO,0
"Treatment of ERK inhibitor U0126 or PI3K inhibitor wortmannin decreased p-CREB, BDNF and BCL2 in these cells, implying that the neuroprotective effects of LMDS-1/2 are via activating TRKB downstream ERK, PI3K-AKT and CREB signaling.",U0126,CREB,1,36361524,10,8410,0.9104254094874452,YES,1
The study aimed to explore the influence of genetic polymorphisms in ANKK1 and DRD2 on the signs and symptoms of temporomandibular disorder (TMD) in construction workers.,ANKK1,DRD2,0,36043564,3,4711,0.1048391155758428,NO,0
"Genes or proteins regulating lipid metabolism include sterol regulatory element binding protein 1 (SREBP1), adipose triglyceride lipase (ATGL), hormone sensitive lipase (HSL), acetyl-CoA carboxylase 1 (ACC1), fatty acid synthase (FAS), zinc alpha 2 glycoprotein (ZAG) and estrogen receptor alpha (ERalpha), and the expression of proteins regulating inflammatory response, such as TLR4 and NF-kappaB, were determined.",inflammatory,TLR4,1,31661889,11,12632,0.6400986990796106,YES,1
"Four novel QDPR variants [c.714dup or p.(Leu239Thrfs*44), c.106-1G>T or p.(?), c.214G>T or p.(Gly72*), and c.187_189dup or p.(Gln63dup)] were identified.",c.714dup,c.214G>T,0,36313470,8,7904,0.029837325742834337,NO,0
"The MARC1, ADCY5, and BCO1 genes have recently been involved in lipidic abnormalities.",MARC1,BCO1,0,36233117,4,6853,0.061468530849603485,NO,0
N-acylethanolamine regulation of TLR3-induced hyperthermia and neuroinflammatory gene expression: A role for PPARalpha.,TLR3,PPARalpha,1,34265624,5,13118,0.2479917476538857,NO,0
"Cirrhosis, prior treatment with interferon/PEG + RBV, and baseline NS5A RAS were associated with higher risk of treatment failure.",PEG,RBV,1,36410397,5,16188,0.7699436440247632,YES,1
Preincubated SH-SY5Y cells with Apocynin before administration of UII followed by Western blots assay showed that ROS is in the upstream of p38MAPK/ERK1/2.,p38MAPK,ERK1/2,0,36421438,6,9480,0.7280841314230859,YES,1
"Using this multiplexed approach we showed that Vps45 and Rab14 are selective regulators of GLUT4, but Trarg1, Stx6, Stx16, Tbc1d4 and Rab10 knockdown affected both GLUT4 and TfR translocation.",Stx6,Stx16,0,36283703,9,7329,0.01344973712153704,NO,0
"Liver fibrosis was induced in myeloid-specific Xbp1-, STING-, and Nlrp3-deficient mice by carbon tetrachloride injection, bile duct ligation, or a methionine/choline-deficient diet.",STING,Nlrp3,1,36185574,8,13718,0.05150455905109097,NO,0
"To exclude the potential involvement of hyperphosphatemia in arterial calcification, Klotho-deficient mice were given a low phosphate diet (0.2%).",Klotho,phosphate,1,34368951,5,2267,0.4609435472843508,NO,0
"[HR = 0.88 (95% CI, 0.53-1.47)], and response rate was 9.6% and 36.0% for nivolumab and carboplatin-pemetrexed, respectively.",nivolumab,pemetrexed,1,34921023,3,2917,0.4828026790793016,NO,0
PCK2 also regulates nutrient status-dependent mTORC1 pathway activation in ER+ breast cancer.,ER,breast cancer,1,35757841,4,4091,0.29439536795806587,NO,0
"in 11 tumours including the paediatric ovarian tumour from one patient with Ollier disease, 4 cutaneous haemangiomas from three patients with Maffucci syndrome, 5 enchondromas and 1 chondrosarcoma; p.R132H in 2 cartilaginous tumours from one patient).",enchondromas,p.R132H,0,36428825,9,9679,0.5093753978469096,YES,1
"Overall, we suggest that Pitavastatin and Ivermectin could act synergistically in combination with Paclitaxel, being promising two-drug combinations for high-grade serous carcinoma management.",Paclitaxel,serous carcinoma,1,36139522,4,5179,0.8060143039444764,YES,1
"Both in vivo and in vitro assays demonstrated that C/EBPbeta knockdown significantly suppressed CCI- or LPS/ATP-induced Clec7a upregulation, and subsequently reduced Syk, ERK and JNK phosphorylation, NLRP3 oligomerization, caspase-1 activation, GSDMD expression and pyroptosis, which were markedly reversed by the co-transfection of Clec7a expression vector.",Syk,NLRP3,0,36503542,11,14237,0.47345494541411615,NO,0
In silico investigations of heparin binding to SARS-CoV-2 variants with a focus at the RBD/ACE2 interface.,heparin,ACE2,1,35194375,3,3245,0.4727385150202214,NO,0
"Activated SGK3 can activate ion channels (TRPV5/6, SOC, Kv1.3, Kv1.5, Kv7.1, BKCa, Kir2.1, Kir2.2, ENaC, Nav1.5, ClC-2, and ClC Ka), carriers and receptors (Npt2a, Npt2b, NHE3, GluR1, GluR6, SN1, EAAT1, EAAT2, EAAT4, EAAT5, SGLT1, SLC1A5, SLC6A19, SLC6A8, and NaDC1), and Na+/K+-ATPase, promoting the transportation of calcium, phosphorus, sodium, glucose, and neutral amino acids in the kidney and intestine, the absorption of potassium and neutral amino acids in the renal tubules, the transportation of glutamate and glutamine in the nervous system, and the transportation of creatine.",Npt2b,potassium,0,36531961,37,14908,0.22032437129592014,NO,0
"knockdown markedly attenuated CCI-induced mechanical allodynia, obstructed Syk, ERK and JNK phosphorylation, inhibited NLRP3 inflammasome and caspase-1 activation, GSDMD cleavage, and consequently reduced the release of pro-inflammatory cytokines (all P < 0.05).",mechanical allodynia,ERK,0,36503542,9,14168,0.41521075657626044,NO,0
"Importantly, decreased LPO expression was causally linked to aggravated microbiota-driven colitis and associated tumorigenesis, as LPO supplementation could completely rescue such phenotypes in mice deficient in epithelial chemerin-CMKLR1 signaling.",LPO,colitis,1,35858331,5,4435,0.9892313031437725,YES,1
"Treatment of obese+sugen rats with empagliflozin improved metabolic syndrome, reduced mitochondrial reactive oxygen species and miR-193b levels, restored NFYA/sGC activity, and prevented EIPH.",sugen,metabolic syndrome,0,34157861,10,12971,0.004552448077279284,NO,0
"Like carvedilol, nebivolol reduced the opening of single RyR2 channels and suppressed spontaneous Ca2+ waves in intact hearts and catecholaminergic polymorphic ventricular tachycardia (CPVT) in the mice harboring a RyR2 mutation (R4496C).",nebivolol,RyR2,1,27623776,7,176,0.9768575032362249,YES,1
"Phase 1 study of bendamustine in combination with clofarabine, etoposide, and dexamethasone in pediatric patients with relapsed or refractory hematologic malignancies.",bendamustine,etoposide,1,33598942,6,1454,0.9913921255831358,YES,1
"Meanwhile, a relationship between an enhanced risk of squamous cell carcinoma and rs28757157 was found, while the rs3751592 CC genotype was identified as a risk factor for lung adenocarcinoma development.",squamous cell carcinoma,rs3751592,0,36527059,4,10436,0.0011491832273400236,NO,0
"We showed that activation of the mitochondrial ClpP protease by mutant ClpP (Y118A) or through utilization of second-generation imipridone compounds (ONC206 and ONC212) in combination with genetic interference of HDAC1 and HDAC2 as well as with global (panobinostat) or selective (romidepsin) HDAC inhibitors caused synergistic reduction of viability in GBM model systems, which was mediated by interference with tricarboxylic acid cycle activity and GBM cell respiration.",panobinostat,tricarboxylic acid,0,35417530,12,3598,0.21352632523060505,NO,0
"Treatment of obese+sugen rats with empagliflozin improved metabolic syndrome, reduced mitochondrial reactive oxygen species and miR-193b levels, restored NFYA/sGC activity, and prevented EIPH.",metabolic syndrome,miR-193b,1,34157861,10,12984,0.5061842429219238,YES,1
Recently two other 3G EGFR TKIs (aumolertinib and furmonertinib) have been approved in China for treatment of EGFR T790M+ NSCLC.,aumolertinib,T790M,0,36317157,5,8076,0.8712723996862642,YES,1
"OBJECTIVE/BACKGROUND: Recurrent somatic mutations in the JAK2, calreticulin (CALR), and the MPL genes are described as drivers of BCR-ABL1-negative myeloproliferative neoplasms (MPN) that includes polycythemia vera (PV), essential thrombocytosis (ET), primary myelofibrosis (PMF), and MPN unclassified (MPN-U).",MPL,myeloproliferative neoplasms,1,33789164,9,1751,0.9619047737346251,YES,1
"Furthermore, ATR-MET induced cardiovascular toxicity (increased levels of plasma total cholesterol, HDL-cholesterol, LDL-cholesterol, and triglycerides) with concomitant induction of renal toxicity (increased plasma creatinine and urea levels), and hepatotoxicity (increased plasma bilirubin, alkaline phosphatase, acid phosphatase, alanine aminotransferase and aspartate aminotransferase).",hepatotoxicity,alkaline phosphatase,0,36262065,13,7165,0.989872291615227,YES,1
"In summary, I3C inhibited the degradation of p53 by MDM2 in liver cancer cells; stable p53 induced miR-34a, which targeted LDHA, a key enzyme for aerobic glycolysis, suggesting cancer metabolism is an important target for I3C in liver cancer cells.",miR-34a,LDHA,1,36297369,7,7575,0.9979337516637967,YES,1
"We reported that among 14 beta-blockers tested previously, only carvedilol effectively suppressed cardiac ryanodine receptor (RyR2)-mediated spontaneous Ca2+ waves during store Ca2+ overload, also known as store overload-induced Ca2+ release (SOICR).",carvedilol,cardiac ryanodine receptor,1,27623776,3,157,0.9819631813051798,YES,1
"CONCLUSIONS: I/R stress causes shedding of the membrane EPCR in the heart, and administration of APC prevents I/R-induced cardiac EPCR shedding that is critical for limiting cardiac damage in aging.",EPCR,cardiac damage,1,34930019,4,2959,0.84058635113585,YES,1
The miR-196a SNP Rs11614913 but not the miR-499 rs37464444 SNP is a Risk Factor for Non-small Cell Lung Cancer in an Iranian Population.,miR-499,Non-small Cell Lung Cancer,1,36258913,5,7019,0.0174628344905321,NO,0
The expression of CMT-HARS1 mutations led to attenuation of protein synthesis and increased phosphorylation of eIF2alpha in PC12 cells and was accompanied by impaired neurite and axon outgrowth in both models.,CMT,HARS1,1,32543048,4,16598,0.13776151542338466,NO,0
"Furthermore, we proved that ALA counteracts the effects of bleomycin on HK2, PFKFB3, LC3, Parkin, and LF activation in vivo.",PFKFB3,Parkin,0,36635651,6,15585,0.004523929278406992,NO,0
Trichorhinophalangeal syndrome type I (TRPS I; MIM 190350) is a rare autosomal dominant disorder of congenital malformations due to variants of the gene TRPS1.,autosomal dominant disorder,TRPS1,0,36291383,4,7398,0.849533422014873,YES,1
"Thence, we design a three-pronged platinum@polymer-catechol nanobraker to deliver mTOR inhibitor TAK228 and anti-PD-L1 antibody (aPD-L1) for impeding the melanoma-PD-1-driven aggression and maximizing the melanoma eradication.",catechol,PD-L1,1,36203954,7,6354,0.0040317430091532346,NO,0
"AGGF1 antagonizes MDM2 function to inhibit p53 ubiquitination, increases the acetylation, phosphorylation, stability and expression levels of p53, activates transcription of p53 target genes, and regulates cell proliferation, cell cycle, and apoptosis.",MDM2,p53,0,33069768,3,843,0.9875410404698419,YES,1
"Excessive cytokine activity underlies many autoimmune conditions, particularly through the interleukin-17 (IL-17) and tumor necrosis factor-alpha (TNFalpha) signaling axis.",autoimmune conditions,interleukin-17,1,34215679,3,13039,0.9823676516221969,YES,1
"The CYP2R1 polymorphisms, rs12794714 (GG genotype) (odds ratio [OR] = 3.54, 95% confidence interval [CI] = 1.24-10.14, p = 0.023) and rs10741657 (recessive model-GG genotype) (OR = 3.90, 95%CI = 1.18-12.92, p = 0.026) were significantly associated with an increased risk of MS and hyperglycemia, respectively.",rs10741657,hyperglycemia,1,36364874,5,8568,0.9976507220009285,YES,1
"LOXL1 rs2165241, LOXL2 rs1063582, and LOXL3 rs17010021 showed risk effects on multiple IAs rupture.",rs1063582,IAs rupture,1,36172092,7,5813,0.9879900725675219,YES,1
H2S attenuate UII-induced cardiovascular effects via Galphao-ROS-p38MAPK/ERK1/2 pathway.,H2S,ERK1/2,0,36421438,6,9488,0.9402735468082961,YES,1
"We detected two new heterozygous mutation sites of the VPS33B gene in this child, c.1081C > T (p.GLN361X, 257) and c.244T > C (p.Cys82Arg), through the gene detection technique; the tertiary structure of the protein was predicted by using the SWISS-model.",c.1081C > T,c.244T > C,0,36568436,4,10946,0.08898274135016772,NO,0
Serum cytokines such as interleukin-17 (IL-17) may be potential indicators for bovine mastitis concerning the milk somatic cell count (SCC) and somatic cell score (SCS).,interleukin-17,bovine mastitis,0,36134995,2,5107,0.9771012147286263,YES,1
"Above all, SFN and ISO possessed high logP values and effectively improving DSS-induced colitis by activating the Keap1-Nrf2 pathway to alleviate oxidative stress and inflammatory responses.",SFN,DSS,0,36552614,7,10724,0.3825003494639122,NO,0
"Furthermore, our study identified four novel P/LP mutations: Q3508X in TTN, A990G in KCNH2, G1220E, and D372H (in a representative pedigree) in SCN5A. CONCLUSIONS: Our study showed the variant spectrum of a suspected Chinese BrS cohort, and we identified four novel P/LP mutations in TTN, KCNH2, and SCN5A.",TTN,SCN5A,0,36354768,8,8308,0.004690338550710906,NO,0
"In this model, IL-6 induced rapid STAT3 activation, while ERK1/2 activation was less pronounced, and there was no IL-6 effect on Akt and JNK activation.",IL-6,STAT3,1,36406976,5,14028,0.9997124385612777,YES,1
"Using UK Biobank data, we sought to confirm an association between ST6GAL1 and T2D (17,384 cases, 317,887 controls) and analysed rs6783836 against markers of diabetes, inflammation and psoriasis.",ST6GAL1,T2D,1,35467766,6,3645,0.996883423218775,YES,1
Cancer patients treated with capecitabine and oxaliplatin (XELOX) often develop hand-foot syndrome (HFS) or palmar-plantar erythrodysesthesia.,capecitabine,hand-foot syndrome,1,35467766,6,3625,0.9908180564835765,YES,1
"Whole exome sequencing identified two compound heterozygous variants in mitochondrial ribosomal protein 7 (MRPS7), c.373A>T/p.(Lys125*) and c.536G>A/p.(Arg179His).",c.373A>T,p.(Lys125*),0,36421788,4,9503,0.9055442616040966,YES,1
"We measured inhibin A, inhibin B, total inhibin, AMH, activin A, activin B, activin AB, follistatin, the GDF-9/BMP-15 complex, and GDF-15 in paired serum and urine samples from healthy reproductive age women and in pregnant (second trimester) women.",activin A,GDF-15,0,34875272,12,2841,0.0008341886205932691,NO,0
"We also found that either TSH or NAC enhanced PKA, Akt, mTORC, AMPK, Sirtuins, PGC1alpha, NRF-2, mitofusin-2, TFAM and catalase in the N-TSHR-mAb stressed cells.",TSH,TFAM,1,34801870,14,13381,0.9215791924852954,YES,1
"Excessive intake of heavy metals, such as arsenic (As), manganese (Mn), mercury (Hg), aluminium (Al), lead (Pb), nickel (Ni), bismuth (Bi), cadmium (Cd), copper (Cu), zinc (Zn), and iron (Fe), is neurotoxic and it promotes neurodegeneration.",zinc,neurodegeneration,0,33412145,14,1338,0.8044379969382105,YES,1
"The KRGE-stimulated BVR-A-LKB1-SIRT1-ERRalpha pathway regulates the levels of mitochondria-localized proteins such as SIRT5, translocase of the outer mitochondrial membrane 20 (Tom20), Tom22, cytochrome c (Cyt c), and superoxide dismutase 2 (SOD2).",KRGE,translocase of the outer mitochondrial membrane 20,1,36139815,9,5228,0.8384101241462933,YES,1
"Excessive intake of heavy metals, such as arsenic (As), manganese (Mn), mercury (Hg), aluminium (Al), lead (Pb), nickel (Ni), bismuth (Bi), cadmium (Cd), copper (Cu), zinc (Zn), and iron (Fe), is neurotoxic and it promotes neurodegeneration.",arsenic,zinc,0,33412145,14,1272,0.00016160268152728649,NO,0
"Six SNPs of ABCB1 (rs3842, rs1045642, rs2032582, rs1128503, rs3213619, and rs3747802), one SNP of CYP3A5 (rs776746), seven SNPs of APOB (rs1042034, rs2163204, rs693, rs679899, rs13306194, rs13306198, and rs1367117), and two SNPs of APOE (rs429358 and rs7412) were analyzed by a TaqMan genotyping assay.",rs1045642,rs1128503,0,36145636,20,5494,0.0015499348627946213,NO,0
"Sirolimus and everolimus half-lives increased from 96 to 249 h, and 42 to 118 h, respectively.",Sirolimus,everolimus,0,36416673,2,9308,0.9129305806486409,YES,1
"The decrease in dopamine caused by tyrosine hydroxylase (TH) gene mutation may lead to dystonia, tremor and severe encephalopathy in children.",dopamine,tyrosine hydroxylase,1,36568392,5,10920,0.9602095671083145,YES,1
"Screening of nine affected families revealed two novel (c.5571_5576delinsCTAGATand c.471dup in EYS and SPATA7 genes, respectively) and six reported pathogenic mutations (c.304C>A, c.187C>T, c.1560C>A, c.547C>T, c.109del and c.9911_11550del in PDE6A, USH2A, USH2A, NMNAT1, PAX6 and ALMS1 genes, respectively) segregating with disease phenotype in each respective family.",NMNAT1,PAX6,0,36140798,15,5344,0.0019222310245822828,NO,0
"Further, we show enhanced binding of emerin HDAC3-binding mutants S54F and Q133H to EZH2 and G9a.",S54F,Q133H,0,36274837,6,7269,0.05427257318785895,NO,0
"Fisetin, a natural dietary polyphenol with anti-oxidant and anti-proliferative properties, covalently binds mTOR/S6K1.",Fisetin,polyphenol,0,36741386,4,12065,0.03223938461929923,NO,0
"MET amplification upregulates CD73 to suppress tumor cell STING induction and T-cell responsiveness in TKI-resistant, EGFR-mutated lung cancer, identifying a strategy to enhance immunogenicity and improve treatment.",CD73,tumor,0,36066413,6,4842,0.6877554745822979,YES,1
"The N-TSHR-mAb also activated cytochrome-C, Bax, caspase-9, caspase-3A, and had less effect on FADD or caspase-8 indicating activation of the intrinsic pathway for apoptosis.",mAb,cytochrome-C,1,34801870,8,13471,0.8564779199501288,YES,1
Preincubated SH-SY5Y cells with Apocynin before administration of UII followed by Western blots assay showed that ROS is in the upstream of p38MAPK/ERK1/2.,Apocynin,ERK1/2,0,36421438,6,9474,0.7450112458527213,YES,1
"We observed suggestive evidence (P < 0.05) for eight variants (rs17026425, rs17057166, rs6854845, rs1728400, rs17693104, rs202280, rs6797464, and rs823920) in all colorectal cancer and two variants (rs17026425 and rs6854845) in rectal cancer that were concordant with previous reports.",rs17693104,rs823920,0,31488414,10,665,0.004999259173589567,NO,0
"Pembrolizumab versus investigator-choice chemotherapy for ipilimumab-refractory melanoma (KEYNOTE-002): a randomised, controlled, phase 2 trial.",Pembrolizumab,ipilimumab,0,26115796,3,12371,0.6563371053134294,YES,1
Myocardial fibroblasts isolated from HFrEF patients (n = 5) were treated with dapagliflozin alone (1 nM-1 muM) or combined with LCZ696 (100 nM) or spironolactone (100 nM).,LCZ696,spironolactone,1,36303443,5,13787,0.12573797725227318,NO,0
We next examined the association of the WWOX-rs13338697 genotypes with WWOX tissue protein levels in 214 paired (cancerous/noncancerous) surgically resected HCC tissues (cohort-3).,WWOX,HCC,1,36530994,3,14375,0.21013504960932305,NO,0
"In pathogenicity analysis, the Y505H, N786K, T95I, N211I, N856K, and V213R mutations in omicron and sub-variants are predicted to be deleterious.",Y505H,N856K,0,35680610,7,3833,0.025063271797224222,NO,0
CircFAT1 Promotes Lung Adenocarcinoma Progression by Sequestering miR-7 from Repressing IRS2-ERK-mediated CCND1 Expression.,Lung Adenocarcinoma,ERK,1,35844799,5,4368,0.7902637313540692,YES,1
The ATRX variant c.21-1G>A was detected by an exome analysis of a patient with Cockayne syndrome without alpha thalassemia X-linked intellectual disability syndrome (ATR-XS).,ATRX,Cockayne syndrome,1,36104326,5,4874,0.13250368834829548,NO,0
"Moreover, the KD individuals carrying the rs9965664 A allele displayed lower Rab31 protein levels, and the expression level of Rab31 in the IVIG-resistant group was decreased significantly when compared to that observed in the response group.",KD,rs9965664,1,36329997,4,8160,0.45820150796366765,NO,0
"The cAMP-binding effector, exchange protein activated by cAMP 1 (Epac1), which is known to induce SOCS3, differentially regulated the P2Y11/IL-1R response because pharmacological Epac1 inhibition enhanced sTNFR2 and CCL20 release, but had no effect on VEGF secretion.",cAMP,VEGF,0,36107259,8,4944,0.07036135021216575,NO,0
"For this purpose, we genotyped exon2, exon5 (C540T and C588T), exon7 (T813C), exon8 (K289M), and exon9 of GABRG2 gene by restriction fragment length polymorphism and Sanger's sequencing in 87 drug-responsive idiopathic generalized epilepsy patients, 55 drug-resistant epilepsy patients, and 83 healthy controls.",T813C,K289M,0,36425336,8,9610,0.001012542729920093,NO,0
"BACKGROUND: Mutations in RAS (KRAS, NRAS) and BRAF genes are the main biomarker predicting response to anti-EGFR monoclonal antibodies in targeted therapy in colorectal cancer (CRC).",RAS,NRAS,0,36444585,6,9930,0.21445050083256287,NO,0
"There are different types of hereditary angioedema, which include genetic deficiency of C1 inhibitor (C1-INH) and hereditary angioedema with normal C1-INH (HAEnCI).",hereditary angioedema,C1-INH,0,36685169,3,11731,0.8921682259710056,YES,1
Pdcd10LECKO lymphatics had increased VEGFR3 (vascular endothelial growth factor receptor-3)-ERK1/2 (extracellular signal-regulated kinase 1/2) signaling with lymphatic hyperplasia.,Pdcd10,lymphatic hyperplasia,1,34670407,4,2724,0.7506039271949606,YES,1
"Furthermore, it inhibited macrophage NLPR3 activation in a STING/IRF3-dependent manner.",NLPR3,STING,1,36185574,3,13730,0.9436324956949496,YES,1
"More specifically, we demonstrated the polarization of HMC3 cells through the upregulation of iNOS expression and nitrite production in response to the Parkinson's like stimuli, 6-hydroxidopamine (6-OHDA) and 1-methyl-4-phenyl-1,2,3,6-tetrahydropyridine (MPTP), the latter depending on the NF-kappaB pathway.",Parkinson's,6-hydroxidopamine,1,36523814,7,10421,0.5227698834051789,YES,1
"Methods: We performed targeted sequencing for the two exons, single intron, and untranslated regions of RASD1 gene in 200 individuals with schizophrenia and 100 healthy controls of Turkish origin.",RASD1,schizophrenia,1,36305088,2,7633,0.2057594670781675,NO,0
"Using next-generation sequencing, we detected mutations in the CTC1 gene in our patient, who had chief complaints of fatigue and abdominal distension complicated by severe thrombocytopenia and consumptive coagulopathy.",CTC1,consumptive coagulopathy,1,36761951,6,12340,0.7181557311208739,YES,1
"Our findings indicated that the rs3811655 polymorphism may be implicated in the cognitive deficits of schizophrenia and HCs as well as psychiatric symptoms in patients, which suggested the possible iron regulatory mechanism in the pathology of schizophrenia.",psychiatric symptoms,iron,0,36362642,6,8550,0.0923368793233478,NO,0
"With flumazenil blocking classical high-affinity extracellular benzodiazepine site effects, modulation of GABA-activated currents by diazepam, midazolam and flurazepam was measured electrophysiologically in wildtype and M2-15' mutant alpha1 beta3 gamma2L GABAA receptors.",midazolam,GABAA,0,34386973,10,2445,0.9636929794961533,YES,1
"Recently, mutations have been mapped to the gene encoding one of the subunits of the exosome, EXOSC3 (yeast Rrp40p), which results in pontocerebellar hypoplasia with motor neuron degeneration in human patients.",EXOSC3,pontocerebellar hypoplasia,1,28053271,6,393,0.9927419276189836,YES,1
"Our data indicate that the impaired CYP2C19 metabolism caused by the haplotypes integrated by CYP2C19 alleles might confer the risk to MDD and BPD, whereas the ABCB1-rs1045642 T allele serves as a protective factor.",CYP2C19,MDD,1,36698099,5,11864,0.9718470336956255,YES,1
A CTC1 gene mutation may be involved in the pathological process of vascular diseases.,CTC1,vascular diseases,1,36761951,2,12344,0.9972545456312405,YES,1
"In addition to previously reported P286R and V411L, R375Q and P452L were identified as novel, and deleterious POLE hotspot EDMs of EC.",R375Q,P452L,0,36313640,6,7947,0.09187345295289685,NO,0
IkBzeta is a Key Regulator of Tumour Necrosis Factor-a and Interleukin-17A-mediated Induction of Interleukin-36g in Human Keratinocytes.,Tumour Necrosis Factor-a,Interleukin-17A,1,33491092,5,1388,0.0487491737843124,NO,0
"A key implication of our study is that the combination of CDK4/6 and MEK inhibitors overcomes acquired resistance to BRAF/MEK inhibitors, and loss of CDKN2A may represent a biomarker of response to the combination.",CDK4/6,BRAF,1,34376578,4,2389,0.5350251207837798,YES,1
"Activated SGK3 can activate ion channels (TRPV5/6, SOC, Kv1.3, Kv1.5, Kv7.1, BKCa, Kir2.1, Kir2.2, ENaC, Nav1.5, ClC-2, and ClC Ka), carriers and receptors (Npt2a, Npt2b, NHE3, GluR1, GluR6, SN1, EAAT1, EAAT2, EAAT4, EAAT5, SGLT1, SLC1A5, SLC6A19, SLC6A8, and NaDC1), and Na+/K+-ATPase, promoting the transportation of calcium, phosphorus, sodium, glucose, and neutral amino acids in the kidney and intestine, the absorption of potassium and neutral amino acids in the renal tubules, the transportation of glutamate and glutamine in the nervous system, and the transportation of creatine.",BKCa,glucose,0,36531961,37,14703,0.1916852428788296,NO,0
"This study investigates the efficacy of miltefosine, alkylphospholipid, and alkyltriazolederivative compounds against leukemia lineages.",alkylphospholipid,alkyltriazolederivative,0,36500726,4,10241,0.001241932429207623,NO,0
"Activated SGK3 can activate ion channels (TRPV5/6, SOC, Kv1.3, Kv1.5, Kv7.1, BKCa, Kir2.1, Kir2.2, ENaC, Nav1.5, ClC-2, and ClC Ka), carriers and receptors (Npt2a, Npt2b, NHE3, GluR1, GluR6, SN1, EAAT1, EAAT2, EAAT4, EAAT5, SGLT1, SLC1A5, SLC6A19, SLC6A8, and NaDC1), and Na+/K+-ATPase, promoting the transportation of calcium, phosphorus, sodium, glucose, and neutral amino acids in the kidney and intestine, the absorption of potassium and neutral amino acids in the renal tubules, the transportation of glutamate and glutamine in the nervous system, and the transportation of creatine.",Kv1.3,SLC6A8,0,36531961,37,14604,0.20483748688435008,NO,0
"Osimertinib, a third-generation (3G) epidermal growth factor receptor (EGFR) tyrosine kinase inhibitor (TKI) is now considered the standard of care for the first-line (1L) treatment of advanced EGFR+ NSCLC due to statistically significant improved progression-free survival (PFS) and overall survival (OS) compared with first-generation (1G) treatment from the FLAURA trial.",Osimertinib,NSCLC,1,36317157,3,8070,0.9927694470978378,YES,1
"Excessive intake of heavy metals, such as arsenic (As), manganese (Mn), mercury (Hg), aluminium (Al), lead (Pb), nickel (Ni), bismuth (Bi), cadmium (Cd), copper (Cu), zinc (Zn), and iron (Fe), is neurotoxic and it promotes neurodegeneration.",arsenic,lead,0,33412145,14,1267,0.00010595112093676312,NO,0
Our findings identify PDE4DIP as a novel gene for slow AF and unravel its epistatic interaction with DES mutations in development of conduction disease and arrhythmia.,DES,conduction disease,1,34289528,5,2249,0.9582612184854894,YES,1
"Administration of CCl4 caused a significant elevation in alanine aminotransferase and aspartate aminotransferase activities, the concentration of alpha-2-macroglobulin, and bilirubin concentration.",alanine aminotransferase,aspartate aminotransferase,0,35881285,5,4480,0.009131283480598924,NO,0
"AMPD1 (rs17602729), ACE (rs4646994), ACTN3 (rs1815739), CKM (rs8111989) and MLCK (rs2849757 and rs2700352) polymorphisms were genotyped by using Single Nucleotide Primer Extension (SNPE).",rs17602729,rs2700352,0,36468031,11,10005,0.004155426287047855,NO,0
"The levels of glucose, total protein (TP), total cholesterol (TC), and the proinflammatory cytokines interleukin (IL)-1beta, IL-6 and tumor necrosis factor (TNF)-alpha in blood were examined, and we then detected glycogen and adenosine triphosphate (ATP) content, phosphofructosekinase-1 (PFK1) and glucose-6-phosphate dehydrogenase (G6PDH) activity, glucose transporter (GLUT)1, GLUT4, sodium/glucose cotransporter (SGLT)1 and citrate synthase (CS) protein expression and autophagy levels in circulating neutrophils.",cholesterol,sodium/glucose cotransporter (SGLT)1,0,36174980,13,5874,4.736785058878559e-05,NO,0
"By using an additive model of inheritance, our moderation analysis showed that PNPLA3 rs738409 significantly modulates the relationship between carbohydrate (%), n-3 PUFAs, total isoflavones, methionine, and choline intakes and fibrosis severity in a dose-dependent, genotype manner.",rs738409,methionine,0,33306506,8,1085,0.7939257943427537,YES,1
Differentially expressed genes in PDTC vs. normal control tissues were located in key steps in TCA cycle and pyruvate metabolism.,PDTC,pyruvate,1,36121916,3,4984,0.26003061814220524,NO,0
"The results showed that the levels of gene and protein catalyzing lipogenesis were increased (SREBP1, ACC1 and FAS), while those catalyzing lipolysis were decreased (ATGL, HSL and ZAG), accompanied by dyslipidemia, insulin resistance and hepatic fat accumulation, and there were higher expression of TLR4 and NF-kappaB protein and lower expression of ERalpha protein in liver, and increased serum IL-17 and TNF-alpha levels in fructose and/or BPA exposed rats compared with controls.",TLR4,BPA,1,31661889,16,12760,0.6554234453291763,YES,1
"Gene ontology analysis revealed enriched functional groups related to PI3K/Akt/mTOR signaling pathways, psoriasis, and epidermal development.",Akt,psoriasis,1,36741386,4,12092,0.3350652150402628,NO,0
Effect of Delta-9-tetrahydrocannabinol and cannabidiol on milk proteins and lipid levels in HC11 cells.,Delta-9-tetrahydrocannabinol,lipid,1,35976913,4,4604,0.9124731505980964,YES,1
"PROCA1 played a potential tumor-suppressive role inducing cell apoptosis and DDP chemosensitivity via recruiting ZFP36L2 to bind to the 3' untranslated region of BCL2, reducing the stability of BCL2 mRNA and thus activating the apoptotic signal.",DDP,ZFP36L2,1,36627670,5,15468,0.22544154869191524,NO,0
"Significant associations at MTHFR and ALDH2 robustly confirm deleterious effects of genetically elevated homocysteine and alcohol intake, respectively, on ischemic stroke.",homocysteine,ischemic stroke,1,36193932,5,6244,0.9975316775645522,YES,1
"The levels of glucose, total protein (TP), total cholesterol (TC), and the proinflammatory cytokines interleukin (IL)-1beta, IL-6 and tumor necrosis factor (TNF)-alpha in blood were examined, and we then detected glycogen and adenosine triphosphate (ATP) content, phosphofructosekinase-1 (PFK1) and glucose-6-phosphate dehydrogenase (G6PDH) activity, glucose transporter (GLUT)1, GLUT4, sodium/glucose cotransporter (SGLT)1 and citrate synthase (CS) protein expression and autophagy levels in circulating neutrophils.",IL-6,sodium/glucose cotransporter (SGLT)1,0,36174980,13,5893,7.782286719911402e-05,NO,0
"Our study is the first in the Brazilian population to reveal the association of FOS rs1046117 with NSCLO risk, and to support that CRISPLD2, CASP8, FOS and MMP2 interactions may be related to the pathogenesis of this common craniofacial malformation.",CASP8,MMP2,0,36661544,7,16461,0.763827043338099,YES,1
Objective: To estimate the prognostic importance of telomerase reverse transcriptase mutations in Colombian patients with grades II and III meningioma.,telomerase reverse transcriptase,meningioma,1,36511679,3,10271,0.45518025110231786,NO,0
"Furthermore, ballooned hepatocytes, the hallmark of steatohepatitis, were positive for PNPLA3 and perilipins 2 and 5, but showed decreased perilipin 1 expression with respect to neighboured hepatocytes.",steatohepatitis,perilipin 1,1,36611868,4,11149,0.47327980654976276,NO,0
"Activated SGK3 can activate ion channels (TRPV5/6, SOC, Kv1.3, Kv1.5, Kv7.1, BKCa, Kir2.1, Kir2.2, ENaC, Nav1.5, ClC-2, and ClC Ka), carriers and receptors (Npt2a, Npt2b, NHE3, GluR1, GluR6, SN1, EAAT1, EAAT2, EAAT4, EAAT5, SGLT1, SLC1A5, SLC6A19, SLC6A8, and NaDC1), and Na+/K+-ATPase, promoting the transportation of calcium, phosphorus, sodium, glucose, and neutral amino acids in the kidney and intestine, the absorption of potassium and neutral amino acids in the renal tubules, the transportation of glutamate and glutamine in the nervous system, and the transportation of creatine.",SGK3,Kv7.1,1,36531961,37,14481,0.99867783187274,YES,1
"The results showed that the application of biochar and especially chemically modified biochars reduced fluoride (about 15-37%) and cadmium (30-52%) contents in mint leaves, while increased soil pH and cation exchange capacity (CEC), nitrogen (12-35%), phosphorus (16-59%), potassium (17-52%), calcium (19-47%), magnesium (28-77%), iron (37-114%), zinc (45-226%), photosynthetic pigments of leaves and plant biomass (about 10-25%) under toxic conditions.",fluoride,zinc,0,36578343,11,11017,0.00936904116498075,NO,0
"In summary, this study presents a novel region of WDR37 involved in human disease, identifies PACS1 and PACS2 as major binding partners of WDR37 and provides insight into the functional effects of various WDR37 variants.",WDR37,PACS2,1,34642815,4,15934,0.9697765146651874,YES,1
We report a rare case of gastrointestinal perforation in a patient with hepatocellular carcinoma treated with atezolizumab/bevacizumab combination therapy and infliximab before steroid use.,infliximab,steroid,1,36224043,7,6605,0.45801239263430377,NO,0
"Thus, combined administration of MiADMSA and ALA might be a better treatment strategy than monotherapy with MiADMSA or ALA against Cu-induced neurotoxicity, particularly in reducing oxidative stress, neurobehavioral abnormalities, and inflammatory markers.",ALA,neurobehavioral abnormalities,1,36548551,6,10662,0.887440795999255,YES,1
"Mechanistically, cultured PA smooth muscle cells from obese rats and humans with diabetes or treated with palmitic acid, glucose, and insulin showed increased mitochondrial reactive oxygen species, which enhanced miR-193b-dependent RNA degradation of nuclear factor Y alpha subunit (NFYA), resulting in decreased sGCbeta1-cGMP signaling.",sGCbeta1,cGMP,0,34157861,12,12954,0.8801937942585908,YES,1
"Association of MARC1, ADCY5, and BCO1 Variants with the Lipid Profile, Suggests an Additive Effect for Hypertriglyceridemia in Mexican Adult Men.",ADCY5,Lipid,1,36233117,6,6847,0.9656678631056052,YES,1
H2S attenuate UII-induced cardiovascular effects via Galphao-ROS-p38MAPK/ERK1/2 pathway.,UII,p38MAPK,1,36421438,6,9491,0.9001196124249994,YES,1
"This review focuses on PD pathology and the role of calpain, a neutral protease, as a regulator of various immune cells such as T-cells, microglia and astrocytes which lead to persistent neuroinflammatory responses and neuronal loss in both the brain and spinal cord (SC).",calpain,neuroinflammatory,1,35090325,4,13510,0.7573412640064873,YES,1
"Among them, LMDS-1 and -2 reduced caspase-1, caspase-6 and caspase-3 activities and promoted neurite outgrowth, and the effect was significantly reversed by knockdown of TRKB.",caspase-3,TRKB,0,36361524,5,8398,0.4842730877654732,NO,0
"Genetic spectrums of Asians (Chinese, Japanese, and Korean) and Caucasians were clarified, p.R544C and p.R607C were the most common mutations in Asians while p.R1006C",p.R607C,p.R1006C,0,35822697,3,4284,0.3340680589538136,NO,0
"We used a partial loss-of-function variant in TYK2 (rs34536443), previously shown to protect against psoriasis and other autoimmune diseases, to evaluate the potential effect of therapeutic TYK2 inhibition on risk of lung cancer and non-Hodgkin lymphoma.",rs34536443,non-Hodgkin lymphoma,0,35747941,6,3883,0.515210465400401,YES,1
"Thus, we evaluated the cytotoxic effects of Paclitaxel alone and in combination with several repurposed drugs (Pitavastatin, Metformin, Ivermectin, Itraconazole and Alendronate) in two tumor chemoresistant (OVCAR8 and OVCAR8 PTX R P) and a non-tumoral (HOSE6.3) cell lines.",Ivermectin,Itraconazole,0,36139522,9,5165,0.08769475915590912,NO,0
We also show that miRNA-127 is a translational repressor of HMGB2 protein expression by targeting its 3'UTR.,miRNA-127,HMGB2,1,29218329,2,459,0.998829846717087,YES,1
"Also, it was revealed that tumor size (T) (p = 0.000), tumor differentiation grade (G) (p = 0.015), and IL1RAP rs4624606 genotype (p = 0.044) were effective variables in multivariable Cox regression analysis prognosing survival of LSCC patients.",IL1RAP,LSCC,1,36682035,5,11717,0.8559757671841121,YES,1
"We evaluated Allplex SARS-CoV-2 Master Assay and Variants I Assay to detect HV69/70 deletion, Y144 deletion, E484K, N501Y, and P681H spike mutations in 248 positive samples collected in Kuala Lumpur, Malaysia, between January and May 2021.",HV69/70 deletion,P681H,0,35026305,7,3017,0.14772897539031654,NO,0
"We found significant associations between red cell GLUT1 levels and four single nucleotide polymorphisms (SNP) in the coding SLC2A1 gene, that in individuals with the minor alleles of rs841848, rs1385129, and rs11537641 had increased, while those having the variant rs841847 had decreased erythrocyte GLUT1 levels.",rs1385129,rs11537641,0,36421383,5,9416,0.14446247382550997,NO,0
"We conducted a single-arm, open-label, phase 1/2 study of dose-dense BV-ICE at the Seattle Cancer Care Alliance, University of Washington (Seattle, WA, USA).",BV-ICE,Cancer,0,34329577,2,13246,0.36748928060685104,NO,0
"Our results, taken together, demonstrated that MMP-2 and MMP-9 were involved in the development of H2S-induced ALI and DXM exerted protective effects by alleviating the expression of MMP-2 and MMP-9.",H2S,DXM,1,24722316,5,126,0.03555982091493938,NO,0
Our findings identify PDE4DIP as a novel gene for slow AF and unravel its epistatic interaction with DES mutations in development of conduction disease and arrhythmia.,PDE4DIP,AF,1,34289528,5,2244,0.9941715447385036,YES,1
"Using this multiplexed approach we showed that Vps45 and Rab14 are selective regulators of GLUT4, but Trarg1, Stx6, Stx16, Tbc1d4 and Rab10 knockdown affected both GLUT4 and TfR translocation.",Stx6,Tbc1d4,0,36283703,9,7330,0.05100781801111404,NO,0
"Herein, we show that upregulation of CDK6, p-CDK2, and/or cyclin E1 is associated with adaptation and resistance to AI-monotherapy and combined CDK4/6i and ET in ER+ advanced breast cancer.",cyclin E1,CDK4/6,0,36153348,6,5668,0.23004041831069003,NO,0
"We also found that either TSH or NAC enhanced PKA, Akt, mTORC, AMPK, Sirtuins, PGC1alpha, NRF-2, mitofusin-2, TFAM and catalase in the N-TSHR-mAb stressed cells.",TSH,NRF-2,1,34801870,14,13379,0.8946970102567701,YES,1
"The combined treatment of genistein and lycopene improved the bone damage induced by glucocorticoids and significantly restored the normal architecture of bones as well as adequate interconnectivity of bone trabeculae, thus increasing bone mineral density parameters.",genistein,lycopene,1,36296984,4,7503,0.997839079391731,YES,1
"T and c.871G > A. Seven rare single variants (c.25C > T, c.152C > T, c.406C > T, c.497G > A, c.679C > T, c.854G > A and c.1057C > T) and two rare multiple variants (IVS-5 637/638T del/c.1311C >",c.152C > T,c.406C > T,0,36212142,9,6472,0.013399951990391677,NO,0
"Detailed analysis in chondrocytes revealed that Isoprenaline (ISO) and Salbutamol (SBT) increased cell viability and relative Bcl-2 expression, meanwhile, decreased proteins levels of TNF-alpha, IL-6 and IL-8 in arthritic chondrocytes when compared with control, respectively.",Bcl-2,TNF-alpha,0,36188601,7,6122,0.14650841720658844,NO,0
PNPLA3(I148M) Inhibits Lipolysis by Perilipin-5-Dependent Competition with ATGL.,PNPLA3,Perilipin-5,1,36611868,4,11113,0.9240611412067723,YES,1
"Moreover, selenium levels presented lower mean values in cancer patients relative to control groups (SMD = -0.39 microg/L; 95% CI: -0.64, -0.14; p = 0.002, I2 = 85%).",selenium,cancer,1,36555402,3,10788,0.9933475043739391,YES,1
"Moreover, epithelial chemerin-CMKLR1 signaling is necessary for early host defense against bacterial infection in an LPO-dependent manner.",bacterial infection,LPO,0,35858331,4,4446,0.47450404928938705,NO,0
"Here, we demonstrate the unexpected involvement of a posttranscriptional ""epitranscriptomic"" mRNA modification [N6-methyladenosine (m6A)] in regulating C/EBPbeta and C/EBPdelta in response to IL-17A, as well as IL-17F and TNFalpha.",C/EBPdelta,TNFalpha,1,34215679,6,13053,0.42001572856735775,NO,0
"MMTT analysis showed that probands with variants in MC4R, CASP10, TMPRSS6, HGFAC, and SLC5A1 (c.1415T>C) had sufficient residual beta-cell function with stimulated C-peptide (CP) >200 pmol/L. Seven individuals with variants in RFX2, RREB1, GCKR, DACH1, ZBED3 and SLC5A1 (c.1415T>C, and c.932A>T) presented with complete beta-cell failure.",c.932A>T,beta-cell failure,1,36585034,14,16357,0.9252579605679859,YES,1
"Here we used three yeast mutants carrying missense mutations in the yeast PanK gene, CAB1, which are associated with defective growth at high temperature and iron, mitochondrial dysfunction, increased iron content, and oxidative stress, to assess the cellular function of human PANK genes and functional conservation of the CoA-controlled processes between humans and yeast.",PanK,iron,1,36613877,7,11182,0.47451127099336615,NO,0
"Multivariable analysis of pre-treatment variables identified age >65 years (HR 3.5), absence of type 1/like CALR mutation (HR 2.8), baseline transfusion need (HR 2.1), and presence of ASXL1/SRSF2 mutation (HR 1.6) as risk factors for overall survival; subsequent HR-based modeling segregated three risk categories with 5/10-year survival rates of 84%/60%, 44%/14%, and 21%/5% (p < 0.01).",ASXL1,SRSF2,0,36599841,3,11112,0.38948516202585787,NO,0
"Particularly in neutrophils, DEX injection inhibited p65-NFkappaB activation and elevated glycogen and ATP contents and SGLT1, GLUT1 and GR expression while inhibiting PFK1 activity, enhancing G6PDH activity and CS expression and lowering cell autophagy levels.",p65-NFkappaB,CS,0,36174980,10,5968,0.1701824453636617,NO,0
"Using this multiplexed approach we showed that Vps45 and Rab14 are selective regulators of GLUT4, but Trarg1, Stx6, Stx16, Tbc1d4 and Rab10 knockdown affected both GLUT4 and TfR translocation.",Rab14,TfR,0,36283703,9,7317,0.13565978784508229,NO,0
"To validate the docking results, the pharmacological effects of dabigatran, estazolam, leucovorin, and pitavastatin on MCAO were tested in parallel with the JNK inhibitor SP600125.",estazolam,SP600125,0,33384558,7,1218,0.23086550772997752,NO,0
"Activated SGK3 can activate ion channels (TRPV5/6, SOC, Kv1.3, Kv1.5, Kv7.1, BKCa, Kir2.1, Kir2.2, ENaC, Nav1.5, ClC-2, and ClC Ka), carriers and receptors (Npt2a, Npt2b, NHE3, GluR1, GluR6, SN1, EAAT1, EAAT2, EAAT4, EAAT5, SGLT1, SLC1A5, SLC6A19, SLC6A8, and NaDC1), and Na+/K+-ATPase, promoting the transportation of calcium, phosphorus, sodium, glucose, and neutral amino acids in the kidney and intestine, the absorption of potassium and neutral amino acids in the renal tubules, the transportation of glutamate and glutamine in the nervous system, and the transportation of creatine.",Npt2b,NaDC1,0,36531961,37,14902,0.12160611392095144,NO,0
"SBT preserved physiological concentration of antioxidant enzymes (CAT, POD, SOD and GSH) in cartilage homogenates and ISO inhibited IL-1beta-mediated genotoxicity in arthritic chondrocytes.",CAT,GSH,0,36188601,6,6137,0.17069726449877673,NO,0
"The simulated inotropic effects of MAVA, OM, and BLEB, along with the ATPase activities in the control and HCM model variant agree with in vitro results from different labs.",OM,HCM,1,36388127,4,8785,0.2316477500306839,NO,0
"Insulin and IGF-1 receptors (IR/IGF1R) are highly homologous and share similar signaling systems, but each has a unique physiological role, with IR primarily regulating metabolic homeostasis and IGF1R regulating mitogenic control and growth.",Insulin and IGF-1 receptors,IR,1,36548088,3,10528,0.5010586403302627,YES,1
This study demonstrated that the diminished expression of LINC00173 might serve as an indicator of DDP-acquired resistance in LUAD.,DDP,LUAD,1,36627670,3,15508,0.6766361028881883,YES,1
SARS-CoV-2 Spike Proteins and Cell-Cell Communication Inhibits TFPI and Induces Thrombogenic Factors in Human Lung Microvascular Endothelial Cells and Neutrophils: Implications for COVID-19 Coagulopathy Pathogenesis.,Spike,Coagulopathy,1,36142345,6,13552,0.7208811307489085,YES,1
"However, T effector cells from the patient with the p.H285L mutation and CblbH257L mice were resistant to suppression by WT Tregs.",p.H285L,H257L,0,36006710,5,4691,0.3298023023101965,NO,0
MPYS Modulates Fatty Acid Metabolism and Immune Tolerance at Homeostasis Independent of Type I IFNs.,MPYS,Fatty Acid,1,36261171,3,7041,0.9721358780529564,YES,1
"With the discovery of the Ca2+ binding site in the S2-S3 domain of TRPM2 channel, more and more attention has been drawn to the role of the transmembrane segments in channel gating.",Ca2+,TRPM2,1,36353687,2,8283,0.976249789888406,YES,1
"Sotorasib and adagrasib are novel KRAS inhibitors that recently gained FDA approval for pre-treated KRAS mutant NSCLC patients, and other molecules such as GDC-6036 are currently being investigated with promising results.",KRAS,NSCLC,1,36358848,6,8335,0.7032099094495902,YES,1
"This dominant negative phenotype is reverted by the R2259A substitution, again allowing Gcn1-Gcn2 interaction and enhanced eIF2alpha phosphorylation.",Gcn1,eIF2alpha,0,36441697,4,9910,0.6812909496998389,YES,1
"Specifically, cells that are sensitive to combined dasatinib and trametinib treatment have inhibition of FAK/Src, MEK/ERK, and AKT, resulting in the dramatic upregulation of BIM, while cells that are resistant lack inhibition of AKT and have a dampened induction of BIM.",MEK,ERK,0,36672327,8,11619,0.9488044431447894,YES,1
A phenomenon of concealed QT prolongation was unmasked for several torsadogenic hERG blockers under beta-adrenoceptor blockade with atenolol.,hERG,atenolol,1,35751378,4,4022,0.6824786115782723,YES,1
"The results showed that the levels of gene and protein catalyzing lipogenesis were increased (SREBP1, ACC1 and FAS), while those catalyzing lipolysis were decreased (ATGL, HSL and ZAG), accompanied by dyslipidemia, insulin resistance and hepatic fat accumulation, and there were higher expression of TLR4 and NF-kappaB protein and lower expression of ERalpha protein in liver, and increased serum IL-17 and TNF-alpha levels in fructose and/or BPA exposed rats compared with controls.",SREBP1,HSL,0,31661889,16,12675,0.24738930289780972,NO,0
"Activated SGK3 can activate ion channels (TRPV5/6, SOC, Kv1.3, Kv1.5, Kv7.1, BKCa, Kir2.1, Kir2.2, ENaC, Nav1.5, ClC-2, and ClC Ka), carriers and receptors (Npt2a, Npt2b, NHE3, GluR1, GluR6, SN1, EAAT1, EAAT2, EAAT4, EAAT5, SGLT1, SLC1A5, SLC6A19, SLC6A8, and NaDC1), and Na+/K+-ATPase, promoting the transportation of calcium, phosphorus, sodium, glucose, and neutral amino acids in the kidney and intestine, the absorption of potassium and neutral amino acids in the renal tubules, the transportation of glutamate and glutamine in the nervous system, and the transportation of creatine.",SLC6A8,glucose,0,36531961,37,15093,0.10618436801857674,NO,0
"Stratified analysis found that associations of RAD54L2 rs11720298, RAD54L2 rs4687592, RAD54L2 rs9864693 and GTF2H1 rs4150667 with lung cancer risk were found in subjects aged <= 59 years.",rs4687592,lung cancer,1,36384536,7,8687,0.9984110195928256,YES,1
"KRGE-induced BVR-A expression and subsequent bilirubin production were required for changes in mitochondrial membrane potential, mitochondrial mass, and oxidative phosphorylation through liver kinase B1 (LKB1), estrogen-related receptor alpha (ERRalpha), and sirtuin (SIRT1 and SIRT5) in astrocytes.",bilirubin,estrogen-related receptor alpha,1,36139815,7,5211,0.40333527086772786,NO,0
"Excessive intake of heavy metals, such as arsenic (As), manganese (Mn), mercury (Hg), aluminium (Al), lead (Pb), nickel (Ni), bismuth (Bi), cadmium (Cd), copper (Cu), zinc (Zn), and iron (Fe), is neurotoxic and it promotes neurodegeneration.",aluminium,neurotoxic,1,33412145,14,1304,0.9716516881155689,YES,1
Dexmedetomidine inhibits abnormal muscle hypertrophy of myofascial trigger points via TNF-alpha/ NF-kappaB signaling pathway in rats.,TNF-alpha,NF-kappaB,1,36408215,5,9172,0.9640739477414749,YES,1
"Here, we have analysed the proportional expression patterns of TLR2 and TLR4 on the surface of CD3+, CD4+, CD8+, CD19+ and CD161+ lymphocytes and CD14+ monocytes in different groups of leprosy patients.",TLR2,leprosy,1,36419668,10,9342,0.46122269452324666,NO,0
"We observed a significant association between the ARNTL-rs7924734, ARNTL-rs10832027, VRK2- rs2678902 SNPs, and CLOCK gene expression; the PER3-rs228642 and PER3-rs10127838 were related to PER1 expression, and the ARNTL-rs10832027, ARNTL-rs11022778, and MNTR1B-rs10830963 were associated with VRK2 gene expression (p < 0.05).",CLOCK,PER1,1,36143969,12,5459,0.00033216694504025623,NO,0
"Activated SGK3 can activate ion channels (TRPV5/6, SOC, Kv1.3, Kv1.5, Kv7.1, BKCa, Kir2.1, Kir2.2, ENaC, Nav1.5, ClC-2, and ClC Ka), carriers and receptors (Npt2a, Npt2b, NHE3, GluR1, GluR6, SN1, EAAT1, EAAT2, EAAT4, EAAT5, SGLT1, SLC1A5, SLC6A19, SLC6A8, and NaDC1), and Na+/K+-ATPase, promoting the transportation of calcium, phosphorus, sodium, glucose, and neutral amino acids in the kidney and intestine, the absorption of potassium and neutral amino acids in the renal tubules, the transportation of glutamate and glutamine in the nervous system, and the transportation of creatine.",ClC-2,GluR1,0,36531961,37,14822,0.03171125192852587,NO,0
"Six SNPs of ABCB1 (rs3842, rs1045642, rs2032582, rs1128503, rs3213619, and rs3747802), one SNP of CYP3A5 (rs776746), seven SNPs of APOB (rs1042034, rs2163204, rs693, rs679899, rs13306194, rs13306198, and rs1367117), and two SNPs of APOE (rs429358 and rs7412) were analyzed by a TaqMan genotyping assay.",rs3747802,rs7412,0,36145636,20,5552,0.0004834370720586699,NO,0
"Activated SGK3 can activate ion channels (TRPV5/6, SOC, Kv1.3, Kv1.5, Kv7.1, BKCa, Kir2.1, Kir2.2, ENaC, Nav1.5, ClC-2, and ClC Ka), carriers and receptors (Npt2a, Npt2b, NHE3, GluR1, GluR6, SN1, EAAT1, EAAT2, EAAT4, EAAT5, SGLT1, SLC1A5, SLC6A19, SLC6A8, and NaDC1), and Na+/K+-ATPase, promoting the transportation of calcium, phosphorus, sodium, glucose, and neutral amino acids in the kidney and intestine, the absorption of potassium and neutral amino acids in the renal tubules, the transportation of glutamate and glutamine in the nervous system, and the transportation of creatine.",GluR6,EAAT1,0,36531961,37,14954,0.002007863808045237,NO,0
"We identified and characterized a homozygous loss-of-function stop mutation underlying IL23R deficiency, resulting in near absent expression of membrane bound IL23R. IL23R deficiency was characterized by impaired IL-23-mediated IFN-gamma secretion in CD4+, CD8+ T, and mucosal-associated invariant T (MAIT) cells, and low frequencies of circulating Th17 (CD3+CD45RA-CCR4+CXCR3-RORgammaT+), Th1* (CD45RA-CCR4-CXCR3+RORgammaT+), and MAIT (CD3+CD8+Valpha7.2+CD161+) cells.",CD4,CCR4,0,35829840,10,4323,0.018496631722883874,NO,0
"Neurotensin stimulated NSCLC cellular proliferation whereas the growth was inhibited by SR48692, DPI or lapatinib (lapatinib is tyrosine kinase inhibitor of the EGFR and HER2).",lapatinib,EGFR,1,31614143,8,12555,0.8342552677911808,YES,1
"MYC induced the expression of the tryptophan transporters SLC7A5 and SLC1A5 and the enzyme arylformamidase (AFMID), involved in the conversion of tryptophan into kynurenine.",tryptophan,SLC7A5,1,31416966,6,533,0.578197211185494,YES,1
"In conclusion, these results indicate that common and rare APOB variants are independently associated with various lipid levels and metabolic syndrome in Taiwanese individuals.",APOB,metabolic syndrome,1,36499290,3,10147,0.9972044669561674,YES,1
"For the inferred COMT (rs6269 A > G-rs4680 G > A) haplotype analyses, the G-G (p = 0.026, OR: 0.67, 95% CI: 0.38-1.18) and A-A (p = 0.007, OR: 2.09, 95% CI: 0.89-4.88) haplotypes were significantly associated with reduced and increased likelihoods of reporting moderate-high pain, respectively.",rs6269,rs4680,0,36672750,4,16484,0.9049450979983761,YES,1
"However, how GLUL regulates the tumor microenvironment for tamoxifen-resistant ER+ breast cancer remains unexplored.",tamoxifen,ER,1,36619229,5,11278,0.17019885730249557,NO,0
"The numbers of cells expressing RAGE, NLRP3 and TXNIP among a specific subpopulation of CD16+CD14+CD206- (""pro-inflammatory"") alveolar macrophages were higher in patients with lung injury.",NLRP3,lung injury,0,36232959,9,6821,0.9030550816047767,YES,1
"Similarly, the rs822337 T>A genotype AA is associated with worse prognosis, since it was the most common genotype among stage IV tumors (72.7%; p = 0.04) and in TNBC patients that relapsed (75%; p = 0.021) and died (81.5%; p = 0.004).",rs822337 T>A,died,1,36295559,6,7440,0.9901688433440347,YES,1
"Activated SGK3 can activate ion channels (TRPV5/6, SOC, Kv1.3, Kv1.5, Kv7.1, BKCa, Kir2.1, Kir2.2, ENaC, Nav1.5, ClC-2, and ClC Ka), carriers and receptors (Npt2a, Npt2b, NHE3, GluR1, GluR6, SN1, EAAT1, EAAT2, EAAT4, EAAT5, SGLT1, SLC1A5, SLC6A19, SLC6A8, and NaDC1), and Na+/K+-ATPase, promoting the transportation of calcium, phosphorus, sodium, glucose, and neutral amino acids in the kidney and intestine, the absorption of potassium and neutral amino acids in the renal tubules, the transportation of glutamate and glutamine in the nervous system, and the transportation of creatine.",ClC Ka,phosphorus,0,36531961,37,14860,0.2974094370573956,NO,0
"The half-life of the Bax protein was determined by performing the site-directed mutagenesis of putative ubiquitination sites on Bax (K128R, K189R, and K190R).",K128R,K189R,0,36361894,4,8474,0.011074172525198548,NO,0
"We found that the mice carrying the AQ allele, which disappeared in East Asians, had normal CDN-type I IFN responses.",CDN,type I IFN,1,36261171,3,7060,0.7203695641620589,YES,1
"Specifically, rs1799964 in the promoter of inflammation-related gene TNF, rs9975538 in the intron of interferon receptor gene IFNAR2, rs429358 in the exon of APOE, rs1886814 in the intron of FOXP4-AS1 and a list of variants in the widely reported 3p21.31 and ABO gene were confirmed.",rs1799964,rs9975538,0,36531218,10,10494,0.00026548384873444823,NO,0
Downregulation of Linc00173 increases BCL2 mRNA stability via the miR-1275/PROCA1/ZFP36L2 axis and induces acquired cisplatin resistance of lung adenocarcinoma.,BCL2,ZFP36L2,1,36627670,7,15402,0.8760439360820671,YES,1
"The polymorphisms suitable for meta-analysis were CCND1 (rs17852153), COX2 (rs20417), EGF (rs4444903), EGFR (rs712829, rs11543848, 3'UTR CA repeat), FCGR2A (rs1801274), FCGR3A (rs396991), IL8 (rs4073), KRAS (rs61764370) and VEGFA (rs3025039).",CCND1,KRAS,0,27897268,19,313,0.004117969819546587,NO,0
"Neurotensin binds with high affinity to the neurotensin receptor 1, and functions as an autocrine growth factor in lung cancer cells.",Neurotensin,lung cancer,1,31614143,3,12474,0.9133656556392564,YES,1
"Conclusion: KRT80 regulated by miR-206/ETS1 promotes tumor progression via the MEK/ERK pathway in ovarian cancer, and KRT80 may have applications as a screening biomarker and potential therapeutic target for ovarian cancer.",MEK,ERK,1,34659572,7,2709,0.8846761421144749,YES,1
"The levels of glucose, total protein (TP), total cholesterol (TC), and the proinflammatory cytokines interleukin (IL)-1beta, IL-6 and tumor necrosis factor (TNF)-alpha in blood were examined, and we then detected glycogen and adenosine triphosphate (ATP) content, phosphofructosekinase-1 (PFK1) and glucose-6-phosphate dehydrogenase (G6PDH) activity, glucose transporter (GLUT)1, GLUT4, sodium/glucose cotransporter (SGLT)1 and citrate synthase (CS) protein expression and autophagy levels in circulating neutrophils.",phosphofructosekinase-1,glucose-6-phosphate dehydrogenase,0,36174980,13,5916,0.0007005419104710119,NO,0
"We have found that the amino acid substitutions, R2289A, R2297A, and K2301A, also reverted the dominant negative phenotype as well as allowed enhanced eIF2alpha phosphorylation, as found previously for the R2259A substitution.",R2289A,K2301A,0,36441697,5,9913,0.3378543041003812,NO,0
"Our study is the first in the Brazilian population to reveal the association of FOS rs1046117 with NSCLO risk, and to support that CRISPLD2, CASP8, FOS and MMP2 interactions may be related to the pathogenesis of this common craniofacial malformation.",FOS,CASP8,0,36661544,7,16450,0.8208675057179413,YES,1
"We aimed to determine whether genetic variability represented by 38 tag-SNPs in genes of the cyclooxygenase pathway (PTGS1, PTGS2, PTGES, PTGES2 and PTGES3) leading to prostaglandin E2 (PGE2) synthesis, modified CV traits and events in 493 nephrosclerosis patients.",PTGES2,prostaglandin E2,1,36690661,8,11813,0.6154118560540848,YES,1
"For this purpose, we genotyped exon2, exon5 (C540T and C588T), exon7 (T813C), exon8 (K289M), and exon9 of GABRG2 gene by restriction fragment length polymorphism and Sanger's sequencing in 87 drug-responsive idiopathic generalized epilepsy patients, 55 drug-resistant epilepsy patients, and 83 healthy controls.",C540T,T813C,0,36425336,8,9602,0.0010385615258711872,NO,0
"Conclusion: FNDC5 (rs16835198) played an independent or interactive role with PGC-1alpha (rs3755863, rs8192678), healthy eating behaviors, moderate-to-vigorous physical activity time in the occurrence of overweight or obesity in Chinese children and adolescents.",FNDC5,overweight,1,36760581,8,12282,0.9726536405228589,YES,1
"WEE2-AS1 was identified as a novel m6A-modified lncRNA that promotes GBM progression and was post-transcriptionally stabilized by IGF2BP3, an m6A reader.",m6A,IGF2BP3,0,36168628,4,5766,0.6457143728269047,YES,1
"Compared with the wild type (WT), the M5D mutant (Q34P/A37P/M176V/G177A/M294R/ G28C-P206C), which contains five single-point mutations and one additional disulfide bond, displayed a 14.0  C increase in the melting temperature (Tm), 5  C in the optimal temperature, and 1154.3-fold in the half-life (t1/2) at 55  C.",G177A,P206C,0,36553811,8,10772,0.11692734889778925,NO,0
"Neurotensin addition to NCI-H838 cells increased significantly reactive oxygen species which was inhibited by SR48692, Tiron (superoxide scavenger) and diphenylene iodonium (DPI inhibits the ability of NADPH oxidase and dual oxidase enzymes to produce reactive oxygen species).",NADPH oxidase,dual oxidase,0,31614143,8,12516,0.04438294454182241,NO,0
"AMPD1 (rs17602729), ACE (rs4646994), ACTN3 (rs1815739), CKM (rs8111989) and MLCK (rs2849757 and rs2700352) polymorphisms were genotyped by using Single Nucleotide Primer Extension (SNPE).",CKM,MLCK,0,36468031,11,10018,0.003521552886358695,NO,0
"JAK2V617F and MPL (S505/W515) mutations were screened by allele-specific polymerase chain reaction, while CALR exon 9 and JAK2 exon 12 mutations were screened by fragment analysis/Sanger sequencing.",MPL,CALR,0,33789164,3,1764,0.0030052542888126393,NO,0
"T and c.871G > A. Seven rare single variants (c.25C > T, c.152C > T, c.406C > T, c.497G > A, c.679C > T, c.854G > A and c.1057C > T) and two rare multiple variants (IVS-5 637/638T del/c.1311C >",c.1057C > T,IVS-5 637/638T del,0,36212142,9,6492,0.11336395070823668,NO,0
Downregulation of Linc00173 increases BCL2 mRNA stability via the miR-1275/PROCA1/ZFP36L2 axis and induces acquired cisplatin resistance of lung adenocarcinoma.,BCL2,miR-1275,1,36627670,7,15400,0.7129287965403379,YES,1
"Gene ontology analysis revealed enriched functional groups related to PI3K/Akt/mTOR signaling pathways, psoriasis, and epidermal development.",mTOR,psoriasis,1,36741386,4,12093,0.5003516788579944,YES,1
"Excessive intake of heavy metals, such as arsenic (As), manganese (Mn), mercury (Hg), aluminium (Al), lead (Pb), nickel (Ni), bismuth (Bi), cadmium (Cd), copper (Cu), zinc (Zn), and iron (Fe), is neurotoxic and it promotes neurodegeneration.",arsenic,copper,0,33412145,14,1271,0.00016367199437495168,NO,0
No statistical differences were found between patients with sufficient CP production and those with complete beta-cell failure when comparing age at the onset and duration of diabetes.,CP,diabetes,0,36585034,4,16359,0.35402135669550255,NO,0
"AMPD1 (rs17602729), ACE (rs4646994), ACTN3 (rs1815739), CKM (rs8111989) and MLCK (rs2849757 and rs2700352) polymorphisms were genotyped by using Single Nucleotide Primer Extension (SNPE).",rs4646994,rs1815739,0,36468031,11,10009,0.0008139261361398102,NO,0
"The cAMP-binding effector, exchange protein activated by cAMP 1 (Epac1), which is known to induce SOCS3, differentially regulated the P2Y11/IL-1R response because pharmacological Epac1 inhibition enhanced sTNFR2 and CCL20 release, but had no effect on VEGF secretion.",IL-1R,TNFR2,0,36107259,8,4960,0.06721053519929372,NO,0
The function of the flagellin-sensing TLR5 in airway epithelia and pathophysiology of COPD and LC has remained elusive.,TLR5,COPD,1,36140341,3,5274,0.4026549366529036,NO,0
"T and c.871G > A. Seven rare single variants (c.25C > T, c.152C > T, c.406C > T, c.497G > A, c.679C > T, c.854G > A and c.1057C > T) and two rare multiple variants (IVS-5 637/638T del/c.1311C >",c.679C > T,c.1057C > T,0,36212142,9,6488,0.011564797565867365,NO,0
In Vitro Study of Cytotoxic Mechanisms of Alkylphospholipids and Alkyltriazoles in Acute Lymphoblastic Leukemia Models.,Alkylphospholipids,Alkyltriazoles,0,36500726,3,10235,0.34433497967933624,NO,0
"Through a Connectivity Map (CMap) analysis, we revealed that certain drugs/molecules, including omeprazole, methacholine chloride, ioversol, fulvestrant, difenidol, cycloserine, and MK-801, may serve as potential treatments for tamoxifen-resistant breast cancer patients.",ioversol,tamoxifen,1,36619229,10,11302,0.36471108897453197,NO,0
"We report a new case with CN-SGD caused by two novel heterozygous pathogenic variants in the SMARCD2 gene (c.1081del (p.Gln361Argfs*15)), and (c.217C>T (p.Arg73*)).",c.1081del,p.Arg73*,0,36135322,6,5136,0.3557065626186507,NO,0
"Western blot was performed to detect Cyclin D1, PCNA, MMP-2, MMP-9, inflammatory factors TNF-alpha, IL-1beta, IL-4, IL-10, IL-13, and",MMP-2,MMP-9,0,36593749,10,15214,0.0005038033025725108,NO,0
"A763_Y764insFQEA and D770delinsGY, respectively, account for 3%-8% and 2.0%-4.8% of EGFR ex20ins in NSCLC and are associated with a more favorable response to EGFR-specific TKIs as per case reports.",EGFR,NSCLC,1,36425568,4,9649,0.6650143799623808,YES,1
"Activated SGK3 can activate ion channels (TRPV5/6, SOC, Kv1.3, Kv1.5, Kv7.1, BKCa, Kir2.1, Kir2.2, ENaC, Nav1.5, ClC-2, and ClC Ka), carriers and receptors (Npt2a, Npt2b, NHE3, GluR1, GluR6, SN1, EAAT1, EAAT2, EAAT4, EAAT5, SGLT1, SLC1A5, SLC6A19, SLC6A8, and NaDC1), and Na+/K+-ATPase, promoting the transportation of calcium, phosphorus, sodium, glucose, and neutral amino acids in the kidney and intestine, the absorption of potassium and neutral amino acids in the renal tubules, the transportation of glutamate and glutamine in the nervous system, and the transportation of creatine.",Kir2.1,SN1,0,36531961,37,14718,0.01750159913159577,NO,0
"Further, HTL incubation or iNOS overexpression promoted endothelial cellular senescence, but abolished by exogenous expression of MT-GCH1 or pharmacological approaches including N-acetyl-cysteine, L-sepiapterin, and tempol.",HTL,L-sepiapterin,1,36399957,6,9090,0.2547229486231642,NO,0
Lactate dehydrogenase A (LDHA) catalyzes the reduction of pyruvate to lactate and regains NAD+,Lactate dehydrogenase A,lactate,1,36297369,4,7530,0.9931910870711814,YES,1
"Guanosine reversed IMPDH1 expression in HCCC-9810 cells, promoting the secretion of inflammatory factors IL-6, IL-8, OPN, VEGF, and VCAM-1 and intensifying epithelial-mesenchymal transition (EMT) progression in the cells.",inflammatory,IL-6,1,36711025,9,11920,0.21076589351961744,NO,0
"Variants in TPO rs2048722, PTCSC2 rs925489 and SEMA4G rs4919510 affect thyroid carcinoma susceptibility risk.",PTCSC2,thyroid carcinoma,1,36737753,7,12004,0.9960230281202163,YES,1
"In addition to previously reported P286R and V411L, R375Q and P452L were identified as novel, and deleterious POLE hotspot EDMs of EC.",V411L,EC,1,36313640,6,7946,0.8093011765534961,YES,1
"Bax inhibitor, Z-VAD-FMK, pepstatin, and necrostatin partially reduced cell death, suggesting that involvement of the caspase-dependent and -independent mechanisms is related to cell type.",pepstatin,caspase,0,36500726,5,10267,0.25631664198076387,NO,0
"At least eight single-point mutations linked to familial Parkinson's disease (A30G/P, E46K, H50Q, G51D, A53T/E/V) are located in proximity of the preNAC region, strongly implicating its pathogenic role in alphaS-mediated cytotoxicity.",A30G/P,H50Q,0,36208776,7,6415,0.0009518141461192332,NO,0
"The human GLUT1 (SLC2A1) membrane protein is the key glucose transporter in numerous cell types, including red cells, kidney, and blood-brain barrier cells.",GLUT1,glucose,1,36421383,3,9412,0.9751481560408632,YES,1
"Activated SGK3 can activate ion channels (TRPV5/6, SOC, Kv1.3, Kv1.5, Kv7.1, BKCa, Kir2.1, Kir2.2, ENaC, Nav1.5, ClC-2, and ClC Ka), carriers and receptors (Npt2a, Npt2b, NHE3, GluR1, GluR6, SN1, EAAT1, EAAT2, EAAT4, EAAT5, SGLT1, SLC1A5, SLC6A19, SLC6A8, and NaDC1), and Na+/K+-ATPase, promoting the transportation of calcium, phosphorus, sodium, glucose, and neutral amino acids in the kidney and intestine, the absorption of potassium and neutral amino acids in the renal tubules, the transportation of glutamate and glutamine in the nervous system, and the transportation of creatine.",potassium,glutamate,0,36531961,37,15137,0.0015654418941959897,NO,0
"AMPD1 (rs17602729), ACE (rs4646994), ACTN3 (rs1815739), CKM (rs8111989) and MLCK (rs2849757 and rs2700352) polymorphisms were genotyped by using Single Nucleotide Primer Extension (SNPE).",rs8111989,rs2700352,0,36468031,11,10020,0.010524130063490894,NO,0
"In HAEnCI patients mutations have been identified in the F12, PLG, KNG1, ANGPT1, MYOF, and HS3ST6 genes.",ANGPT1,HS3ST6,0,36685169,8,11752,0.007629649239645289,NO,0
"Epidermal growth factor receptor (EGFR)-tyrosine kinase inhibitors are standard therapeutic agents for non-small cell lung cancer (NSCLC) patients with major EGFR mutations such as exon 19 deletions and a L858R mutation, whereas treatment strategies for cases with uncommon EGFR mutations remain to be fully established.",non-small cell lung cancer,L858R,1,36193787,4,6190,0.7989169049739457,YES,1
"Using a combination of regional association studies, a linkage disequilibrium map, and multivariate analysis, we revealed that the APOB locus variants rs144467873, rs13306194, and rs1367117 were independently associated with total, low-density lipoprotein (LDL), and non-high-density lipoprotein (non-HDL) cholesterol levels; rs1318006 was associated with HDL cholesterol levels; rs13306194 and rs35131127 were associated with serum triglyceride levels; rs144467873, rs13306194, rs56213756, and rs679899 were associated with remnant cholesterol levels; and rs144467873 and rs4665709 were associated with metabolic syndrome.",rs1318006,rs4665709,0,36499290,12,10126,0.0006182723006463959,NO,0
"Here, we have analysed the proportional expression patterns of TLR2 and TLR4 on the surface of CD3+, CD4+, CD8+, CD19+ and CD161+ lymphocytes and CD14+ monocytes in different groups of leprosy patients.",CD3,CD161,0,36419668,10,9353,0.03495426795707371,NO,0
"A phase 1 study was conducted to determine the maximum tolerated dose of bendamustine when given in combination with clofarabine, etoposide, and dexamethasone daily for 5 days in children and adolescents with relapsed or refractory hematologic malignancies.",clofarabine,dexamethasone,1,33598942,5,1468,0.9753115357897412,YES,1
"The results showed that the levels of gene and protein catalyzing lipogenesis were increased (SREBP1, ACC1 and FAS), while those catalyzing lipolysis were decreased (ATGL, HSL and ZAG), accompanied by dyslipidemia, insulin resistance and hepatic fat accumulation, and there were higher expression of TLR4 and NF-kappaB protein and lower expression of ERalpha protein in liver, and increased serum IL-17 and TNF-alpha levels in fructose and/or BPA exposed rats compared with controls.",SREBP1,BPA,1,31661889,16,12685,0.4758812600374649,NO,0
"Finally, our findings in sub-cutaneous and genetically engineered mouse model (K14-CreERtam;LSL-KrasG12D/+;Trp53R172H/+) studies showed a significant reduction in the tumor growth and delayed tumor progression after combination treatment.",K14,tumor,0,33878394,7,1826,0.012616129171146247,NO,0
"Treatment of intoxicated rats with PAs resulted in a significant decline in pro-inflammatory cytokines, including IL-6, IL-1beta, and TNF-alpha in serum.",inflammatory,IL-1beta,0,35881285,6,4495,0.2666435504892123,NO,0
"Bax inhibitor, Z-VAD-FMK, pepstatin, and necrostatin partially reduced cell death, suggesting that involvement of the caspase-dependent and -independent mechanisms is related to cell type.",Bax,pepstatin,1,36500726,5,10260,0.02288827679233801,NO,0
"CONCLUSION: our meta-analysis suggested that AT1R-1166A/C polymorphism had an association with susceptibility to PE, but AT2R-1675A/G polymorphism had no association with susceptibility to PE.",-1166A/C,PE,1,36397318,5,9049,0.8836012611940356,YES,1
"The functionalized systems were then tested as catalysts for the conversion of CO2 and epoxides to cyclic carbonates in a batch reactor at 100 or 125  C, with an initial CO2 pressure (at room temperature) of 25 bar.",CO2,epoxides,1,36558016,3,10821,0.9877518960265542,YES,1
Phase I trial of Bermekimab with nanoliposomal irinotecan and 5-fluorouracil/folinic acid in advanced pancreatic ductal adenocarcinoma.,Bermekimab,folinic acid,1,36056179,5,4725,0.927417845005798,YES,1
"CYP4V2 rs1398007 might be a risk factor for IS (OR = 1.34, 95% CI 1.05-1.71, p = 0.009).",rs1398007,IS,1,36437455,3,9807,0.9994450880813062,YES,1
"Genes or proteins regulating lipid metabolism include sterol regulatory element binding protein 1 (SREBP1), adipose triglyceride lipase (ATGL), hormone sensitive lipase (HSL), acetyl-CoA carboxylase 1 (ACC1), fatty acid synthase (FAS), zinc alpha 2 glycoprotein (ZAG) and estrogen receptor alpha (ERalpha), and the expression of proteins regulating inflammatory response, such as TLR4 and NF-kappaB, were determined.",adipose triglyceride lipase,TLR4,0,31661889,11,12605,0.0003545331696088735,NO,0
"Mutational analysis detected 18,261 mutations in the omicron variant, majority of which were non-synonymous mutations in spike (A67, T547K, D614G, H655Y, N679K, P681H, D796Y, N856K, Q954H), followed by RNA dependent RNA polymerase (rdrp) (A1892T, I189V, P314L, K38R, T492I, V57V), ORF6 (M19M) and nucleocapsid protein (RG203KR).",P681H,A1892T,0,35367284,21,3442,0.005872706535865858,NO,0
The expression of FOXG1 could also be potentially disturbed by deletions of several brain-active regulatory elements located in intergenic FOXG1-PRKD1 region.,FOXG1,PRKD1,1,36568277,2,10908,0.36865132097234893,NO,0
"We measured inhibin A, inhibin B, total inhibin, AMH, activin A, activin B, activin AB, follistatin, the GDF-9/BMP-15 complex, and GDF-15 in paired serum and urine samples from healthy reproductive age women and in pregnant (second trimester) women.",activin A,GDF-9,0,34875272,12,2839,0.0004925130862196168,NO,0
"Calcitonin gene-related peptide (CALCB), adrenomedullin (ADM), and ADM2/intermedin play critical roles in vascular adaptation during pregnancy through calcitonin receptor-like receptor (CALCRL) and receptor activity-modifying proteins (RAMPs).",ADM2,calcitonin receptor-like receptor,1,27784654,4,206,0.8552977333479828,YES,1
"Activated SGK3 can activate ion channels (TRPV5/6, SOC, Kv1.3, Kv1.5, Kv7.1, BKCa, Kir2.1, Kir2.2, ENaC, Nav1.5, ClC-2, and ClC Ka), carriers and receptors (Npt2a, Npt2b, NHE3, GluR1, GluR6, SN1, EAAT1, EAAT2, EAAT4, EAAT5, SGLT1, SLC1A5, SLC6A19, SLC6A8, and NaDC1), and Na+/K+-ATPase, promoting the transportation of calcium, phosphorus, sodium, glucose, and neutral amino acids in the kidney and intestine, the absorption of potassium and neutral amino acids in the renal tubules, the transportation of glutamate and glutamine in the nervous system, and the transportation of creatine.",SGK3,SLC1A5,1,36531961,37,14500,0.9832152246006444,YES,1
"Furthermore, treating with neutralizing antibodies against TNF-alpha and IFN-gamma protected mice from mortality during SARS-CoV-2 infection, sepsis, hemophagocytic lymphohistiocytosis, and cytokine shock.",IFN-gamma,sepsis,1,33278357,7,1021,0.7331083048180016,YES,1
Antagonism of PPARalpha prevented the OEA-induced attenuation of IRF- and NFkappaB-related genes in the hypothalamus following TLR3 activation but did not significantly alter temperature.,PPARalpha,TLR3,1,34265624,5,13205,0.1706649774314022,NO,0
"Q57H and T151I of ORF3a; T21I and W27L of ORF6; G38V, V82A, and T120I of ORF7a; S31P and T40I of ORF7b; and R52I, C61F, and I121L of ORF8 were highly frequent in most variants of concern and were within known functional domains.",T21I,I121L,0,35764775,17,4149,0.003294301869648471,NO,0
"Experiments with covalent thiol modification by NEM, glutathione, and amino acid substitutions (C38S, C83S and H81A), indicate that subpopulations ranging from fully reduced thiols, single thiol oxidation, and intramolecular disulfide formation determine heme binding properties by modulating the histidine-heme affinity and ligand binding.",glutathione,C38S,0,33144263,5,872,0.06035076114270445,NO,0
"MMTT analysis showed that probands with variants in MC4R, CASP10, TMPRSS6, HGFAC, and SLC5A1 (c.1415T>C) had sufficient residual beta-cell function with stimulated C-peptide (CP) >200 pmol/L. Seven individuals with variants in RFX2, RREB1, GCKR, DACH1, ZBED3 and SLC5A1 (c.1415T>C, and c.932A>T) presented with complete beta-cell failure.",SLC5A1,C-peptide,1,36585034,14,16325,0.3574358018481407,NO,0
"Furthermore, ATR-MET induced cardiovascular toxicity (increased levels of plasma total cholesterol, HDL-cholesterol, LDL-cholesterol, and triglycerides) with concomitant induction of renal toxicity (increased plasma creatinine and urea levels), and hepatotoxicity (increased plasma bilirubin, alkaline phosphatase, acid phosphatase, alanine aminotransferase and aspartate aminotransferase).",cardiovascular toxicity,triglycerides,0,36262065,13,7117,0.9832149161902539,YES,1
"Furthermore, ATR-MET induced cardiovascular toxicity (increased levels of plasma total cholesterol, HDL-cholesterol, LDL-cholesterol, and triglycerides) with concomitant induction of renal toxicity (increased plasma creatinine and urea levels), and hepatotoxicity (increased plasma bilirubin, alkaline phosphatase, acid phosphatase, alanine aminotransferase and aspartate aminotransferase).",hepatotoxicity,acid phosphatase,0,36262065,13,7166,0.9612742293320856,YES,1
"Activated SGK3 can activate ion channels (TRPV5/6, SOC, Kv1.3, Kv1.5, Kv7.1, BKCa, Kir2.1, Kir2.2, ENaC, Nav1.5, ClC-2, and ClC Ka), carriers and receptors (Npt2a, Npt2b, NHE3, GluR1, GluR6, SN1, EAAT1, EAAT2, EAAT4, EAAT5, SGLT1, SLC1A5, SLC6A19, SLC6A8, and NaDC1), and Na+/K+-ATPase, promoting the transportation of calcium, phosphorus, sodium, glucose, and neutral amino acids in the kidney and intestine, the absorption of potassium and neutral amino acids in the renal tubules, the transportation of glutamate and glutamine in the nervous system, and the transportation of creatine.",Kv1.5,Kv7.1,0,36531961,37,14615,0.00305386197980672,NO,0
Zebrafish locomotive activity was also assessed in the presence of each benzodiazepine plus flumazenil.,benzodiazepine,flumazenil,1,34386973,3,2456,0.9802565467652264,YES,1
"Activated SGK3 can activate ion channels (TRPV5/6, SOC, Kv1.3, Kv1.5, Kv7.1, BKCa, Kir2.1, Kir2.2, ENaC, Nav1.5, ClC-2, and ClC Ka), carriers and receptors (Npt2a, Npt2b, NHE3, GluR1, GluR6, SN1, EAAT1, EAAT2, EAAT4, EAAT5, SGLT1, SLC1A5, SLC6A19, SLC6A8, and NaDC1), and Na+/K+-ATPase, promoting the transportation of calcium, phosphorus, sodium, glucose, and neutral amino acids in the kidney and intestine, the absorption of potassium and neutral amino acids in the renal tubules, the transportation of glutamate and glutamine in the nervous system, and the transportation of creatine.",EAAT1,EAAT4,0,36531961,37,14991,0.0034469529593081083,NO,0
Tryptophan mutations in G3BP1 tune the stability of a cellular signaling hub by weakening transient interactions with Caprin1 and USP10.,G3BP1,Caprin1,1,36183834,4,6073,0.9976072225693751,YES,1
"Importantly, targeting BCL-XL with the BH3-mimeitc ABT-263 is sufficient to overcome lack of BIM induction and sensitize resistant cells to combined dasatinib and trametinib treatment.",BCL-XL,ABT-263,0,36672327,5,11628,0.997889641791387,YES,1
"Thus, three-dimensional modeling of the Spike/hACE2 complex predicts changes in structure and binding affinity that correlate with transmissibility and therefore can help inform future intervention strategies.",Spike,hACE2,1,33992693,2,1879,0.9988302679742517,YES,1
"RNA sequencing revealed transcriptome-wide IL-17-induced transcripts that are IMP2 influenced, and RNA immunoprecipitation sequencing identified the subset of mRNAs that are directly occupied by IMP2, which included Cebpb and Cebpd Lipocalin-2 (Lcn2), a hallmark of autoimmune kidney injury, was strongly dependent on IL-17, IMP2, and C/EBPbeta/delta.",IL-17,Cebpd,1,34215679,7,13086,0.9043823510911636,YES,1
"Activated SGK3 can activate ion channels (TRPV5/6, SOC, Kv1.3, Kv1.5, Kv7.1, BKCa, Kir2.1, Kir2.2, ENaC, Nav1.5, ClC-2, and ClC Ka), carriers and receptors (Npt2a, Npt2b, NHE3, GluR1, GluR6, SN1, EAAT1, EAAT2, EAAT4, EAAT5, SGLT1, SLC1A5, SLC6A19, SLC6A8, and NaDC1), and Na+/K+-ATPase, promoting the transportation of calcium, phosphorus, sodium, glucose, and neutral amino acids in the kidney and intestine, the absorption of potassium and neutral amino acids in the renal tubules, the transportation of glutamate and glutamine in the nervous system, and the transportation of creatine.",Npt2a,sodium,0,36531961,37,14884,0.691558842682661,YES,1
EZH2 promotes angiogenesis in peritoneal dialysis by epigenetically activating SP4 expression in the IL-6/sIL-6R signalling pathway.,SP4,IL-6,1,36619221,4,15315,0.7782155838563641,YES,1
"We identified and characterized a homozygous loss-of-function stop mutation underlying IL23R deficiency, resulting in near absent expression of membrane bound IL23R. IL23R deficiency was characterized by impaired IL-23-mediated IFN-gamma secretion in CD4+, CD8+ T, and mucosal-associated invariant T (MAIT) cells, and low frequencies of circulating Th17 (CD3+CD45RA-CCR4+CXCR3-RORgammaT+), Th1* (CD45RA-CCR4-CXCR3+RORgammaT+), and MAIT (CD3+CD8+Valpha7.2+CD161+) cells.",IL-23,CD45RA,0,35829840,10,4309,0.010391270235023092,NO,0
"Serum butyric acid, 2-hydroxybutyric acid, l-glutamic acid, l-phenylalanine, l-serine, l-lactic acid, and cholesterol were enriched in COVID-19 and COVID-19-like patients versus HCs.",l-phenylalanine,l-lactic acid,0,33662365,9,1595,0.0004892225875526148,NO,0
"Thence, we design a three-pronged platinum@polymer-catechol nanobraker to deliver mTOR inhibitor TAK228 and anti-PD-L1 antibody (aPD-L1) for impeding the melanoma-PD-1-driven aggression and maximizing the melanoma eradication.",platinum@polymer,PD-L1,1,36203954,7,6349,0.378634847053199,NO,0
MET-Induced CD73 Restrains STING-Mediated Immunogenicity of EGFR-Mutant Lung Cancer.,CD73,EGFR,1,36066413,5,4769,0.46523875059283176,NO,0
"In-silico docking analysis revealed that both fungal and commercially available proteases belonging to the A1A, M20A, S10, S8A and T1A families were able to bind the viral spike, envelope, ORF-7a and Nsp2 proteins (binding energy < -50 kJ/mol), thereby opening up the possibility of developing additional therapeutic applications for these enzymes.",spike,envelope,0,34226889,4,2077,0.007508694784185003,NO,0
"We found that VER-155008, an HSP70 inhibitor, enhanced the PGE1-stimulated IL-6 release and IL-6 mRNA expression.",VER-155008,HSP70,1,36520821,4,14303,0.8959918125413985,YES,1
Our methodologies were able to predict the changes to the dynamics of the recovery stroke as well as predict the pathway of breakdown of ATP to ADP and HPO42- with the stabilization of the metaphosphate intermediate.,ATP,ADP,1,34105970,3,1969,0.9924365428684936,YES,1
We have previously demonstrated that combined inhibition of Src with dasatinib and the MAPK pathway with trametinib synergistically inhibits growth and induces apoptosis in BRAF- and RAS-mutant thyroid cancer cells.,dasatinib,thyroid cancer,1,36672327,7,11583,0.9547539191856224,YES,1
"rs2258461 with body mass index, rs9861311 and rs429358 with body fat percentage, rs2870099 with waist-hip ratio, and rs145500243 with waist circumference.",rs9861311,rs429358,0,36276968,5,7286,0.004252707538024188,NO,0
"Both in vivo and in vitro assays demonstrated that C/EBPbeta knockdown significantly suppressed CCI- or LPS/ATP-induced Clec7a upregulation, and subsequently reduced Syk, ERK and JNK phosphorylation, NLRP3 oligomerization, caspase-1 activation, GSDMD expression and pyroptosis, which were markedly reversed by the co-transfection of Clec7a expression vector.",LPS,ERK,0,36503542,11,14217,0.4193112084555861,NO,0
"TNF, IL6, IL1B, CXCL8, CCL2, IL2, IL4, ICAM1, IFNG, and IL10 has been predicted as key targets.",CXCL8,IFNG,0,36388945,10,8869,0.00015868641030553172,NO,0
"Maslinic acid increased the mechanical pain threshold and inhibited the expression of p-P65, MLCK, MEF2C, and MyoC.",Maslinic acid,MEF2C,1,36408215,6,9204,0.9865877041698595,YES,1
"In the present study, we investigated the effects of the combined administration of monoisoamyl 2, 3-dimercaptosuccinic acid (MiADMSA), which is a new chelator, and alpha lipoic acid (ALA) and an antioxidant that is made naturally in the body and is also found in foods, against Cu-induced oxidative stress in rats.","monoisoamyl 2, 3-dimercaptosuccinic acid",alpha lipoic acid,1,36548551,4,10585,0.9728007754214308,YES,1
"The results indicated that the most relative mutations among the E, M, N, and S AASs occurred in the regions of 7 to 14, 66 to 88, 164 to 205, and 508 to 635 AAs, respectively.",E,S,0,36528612,4,10460,0.2513391102811276,NO,0
"Screening of nine affected families revealed two novel (c.5571_5576delinsCTAGATand c.471dup in EYS and SPATA7 genes, respectively) and six reported pathogenic mutations (c.304C>A, c.187C>T, c.1560C>A, c.547C>T, c.109del and c.9911_11550del in PDE6A, USH2A, USH2A, NMNAT1, PAX6 and ALMS1 genes, respectively) segregating with disease phenotype in each respective family.",SPATA7,NMNAT1,0,36140798,15,5319,0.0003245482121600845,NO,0
"Mutational analysis detected 18,261 mutations in the omicron variant, majority of which were non-synonymous mutations in spike (A67, T547K, D614G, H655Y, N679K, P681H, D796Y, N856K, Q954H), followed by RNA dependent RNA polymerase (rdrp) (A1892T, I189V, P314L, K38R, T492I, V57V), ORF6 (M19M) and nucleocapsid protein (RG203KR).",Q954H,T492I,0,35367284,21,3473,0.0028705544381063338,NO,0
"With flumazenil blocking classical high-affinity extracellular benzodiazepine site effects, modulation of GABA-activated currents by diazepam, midazolam and flurazepam was measured electrophysiologically in wildtype and M2-15' mutant alpha1 beta3 gamma2L GABAA receptors.",flurazepam,gamma2L,0,34386973,10,2448,0.5064205596179531,YES,1
IL-6 activates the trans-signaling pathway via the formation of the IL-6/sIL-6Ra/gp130 receptor complex and subsequent activation of the JAK/STAT3 signaling pathway and PI3K/AKT and MEK/ERK kinases in some cases.,IL-6,AKT,1,36406976,9,13944,0.9198075089320257,YES,1
"To explore the mechanistic basis by which CPE alters permeability, this study tested the permeability effects of several recombinant CPE (rCPE) species: rCPE and rCPEC186A (which form pores), rC-CPE and rCPED48A (which bind to receptors but cannot oligomerize), rCPEC186A/F91C (which binds and oligomerizes without pore formation), and rCPEY306A/L315A (which has poor receptor-binding ability).",C186A,Y306A,0,36069435,6,16016,0.0059439503661146064,NO,0
Anti-IL-17A monoclonal antibodies reduced neutrophil chemotaxis induced by IL-24-treated epithelial cells in vitro.,IL-17A,IL-24,1,36174993,3,16114,0.09437760372119695,NO,0
Polymorphic renal transporters and cisplatin's toxicity in urinary bladder cancer patients: current perspectives and future directions.,cisplatin,urinary bladder cancer,1,36650399,4,11353,0.6202693934267903,YES,1
"Herein, we reported the first autosomal recessive CC patients with c.265C>T (p.Arg89Cys) or c.[265C>T;267C>A] variant in Iranian population for the FYCO1 gene.",c.[265C>T,267C>A,0,36274208,6,7247,0.2936798385561188,NO,0
"Collectively, our results disclose two LINC00589-initiated ceRNA networks, the LINC00589-miR-100-DLG5 and LINC00589-miR-452-PRDM16- mucin4 axes, which regulate trastuzumab resistance, CSC-like properties and multiple chemoresistance of breast cancer, thus providing potential diagnostic and prognostic markers and therapeutic targets for HER2-positive breast cancer.",DLG5,trastuzumab,1,36309503,9,7838,0.3595568326187585,NO,0
"80% of cases belongs to 8 mutants: 241C toT, 1163A toT, 3037C toT, 14408C toT, 23403A toG, 28881G toA, 28,882 G toA, and 28883G toC. Observed dominance of GR clade variants that have strong presence in Europe, suggesting European channel a possible entry route.",14408C toT,"28,882 G toA",0,36182010,8,6042,0.10119452521506071,NO,0
"There were no differences in the clinical presentation between HAE-PLG patients with and without the additional F12 mutation, thus we concluded that the kallikrein-kinin system is bypassed in HAE-PLG.",HAE-PLG,kallikrein,0,36685169,4,11762,0.4445819834036097,NO,0
This study shows that substituting bendamustine for cyclophosphamide in combination with clofarabine and etoposide is safe and effective.,cyclophosphamide,clofarabine,0,33598942,4,1494,0.5110268195298998,YES,1
"alpha-Syn aggregation also results in the disruption of dopamine synthesis through phosphorylation of tyrosine hydroxylase (TH), a key enzyme involved in the conversion of tyrosine to levodopa (L-DOPA), the amino acid precursor to dopamine.",alpha-Syn,levodopa,0,35090325,5,13527,0.4744651953762836,NO,0
"A763_Y764insFQEA and D770delinsGY, respectively, account for 3%-8% and 2.0%-4.8% of EGFR ex20ins in NSCLC and are associated with a more favorable response to EGFR-specific TKIs as per case reports.",A763_Y764insFQEA,D770delinsGY,0,36425568,4,9646,0.4369859152737533,NO,0
"In summary, the four CPMs may play a role in the treatment of COVID-19 by binding flavonoids such as quercetin, luteolin, and acacetin to target proteins such as ACE2, 3CLpro, and S protein and acting on TNF, IL6, IL1B, CXCL8, and other targets to participate in broad-spectrum antiviral, immunomodulatory and inflammatory responses.",S,IL6,0,36388945,14,8979,0.00891425367425784,NO,0
"We measured inhibin A, inhibin B, total inhibin, AMH, activin A, activin B, activin AB, follistatin, the GDF-9/BMP-15 complex, and GDF-15 in paired serum and urine samples from healthy reproductive age women and in pregnant (second trimester) women.",inhibin A,activin A,0,34875272,12,2805,0.0006403993807868673,NO,0
"Furthermore, ATR-MET induced cardiovascular toxicity (increased levels of plasma total cholesterol, HDL-cholesterol, LDL-cholesterol, and triglycerides) with concomitant induction of renal toxicity (increased plasma creatinine and urea levels), and hepatotoxicity (increased plasma bilirubin, alkaline phosphatase, acid phosphatase, alanine aminotransferase and aspartate aminotransferase).",ATR-MET,renal toxicity,1,36262065,13,7107,0.9964483186215328,YES,1
"Dapagliflozin slowed the migration rate of HFrEF fibroblasts in a dose-dependent manner and markedly decreased the expression of IL-1beta, IL-6, MMP3, MMP9, GAL3, and FN1. SGLT2i",HFrEF,MMP9,1,36303443,8,13812,0.37903162482128155,NO,0
"TNF-alpha and IL-1beta levels were decreased, but IL-4, IL-10, IL-13, cyclin D1, and PCNA levels were increased in pregnant women with preeclampsia after using progesterone.",IL-4,progesterone,1,36593749,10,15264,0.8078347607357073,YES,1
"12/102 were found to have novel variants in potential diabetes genes (RFX2, RREB1, SLC5A1 (3 patients with variants in this gene), GCKR, MC4R, CASP10, TMPRSS6, HGFAC, DACH1, ZBED3).",RREB1,TMPRSS6,0,36585034,12,16255,0.0001015523450848861,NO,0
The predicted TFs and their differential binding affinities to the TIMP3 promoter provide insights into how TIMP3 interacts with arsenic through TFs in skin cancer formation.,arsenic,skin cancer,1,36499314,3,10209,0.9140613022131115,YES,1
"Activated SGK3 can activate ion channels (TRPV5/6, SOC, Kv1.3, Kv1.5, Kv7.1, BKCa, Kir2.1, Kir2.2, ENaC, Nav1.5, ClC-2, and ClC Ka), carriers and receptors (Npt2a, Npt2b, NHE3, GluR1, GluR6, SN1, EAAT1, EAAT2, EAAT4, EAAT5, SGLT1, SLC1A5, SLC6A19, SLC6A8, and NaDC1), and Na+/K+-ATPase, promoting the transportation of calcium, phosphorus, sodium, glucose, and neutral amino acids in the kidney and intestine, the absorption of potassium and neutral amino acids in the renal tubules, the transportation of glutamate and glutamine in the nervous system, and the transportation of creatine.",GluR1,SLC6A19,0,36531961,37,14941,0.04868192958386731,NO,0
"Screening of nine affected families revealed two novel (c.5571_5576delinsCTAGATand c.471dup in EYS and SPATA7 genes, respectively) and six reported pathogenic mutations (c.304C>A, c.187C>T, c.1560C>A, c.547C>T, c.109del and c.9911_11550del in PDE6A, USH2A, USH2A, NMNAT1, PAX6 and ALMS1 genes, respectively) segregating with disease phenotype in each respective family.",SPATA7,PAX6,0,36140798,15,5320,0.0006305506462796341,NO,0
"Background & Aims: XBP1 modulates the macrophage proinflammatory response, but its function in macrophage stimulator of interferon genes (STING) activation and liver fibrosis is unknown.",XBP1,liver fibrosis,1,36185574,3,13695,0.003559310760217533,NO,0
"DEX injection markedly increased blood glucose, TP and TC levels, the Ca2+/P5+ ratio and the neutrophil/lymphocyte ratio and significantly decreased blood IL-1beta, IL-6 and TNF-alpha levels.",DEX,P5+,1,36174980,7,5933,0.29697733099381207,NO,0
"In this study, we performed whole-exome sequencing on BRAF-V600E-mutant melanoma patient tumors refractory to the combination of BRAF/MEK inhibition and identified acquired oncogenic mutations in NRAS and loss of the tumor suppressor gene CDKN2A We hypothesized the acquired resistance mechanisms to BRAF/MEK inhibition were reactivation of the MAPK pathway and activation of the cell-cycle pathway, which can both be targeted pharmacologically with the combination of a MEK inhibitor (trametinib) and a CDK4/6 inhibitor (palbociclib).",tumors,NRAS,0,34376578,12,2343,0.3918388424322507,NO,0
"Activated SGK3 can activate ion channels (TRPV5/6, SOC, Kv1.3, Kv1.5, Kv7.1, BKCa, Kir2.1, Kir2.2, ENaC, Nav1.5, ClC-2, and ClC Ka), carriers and receptors (Npt2a, Npt2b, NHE3, GluR1, GluR6, SN1, EAAT1, EAAT2, EAAT4, EAAT5, SGLT1, SLC1A5, SLC6A19, SLC6A8, and NaDC1), and Na+/K+-ATPase, promoting the transportation of calcium, phosphorus, sodium, glucose, and neutral amino acids in the kidney and intestine, the absorption of potassium and neutral amino acids in the renal tubules, the transportation of glutamate and glutamine in the nervous system, and the transportation of creatine.",SOC,SLC1A5,0,36531961,37,14569,0.015292845165543042,NO,0
"In the case of the AGT (rs699) and ABCA1 (rs2230806) genes polymorphisms, the risk of death was higher in GG homozygotes compared to the A allele carriers in the 10-year period.",rs2230806,death,1,36421822,5,9567,0.8756134762382574,YES,1
"We analyzed samples of amino-acid sequences (AASs) for envelope (E), membrane (M), nucleocapsid (N), and spike (S) proteins from the declaration of the coronavirus 2019 (COVID-19) as pandemic to January 2022.",spike,coronavirus 2019,1,36528612,5,10457,0.4720491611024768,NO,0
"The N-TSHR-mAb also activated cytochrome-C, Bax, caspase-9, caspase-3A, and had less effect on FADD or caspase-8 indicating activation of the intrinsic pathway for apoptosis.",TSHR,Bax,0,34801870,8,13466,0.24065507592339128,NO,0
"Activated SGK3 can activate ion channels (TRPV5/6, SOC, Kv1.3, Kv1.5, Kv7.1, BKCa, Kir2.1, Kir2.2, ENaC, Nav1.5, ClC-2, and ClC Ka), carriers and receptors (Npt2a, Npt2b, NHE3, GluR1, GluR6, SN1, EAAT1, EAAT2, EAAT4, EAAT5, SGLT1, SLC1A5, SLC6A19, SLC6A8, and NaDC1), and Na+/K+-ATPase, promoting the transportation of calcium, phosphorus, sodium, glucose, and neutral amino acids in the kidney and intestine, the absorption of potassium and neutral amino acids in the renal tubules, the transportation of glutamate and glutamine in the nervous system, and the transportation of creatine.",EAAT4,SGLT1,0,36531961,37,15024,0.020133062160023737,NO,0
"MMTT analysis showed that probands with variants in MC4R, CASP10, TMPRSS6, HGFAC, and SLC5A1 (c.1415T>C) had sufficient residual beta-cell function with stimulated C-peptide (CP) >200 pmol/L. Seven individuals with variants in RFX2, RREB1, GCKR, DACH1, ZBED3 and SLC5A1 (c.1415T>C, and c.932A>T) presented with complete beta-cell failure.",TMPRSS6,ZBED3,0,36585034,14,16315,0.0056772165839009195,NO,0
"Rescue of TNFalpha-induced dissociation of CALCRL/RAMP1 complex by CALCB in RUASM cells suggests a potential use of CALCB in developing therapeutic strategies for pregnancy-related complications that are vulnerable to abnormal levels of TNFalpha, such as fetal growth restriction and preeclampsia.",TNFalpha,CALCB,1,27784654,6,291,0.36019416889550926,NO,0
These data reveal that combined PEM and CD73 inhibition can co-opt tumor cell STING induction in TKI-resistant EGFR-mutated lung cancers and promote immunogenicity.,PEM,lung cancers,1,36066413,6,4827,0.6205154864129967,YES,1
BCL2L11 Induction Mediates Sensitivity to Src and MEK1/2 Inhibition in Thyroid Cancer.,MEK1/2,Thyroid Cancer,1,36672327,4,11561,0.7530997673100704,YES,1
"Thus, multiple RBM38/eIF4E knock-in (KI) cell lines were generated to investigate the significance of eIF4E-RBM38 interaction in controlling p53 activity.",RBM38,p53,1,33664057,3,1669,0.7444438771614904,YES,1
"The levels of glucose, total protein (TP), total cholesterol (TC), and the proinflammatory cytokines interleukin (IL)-1beta, IL-6 and tumor necrosis factor (TNF)-alpha in blood were examined, and we then detected glycogen and adenosine triphosphate (ATP) content, phosphofructosekinase-1 (PFK1) and glucose-6-phosphate dehydrogenase (G6PDH) activity, glucose transporter (GLUT)1, GLUT4, sodium/glucose cotransporter (SGLT)1 and citrate synthase (CS) protein expression and autophagy levels in circulating neutrophils.",tumor necrosis factor (TNF)-alpha,GLUT4,0,36174980,13,5900,0.00012236689454099244,NO,0
"It is unclear whether recent safety concerns (ie, elevated rates of lung cancer and lymphoma) related to similar medications (ie, other JAK inhibitors) are shared with this novel TYK2 inhibitor.",lung cancer,TYK2,1,35747941,4,3872,0.26886755961862846,NO,0
"However, when combined with high arsenic exposure levels, the rs9619311 C allele, rs2234921 G allele, or C-G haplotype groups exhibited a greater risk of developing skin cancer compared to the respective common homozygous genotype group.",rs9619311,skin cancer,1,36499314,4,10175,0.9937876336793201,YES,1
"The effect of ginsenoside Rg1 on VED, oxidative stress, mitochondrial dysfunction, and the expression levels of calpain-1, PP2A and p-eNOS were detected both in vivo and in vitro.",mitochondrial dysfunction,calpain-1,1,36644390,6,15619,0.012544374979083821,NO,0
"We identified and characterized a homozygous loss-of-function stop mutation underlying IL23R deficiency, resulting in near absent expression of membrane bound IL23R. IL23R deficiency was characterized by impaired IL-23-mediated IFN-gamma secretion in CD4+, CD8+ T, and mucosal-associated invariant T (MAIT) cells, and low frequencies of circulating Th17 (CD3+CD45RA-CCR4+CXCR3-RORgammaT+), Th1* (CD45RA-CCR4-CXCR3+RORgammaT+), and MAIT (CD3+CD8+Valpha7.2+CD161+) cells.",CCR4,CXCR3,0,35829840,10,4336,0.028442610724781808,NO,0
"Activated SGK3 can activate ion channels (TRPV5/6, SOC, Kv1.3, Kv1.5, Kv7.1, BKCa, Kir2.1, Kir2.2, ENaC, Nav1.5, ClC-2, and ClC Ka), carriers and receptors (Npt2a, Npt2b, NHE3, GluR1, GluR6, SN1, EAAT1, EAAT2, EAAT4, EAAT5, SGLT1, SLC1A5, SLC6A19, SLC6A8, and NaDC1), and Na+/K+-ATPase, promoting the transportation of calcium, phosphorus, sodium, glucose, and neutral amino acids in the kidney and intestine, the absorption of potassium and neutral amino acids in the renal tubules, the transportation of glutamate and glutamine in the nervous system, and the transportation of creatine.",TRPV5/6,EAAT2,0,36531961,37,14531,0.10743351313848566,NO,0
"A previously reported missense mutation, c.265C>T (p.Arg89Cys), was found in one Iranian family for the first time, and a combination of two variants in a single codon, c.[265C>T;267C>A] (p.Arg89X), was identified in the three other families.",c.265C>T,c.[265C>T,0,36274208,3,7237,0.08730274153227045,NO,0
"TNFalpha/IL-17A-induced IL-36gamma expression also involved the nuclear factor kappaB (NF-kappaB), p38 mitogen-activated protein kinase and ERK1/2 signalling pathways.",nuclear factor kappaB,p38 mitogen-activated protein kinase,0,33491092,6,1413,0.21047315603258027,NO,0
"In preclinical patient-derived xenograft and cell line models, resistance to KRAS(G12C) inhibition was associated with low allele frequency hotspot mutations in KRAS(G12V or G13D), NRAS(Q61K or G13R), MRAS(Q71R) and/or BRAF(G596R), mirroring observations in patients.",G12V,Q61K,0,34759319,12,15965,0.5096054671280472,YES,1
Conclusion: NSCLC patients harboring A763_Y764insFQEA and D770delinsGY insertions of EGFR are responsive to the currently approved EGFR TKIs as opposed to patients with the D770_N771insSVD and V769_D770insASV variants.,NSCLC,EGFR,1,36425568,6,9662,0.5807006356501718,YES,1
"EZH2 and G9a inhibitors impaired cell cycle withdrawal, differentiation commitment, and myotube formation in wildtype progenitors, while they had no effect on emerin-null progenitors.",G9a,emerin,1,36274837,3,7274,0.0413411807304252,NO,0
"Moreover, IL-6/sIL-6R and EZH2 overexpression stimulated EZH2, DNMT3B and SP4 expression and promoted angiogenesis in 5/6Nx + PD rats.",EZH2,DNMT3B,0,36619221,6,15380,0.6865855610164858,YES,1
"Furthermore, these treatments reduced the production of stress hormones [abscisic acid (27-55%), salicylic acid (31-50%), and jasmonic acid (6-12%)], but increased indole-3-acetic acid (14-31%) in plants under fluoride and cadmium stresses.",jasmonic acid,cadmium,0,36578343,6,11060,0.5747891293009163,YES,1
The influence of GTF2H1 and RAD54L2 polymorphisms on lung cancer susceptibility was assessed using logistic regression analysis by calculating odds ratios (ORs) and their corresponding 95% confidence intervals (CIs).,GTF2H1,lung cancer,1,36384536,3,8675,0.8084342997237817,YES,1
"The discovered five SNPs are g-1578A>G, g-1835G>A, and g-398T>A in the 5'UTR; g3164T>C and g3409G>C in the exon region.",g-1578A>G,g-1835G>A,0,36134995,5,5108,0.007630052613671027,NO,0
"The results showed that the application of biochar and especially chemically modified biochars reduced fluoride (about 15-37%) and cadmium (30-52%) contents in mint leaves, while increased soil pH and cation exchange capacity (CEC), nitrogen (12-35%), phosphorus (16-59%), potassium (17-52%), calcium (19-47%), magnesium (28-77%), iron (37-114%), zinc (45-226%), photosynthetic pigments of leaves and plant biomass (about 10-25%) under toxic conditions.",biochar,potassium,1,36578343,11,11005,0.9157415118092225,YES,1
"By using an additive model of inheritance, our moderation analysis showed that PNPLA3 rs738409 significantly modulates the relationship between carbohydrate (%), n-3 PUFAs, total isoflavones, methionine, and choline intakes and fibrosis severity in a dose-dependent, genotype manner.",n-3 PUFAs,methionine,0,33306506,8,1094,0.01030644713633995,NO,0
"While suppressing the CTR1 gene's expression reduced cisplatin-induced nephrotoxicity and ototoxicity, inhibiting the expression of the MATE1 and MATE2-K genes has been shown to increase cisplatin's nephrotoxicity and resistance.",CTR1,MATE1,0,36650399,6,11407,0.014312587888358418,NO,0
"We report a case of reinfection by SARS-CoV-2 with the second virus harboring amino acid changes in the Spike protein (141-143del, D215A, ins215AGY, L452R, D614G), orf1a, helicase, orf3a, and Nucleocapside.",orf1a,Nucleocapside,0,34107326,10,2002,0.0791569244949648,NO,0
"Although dopamine D2 receptor agonists, bromocriptine and cabergoline, are notable medications in the treatment of Parkinsonism, hyperprolactinemia, and hyperglycemia, there is an identified relationship between the utilization of D2-like R agonists and the progress of myocardial injury, especially in the early phase of therapy.",dopamine D2 receptor,Parkinsonism,1,34777640,7,2760,0.7989471317346628,YES,1
"In endothelial cells, HTL increased GCH1 S-nitrosylation, reduced tetrahydrobiopterin, and induced oxidative stress, which were attenuated by N-acetyl-cysteine, L-N6-1-Iminoethyl-lysine, mutant of GCH1 cysteine 141 to alanine (MT-GCH1) or gene deletion of inducible NO synthase (iNOS).",tetrahydrobiopterin,N-acetyl-cysteine,0,36399957,7,9078,0.6380633149654047,YES,1
"By using an additive model of inheritance, our moderation analysis showed that PNPLA3 rs738409 significantly modulates the relationship between carbohydrate (%), n-3 PUFAs, total isoflavones, methionine, and choline intakes and fibrosis severity in a dose-dependent, genotype manner.",carbohydrate,choline,0,33306506,8,1091,0.008237350615234664,NO,0
"Inhibition or knockdown of Orai1 showed no reduction in LPS-induced p-ERK1/2, p-c-Jun N-terminal kinase, or p-p38 MAPK activation.",LPS,ERK1/2,0,35780680,3,4219,0.37502466437023535,NO,0
"Herein, we report the differential expression profile of m6A-modified lncRNAs in human GBM tissues for the first time.",m6A,GBM,1,36168628,3,5761,0.5308187725707428,YES,1
"Activated SGK3 can activate ion channels (TRPV5/6, SOC, Kv1.3, Kv1.5, Kv7.1, BKCa, Kir2.1, Kir2.2, ENaC, Nav1.5, ClC-2, and ClC Ka), carriers and receptors (Npt2a, Npt2b, NHE3, GluR1, GluR6, SN1, EAAT1, EAAT2, EAAT4, EAAT5, SGLT1, SLC1A5, SLC6A19, SLC6A8, and NaDC1), and Na+/K+-ATPase, promoting the transportation of calcium, phosphorus, sodium, glucose, and neutral amino acids in the kidney and intestine, the absorption of potassium and neutral amino acids in the renal tubules, the transportation of glutamate and glutamine in the nervous system, and the transportation of creatine.",SGK3,SGLT1,1,36531961,37,14499,0.9674841883603879,YES,1
"Maslinic acid increased the mechanical pain threshold and inhibited the expression of p-P65, MLCK, MEF2C, and MyoC.",P65,MEF2C,0,36408215,6,9211,0.004800081707316339,NO,0
"Guanosine reversed IMPDH1 expression in HCCC-9810 cells, promoting the secretion of inflammatory factors IL-6, IL-8, OPN, VEGF, and VCAM-1 and intensifying epithelial-mesenchymal transition (EMT) progression in the cells.",inflammatory,IL-8,1,36711025,9,11921,0.2405026209968256,NO,0
"Transcription factor analysis of these 23 super-enhancer-controlled genes related to glucose metabolism was performed, and 20 transcription factors were obtained, of which KLF12, ZNF281 and RELA had a significant prognostic impact.",ZNF281,RELA,0,36121916,4,4992,0.08351206932890258,NO,0
Inhibition of the cell-cycle and MAPK pathway represents a promising strategy for patients with metastatic melanoma who are refractory to BRAF/MEK inhibitor therapy.,melanoma,BRAF,1,34376578,5,2397,0.7298524649116848,YES,1
"Localization studies in cell cultures and human liver showed colocalization of perilipin 5, ATGL and PNPLA3.",perilipin 5,PNPLA3,1,36611868,4,11139,0.9965029714610925,YES,1
"Guanosine reversed IMPDH1 expression in HCCC-9810 cells, promoting the secretion of inflammatory factors IL-6, IL-8, OPN, VEGF, and VCAM-1 and intensifying epithelial-mesenchymal transition (EMT) progression in the cells.",VEGF,VCAM-1,0,36711025,9,11934,0.026582865565082492,NO,0
"Variants of unknown significance (VUS) detected in HGSC included ROS1 [26%; 13/50], RAD50 [6%; 3/50], BRCA2",HGSC,BRCA2,1,36531003,4,14453,0.8736728750172728,YES,1
Cellular distribution of CBS and urotensin II receptor (UT) in SH-SY5Y cells that are confirmed as glutamatergic were identified by immunofluorescent and Western blots assay.,CBS,urotensin II receptor,1,36421438,3,9426,0.07718668681078741,NO,0
"ELISA was performed to measure progesterone, MMP-2, MMP-9, pro-inflammatory factors TNF-alpha, IL-1beta, and anti-inflammatory factors IL-4, IL-10, and IL-13 levels.",TNF-alpha,IL-4,0,36593749,9,15188,0.00043666498693895316,NO,0
"In addition, glucose uptake, intracellular glutamine levels, and mTORC1 pathways activation by glucose and glutamine in ER+ breast cancer were attenuated by PCK2 knockdown.",glutamine,PCK2,1,35757841,6,4069,0.651669088938913,YES,1
Insulin-induced GLUT4 translocation to the plasma membrane in muscle and adipocytes is crucial for whole-body glucose homeostasis.,Insulin,glucose,0,36283703,3,7301,0.9671681986945215,YES,1
"We propose a potential pleiotropic role for common variation in CACNA1C and KCNH2 associated with CADF in schizophrenia patients, independent of antipsychotic medication, that predisposes them to cardiac arrhythmias and premature death.",CACNA1C,CADF,1,36421807,7,9548,0.8690519930959675,YES,1
"Polymorphic Variants of AGT, ABCA1, and CYBA Genes Influence the Survival of Patients with Coronary Artery Disease: A Prospective Cohort Study.",AGT,ABCA1,0,36421822,5,9556,0.011442860125048214,NO,0
"Moreover, TWEAK in combination with chemotherapy induces expression of the CSC marker CD117 in CD117- cells.",TWEAK,CD117,1,36214671,2,6530,0.9930153538526297,YES,1
"Thus, multiple RBM38/eIF4E knock-in (KI) cell lines were generated to investigate the significance of eIF4E-RBM38 interaction in controlling p53 activity.",eIF4E,p53,1,33664057,3,1670,0.558916979200457,YES,1
"Novel compound heterozygous variations, c.4301delA (p.Asp1434fs*3) and c.5255C>G (p.Ser1752Ter), in the multiple PDZ domain (MPDZ) proteins were identified via whole-exome analysis on the proband with isolated bilateral macular coloboma in a Chinese family.",multiple PDZ domain (MPDZ) proteins,bilateral macular coloboma,1,36429029,6,9700,0.8414765222957994,YES,1
"From 67 FDA-covalent drugs, afatinib, dacomitinib, acalabrutinib, neratinib, zanubrutinib, dutasteride, and finasteride were predicted to be active inhibitors.",dacomitinib,neratinib,0,36614109,7,11208,0.0004268209161978651,NO,0
"The multifactor-dimensionality reduction (MDR) analysis was performed to identify the epistasis between SNP located in genes of IL-alpha (rs1800587), IL-6 (rs1800796), TNFalpha (rs361525 and rs1800629), and IFNgamma (rs2069705).",IL-alpha,IFNgamma,1,36389080,9,9011,0.06349596198612015,NO,0
"The results showed that the levels of gene and protein catalyzing lipogenesis were increased (SREBP1, ACC1 and FAS), while those catalyzing lipolysis were decreased (ATGL, HSL and ZAG), accompanied by dyslipidemia, insulin resistance and hepatic fat accumulation, and there were higher expression of TLR4 and NF-kappaB protein and lower expression of ERalpha protein in liver, and increased serum IL-17 and TNF-alpha levels in fructose and/or BPA exposed rats compared with controls.",HSL,IL-17,0,31661889,16,12728,0.0033521279698067535,NO,0
"Ssa1 binds to and represses Hsf1, the major transcription factor controlling the heat shock response, and we found the oxidomimetic Ssa1 failed to stably interact with Hsf1, resulting in constitutive activation of the heat shock response.",Ssa1,Hsf1,1,36030825,2,4707,0.9992879345170798,YES,1
"Whereas the activity of the MgO/xAl_SBA-15 systems was moderate for the conversion of glycidol to the corresponding cyclic carbonate, the Al_SBA-15-supported imidazolium chloride catalysts gave excellent results over different epoxides (conversion of glycidol, epichlorohydrin, and styrene oxide up to 89%, 78%, and 18%, respectively).",imidazolium chloride,epichlorohydrin,1,36558016,8,10847,0.9143630406735989,YES,1
"Recently, bi-allelic SMARCD2 mutations have been reported in five children, causing autosomal recessive congenital neutropenia with specific granulocytes deficiency (CN-SGD); a syndrome resulting in G-CSF resistant neutropenia, recurrent infections, and dysplastic myelopoiesis.",SMARCD2,neutropenia,0,36135322,6,5122,0.9982090592893194,YES,1
"The TP53 tumor suppressor gene is one of the most studied gene in virtue of its ability to prevent cancer development by regulating apoptosis, cell cycle arrest, DNA repair, autophagy and senescence.",TP53,tumor,1,36226181,2,6629,0.17727154262138467,NO,0
"We aimed to determine whether genetic variability represented by 38 tag-SNPs in genes of the cyclooxygenase pathway (PTGS1, PTGS2, PTGES, PTGES2 and PTGES3) leading to prostaglandin E2 (PGE2) synthesis, modified CV traits and events in 493 nephrosclerosis patients.",cyclooxygenase,prostaglandin E2,1,36690661,8,11801,0.8353153941712367,YES,1
"Genes or proteins regulating lipid metabolism include sterol regulatory element binding protein 1 (SREBP1), adipose triglyceride lipase (ATGL), hormone sensitive lipase (HSL), acetyl-CoA carboxylase 1 (ACC1), fatty acid synthase (FAS), zinc alpha 2 glycoprotein (ZAG) and estrogen receptor alpha (ERalpha), and the expression of proteins regulating inflammatory response, such as TLR4 and NF-kappaB, were determined.",adipose triglyceride lipase,inflammatory,0,31661889,11,12604,0.001827959769914211,NO,0
"These data support that silybin, formononetin, and diosmetin inhibit macrophage-associated adipocyte inflammation and lipid accumulation.",silybin,adipocyte inflammation,1,36559664,5,10891,0.993644001453471,YES,1
"Amplification-refractory mutation system polymerase chain reaction was used for the rs7830, rs1048943 and rs28371725 polymorphisms in order to genotype each extracted genomic DNA sample.",rs7830,rs1048943,0,36313260,3,7884,0.0008627283057056982,NO,0
Our report demonstrates that combination therapy with ruxolitinib and IFNalpha can lead to a substantial reduction in JAK2 L611S/V617L double-mutant allele burden.,ruxolitinib,V617L,1,36483035,5,10053,0.8754860105414926,YES,1
"However, the pathophysiological role of endogenous chemerin-CMKLR1 signaling in intestinal homeostasis remains elusive.",chemerin,CMKLR1,0,35858331,2,4410,0.9896170487327663,YES,1
"Functional dissection of the enhancer demonstrated co-dependency of the RelA/p65 and CEBPB binding motifs that, together, increase IL20RA and IFNGR1 expression and decreased TNFAIP3 expression in the context of the TNFAIP3 SLE risk haplotype through dynamic long-range interactions up- and downstream.",RelA,IL20RA,1,36199584,6,6287,0.9258965231584724,YES,1
An LDLR missense variant poses high risk of familial hypercholesterolemia in 30% of Greenlanders and offers potential of early cardiovascular disease intervention.,LDLR,cardiovascular disease,1,36267056,3,7218,0.8868738436009875,YES,1
"Materials and methods: A sample of 124 healthy Han Chinese were genotyped for three single nucleotide polymorphisms of PPP1R1B gene, namely rs12601930C/T, rs879606A/G, and rs3764352A/G, using polymerase chain reaction and restriction fragment length polymorphism analysis.",rs879606,rs3764352,0,36440265,6,9888,0.00038724183145029314,NO,0
"Two novel variants, c.286C>A (p.(Pro96Thr), RNA not analyzed) in exon 5 and deletion c.685_688+6del(p.(Lys229Glyfs*4), RNA not analyzed) in exon 10, were found in one Lebanese and one Syrian family, respectively, and were correlated with early-onset and severe clinical presentation.",c.286C>A,c.685_688+6del,0,36680390,4,11648,0.09821886891704643,NO,0
"We also measured, for the first time, the GDF-9/BMP-15 functional heterodimer and the GDF-15 protein harboring the H202D polymorphism.",GDF-9,GDF-15,0,34875272,4,2873,0.01637054001600868,NO,0
"Characterization of PDE4DIPA123T in vitro suggested impaired compartmentalization of PKA and PDE4D characterized by reduced colocalization with PDE4D, increased cAMP activation leading to higher PKA phosphorylation of the beta2-adrenergic-receptor, and decreased PKA phosphorylation of desmin after isoproterenol stimulation.",A123T,cAMP,0,34289528,8,2227,0.5021606928610535,YES,1
"In contrast, the lower MAFs of ABCB1-rs1045642 were observed in both MDD (0.3599, OR = 0.726) and BPD (0.3700, OR = 0.758) groups than controls (0.4364, P < 0.05).",rs1045642,MDD,1,36698099,4,11851,0.9499843019845085,YES,1
"rCPEC186A affected transepithelial resistance (TEER) and 4 kDa fluorescent dextran (FD4) transit more quickly than binding-capable, but noncytotoxic, rCPE variants; whereas iii) rCPEY306A/L315A did not affect TEER or FD4 transit.",4 kDa fluorescent dextran,L315A,0,36069435,5,16033,0.23536701063368642,NO,0
"Indole-3-Carbinol Stabilizes p53 to Induce miR-34a, Which Targets LDHA to Block Aerobic Glycolysis in Liver Cancer Cells.",Indole-3-Carbinol,miR-34a,1,36297369,5,7520,0.9945252370737774,YES,1
IL-6/sIL-6R and EZH2 overexpression increased the methylation percentage of the -170 bp CpG site in the SP4 promoter region in HPMCs.,EZH2,SP4,1,36619221,4,15372,0.8697560199731733,YES,1
"Through a Connectivity Map (CMap) analysis, we revealed that certain drugs/molecules, including omeprazole, methacholine chloride, ioversol, fulvestrant, difenidol, cycloserine, and MK-801, may serve as potential treatments for tamoxifen-resistant breast cancer patients.",ioversol,difenidol,0,36619229,10,11299,0.00031030711927084484,NO,0
"Activated SGK3 can activate ion channels (TRPV5/6, SOC, Kv1.3, Kv1.5, Kv7.1, BKCa, Kir2.1, Kir2.2, ENaC, Nav1.5, ClC-2, and ClC Ka), carriers and receptors (Npt2a, Npt2b, NHE3, GluR1, GluR6, SN1, EAAT1, EAAT2, EAAT4, EAAT5, SGLT1, SLC1A5, SLC6A19, SLC6A8, and NaDC1), and Na+/K+-ATPase, promoting the transportation of calcium, phosphorus, sodium, glucose, and neutral amino acids in the kidney and intestine, the absorption of potassium and neutral amino acids in the renal tubules, the transportation of glutamate and glutamine in the nervous system, and the transportation of creatine.",Kv1.3,Na+/K+-ATPase,0,36531961,37,14606,0.759464589425984,YES,1
"Precision medicine: Sustained response to erdafitinib in FGFR2-mutant, multiply recurrent ameloblastoma.",FGFR2,ameloblastoma,1,35761436,3,4106,0.9492688378557252,YES,1
"More importantly, dapagliflozin strikingly alleviated cardiorenal fibrosis in diabetic db/db mice by suppressing SGLT2 levels and potentiating the apelin-ACE2 signaling.",apelin,ACE2,0,34000358,7,12854,0.9901966743098808,YES,1
"Our structure-based virtual screening of the FDA-approved drug library has revealed that sonidegib, a smoothened antagonist clinically used to treat basal cell carcinoma, is a potential c-Jun N-terminal kinase 3 (JNK3) inhibitor.",sonidegib,smoothened,1,36142500,4,13625,0.9126276844378096,YES,1
Endothelin-1-mediated miR-let-7g-5p triggers interlukin-6 and TNF-alpha to cause myopathy and chronic adipose inflammation in elderly patients with diabetes mellitus.,miR-let-7g,interlukin-6,1,35468098,8,3681,0.6967167480381601,YES,1
HERG blocking drugs known for their propensity to trigger Torsades de Pointes (TdP) were reported to induce a sympatho-vagal coactivation and to enhance High Frequency heart rate (HFHR) and QT oscillations (HFQT) in telemetric data.,HERG,Torsades de Pointes,1,35751378,2,3894,0.8222588454630241,YES,1
"Activated SGK3 can activate ion channels (TRPV5/6, SOC, Kv1.3, Kv1.5, Kv7.1, BKCa, Kir2.1, Kir2.2, ENaC, Nav1.5, ClC-2, and ClC Ka), carriers and receptors (Npt2a, Npt2b, NHE3, GluR1, GluR6, SN1, EAAT1, EAAT2, EAAT4, EAAT5, SGLT1, SLC1A5, SLC6A19, SLC6A8, and NaDC1), and Na+/K+-ATPase, promoting the transportation of calcium, phosphorus, sodium, glucose, and neutral amino acids in the kidney and intestine, the absorption of potassium and neutral amino acids in the renal tubules, the transportation of glutamate and glutamine in the nervous system, and the transportation of creatine.",NaDC1,Na+/K+-ATPase,0,36531961,37,15098,0.14340766545574862,NO,0
H2S might protect against SARS-CoV-2 infection by downregulating ACE2 and NRP1 levels.,ACE2,NRP1,0,36362417,4,13935,0.03839314911482935,NO,0
"In summary, the four CPMs may play a role in the treatment of COVID-19 by binding flavonoids such as quercetin, luteolin, and acacetin to target proteins such as ACE2, 3CLpro, and S protein and acting on TNF, IL6, IL1B, CXCL8, and other targets to participate in broad-spectrum antiviral, immunomodulatory and inflammatory responses.",ACE2,3CLpro,0,36388945,14,8965,0.02494787730844297,NO,0
A phenomenon of concealed QT prolongation was unmasked for several torsadogenic hERG blockers under beta-adrenoceptor blockade with atenolol.,QT prolongation,beta-adrenoceptor,0,35751378,4,4019,0.3905335067196305,NO,0
"After screening eight patients, none had the c.833T>C, but four patients were in the homozygous state for the c.19del variant in the CBS gene.",c.833T>C,c.19del,0,36512268,4,10307,0.19307231721738286,NO,0
"A phase 1 study was conducted to evaluate the pharmacokinetics, safety, and tolerability of the co-administration of sirolimus or everolimus with the ritonavir-containing 3D regimen of the direct-acting antiviral agents ombitasvir, ritonavir-boosted paritaprevir, and dasabuvir in healthy subjects.",sirolimus,ombitasvir,1,36416673,6,9288,0.8630828929368091,YES,1
"Downregulation of apelin and ACE2 and upregulation of SGLT2, endothelin-1 and pro-inflammatory cytokines contribute to SARS-CoV-2-mediated cardiorenal injury, indicating that the apelin-ACE2 signaling and SGLT2 inhibitors are potential therapeutic targets for COVID-19 patients.",endothelin-1,COVID-19,1,34000358,9,12872,0.7323359477425578,YES,1
"We observed a significant association between the ARNTL-rs7924734, ARNTL-rs10832027, VRK2- rs2678902 SNPs, and CLOCK gene expression; the PER3-rs228642 and PER3-rs10127838 were related to PER1 expression, and the ARNTL-rs10832027, ARNTL-rs11022778, and MNTR1B-rs10830963 were associated with VRK2 gene expression (p < 0.05).",VRK2,PER1,0,36143969,12,5453,0.011126570136514762,NO,0
"Analysis of CDK6, p-CDK2, and/or cyclin E1 expression as a combined biomarker in metastatic lesions of ER+ advanced breast cancer patients treated with AI-monotherapy or combined CDK4/6i and ET revealed a correlation between high biomarker expression and shorter progression-free survival (PFS), and the biomarker combination was an independent prognostic factor in both patients cohorts.",ER,breast cancer,1,36153348,7,5689,0.5322635131534647,YES,1
"We observed suggestive evidence (P < 0.05) for eight variants (rs17026425, rs17057166, rs6854845, rs1728400, rs17693104, rs202280, rs6797464, and rs823920) in all colorectal cancer and two variants (rs17026425 and rs6854845) in rectal cancer that were concordant with previous reports.",rs17026425,rs823920,0,31488414,10,639,0.01840282927442143,NO,0
"The roles of thioredoxin-interacting protein (TXNIP) and receptor for advanced glycation end-products (RAGE)-dependent mechanisms of NOD-like receptor family, pyrin domain containing 3 (NLRP3) inflammasome-driven macrophage activation during acute lung injury are underinvestigated.","NOD-like receptor family, pyrin domain containing 3",acute lung injury,1,36232959,4,6761,0.6421688935447618,YES,1
"Sotorasib and adagrasib are novel KRAS inhibitors that recently gained FDA approval for pre-treated KRAS mutant NSCLC patients, and other molecules such as GDC-6036 are currently being investigated with promising results.",NSCLC,GDC-6036,0,36358848,6,8337,0.33446189053512776,NO,0
Four- to 6-week old male SS and congenic rats containing the BN chromosome 2 distal portion (SS.BN-[rs13453786-rs66377062]/Aek; S2Ba) and middle segment (SS.BN-[rs106982173-rs65057186]/Aek; S2Bb) were fed NSD or HSD (4% NaCl) up to age 12 to 13 weeks.,rs65057186,NaCl,0,33161775,6,949,0.004700275785295207,NO,0
"Through a bioinformatics analysis, we revealed that glutamine synthetase/glutamate-ammonia ligase (GLUL) might play essential roles in the recurrence of tamoxifen-resistant ER+ patients.",recurrence,ER,0,36619229,5,11267,0.045327094439277696,NO,0
"Mutational analysis detected 18,261 mutations in the omicron variant, majority of which were non-synonymous mutations in spike (A67, T547K, D614G, H655Y, N679K, P681H, D796Y, N856K, Q954H), followed by RNA dependent RNA polymerase (rdrp) (A1892T, I189V, P314L, K38R, T492I, V57V), ORF6 (M19M) and nucleocapsid protein (RG203KR).",D614G,V57V,0,35367284,21,3411,0.004254344674090708,NO,0
"Using proximity ligation assay in RUASM cells, this study shows that CALCRL predominantly associates with RAMP1 forming a CALCB receptor, and minimally with RAMP2 and RAMP3 that confer specificity for ADM and ADM2.",RAMP3,ADM2,0,27784654,7,242,0.9177791244010222,YES,1
"LOXL3 rs17010022 showed a protective effect on multiple IAs ruptures (dominant model: OR =0.41, 95% CI =0.21-0.82; additive model: OR =0.51, 95% CI =0.30-0.85).",LOXL3,IAs ruptures,1,36172092,3,5816,0.9951922727437803,YES,1
"Finally, recorded seizures from a patient with developmental epileptic encephalopathy with a previously undocumented SCN8A likely pathogenic variant (p.Leu257Val) revealed similarities to those of the mice, namely, an extended tonic phase that was accompanied by apnea.",seizures,SCN8A,0,33604927,8,1513,0.8594479261962628,YES,1
The HCM model variant correctly predicts the negligible alteration in ATPase activity in R403Q HCM condition compared to normal hiPSC-CMs.,HCM,R403Q,1,36388127,2,8780,0.7110098533409105,YES,1
"The effects of APOB locus variants on lipid profiles, metabolic syndrome, and the risk of diabetes mellitus (DM) in Asian populations are unclear.",lipid,metabolic syndrome,0,36499290,4,10082,0.06445870118739676,NO,0
The N6-methyladenosine-mediated lncRNA WEE2-AS1 promotes glioblastoma progression by stabilizing RPN2.,N6-methyladenosine,RPN2,0,36168628,4,5750,0.8259139101810093,YES,1
"Mechanistically, TNF-alpha and IFN-gamma co-treatment activated the JAK/STAT1/IRF1 axis, inducing nitric oxide production and driving caspase-8/FADD-mediated PANoptosis.",IRF1,FADD,0,33278357,8,1002,0.21919093159291056,NO,0
"The majority of MR-MRSA isolates were resistant to erythromycin, clindamycin, tetracycline, ciprofloxacin, and gentamicin, but the rates of resistance to rifampin and fusidic acid were 8.7% and 6.5%, respectively.",tetracycline,gentamicin,0,36622214,8,11341,0.06966589219414908,NO,0
"Six SNPs of ABCB1 (rs3842, rs1045642, rs2032582, rs1128503, rs3213619, and rs3747802), one SNP of CYP3A5 (rs776746), seven SNPs of APOB (rs1042034, rs2163204, rs693, rs679899, rs13306194, rs13306198, and rs1367117), and two SNPs of APOE (rs429358 and rs7412) were analyzed by a TaqMan genotyping assay.",APOB,APOE,0,36145636,20,5564,0.0002304808911643511,NO,0
"Herein, we show that upregulation of CDK6, p-CDK2, and/or cyclin E1 is associated with adaptation and resistance to AI-monotherapy and combined CDK4/6i and ET in ER+ advanced breast cancer.",CDK6,CDK2,0,36153348,6,5659,0.188725188032739,NO,0
"The results showed that the application of biochar and especially chemically modified biochars reduced fluoride (about 15-37%) and cadmium (30-52%) contents in mint leaves, while increased soil pH and cation exchange capacity (CEC), nitrogen (12-35%), phosphorus (16-59%), potassium (17-52%), calcium (19-47%), magnesium (28-77%), iron (37-114%), zinc (45-226%), photosynthetic pigments of leaves and plant biomass (about 10-25%) under toxic conditions.",biochar,magnesium,1,36578343,11,11007,0.8579406223429257,YES,1
Our report demonstrates that combination therapy with ruxolitinib and IFNalpha can lead to a substantial reduction in JAK2 L611S/V617L double-mutant allele burden.,IFNalpha,JAK2,0,36483035,5,10054,0.8751200031734679,YES,1
"Furthermore, ATR-MET induced cardiovascular toxicity (increased levels of plasma total cholesterol, HDL-cholesterol, LDL-cholesterol, and triglycerides) with concomitant induction of renal toxicity (increased plasma creatinine and urea levels), and hepatotoxicity (increased plasma bilirubin, alkaline phosphatase, acid phosphatase, alanine aminotransferase and aspartate aminotransferase).",cholesterol,aspartate aminotransferase,0,36262065,13,7134,0.14532945342196607,NO,0
"We provide functional evidence to support the pathogenicity of these TMEM126B variants, including evidence of founder effects for both variants, and establish defects within this gene as a cause of complex I deficiency in association with either pure myopathy in adulthood or, in one individual, a severe multisystem presentation (chronic renal failure and cardiomyopathy) in infancy.",TMEM126B,cardiomyopathy,1,27374774,5,150,0.9607103626458591,YES,1
"For this purpose, we genotyped exon2, exon5 (C540T and C588T), exon7 (T813C), exon8 (K289M), and exon9 of GABRG2 gene by restriction fragment length polymorphism and Sanger's sequencing in 87 drug-responsive idiopathic generalized epilepsy patients, 55 drug-resistant epilepsy patients, and 83 healthy controls.",C588T,idiopathic generalized epilepsy,1,36425336,8,9608,0.07825851357313543,NO,0
"Interdicting melanoma intrinsic growth signals, including the blockade of PD-L1 and mTOR signaling concurrently, cooperative with radiotherapy may provide a vigorous repertoire to alleviate the tumor encumbrance.",melanoma,mTOR,0,36203954,4,6342,0.645088766897326,YES,1
"Removal of binding affinity to A3AR was achieved by 1'-homologation, and PPARgamma/delta dual modulation was derived from the structural similarity between the target nucleosides and PPAR modulator drug, rosiglitazone.",nucleosides,rosiglitazone,1,33325691,5,1150,0.9036613311386202,YES,1
"Conclusions: Our findings demonstrate that XBP1 controls macrophage cGAS/STING/NLRP3 activation by regulating macrophage self-mtDNA cytosolic leakage via BNIP3-mediated mitophagy modulation, thus providing a novel target against liver fibrosis.",STING,NLRP3,1,36185574,6,13760,0.8872425296549402,YES,1
"We report a case of reinfection by SARS-CoV-2 with the second virus harboring amino acid changes in the Spike protein (141-143del, D215A, ins215AGY, L452R, D614G), orf1a, helicase, orf3a, and Nucleocapside.",141-143del,D614G,0,34107326,10,1994,0.23970424539064503,NO,0
"For this purpose, we genotyped exon2, exon5 (C540T and C588T), exon7 (T813C), exon8 (K289M), and exon9 of GABRG2 gene by restriction fragment length polymorphism and Sanger's sequencing in 87 drug-responsive idiopathic generalized epilepsy patients, 55 drug-resistant epilepsy patients, and 83 healthy controls.",GABRG2,drug-resistant epilepsy,1,36425336,8,9616,0.20664684243448053,NO,0
"Using isogenic Dd2 parasites expressing contemporary pfcrt alleles with differential in vitro PPQ susceptibilities, we herein characterize the molecular and physiological adaptations that define PPQ resistance in vitro.",pfcrt,PPQ,1,36306287,3,7695,0.7655542188621066,YES,1
"Whereas the activity of the MgO/xAl_SBA-15 systems was moderate for the conversion of glycidol to the corresponding cyclic carbonate, the Al_SBA-15-supported imidazolium chloride catalysts gave excellent results over different epoxides (conversion of glycidol, epichlorohydrin, and styrene oxide up to 89%, 78%, and 18%, respectively).",cyclic carbonate,imidazolium chloride,0,36558016,8,10842,0.39147348903933044,NO,0
IL-37 or a small interfering RNA (siRNA) targeting IL-24 was delivered intranasally to verify the effect in a murine model of house dust mite (HDM)/lipopolysaccharide (LPS)-induced neutrophilic asthma.,IL-37,IL-24,0,36174993,7,16094,0.025699073233962283,NO,0
"In this study, we performed whole-exome sequencing on BRAF-V600E-mutant melanoma patient tumors refractory to the combination of BRAF/MEK inhibition and identified acquired oncogenic mutations in NRAS and loss of the tumor suppressor gene CDKN2A We hypothesized the acquired resistance mechanisms to BRAF/MEK inhibition were reactivation of the MAPK pathway and activation of the cell-cycle pathway, which can both be targeted pharmacologically with the combination of a MEK inhibitor (trametinib) and a CDK4/6 inhibitor (palbociclib).",BRAF,MAPK,0,34376578,12,2327,0.8091075152652293,YES,1
Significant upregulation of Clec7a at both mRNA and protein levels were verified in spinal cord tissues of CCI-insulted rats.,Clec7a,CCI,1,36503542,3,14160,0.2806480630957913,NO,0
"In the current study, we identified the obesity risk or protective association and BMI raising effect of the minor allele of adiponectin, C1Q and collagen domain containing (ADIPOQ), cholesteryl ester transfer protein (CEPT), FTO alpha-ketoglutarate dependent dioxygenase (FTO), leptin (LEP), and leptin receptor (LEPR) genes in a large cohort stratified into four BMI-based body weight categories i.e., normal weight, lean, over-weight, and obese.",FTO alpha-ketoglutarate dependent dioxygenase,over-weight,0,36126070,7,5069,0.4701095217048641,NO,0
"Similarly, the rs822337 T>A genotype AA is associated with worse prognosis, since it was the most common genotype among stage IV tumors (72.7%; p = 0.04) and in TNBC patients that relapsed (75%; p = 0.021) and died (81.5%; p = 0.004).",rs822337 T>A,relapsed,1,36295559,6,7439,0.9476369723347854,YES,1
"SkQ1 suppressed the expression and secretion of the MCP-1 chemokine, induced by IL-6 in combination with sIL-6-Ra, but not the expression of ICAM-1 adhesion molecules in EA.hy926 human endothelial cells.",IL-6,ICAM-1,1,36406976,7,13998,0.16145240704213976,NO,0
"A girl aged 9 years and 4 months presented with a repeated skin rash, mainly distributed in the perioral, anogenital, and acral areas, accompanied with alopecia, and a low blood zinc level was found many times.",skin rash,zinc,1,36479285,3,10029,0.8196033400677688,YES,1
"Inhibition of S1PR3 attenuated ATP-induced NLRP3 inflammasome activation, enhanced nigericin-induced NLRP3 activation, and did not affect imiquimod-induced NLRP3 inflammasome activation.",ATP,nigericin,0,36798132,5,16535,0.014853197556956636,NO,0
"Here, we aimed to determine the combined effect of palbociclib (CDK4/6) and afatinib (panEGFR) inhibitors as an effective strategy to target HNSCC.",palbociclib,EGFR,1,33878394,5,1792,0.769912455564946,YES,1
"Among 37 genomic mutants significantly associated with clinical symptoms, 3916CtoT (associated with sore-throat), 14408C to T (associated with cough-protection), 28881G to A, 28882G to A, and 28883G to C (associated with chest pain) were notable.",14408C to T,28881G to A,0,36182010,7,6060,0.0004371637547988669,NO,0
Dual targeting of mTOR/IL-17A and autophagy by fisetin alleviates psoriasis-like skin inflammation.,IL-17A,psoriasis,0,36741386,4,12057,0.734457315569189,YES,1
Protective Role of Sarpogrelate in Combination with Bromocriptine and Cabergoline for Treatment of Diabetes in Alloxan-induced Diabetic Rats.,Sarpogrelate,Cabergoline,1,34777640,6,2749,0.9441421864764385,YES,1
KRGE-induced expression of Cyt c and SOD2 was associated with the Tom20/Tom22 complex.,KRGE,SOD2,1,36139815,4,5260,0.9379871170984655,YES,1
"The NOS inhibitor (N-nitro-l-arginine methyl ester) had no effect on nebivolol's SOICR inhibition, and the NOS activator (histamine or prostaglandin E2) alone did not inhibit SOICR.",nebivolol,prostaglandin E2,1,27623776,5,169,0.021081878775173993,NO,0
The JBTS patient with mutations in CPLANE1 (c.8948dupT (p.P2984Tfs*7) and c.247G >,JBTS,p.P2984Tfs*7,1,36789003,5,12364,0.7780625658811803,YES,1
"The present study examined the effects of intracerebral or systemic administration of the FAAH substrates N-oleoylethanolamide (OEA), N-palmitoylethanolamide (PEA) or the anandamide (AEA) analogue meth-AEA on hyperthermia and hypothalamic inflammatory gene expression following administration of the TLR3 agonist, and viral mimetic, poly I:C.",N-palmitoylethanolamide,poly I:C,0,34265624,9,13144,0.4432290765364956,NO,0
Topical administration of fisetin in an imiquimod (IMQ)-induced mouse psoriasis model exhibited a better effect than rapamycin in reducing psoriasis-like inflammation and Akt/mTOR phosphorylation and promoting keratinocyte differentiation and autophagy in mice skin lesions.,imiquimod,skin lesions,0,36741386,9,12122,0.19214846434493885,NO,0
Mitochondrial phosphoenolpyruvate carboxykinase promotes tumor growth in estrogen receptor-positive breast cancer via regulation of the mTOR pathway.,Mitochondrial phosphoenolpyruvate carboxykinase,mTOR,1,35757841,5,4029,0.9871365067114471,YES,1
"Relative to control, 10muM THC and 10muM CBD reduced mRNA levels of milk proteins (CSN2 and WAP), lipid synthesizing and glucose transport markers (GLUT 1, HK2, FASN, FABP4, PLIN2 and LPL), as well as whey acidic protein and lipid levels.",CSN2,WAP,0,35976913,12,4635,0.28081508921228493,NO,0
"These mutations did not interfere with the formation of an ELMO3/DOCK1 complex, but markedly impaired the ability of the complex to promote RAC1-GTP-loading.",ELMO3,GTP,0,33660564,4,1570,0.05643593518228638,NO,0
The present work was aimed to investigate the roles of MMP-2 and MMP-9 in H2S-induced ALI and the protective effects of DXM.,MMP-9,H2S,1,24722316,5,70,0.2173972431528339,NO,0
"Most of these point mutations were located within the coding sequences of the SARS-CoV-2 genome that includes spike, ORF1ab, ORF3, and nucleocapsid protein genes.",spike,ORF1ab,0,35598737,5,3749,0.0012210877774004776,NO,0
"Effects of 15 torsadogenic hERG blocking drugs (astemizole, chlorpromazine, cisapride, droperidol, ibutilide, dofetilide, haloperidol, moxifloxacin, pimozide, quinidine, risperidone, sotalol, sertindole, terfenadine, and thioridazine) were assessed by telemetry in beagle dogs.",moxifloxacin,terfenadine,0,35751378,17,3992,0.003324039254705459,NO,0
"Targeting the IL-24/IL-17A signaling axis is a potential strategy, and IL-37 is a potential candidate agent for alleviating neutrophilic airway inflammation in asthma.",IL-24,IL-37,1,36174993,5,16142,0.06490178886855932,NO,0
Angiogenic factor AGGF1 acts as a tumor suppressor by modulating p53 post-transcriptional modifications and stability via MDM2.,AGGF1,MDM2,1,33069768,4,834,0.9700555644597691,YES,1
"In summary, the four CPMs may play a role in the treatment of COVID-19 by binding flavonoids such as quercetin, luteolin, and acacetin to target proteins such as ACE2, 3CLpro, and S protein and acting on TNF, IL6, IL1B, CXCL8, and other targets to participate in broad-spectrum antiviral, immunomodulatory and inflammatory responses.",COVID-19,TNF,1,36388945,14,8923,0.7723910882438428,YES,1
"12/102 were found to have novel variants in potential diabetes genes (RFX2, RREB1, SLC5A1 (3 patients with variants in this gene), GCKR, MC4R, CASP10, TMPRSS6, HGFAC, DACH1, ZBED3).",SLC5A1,MC4R,0,36585034,12,16260,0.00016718635530898297,NO,0
"Patients who remained on single-agent SNX-5422 maintenance therapy >=2 months (n = 9) had cancers enriched for oncogenic drivers (n = 3 KRAS mutation, n = 1 EGFR exon 20 mutation, n = 1 HER2 mutation, and n = 1 RET fusion).",EGFR,HER2,0,34655925,7,2604,0.00024703569277716397,NO,0
"The polymorphisms suitable for meta-analysis were CCND1 (rs17852153), COX2 (rs20417), EGF (rs4444903), EGFR (rs712829, rs11543848, 3'UTR CA repeat), FCGR2A (rs1801274), FCGR3A (rs396991), IL8 (rs4073), KRAS (rs61764370) and VEGFA (rs3025039).",FCGR2A,VEGFA,0,27897268,19,371,0.0010305575529512621,NO,0
Outcomes were measured across different treatment regimens to assess the effects of: different durations of REZ (<=6 months vs >6 months); addition of a fluoroquinolone to REZ (fluoroquinolone plus 6 months or more of REZ vs 6 months or more of REZ); and addition of streptomycin to REZ (streptomycin plus 6 months of rifampicin and ethambutol and 1-3 months of pyrazinamide vs 6 months or more of REZ).,REZ,fluoroquinolone,1,29595509,6,12429,0.9353797548219814,YES,1
Our results suggest that HSP70 inhibitors upregulate the PGE1-stimulated IL-6 synthesis through p38 MAPK in osteoblasts and therefore affect bone remodeling.,HSP70,IL-6,1,36520821,4,14346,0.5493705803952634,YES,1
"SBT preserved physiological concentration of antioxidant enzymes (CAT, POD, SOD and GSH) in cartilage homogenates and ISO inhibited IL-1beta-mediated genotoxicity in arthritic chondrocytes.",CAT,IL-1beta,0,36188601,6,6139,0.0017888429126668242,NO,0
A mechanical study demonstrated that Rab31 modulated IVIG response through NLRP3 and p38 pathways.,Rab31,IVIG,1,36329997,4,8165,0.9507215963624359,YES,1
"We recruited 564 patients with chronic schizophrenia and 422 healthy controls (HCs) in a Han Chinese population, collected phenotypic data, and genotyped the rs3811655 polymorphism of the transferrin gene.",schizophrenia,transferrin,1,36362642,4,8542,0.1884888169218624,NO,0
Sik1 and Sik2 also mediate PTHrP/cAMP/PKA signaling when Sik3 activity is low.,Sik2,Sik3,0,33148508,6,917,0.8008355935728714,YES,1
"Fumaric acid (FMA), isoliquiritigenin (ISO), cinnamaldehyde (CA), ferulic acid (FA), sulforaphane (SFN), and chlorogenic acid (CGA) exhibited varying improvements in colitis on clinical signs, colonic histopathology, inflammatory and oxidative indicators, and Nrf2 pathway in a sequence of SFN, ISO > FA, CA > FMA, CGA.",cinnamaldehyde,sulforaphane,0,36552614,9,10701,0.982749771417837,YES,1
"Thus, we have shown that SkQ1 suppresses not only NF-kB-dependent expression of IL-6 and other proinflammatory genes but also IL-6-induced activation of JAK/STAT3 and STAT3-dependent expression of MCP-1, which probably contributes to the overall therapeutic effect of SkQ1.",IL-6,JAK,1,36406976,6,14050,0.978083027278983,YES,1
"The expression of Carnitine palmitoyltransferase I (CPT-I), carnitine palmitoyltransferase II (CPT-II), lecithin-cholesterol acyltransferase (LCAT), carnitine O-octanoyltransferase (CROT), carnitine-acylcarnitine translocase (CACT), and 5-methyltetrahydrofolate-homocysteine methyltransferase (MTR) genes was significantly upregulated in the liver tissue homogenates of experimental mice exposed to BPA, although RSV regulated the expression of these genes when compared with BPA treated experimental mice.",Carnitine palmitoyltransferase I,lecithin-cholesterol acyltransferase,0,36432690,9,9767,0.013418299677808169,NO,0
"Conclusions: Inhibition of S1PR3 suppresses the expression of NLRP3 and pro-IL-1beta during LPS priming, and attenuates ATP-induced NLRP3 inflammasome activation by impeding membrane trafficking of TWIK2 and potassium efflux.",S1PR3,IL-1beta,1,36798132,7,16556,0.9464429825939493,YES,1
"The impact of supplementation with the above-mentioned compounds on the content of modified derivatives: 1-methyladenosine, N6-methyl-2'-deoxyadenosine, O-methylguanosine, 7-methylguanine, 3-methyladenine, 1-methylguanine, 2-amino-6,8-dihydroxypurine, and 8-hydroxy-2'-deoxyguanosine in the urine of rats with mammary cancer was also assessed.",1-methyladenosine,mammary cancer,0,36673448,9,15733,0.3158605643620715,NO,0
We also analysed rs6783836 in ST6GAL1 with HFS in CRC patients from QUASAR2.,rs6783836,HFS,1,35467766,5,3641,0.6227196270297106,YES,1
Effect of Delta-9-tetrahydrocannabinol and cannabidiol on milk proteins and lipid levels in HC11 cells.,Delta-9-tetrahydrocannabinol,cannabidiol,0,35976913,4,4603,0.3203391644759376,NO,0
"A key enzyme upregulated in alternatively activated macrophages is indoleamine 2,3-dioxygenase, which converts tryptophan to kynurenine for de novo synthesis of nicotinamide.","indoleamine 2,3-dioxygenase",kynurenine,1,33686748,4,1691,0.999512739924737,YES,1
"Moreover, we summarize 12 cases with TRPS I, including TRPS1 gene variants, growth hormone (GH) axis evaluation, IGF-1 concentration, and treatment in each analyzed case.",TRPS I,IGF-1,1,36291383,4,7404,0.17545097822465955,NO,0
"Five other known variants: c.535T>C (p.(Trp179Arg), RNA not analyzed) in exon 8, c.787G>A (p.(Val263Met), RNA not analyzed) in exon 12, c.847G>A (p.(Glu283Lys), RNA not analyzed) in exon 13, c.910C>T (p.(Arg304Trp), RNA not analyzed) in exon 13, and c.1168G>A (p.(Gly390Arg), RNA not analyzed) in exon 15, were found in Lebanese, Syrian, and Iraqi families, and were associated with diverse clinical presentations.",c.535T>C,c.1168G>A,0,36680390,5,11656,0.07028412526338314,NO,0
"Activated SGK3 can activate ion channels (TRPV5/6, SOC, Kv1.3, Kv1.5, Kv7.1, BKCa, Kir2.1, Kir2.2, ENaC, Nav1.5, ClC-2, and ClC Ka), carriers and receptors (Npt2a, Npt2b, NHE3, GluR1, GluR6, SN1, EAAT1, EAAT2, EAAT4, EAAT5, SGLT1, SLC1A5, SLC6A19, SLC6A8, and NaDC1), and Na+/K+-ATPase, promoting the transportation of calcium, phosphorus, sodium, glucose, and neutral amino acids in the kidney and intestine, the absorption of potassium and neutral amino acids in the renal tubules, the transportation of glutamate and glutamine in the nervous system, and the transportation of creatine.",Nav1.5,EAAT1,0,36531961,37,14800,0.0637482539695354,NO,0
"We conclude ceramide from ASM plays a critical role in NLRP3 inflammasome activation during hypercholesterolemia via MR redox signaling platforms to produce superoxide, which leads to TXNIP dissociation.",superoxide,TXNIP,1,36252682,6,6978,0.8557467899108322,YES,1
"Both in vivo and in vitro assays demonstrated that C/EBPbeta knockdown significantly suppressed CCI- or LPS/ATP-induced Clec7a upregulation, and subsequently reduced Syk, ERK and JNK phosphorylation, NLRP3 oligomerization, caspase-1 activation, GSDMD expression and pyroptosis, which were markedly reversed by the co-transfection of Clec7a expression vector.",CCI,JNK,0,36503542,11,14210,0.3937936810265025,NO,0
Computational simulations indicated that A763_Y764insFQEA and D770delinsGY mutants were structurally similar to wild-type EGFR.,A763_Y764insFQEA,D770delinsGY,0,36425568,3,9657,0.8315234599337539,YES,1
"SGK3 is activated by insulin and growth factors through signaling pathways involving phosphatidylinositol-3-kinase (PI3K), 3-phosphoinositide-dependent kinase-1 (PDK-1), and mammalian target of rapamycin complex 2 (mTORC2).",SGK3,phosphatidylinositol-3-kinase,1,36531961,4,14472,0.9812110010643583,YES,1
"We identified one new risk variant rs61204179 (Pcombined = 1.47 x 10-9) with low allele frequency, four previously reported risk variants (NUCKS1/RAB29-rs11557080, SNCA-rs356182, FYN-rs997368, and VPS13C-rs2251086), as well as three risk variants in LRRK2 coding region (A419V, R1628P, and G2385R) with genome-wide significance (P < 5 x 10-8) for PD in Chinese population.",rs2251086,PD,1,36759515,15,12245,0.9815402296737965,YES,1
"Activated SGK3 can activate ion channels (TRPV5/6, SOC, Kv1.3, Kv1.5, Kv7.1, BKCa, Kir2.1, Kir2.2, ENaC, Nav1.5, ClC-2, and ClC Ka), carriers and receptors (Npt2a, Npt2b, NHE3, GluR1, GluR6, SN1, EAAT1, EAAT2, EAAT4, EAAT5, SGLT1, SLC1A5, SLC6A19, SLC6A8, and NaDC1), and Na+/K+-ATPase, promoting the transportation of calcium, phosphorus, sodium, glucose, and neutral amino acids in the kidney and intestine, the absorption of potassium and neutral amino acids in the renal tubules, the transportation of glutamate and glutamine in the nervous system, and the transportation of creatine.",ENaC,EAAT2,0,36531961,37,14775,0.01923407516741343,NO,0
"The logistic regression model, adjusted for smoking and family history of cancer, revealed that in the genotypic model, carriers of the VDR BsmI rs1544410-AA genotype were associated with a lower risk of developing NSCLC compared to the GG genotype (p = 0.0377; OR = 0.51; CI95% = 0.27-0.95; AA vs. GG).",rs1544410,NSCLC,1,36364930,4,8632,0.9907219336781021,YES,1
"It was found that, regardless of the SSF conditions, the phosphorolytic cellobiose-fermenting S. cerevisiae expressing mutant CDT-2 with CBP showed the best ethanol production among the four strains.",cellobiose,ethanol,1,34949751,4,2980,0.6287881853150042,YES,1
"Driven by variant main effects, each minor allele of the correlated rs174535, rs174545, and rs3834458 variants at MYRF-FADS1-FADS2 conferred an average 0.83-fold (95% CI, 0.78-0.88) decreased odds of stroke.",rs174545,rs3834458,0,36193932,7,6213,0.5787690185614887,YES,1
"To explore the mechanistic basis by which CPE alters permeability, this study tested the permeability effects of several recombinant CPE (rCPE) species: rCPE and rCPEC186A (which form pores), rC-CPE and rCPED48A (which bind to receptors but cannot oligomerize), rCPEC186A/F91C (which binds and oligomerizes without pore formation), and rCPEY306A/L315A (which has poor receptor-binding ability).",D48A,L315A,0,36069435,6,16020,0.009630224121175396,NO,0
"A causal role for FoxP1 in the pathogenesis of COPD and IPF may warrant further investigation, and FoxP1 may be a novel therapeutic target for these lung disorders.",FoxP1,IPF,1,36221131,4,6571,0.9867310826764157,YES,1
"CALR exon 9 mutations were seen in 33% of ET, 33% of PMF, and 12% of MPN-U. MPL mutations were detected in 2.8%, 2.7%, and 2.9% of ET, PMF, and MPN-U, respectively.",ET,MPL,1,33789164,5,1775,0.856830509063252,YES,1
The SARS-CoV-2 main protease (M pro ) is the drug target of Pfizera$ s oral drug Paxlovid.,main protease,Paxlovid,1,36119652,3,16049,0.9921702094267519,YES,1
"Compared with 6 months or more of (H)REZ, the standardised retreatment regimen (2 months of streptomycin, 3 months of pyrazinamide, and 8 months of isoniazid, rifampicin, and ethambutol) was associated with significantly worse treatment success (aOR 0 4, 0 2-0 7).",streptomycin,rifampicin,1,29595509,6,12455,0.9025698611121252,YES,1
While alpha7nAChR-/- mice led to aggravated aortic injury and increased inflammatory cytokines with Ang II infusion when compared with wild type.,alpha7nAChR,Ang II,0,35217818,3,3319,0.25649806883735327,NO,0
"1-Methyl-4-phenyl-1,2,3,6-tetrahydropyridine (MPTP-a prodrug to the neurotoxin 1-methyl-4-phenylpyridinium (MPP+)), rotenone (an environmental neurotoxin), and 6-hydroxydopamine (6-OHDA - a neurotoxic synthetic organic compound) induce PD-like conditions when injected into rodents.","1-Methyl-4-phenyl-1,2,3,6-tetrahydropyridine",6-hydroxydopamine,0,35090325,5,13539,0.2316938364548871,NO,0
"This study aimed to analyze the association of single nucleotide polymorphisms (SNPs) rs2642438, rs56371916, and rs6564851 on MARC1, ADCY5, and BCO1 genes, respectively, with the lipid profile in a cohort of Mexican adults.",rs2642438,lipid,1,36233117,7,6860,0.9196639468048664,YES,1
"It was transcriptionally repressed by DDP-activated PI3K/AKT/c-Myc signal in LUAD, promoting DDP-acquired chemotherapeutic resistance by regulating miR-1275 to suppress PROCA1/ZFP36L2-induced BCL2 degradation, which led to apoptotic signal reduction.",AKT,ZFP36L2,0,36627670,8,15482,0.40478896643003637,NO,0
"PROCA1 played a potential tumor-suppressive role inducing cell apoptosis and DDP chemosensitivity via recruiting ZFP36L2 to bind to the 3' untranslated region of BCL2, reducing the stability of BCL2 mRNA and thus activating the apoptotic signal.",PROCA1,DDP,1,36627670,5,15462,0.7322728184309178,YES,1
"The virus associated with the reinfection, from an endemic lineage containing the S:L452R immune escape mutation, was circulating in Panama at the time.",reinfection,S,1,34107326,3,2004,0.18565208685880147,NO,0
Outcomes were measured across different treatment regimens to assess the effects of: different durations of REZ (<=6 months vs >6 months); addition of a fluoroquinolone to REZ (fluoroquinolone plus 6 months or more of REZ vs 6 months or more of REZ); and addition of streptomycin to REZ (streptomycin plus 6 months of rifampicin and ethambutol and 1-3 months of pyrazinamide vs 6 months or more of REZ).,fluoroquinolone,ethambutol,1,29595509,6,12436,0.12207531439087807,NO,0
TXNIP inhibition downregulated NLRP3 gene expression and RAGE-mediated release of IL-1beta by macrophages in vitro.,NLRP3,RAGE,1,36232959,4,6800,0.005216171375655522,NO,0
Isoprenaline and salbutamol inhibit pyroptosis and promote mitochondrial biogenesis in arthritic chondrocytes by downregulating beta-arrestin and GRK2.,arthritic,beta-arrestin,0,36188601,6,6104,0.0444675893097177,NO,0
"We detected two new heterozygous mutation sites of the VPS33B gene in this child, c.1081C > T (p.GLN361X, 257) and c.244T > C (p.Cys82Arg), through the gene detection technique; the tertiary structure of the protein was predicted by using the SWISS-model.",p.GLN361X,c.244T > C,0,36568436,4,10947,0.014185057937077208,NO,0
"Activated SGK3 can activate ion channels (TRPV5/6, SOC, Kv1.3, Kv1.5, Kv7.1, BKCa, Kir2.1, Kir2.2, ENaC, Nav1.5, ClC-2, and ClC Ka), carriers and receptors (Npt2a, Npt2b, NHE3, GluR1, GluR6, SN1, EAAT1, EAAT2, EAAT4, EAAT5, SGLT1, SLC1A5, SLC6A19, SLC6A8, and NaDC1), and Na+/K+-ATPase, promoting the transportation of calcium, phosphorus, sodium, glucose, and neutral amino acids in the kidney and intestine, the absorption of potassium and neutral amino acids in the renal tubules, the transportation of glutamate and glutamine in the nervous system, and the transportation of creatine.",Na+/K+-ATPase,calcium,0,36531961,37,15107,0.4900052220776097,NO,0
"Treatment of obese+sugen rats with empagliflozin improved metabolic syndrome, reduced mitochondrial reactive oxygen species and miR-193b levels, restored NFYA/sGC activity, and prevented EIPH.",sugen,reactive oxygen species,0,34157861,10,12972,0.013450177285583866,NO,0
"Finally, we demonstrated that rolipram could reverse CINC-1-mediated inhibition of beta-agonist-induced alveolar fluid clearance in a murine model of trauma-shock.",rolipram,CINC-1,1,34555226,5,2528,0.8968749725302936,YES,1
"In HAEnCI patients mutations have been identified in the F12, PLG, KNG1, ANGPT1, MYOF, and HS3ST6 genes.",ANGPT1,MYOF,0,36685169,8,11751,0.009164143613595301,NO,0
"Activated SGK3 can activate ion channels (TRPV5/6, SOC, Kv1.3, Kv1.5, Kv7.1, BKCa, Kir2.1, Kir2.2, ENaC, Nav1.5, ClC-2, and ClC Ka), carriers and receptors (Npt2a, Npt2b, NHE3, GluR1, GluR6, SN1, EAAT1, EAAT2, EAAT4, EAAT5, SGLT1, SLC1A5, SLC6A19, SLC6A8, and NaDC1), and Na+/K+-ATPase, promoting the transportation of calcium, phosphorus, sodium, glucose, and neutral amino acids in the kidney and intestine, the absorption of potassium and neutral amino acids in the renal tubules, the transportation of glutamate and glutamine in the nervous system, and the transportation of creatine.",SOC,glucose,0,36531961,37,14577,0.25821471158034326,NO,0
"Activated SGK3 can activate ion channels (TRPV5/6, SOC, Kv1.3, Kv1.5, Kv7.1, BKCa, Kir2.1, Kir2.2, ENaC, Nav1.5, ClC-2, and ClC Ka), carriers and receptors (Npt2a, Npt2b, NHE3, GluR1, GluR6, SN1, EAAT1, EAAT2, EAAT4, EAAT5, SGLT1, SLC1A5, SLC6A19, SLC6A8, and NaDC1), and Na+/K+-ATPase, promoting the transportation of calcium, phosphorus, sodium, glucose, and neutral amino acids in the kidney and intestine, the absorption of potassium and neutral amino acids in the renal tubules, the transportation of glutamate and glutamine in the nervous system, and the transportation of creatine.",SOC,Na+/K+-ATPase,0,36531961,37,14573,0.5600686818009268,YES,1
"Dapagliflozin slowed the migration rate of HFrEF fibroblasts in a dose-dependent manner and markedly decreased the expression of IL-1beta, IL-6, MMP3, MMP9, GAL3, and FN1. SGLT2i",IL-1beta,GAL3,0,36303443,8,13818,0.0024409986708829605,NO,0
"We compared phenotypes to those of strains with either knockout mutations or expressing predicted constitutively activated, GTPase-deficient alleles for each of the three Galpha subunit genes (gna-1Q204L, gna-2Q205L or gna-3Q208L).",Q204L,Q208L,0,36294641,4,7418,0.11341886337887909,NO,0
Phase 1 multicenter study of the HSP90 inhibitor SNX-5422 plus carboplatin and paclitaxel in patients with lung cancers.,paclitaxel,lung cancers,1,34655925,6,2572,0.889459589387166,YES,1
"The autophagic degradation of HK2 and PFKFB3 was detected by 3MA and bafilomycin A1 and assessed by their co-localization with LC3 and LAMP1, respectively.",bafilomycin A1,LC3,0,36635651,6,15540,0.2401061863991916,NO,0
"We create eight mutants with single substitutions at one of the four positions Ala2, Phe4, Tyr10, and Val12 to decrease the hydrophobicity at respective positions (A2T, A2S, F4A, F4S, Y10A, Y10S, V12A, and V12S) and one mutant (Y10F) to remove the polar nature of Tyr10.",V12A,Y10F,0,36411082,9,9277,0.0058999564653973826,NO,0
"Cells treated with AVB-500 plus carboplatin had more DNA damage, slower DNA replication fork progression, and fewer RAD51 foci than cells treated with carboplatin alone, indicating AVB-500 impaired homologous recombination (HR).",AVB-500,RAD51,1,34670865,4,13300,0.6875003144188336,YES,1
"In vitro validation showed that silencing of KLF12, ZNF281 and RELA suppressed proliferation, glucose uptake, lactate production and ATP level, but increased ADP/ATP ratio in PDTC cells.",ZNF281,lactate,1,36121916,8,5023,0.796501902181251,YES,1
"Activated SGK3 can activate ion channels (TRPV5/6, SOC, Kv1.3, Kv1.5, Kv7.1, BKCa, Kir2.1, Kir2.2, ENaC, Nav1.5, ClC-2, and ClC Ka), carriers and receptors (Npt2a, Npt2b, NHE3, GluR1, GluR6, SN1, EAAT1, EAAT2, EAAT4, EAAT5, SGLT1, SLC1A5, SLC6A19, SLC6A8, and NaDC1), and Na+/K+-ATPase, promoting the transportation of calcium, phosphorus, sodium, glucose, and neutral amino acids in the kidney and intestine, the absorption of potassium and neutral amino acids in the renal tubules, the transportation of glutamate and glutamine in the nervous system, and the transportation of creatine.",SLC1A5,NaDC1,0,36531961,37,15067,0.06073992615337014,NO,0
"Relative to control, 10muM THC and 10muM CBD reduced mRNA levels of milk proteins (CSN2 and WAP), lipid synthesizing and glucose transport markers (GLUT 1, HK2, FASN, FABP4, PLIN2 and LPL), as well as whey acidic protein and lipid levels.",CBD,lipid,1,35976913,12,4627,0.9190889327024144,YES,1
IL-37 or a small interfering RNA (siRNA) targeting IL-24 was delivered intranasally to verify the effect in a murine model of house dust mite (HDM)/lipopolysaccharide (LPS)-induced neutrophilic asthma.,small interfering RNA,lipopolysaccharide,0,36174993,7,16098,0.004491389822525367,NO,0
"Activated SGK3 can activate ion channels (TRPV5/6, SOC, Kv1.3, Kv1.5, Kv7.1, BKCa, Kir2.1, Kir2.2, ENaC, Nav1.5, ClC-2, and ClC Ka), carriers and receptors (Npt2a, Npt2b, NHE3, GluR1, GluR6, SN1, EAAT1, EAAT2, EAAT4, EAAT5, SGLT1, SLC1A5, SLC6A19, SLC6A8, and NaDC1), and Na+/K+-ATPase, promoting the transportation of calcium, phosphorus, sodium, glucose, and neutral amino acids in the kidney and intestine, the absorption of potassium and neutral amino acids in the renal tubules, the transportation of glutamate and glutamine in the nervous system, and the transportation of creatine.",NHE3,SGLT1,0,36531961,37,14919,0.03532037681406808,NO,0
"Phase 1 study of bendamustine in combination with clofarabine, etoposide, and dexamethasone in pediatric patients with relapsed or refractory hematologic malignancies.",bendamustine,clofarabine,1,33598942,6,1453,0.9918781379903141,YES,1
"The results showed that the levels of gene and protein catalyzing lipogenesis were increased (SREBP1, ACC1 and FAS), while those catalyzing lipolysis were decreased (ATGL, HSL and ZAG), accompanied by dyslipidemia, insulin resistance and hepatic fat accumulation, and there were higher expression of TLR4 and NF-kappaB protein and lower expression of ERalpha protein in liver, and increased serum IL-17 and TNF-alpha levels in fructose and/or BPA exposed rats compared with controls.",TNF-alpha,fructose,1,31661889,16,12773,0.8266990761243702,YES,1
"We also found that either TSH or NAC enhanced PKA, Akt, mTORC, AMPK, Sirtuins, PGC1alpha, NRF-2, mitofusin-2, TFAM and catalase in the N-TSHR-mAb stressed cells.",Akt,NRF-2,0,34801870,14,13412,0.04789333816092833,NO,0
"knockdown markedly attenuated CCI-induced mechanical allodynia, obstructed Syk, ERK and JNK phosphorylation, inhibited NLRP3 inflammasome and caspase-1 activation, GSDMD cleavage, and consequently reduced the release of pro-inflammatory cytokines (all P < 0.05).",JNK,GSDMD,0,36503542,9,14186,0.17207220759742575,NO,0
"However, high expression of MMP-2, MMP-9, p-AKT, and p-PI3K in Normal and preeclampsia groups caused by progesterone was weakened after adding LY294002, indicating that progesterone could activate PI3K/AKT signaling pathway to regulate HTR-8/Svneo cells.",MMP-9,AKT,0,36593749,8,15287,0.40427706171594957,NO,0
"In addition, we identified Kif13A, a Rab10 binding molecular motor, as a novel regulator of GLUT4 traffic.",Kif13A,Rab10,1,36283703,3,7342,0.9981583411164933,YES,1
"The survival rate of laryngeal squamous cell carcinoma: impact of IL1RAP rs4624606, IL1RL1 rs1041973, IL-6 rs1800795, BLK rs13277113, and TIMP3 rs9621532 single nucleotide polymorphisms.",rs4624606,rs13277113,0,36682035,11,11679,0.03990573745474318,NO,0
"Through a bioinformatics analysis, we revealed that glutamine synthetase/glutamate-ammonia ligase (GLUL) might play essential roles in the recurrence of tamoxifen-resistant ER+ patients.",glutamine synthetase,ER,0,36619229,5,11265,0.04015358440082019,NO,0
"In vitro validation showed that silencing of KLF12, ZNF281 and RELA suppressed proliferation, glucose uptake, lactate production and ATP level, but increased ADP/ATP ratio in PDTC cells.",lactate,ATP,0,36121916,8,5036,0.2433092605946347,NO,0
"Activated SGK3 can activate ion channels (TRPV5/6, SOC, Kv1.3, Kv1.5, Kv7.1, BKCa, Kir2.1, Kir2.2, ENaC, Nav1.5, ClC-2, and ClC Ka), carriers and receptors (Npt2a, Npt2b, NHE3, GluR1, GluR6, SN1, EAAT1, EAAT2, EAAT4, EAAT5, SGLT1, SLC1A5, SLC6A19, SLC6A8, and NaDC1), and Na+/K+-ATPase, promoting the transportation of calcium, phosphorus, sodium, glucose, and neutral amino acids in the kidney and intestine, the absorption of potassium and neutral amino acids in the renal tubules, the transportation of glutamate and glutamine in the nervous system, and the transportation of creatine.",EAAT2,EAAT4,0,36531961,37,15007,0.004945257199261277,NO,0
"The neuromodulator adenosine accumulates extracellularly during ischaemia and activates four metabotropic receptors: A1 , A2A , A2B and A3 .",A1,A3,0,35817954,6,4250,0.03289241008358204,NO,0
"We also found that either TSH or NAC enhanced PKA, Akt, mTORC, AMPK, Sirtuins, PGC1alpha, NRF-2, mitofusin-2, TFAM and catalase in the N-TSHR-mAb stressed cells.",NAC,Akt,1,34801870,14,13386,0.9592667915284729,YES,1
"Compared with the wild type (WT), the M5D mutant (Q34P/A37P/M176V/G177A/M294R/ G28C-P206C), which contains five single-point mutations and one additional disulfide bond, displayed a 14.0  C increase in the melting temperature (Tm), 5  C in the optimal temperature, and 1154.3-fold in the half-life (t1/2) at 55  C.",Q34P,A37P,0,36553811,8,10752,0.12705335661544143,NO,0
"The level of N6-methyl-2'-deoxyadenosine and 3-methyladenine in the urine of rats was statistically significantly higher in the groups supplemented with apigenin, epicatechin, and naringenin administered in combination with Zn than in the groups receiving only polyphenolic compounds.",epicatechin,polyphenolic compounds,0,36673448,8,15798,0.9060473778219948,YES,1
"We identified one new risk variant rs61204179 (Pcombined = 1.47 x 10-9) with low allele frequency, four previously reported risk variants (NUCKS1/RAB29-rs11557080, SNCA-rs356182, FYN-rs997368, and VPS13C-rs2251086), as well as three risk variants in LRRK2 coding region (A419V, R1628P, and G2385R) with genome-wide significance (P < 5 x 10-8) for PD in Chinese population.",FYN,LRRK2,0,36759515,15,12233,0.00044877983395393494,NO,0
"Relative to control, 10muM THC and 10muM CBD reduced mRNA levels of milk proteins (CSN2 and WAP), lipid synthesizing and glucose transport markers (GLUT 1, HK2, FASN, FABP4, PLIN2 and LPL), as well as whey acidic protein and lipid levels.",WAP,HK2,0,35976913,12,4647,0.1902244594335359,NO,0
"Beyond these mutations, germline or somatic aberrations in genes of the homologous recombination (HR) pathway such as RAD51B/C/D, PALB2, ATM, BRIP1 may confer an HR deficiency in up to 50% of ovarian tumors.",BRIP1,HR deficiency,1,36531003,6,14442,0.9932130236139118,YES,1
"The triple mutations, K417N-E484K-N501Y, and K417T-E484K-N501Y displayed weaker binding affinity to heparin (-6.6 kcal/mol).",E484K,heparin,1,35194375,5,3267,0.7068599760543436,YES,1
"Our case demonstrates a systemic mitochondrial disease caused by the heteroplasmic m.3274_3275delAC MT-TL1 gene mutation, not yet described in the literature.",mitochondrial disease,MT-TL1,1,36404555,3,9165,0.9892694030566108,YES,1
"Analysis of CDK6, p-CDK2, and/or cyclin E1 expression as a combined biomarker in metastatic lesions of ER+ advanced breast cancer patients treated with AI-monotherapy or combined CDK4/6i and ET revealed a correlation between high biomarker expression and shorter progression-free survival (PFS), and the biomarker combination was an independent prognostic factor in both patients cohorts.",cyclin E1,breast cancer,1,36153348,7,5687,0.7681205134782394,YES,1
"ELISA was performed to measure progesterone, MMP-2, MMP-9, pro-inflammatory factors TNF-alpha, IL-1beta, and anti-inflammatory factors IL-4, IL-10, and IL-13 levels.",inflammatory,IL-1beta,1,36593749,9,15183,0.11213168106279772,NO,0
"MYC induced the expression of the tryptophan transporters SLC7A5 and SLC1A5 and the enzyme arylformamidase (AFMID), involved in the conversion of tryptophan into kynurenine.",SLC1A5,kynurenine,0,31416966,6,541,0.5129915137483096,YES,1
"Calpain-1 overexpression increased the expression of PP2A, reduced the level of p-eNOS, and accelerated the occurrence and development of VED, oxidative stress and mitochondrial dysfunction in HCAECs exposed to CIH.",Calpain-1,mitochondrial dysfunction,1,36644390,6,15682,0.9651122726125517,YES,1
"Cytoglobin has an E7 distal histidine (His81), which unlike related globins such as myoglobin and hemoglobin, is in equilibrium between a bound, hexacoordinate state and an unbound, pentacoordinate state.",Cytoglobin,myoglobin,0,33144263,4,861,0.973507689562306,YES,1
"Among 37 genomic mutants significantly associated with clinical symptoms, 3916CtoT (associated with sore-throat), 14408C to T (associated with cough-protection), 28881G to A, 28882G to A, and 28883G to C (associated with chest pain) were notable.",14408C to T,28883G to C,0,36182010,7,6062,0.0008610219096788857,NO,0
"Pemetrexed (PEM), which is commonly used following EGFR-TKI treatment failure, was identified as an effective potentiator of STING-dependent TBK1-IRF3-STAT1 signaling in MET-amplified, EGFR-TKI-resistant cells.",EGFR,MET,1,36066413,7,4804,0.11422351570512948,NO,0
"We also found that either TSH or NAC enhanced PKA, Akt, mTORC, AMPK, Sirtuins, PGC1alpha, NRF-2, mitofusin-2, TFAM and catalase in the N-TSHR-mAb stressed cells.",Akt,TFAM,0,34801870,14,13414,0.10071768967165819,NO,0
"Also identified that TNF-alpha, IL-6beta, and visfatin releases were found in co-cultured with conditioned medium of ET-1/C2C12 in 3T3-L1 cells.",IL-6beta,visfatin,0,35468098,6,3733,0.07269722076254131,NO,0
"Serum total cholesterol (T-CHO), triglyceride (TG), low, high density lipoprotein cholesterol (LDL-C, HDL-C), blood glucose, insulin, IL-17 and TNF-alpha levels were also measured.",cholesterol,insulin,0,31661889,9,12640,0.00024599777322909026,NO,0
"Using S-proteins of two different SARS-CoV-2 variants (Wuhan and Delta), we demonstrate that exposure of HLMEC or neutrophils to S-proteins, co-culture of HLMEC exposed to S-proteins with non-exposed neutrophils, or co-culture of neutrophils exposed to S-proteins with non-exposed HLMEC induced transcriptional upregulation of tissue factor (TF), significantly increased the expression and secretion of factor (F)-V, thrombin, and fibrinogen and inhibited tissue factor pathway inhibitor (TFPI), the primary regulator of the extrinsic pathway of blood coagulation, in both cell types.",tissue factor,fibrinogen,0,36142345,9,13564,0.5300727699933918,YES,1
Oxidative mitochondrial injury facilitated cytosolic leakage of macrophage self-mtDNA and cGAS/STING/NLRP3 signalling activation to promote liver fibrosis.,mitochondrial injury,STING,1,36185574,5,13734,0.9410306186707873,YES,1
"Excessive intake of heavy metals, such as arsenic (As), manganese (Mn), mercury (Hg), aluminium (Al), lead (Pb), nickel (Ni), bismuth (Bi), cadmium (Cd), copper (Cu), zinc (Zn), and iron (Fe), is neurotoxic and it promotes neurodegeneration.",heavy metals,iron,0,33412145,14,1261,0.1838243192168636,NO,0
"We conclude ceramide from ASM plays a critical role in NLRP3 inflammasome activation during hypercholesterolemia via MR redox signaling platforms to produce superoxide, which leads to TXNIP dissociation.",ASM,superoxide,1,36252682,6,6971,0.9033145846566154,YES,1
"In addition, four novel variants (c.49C > T, c.691G > A, c.857A > T and c.982G > A) were detected out in our cohort, which have never been reported before.",c.49C > T,c.982G > A,0,36212142,4,6496,0.01987102799466779,NO,0
"Cumulative cystine in urine would cause the formation of kidney stones, which further leads to renal colic and dysfunction.",cystine,kidney stones,1,36421847,3,9580,0.9983203356282463,YES,1
"With flumazenil blocking classical high-affinity extracellular benzodiazepine site effects, modulation of GABA-activated currents by diazepam, midazolam and flurazepam was measured electrophysiologically in wildtype and M2-15' mutant alpha1 beta3 gamma2L GABAA receptors.",benzodiazepine,diazepam,0,34386973,10,2421,0.511354147720401,YES,1
"Background: Uridine 5'-diphospho glucuronosyl transferase (UGT) is the main enzyme responsible for the glucuronide conjugation, the principal metabolic pathway of sodium valproate.",Uridine 5'-diphospho glucuronosyl transferase,glucuronide,1,36160414,3,16062,0.6960821635217582,YES,1
"Among them, shinflavanone had better affinity to 3CL, ACE2, and S protein of SARS-CoV-2 than these four antiviral drugs.",3CL,ACE2,0,36388945,5,8900,0.061452851562095345,NO,0
"By combining predicted affinities and available antibody escape data, we show that fast-spreading viral variants exploit combinatorial mutations possessing both enhanced affinity and antibody resistance, including S477N/E484K, E484K/N501Y and K417T/E484K/N501Y.",S477N,K417T,0,33992693,4,1875,0.5232530435113649,YES,1
Temporomandibular disorder in construction workers associated with ANKK1 and DRD2 genes.,Temporomandibular disorder,ANKK1,1,36043564,3,4708,0.9846448285801115,YES,1
HSP70 inhibitors upregulate prostaglandin E1-induced synthesis of interleukin-6 in osteoblasts.,HSP70,prostaglandin E1,1,36520821,3,14255,0.16380618786326684,NO,0
"The multifactor-dimensionality reduction (MDR) analysis was performed to identify the epistasis between SNP located in genes of IL-alpha (rs1800587), IL-6 (rs1800796), TNFalpha (rs361525 and rs1800629), and IFNgamma (rs2069705).",rs1800796,rs2069705,0,36389080,9,9020,0.08676955050759026,NO,0
"Activated SGK3 can activate ion channels (TRPV5/6, SOC, Kv1.3, Kv1.5, Kv7.1, BKCa, Kir2.1, Kir2.2, ENaC, Nav1.5, ClC-2, and ClC Ka), carriers and receptors (Npt2a, Npt2b, NHE3, GluR1, GluR6, SN1, EAAT1, EAAT2, EAAT4, EAAT5, SGLT1, SLC1A5, SLC6A19, SLC6A8, and NaDC1), and Na+/K+-ATPase, promoting the transportation of calcium, phosphorus, sodium, glucose, and neutral amino acids in the kidney and intestine, the absorption of potassium and neutral amino acids in the renal tubules, the transportation of glutamate and glutamine in the nervous system, and the transportation of creatine.",ClC Ka,NHE3,0,36531961,37,14845,0.2341550986530655,NO,0
"These data indicate that nebivolol, like carvedilol, possesses a RyR2-targeted action that suppresses SOICR and SOICR-evoked VTs.",nebivolol,RyR2,1,27623776,4,187,0.9918173220580317,YES,1
IL-24 Contributes to Neutrophilic Asthma in an IL-17A-Dependent Manner and Is Suppressed by IL-37.,Asthma,IL-37,1,36174993,4,16081,0.8229847495018306,YES,1
"The levels of glucose, total protein (TP), total cholesterol (TC), and the proinflammatory cytokines interleukin (IL)-1beta, IL-6 and tumor necrosis factor (TNF)-alpha in blood were examined, and we then detected glycogen and adenosine triphosphate (ATP) content, phosphofructosekinase-1 (PFK1) and glucose-6-phosphate dehydrogenase (G6PDH) activity, glucose transporter (GLUT)1, GLUT4, sodium/glucose cotransporter (SGLT)1 and citrate synthase (CS) protein expression and autophagy levels in circulating neutrophils.",glucose-6-phosphate dehydrogenase,glucose transporter (GLUT)1,0,36174980,13,5921,0.00038191663232052905,NO,0
"OBJECTIVE/BACKGROUND: Recurrent somatic mutations in the JAK2, calreticulin (CALR), and the MPL genes are described as drivers of BCR-ABL1-negative myeloproliferative neoplasms (MPN) that includes polycythemia vera (PV), essential thrombocytosis (ET), primary myelofibrosis (PMF), and MPN unclassified (MPN-U).",calreticulin,BCR,1,33789164,9,1743,0.0006977161757130853,NO,0
"We create eight mutants with single substitutions at one of the four positions Ala2, Phe4, Tyr10, and Val12 to decrease the hydrophobicity at respective positions (A2T, A2S, F4A, F4S, Y10A, Y10S, V12A, and V12S) and one mutant (Y10F) to remove the polar nature of Tyr10.",F4A,Y10A,0,36411082,9,9259,0.0013686152491931142,NO,0
"PD98059, a p44/p42 MAPK inhibitor, and SP600125, a SAPK/JNK inhibitor, upregulated PGE1-stimulated IL-6 release.",p44/p42 MAPK,SAPK,0,36520821,6,14321,0.016347236841155847,NO,0
"FOXO3, IGFBP3, L-FABP, PCSK9, ANGPTL6, and ANGPTL8 plasma concentrations were measured by ELISA in 86 individuals.",FOXO3,ANGPTL6,0,36143124,6,5412,0.00019200570420191914,NO,0
"Mechanistically, LIF-LIFR-EGR1 axis and Sonic Hedgehog signaling formed a vicious cycle between fibroblasts and proximal tubular cells to augment LIF expression and promote the pro-fibrotic response via ERK and STAT3 activation.",LIFR,Sonic Hedgehog,0,36335669,7,8202,0.5023316681777265,YES,1
"At least eight single-point mutations linked to familial Parkinson's disease (A30G/P, E46K, H50Q, G51D, A53T/E/V) are located in proximity of the preNAC region, strongly implicating its pathogenic role in alphaS-mediated cytotoxicity.",Parkinson's disease,alphaS,1,36208776,7,6413,0.8639114215844258,YES,1
"This study aimed to analyze the association of single nucleotide polymorphisms (SNPs) rs2642438, rs56371916, and rs6564851 on MARC1, ADCY5, and BCO1 genes, respectively, with the lipid profile in a cohort of Mexican adults.",rs6564851,lipid,1,36233117,7,6863,0.8854456478464622,YES,1
"We conclude ceramide from ASM plays a critical role in NLRP3 inflammasome activation during hypercholesterolemia via MR redox signaling platforms to produce superoxide, which leads to TXNIP dissociation.",hypercholesterolemia,TXNIP,0,36252682,6,6977,0.7690515585721287,YES,1
Knockdown of CDKN2A in BRAF inhibitor-resistant cells increased sensitivity to CDK4/6 inhibition alone and in combination with MEK inhibition.,BRAF,CDK4/6,1,34376578,4,2385,0.16204674582384412,NO,0
"Interestingly, phosphodiesterase (PDE) 4 inhibitors have been used in human airway diseases characterized by low intracellular cAMP levels and increases in specific cAMP hydrolyzing activity.",airway diseases,cAMP,0,34555226,4,2503,0.8053930073801008,YES,1
"Interestingly, RBM38 is unique in that it can either suppress or enhance p53 mRNA translation via altered interaction with eIF4E potentially mediated by serine-195 (S195) in RBM38.",p53,eIF4E,1,33664057,3,1667,0.05699361272315535,NO,0
"To explore the mechanistic basis by which CPE alters permeability, this study tested the permeability effects of several recombinant CPE (rCPE) species: rCPE and rCPEC186A (which form pores), rC-CPE and rCPED48A (which bind to receptors but cannot oligomerize), rCPEC186A/F91C (which binds and oligomerizes without pore formation), and rCPEY306A/L315A (which has poor receptor-binding ability).",D48A,F91C,0,36069435,6,16018,0.011400910821870705,NO,0
"Like carvedilol, nebivolol reduced the opening of single RyR2 channels and suppressed spontaneous Ca2+ waves in intact hearts and catecholaminergic polymorphic ventricular tachycardia (CPVT) in the mice harboring a RyR2 mutation (R4496C).",RyR2,catecholaminergic polymorphic ventricular tachycardia,1,27623776,7,181,0.6769510475086701,YES,1
"Here, we have analysed the proportional expression patterns of TLR2 and TLR4 on the surface of CD3+, CD4+, CD8+, CD19+ and CD161+ lymphocytes and CD14+ monocytes in different groups of leprosy patients.",TLR4,CD161,0,36419668,10,9347,0.19922001098826295,NO,0
"BMDMs were primed with LPS and stimulated with NLRP3 activators, including ATP, nigericin, and imiquimod.",LPS,nigericin,0,36798132,5,16515,0.374345460841845,NO,0
"In Sprague-Dawley rats, administration of UII into the RVLM resulted in an increase in mean arterial pressure (MAP), heart rate (HR), ROS production, nicotinamide adenine dinucleotide phosphate (NADPH) oxidase activity, and phosphorylation of p47phox, extracellular signal-regulated protein kinase (ERK)1/2 and p38MAPK, but not stress-activated protein kinase/Jun N-terminal kinase (SAPK/JNK).",ROS,Jun N-terminal kinase,0,36421438,9,9439,0.03613993694081551,NO,0
"We screened the mutations of del69-70, E484K, E484Q, D614G, L452R, and T478K in 100 cases from SARS-COV-2 positive patients in Kurdistan- Iran population.",E484K,T478K,0,35271889,8,3359,0.0014484694425927786,NO,0
"Acute lung injury (ALI) is one of the fatal outcomes after exposure to high levels of hydrogen sulfide (H2S), and the matrix metalloproteinases (MMPs) especially MMP-2 and MMP-9 are believed to be involved in the development of ALI by degrading the extracellular matrix (ECM) of blood-air barrier.",hydrogen sulfide,matrix metalloproteinases,1,24722316,5,50,0.4669710031278817,NO,0
"Using a combination of regional association studies, a linkage disequilibrium map, and multivariate analysis, we revealed that the APOB locus variants rs144467873, rs13306194, and rs1367117 were independently associated with total, low-density lipoprotein (LDL), and non-high-density lipoprotein (non-HDL) cholesterol levels; rs1318006 was associated with HDL cholesterol levels; rs13306194 and rs35131127 were associated with serum triglyceride levels; rs144467873, rs13306194, rs56213756, and rs679899 were associated with remnant cholesterol levels; and rs144467873 and rs4665709 were associated with metabolic syndrome.",rs1318006,rs56213756,0,36499290,12,10124,0.0006542644755515375,NO,0
"Patients who remained on single-agent SNX-5422 maintenance therapy >=2 months (n = 9) had cancers enriched for oncogenic drivers (n = 3 KRAS mutation, n = 1 EGFR exon 20 mutation, n = 1 HER2 mutation, and n = 1 RET fusion).",HER2,RET,0,34655925,7,2606,0.00024345174763116466,NO,0
The AG genotype of rs2066398 was associated with higher levels of pro-atherogenic lipids.,rs2066398,atherogenic,1,36362461,3,8517,0.8545194419502851,YES,1
"Mechanisms of acquired resistance to anti-KRAS molecules typically involves either on target secondary mutations (e.g., G12, G13, Q61H, R68S, H95, Y96C, V8L) or off-target alterations.",G12,Q61H,0,36358848,8,8339,0.006217343208515839,NO,0
"A significant (p < 0.05) decline in glutathione peroxidase (GPx), superoxide dismutase (SOD,) glutathione, and catalase levels and an elevation in malondialdehyde level in the BPA group confirmed the generation of oxidative stress and lipid peroxidation in experimental mice exposed to BPA.",glutathione,catalase,0,36432690,8,9756,0.00905599233574569,NO,0
"The roles of ABCC5, ABCA8, ABCC10, ABCB10, ABCG1, ATP7B, ABCG2, and mitochondrial SLC25A10 in platinum-receiving urinary bladder cancer patients should be the subject of further investigation.",SLC25A10,urinary bladder cancer,0,36650399,11,11461,0.37960028114920785,NO,0
"A key implication of our study is that the combination of CDK4/6 and MEK inhibitors overcomes acquired resistance to BRAF/MEK inhibitors, and loss of CDKN2A may represent a biomarker of response to the combination.",BRAF,CDKN2A,0,34376578,4,2393,0.0062543351962016415,NO,0
"Mechanistically, DDP-resistant LUAD cells activated PI3K/AKT signal and further elevated the c-Myc expression.",DDP,c-Myc,0,36627670,4,15453,0.5240354737673196,YES,1
"After MCAO surgery, severe neurological deficits were detected in the MCAO group compared with the sham controls, which were significantly reversed by dabigatran, estazolam, and pitavastatin treatment.",neurological deficits,estazolam,1,33384558,5,1233,0.9533499242311266,YES,1
"However, the roles of MMP-2 and MMP-9 in H2S-induced ALI and the mechanisms of dexamethasone (DXM) in treating ALI in clinical practice are still largely unknown.",MMP-2,H2S,1,24722316,5,57,0.27173943154381924,NO,0
"We aimed to determine whether genetic variability represented by 38 tag-SNPs in genes of the cyclooxygenase pathway (PTGS1, PTGS2, PTGES, PTGES2 and PTGES3) leading to prostaglandin E2 (PGE2) synthesis, modified CV traits and events in 493 nephrosclerosis patients.",PTGES,prostaglandin E2,1,36690661,8,11810,0.8029742145563564,YES,1
"Bruton's tyrosine kinase (BTK) inhibitors have transformed the treatment of multiple B-cell cancers, especially chronic lymphocytic leukemia (CLL).",Bruton's tyrosine kinase,B-cell cancers,0,35196427,3,3277,0.6714258294058731,YES,1
"We observed that CREPT competed with HDAC1 for binding to oncogene (such as CCND1, CLDN1, VEGFA, PPARD and BMP4) promoters but not the tumor suppressor gene (such as p21 and p27) promoters by a chromatin immunoprecipitation (ChIP) qPCR experiment.",CREPT,p21,0,36230720,10,6667,0.5610579213903413,YES,1
"Here, we showed that replacement of a single amino acid at position 973, just distal to the NPEY motif in the intracellular juxtamembrane region, from leucine, which is highly-conserved in IRs, to phenylalanine, the highly-conserved homologous residue in IGF1Rs, resulted in decreased IRS-1-PI3K-Akt-mTORC1 signaling and increased of Shc-Gab1-MAPK-cell cycle signaling.",IRS-1,MAPK,0,36548088,9,10551,0.6291519588807413,YES,1
"Interestingly, Orai1 protein level was significantly increased after LPS exposure, which was blocked by inhibition of NF-kappaB activity.",Orai1,NF-kappaB,1,35780680,3,4221,0.8633955205414692,YES,1
"A Hypertrophic Spinal Pachymeningitis Patient With Factor V Leiden (G1691A), MTHFR C677T, MTHFR A1298C, PAI-1",Hypertrophic Spinal Pachymeningitis,Factor V Leiden,1,36348907,8,8227,0.9547895845026275,YES,1
"In the in vivo studies, both bromocriptine and cabergoline were managed independently and combined with sarpogrelate for about a month in diabetic nephropathy rats.",bromocriptine,cabergoline,1,34777640,5,2778,0.6226659653906148,YES,1
"In fact, we showed the increased expression of the pro-inflammatory markers iNOS, Caspase 1, IL-1beta, in response to IFN-gamma plus high glucose, a non-specific disease stimulus that emphasized the dynamic polarization and heterogenicity of the microglial population.",Caspase 1,IL-1beta,0,36523814,6,10406,0.26250426690402257,NO,0
"It was transcriptionally repressed by DDP-activated PI3K/AKT/c-Myc signal in LUAD, promoting DDP-acquired chemotherapeutic resistance by regulating miR-1275 to suppress PROCA1/ZFP36L2-induced BCL2 degradation, which led to apoptotic signal reduction.",AKT,miR-1275,0,36627670,8,15480,0.5023240038221598,YES,1
"We measured inhibin A, inhibin B, total inhibin, AMH, activin A, activin B, activin AB, follistatin, the GDF-9/BMP-15 complex, and GDF-15 in paired serum and urine samples from healthy reproductive age women and in pregnant (second trimester) women.",AMH,activin AB,0,34875272,12,2831,0.00030482891261903914,NO,0
"Compared with the wild type (WT), the M5D mutant (Q34P/A37P/M176V/G177A/M294R/ G28C-P206C), which contains five single-point mutations and one additional disulfide bond, displayed a 14.0  C increase in the melting temperature (Tm), 5  C in the optimal temperature, and 1154.3-fold in the half-life (t1/2) at 55  C.",A37P,disulfide,0,36553811,8,10764,0.09393758145540039,NO,0
"Collectively, our results disclose two LINC00589-initiated ceRNA networks, the LINC00589-miR-100-DLG5 and LINC00589-miR-452-PRDM16- mucin4 axes, which regulate trastuzumab resistance, CSC-like properties and multiple chemoresistance of breast cancer, thus providing potential diagnostic and prognostic markers and therapeutic targets for HER2-positive breast cancer.",mucin4,breast cancer,0,36309503,9,7851,0.7329723951311011,YES,1
"Likewise, R68S substitution (ORF3a), F120 frameshift deletion, L120 insertion, L118V substitution (ORF8), and N280Y(NSP2) had 20.4%, 14.3%, 14.8%, 9.1%, 13.9% prevalence locally but globally they were just 0.1%, 0.2%, 0.04%, 1.5%, and 2.4% prevalent respectively.",R68S,L118V,0,36512569,6,10325,0.13147511266482825,NO,0
"The most significantly pre-eclampsia-linked CR3 variant M441K (P = 4.27E-4, OR = 1.401, 95% CI = 1.167-1.682) displayed a trend of increased adhesion to iC3b (P = 0.051).",CR3,iC3b,1,33539617,4,1442,0.9812519476623033,YES,1
"We found that ET-1 dose-dependently induces tumor necrosis factor-alpha (TNF-alpha) and interleukin (IL)-6beta expression through the PI3K/AKT, and NF-kappaB signaling pathways in C2C12 cells.",ET-1,NF-kappaB,1,35468098,7,3719,0.9456006800202824,YES,1
"Serum butyric acid, 2-hydroxybutyric acid, l-glutamic acid, l-phenylalanine, l-serine, l-lactic acid, and cholesterol were enriched in COVID-19 and COVID-19-like patients versus HCs.",l-phenylalanine,COVID-19,1,33662365,9,1597,0.9895274652313204,YES,1
"80% of cases belongs to 8 mutants: 241C toT, 1163A toT, 3037C toT, 14408C toT, 23403A toG, 28881G toA, 28,882 G toA, and 28883G toC. Observed dominance of GR clade variants that have strong presence in Europe, suggesting European channel a possible entry route.",1163A toT,28881G toA,0,36182010,8,6032,0.021721066090237898,NO,0
"Conclusions: Inhibition of S1PR3 suppresses the expression of NLRP3 and pro-IL-1beta during LPS priming, and attenuates ATP-induced NLRP3 inflammasome activation by impeding membrane trafficking of TWIK2 and potassium efflux.",LPS,ATP,0,36798132,7,16570,0.006293279170937838,NO,0
"We studied two well characterized mutations of cardiac TnC, L48Q and I61Q, that decrease or increase the release rate of Ca2+ from cTnC, k-Ca, resulting in HCM and DCM respectively [1].",I61Q,HCM,0,33636222,6,1554,0.0013025236637532872,NO,0
"High-throughput sequencing of chromosome conformation capture coupled with ChIP (HiChIP) and 3C-qPCR uncovered a long-range interaction between the UBE2L3 promoter (rs140490, rs140491, rs11089620) and the downstream YDJC promoter (rs3747093) that was strengthened in the presence of the UBE2L3/YDJC risk haplotype, and correlated with the loss of CCCTC-binding factor (CTCF) and gain of YY1 binding at the risk alleles.",rs140490,rs11089620,0,34279042,8,2184,0.2692745081789181,NO,0
"Molecular docking was used to characterize the binding of ATR and MET with androgen receptor (AR) to predict their potential endocrine-disrupting effects, using testosterone as benchmark.",MET,androgen receptor,1,36262065,5,7077,0.29380085188818433,NO,0
Neuropathy-associated histidyl-tRNA synthetase variants attenuate protein synthesis in vitro and disrupt axon outgrowth in developing zebrafish.,Neuropathy,histidyl-tRNA synthetase,1,32543048,3,16589,0.8362446138196216,YES,1
"We unveil, for the first time, that high-frequency mutations R346K/S, N439K, G446V, L455F, V483F/A, F486L, F490L/S, Q493L, and S494P might compromise some of mAbs in clinical trials.",N439K,F490L,0,34273397,9,2141,0.000581675970461034,NO,0
"Thus, Klotho deficiency per se might play a causal role in the pathogenesis of arterial calcification, which is independent of hyperphosphatemia.",Klotho,hyperphosphatemia,1,34368951,3,2272,0.12739923719617563,NO,0
"Twenty five (25) mutations were labeled as major, i.e. present in more than 30% of the strains, such as the common Spike_D614G and NSP3_T183I.",D614G,T183I,0,35605880,4,15993,0.09433106082364322,NO,0
"With flumazenil blocking classical high-affinity extracellular benzodiazepine site effects, modulation of GABA-activated currents by diazepam, midazolam and flurazepam was measured electrophysiologically in wildtype and M2-15' mutant alpha1 beta3 gamma2L GABAA receptors.",diazepam,GABAA,0,34386973,10,2440,0.9861981725977785,YES,1
"We defined a new ADOA locus on 7q33-q35 and identified 3 different missense variants in SSBP1 (NM_001256510.1; c.113G>A [p.(Arg38Gln)], c.320G>",ADOA,SSBP1,1,31298765,3,509,0.9332496809822437,YES,1
"Interestingly, the mouse K117R mutation corresponds to the human tumor-derived K120R modification, which abrogates P53-dependent activation of apoptosis without affecting growth arrest.",K117R,tumor,1,36226181,5,6633,0.1374879979323058,NO,0
"We observed that CREPT competed with HDAC1 for binding to oncogene (such as CCND1, CLDN1, VEGFA, PPARD and BMP4) promoters but not the tumor suppressor gene (such as p21 and p27) promoters by a chromatin immunoprecipitation (ChIP) qPCR experiment.",HDAC1,tumor,0,36230720,10,6674,0.030329628202647774,NO,0
"Further, HTL incubation or iNOS overexpression promoted endothelial cellular senescence, but abolished by exogenous expression of MT-GCH1 or pharmacological approaches including N-acetyl-cysteine, L-sepiapterin, and tempol.",N-acetyl-cysteine,tempol,0,36399957,6,9100,0.09941716770728633,NO,0
"Downregulation of apelin and ACE2 and upregulation of SGLT2, endothelin-1 and pro-inflammatory cytokines contribute to SARS-CoV-2-mediated cardiorenal injury, indicating that the apelin-ACE2 signaling and SGLT2 inhibitors are potential therapeutic targets for COVID-19 patients.",SGLT2,COVID-19,1,34000358,9,12869,0.8173490217462414,YES,1
"We further show that TWEAK enhances spheroid formation ability, asymmetric division capacity, and expression of SOX2 and EMT genes VIM and ZEB1 in ovarian cancer cells, phenotypes that are enhanced when TWEAK is combined with carboplatin.",TWEAK,ovarian cancer,1,36214671,6,6518,0.9013798066755166,YES,1
"Dose-dense brentuximab vedotin plus ifosfamide, carboplatin, and etoposide for second-line treatment of relapsed or refractory classical Hodgkin lymphoma: a single centre, phase 1/2 study.",brentuximab vedotin,ifosfamide,1,34329577,6,13231,0.9922856913265543,YES,1
RNA Polymerase II transcription attenuation at the yeast DNA repair gene DEF1 is biologically significant and dependent on the Hrp1 RNA-recognition motif.,DEF1,Hrp1,1,36315099,4,7968,0.9796020630720055,YES,1
"Targeted SARS-CoV-2 sequencing allowed for detection of important genetic mutations, such as spike: K417N, D614G, P681H, T716I, S982A, and D1118H, commonly associated with increased cell entry and reinfection.",T716I,D1118H,0,35726918,8,3864,0.020148986351985757,NO,0
"Determinants of survival and retrospective comparisons of 183 clinical trial patients with myelofibrosis treated with momelotinib, ruxolitinib, fedratinib or BMS- 911543",momelotinib,ruxolitinib,0,36599841,6,11086,0.9415491643965042,YES,1
"The results showed that the levels of gene and protein catalyzing lipogenesis were increased (SREBP1, ACC1 and FAS), while those catalyzing lipolysis were decreased (ATGL, HSL and ZAG), accompanied by dyslipidemia, insulin resistance and hepatic fat accumulation, and there were higher expression of TLR4 and NF-kappaB protein and lower expression of ERalpha protein in liver, and increased serum IL-17 and TNF-alpha levels in fructose and/or BPA exposed rats compared with controls.",insulin resistance,fructose,1,31661889,16,12753,0.789331941754305,YES,1
"In endothelial cells, HTL increased GCH1 S-nitrosylation, reduced tetrahydrobiopterin, and induced oxidative stress, which were attenuated by N-acetyl-cysteine, L-N6-1-Iminoethyl-lysine, mutant of GCH1 cysteine 141 to alanine (MT-GCH1) or gene deletion of inducible NO synthase (iNOS).",L-N6-1-Iminoethyl-lysine,inducible NO synthase,0,36399957,7,9086,0.16546632546175588,NO,0
"Over the past 30 years, a number of treatment modalities have emerged, including cisplatin, a platinum molecule that has demonstrated effectiveness against UBC.",cisplatin,platinum,0,36650399,3,11354,0.20819775976384355,NO,0
"The levels of glucose, total protein (TP), total cholesterol (TC), and the proinflammatory cytokines interleukin (IL)-1beta, IL-6 and tumor necrosis factor (TNF)-alpha in blood were examined, and we then detected glycogen and adenosine triphosphate (ATP) content, phosphofructosekinase-1 (PFK1) and glucose-6-phosphate dehydrogenase (G6PDH) activity, glucose transporter (GLUT)1, GLUT4, sodium/glucose cotransporter (SGLT)1 and citrate synthase (CS) protein expression and autophagy levels in circulating neutrophils.",interleukin (IL)-1beta,tumor necrosis factor (TNF)-alpha,0,36174980,13,5877,0.0006528314002653628,NO,0
"Materials and methods: A sample of 124 healthy Han Chinese were genotyped for three single nucleotide polymorphisms of PPP1R1B gene, namely rs12601930C/T, rs879606A/G, and rs3764352A/G, using polymerase chain reaction and restriction fragment length polymorphism analysis.",C/T,rs879606,0,36440265,6,9884,0.0012826903845838378,NO,0
"Neurotensin addition to NCI-H838 cells increased significantly reactive oxygen species which was inhibited by SR48692, Tiron (superoxide scavenger) and diphenylene iodonium (DPI inhibits the ability of NADPH oxidase and dual oxidase enzymes to produce reactive oxygen species).",Neurotensin,reactive oxygen species,1,31614143,8,12496,0.9977338643678895,YES,1
This work supports for the first time a contribution of haemodynamic side properties to ventricular arrhythmias triggered by torsadogenic hERG blocking drugs.,ventricular arrhythmias,hERG,1,35751378,2,4025,0.906837665598446,YES,1
"Particularly in neutrophils, DEX injection inhibited p65-NFkappaB activation and elevated glycogen and ATP contents and SGLT1, GLUT1 and GR expression while inhibiting PFK1 activity, enhancing G6PDH activity and CS expression and lowering cell autophagy levels.",p65-NFkappaB,ATP,0,36174980,10,5962,0.07701846728071807,NO,0
"We also found that either TSH or NAC enhanced PKA, Akt, mTORC, AMPK, Sirtuins, PGC1alpha, NRF-2, mitofusin-2, TFAM and catalase in the N-TSHR-mAb stressed cells.",TSH,PKA,1,34801870,14,13373,0.9749217861383227,YES,1
"Conclusion: FNDC5 (rs16835198) played an independent or interactive role with PGC-1alpha (rs3755863, rs8192678), healthy eating behaviors, moderate-to-vigorous physical activity time in the occurrence of overweight or obesity in Chinese children and adolescents.",rs3755863,rs8192678,0,36760581,8,12290,0.08712687486376969,NO,0
Myocardial fibroblasts isolated from HFrEF patients (n = 5) were treated with dapagliflozin alone (1 nM-1 muM) or combined with LCZ696 (100 nM) or spironolactone (100 nM).,HFrEF,spironolactone,1,36303443,5,13784,0.6268631172226017,YES,1
"Peripheral TNF- alpha injection significantly decreased the mechanical pain threshold and increased the expression of p-P65, MLCK, MEF2C, and MyoC in healthy rats.",pain,MEF2C,1,36408215,7,9193,0.25455679629257755,NO,0
"Further, LINC00173 expression was significantly reduced in DDP-resistant LUAD cells and DDP-treated human LUAD tissues.",LINC00173,DDP,1,36627670,4,15445,0.727144043818707,YES,1
"We sought to assess the influence of the O6-methylguanine-DNA methyltransferase (MGMT) promoter methylation on response and progression-free survival (PFS) following initiation of irinotecan and temozolomide (IT), PFS following initiation of vincristine, doxorubicin, and cyclophosphamide alternating with ifosfamide and etoposide (VDC-IE), and overall survival (OS).",vincristine,doxorubicin,1,36523794,10,10367,0.7705627766284121,YES,1
"Our data indicate that the impaired CYP2C19 metabolism caused by the haplotypes integrated by CYP2C19 alleles might confer the risk to MDD and BPD, whereas the ABCB1-rs1045642 T allele serves as a protective factor.",BPD,ABCB1,1,36698099,5,11869,0.41092152895501327,NO,0
"Conclusion: Our study revealed that PD-L1 rs822336 G>C and rs822337 T>A polymorphisms were differentially expressed in our cohort of TNBC patients, and that this distribution was associated with markers of unfavorable prognosis and worse survival.",PD-L1,TNBC,1,36295559,5,7442,0.6511735516119769,YES,1
"Effects of 15 torsadogenic hERG blocking drugs (astemizole, chlorpromazine, cisapride, droperidol, ibutilide, dofetilide, haloperidol, moxifloxacin, pimozide, quinidine, risperidone, sotalol, sertindole, terfenadine, and thioridazine) were assessed by telemetry in beagle dogs.",ibutilide,risperidone,0,35751378,17,3965,0.0008351314196759275,NO,0
"The low phosphate diet normalized blood phosphate levels and abolished calcification in the lungs and kidneys, but it did not prevent calcification in the aortas in Klotho-deficient mice.",calcification,Klotho,1,34368951,4,2270,0.5500166772810489,YES,1
"HMGB2 interacts with OCT4, increases protein expression of OCT4 and SOX2, and enhances their transcriptional activities.",HMGB2,SOX2,1,29218329,3,457,0.9916207320718516,YES,1
Myocardial fibroblasts isolated from HFrEF patients (n = 5) were treated with dapagliflozin alone (1 nM-1 muM) or combined with LCZ696 (100 nM) or spironolactone (100 nM).,HFrEF,LCZ696,1,36303443,5,13783,0.5173497453661897,YES,1
Germline polymorphisms as biomarkers of tumor response in colorectal cancer patients treated with anti-EGFR monoclonal antibodies: a systematic review and meta-analysis.,colorectal cancer,EGFR,1,27897268,4,304,0.4624830806091976,NO,0
"Among these single nucleotide polymorphisms, rs429358, located in APOE gene was associated with diverse age-related diseases, such as Alzheimer's disease, coronary artery disease, age-related degenerative macular diseases, and cognitive decline.",rs429358,Alzheimer's disease,1,36276968,6,7292,0.9998478748213531,YES,1
"Treatment of ERK inhibitor U0126 or PI3K inhibitor wortmannin decreased p-CREB, BDNF and BCL2 in these cells, implying that the neuroprotective effects of LMDS-1/2 are via activating TRKB downstream ERK, PI3K-AKT and CREB signaling.",CREB,LMDS-1/2,1,36361524,10,8431,0.8376539075624122,YES,1
"In patients with INH-R tuberculosis, compared with treatment with at least 6 months of daily REZ, addition of a fluoroquinolone was associated with better treatment success, whereas addition of streptomycin was associated with less treatment success; however, the quality of the evidence was very low.",tuberculosis,streptomycin,1,29595509,5,12465,0.9779345491658055,YES,1
"Effects of 15 torsadogenic hERG blocking drugs (astemizole, chlorpromazine, cisapride, droperidol, ibutilide, dofetilide, haloperidol, moxifloxacin, pimozide, quinidine, risperidone, sotalol, sertindole, terfenadine, and thioridazine) were assessed by telemetry in beagle dogs.",cisapride,terfenadine,0,35751378,17,3947,0.010448587442741445,NO,0
"Further, knockdown of FoxP1 in lung epithelial cells by RNA interference led to increased mRNA levels for matrix metalloproteinases 1, 2, 3 and pro-inflammatory cytokines IL-6 & IL-8, as well as reduced cell viability after exposure to cigarette smoke-all processes implicated in the pathogenesis of COPD and IPF.",FoxP1,COPD,1,36221131,7,6554,0.8176086267336906,YES,1
"Association analysis of three single nucleotide polymorphisms (SNPs) (rs725084, rs2072493_N592S, and rs5744174_F616L) indicated the minor allele of rs2072493_N592S to be associated with increased risk for COPD (OR = 4.41, p < 0.0001) and NSCLC (OR = 5.17, p < 0.0001) development and non-small cell LC risk in the presence of COPD (OR = 1.75, p = 0.0031).",rs725084,rs2072493,0,36140341,5,5278,0.0007904730303892413,NO,0
Reduced protein levels of PTGS1 and SLC35D3 were validated in megakaryocytes of XLTT bone marrow biopsies by immunohistochemistry.,SLC35D3,XLTT,1,33054111,3,823,0.4193143159016774,NO,0
T/1365-13T > C and c.406C > T/c.1311C >,1365-13T > C,c.406C > T,0,36212142,2,6493,0.16597770429324896,NO,0
"AMPD1 (rs17602729), ACE (rs4646994), ACTN3 (rs1815739), CKM (rs8111989) and MLCK (rs2849757 and rs2700352) polymorphisms were genotyped by using Single Nucleotide Primer Extension (SNPE).",rs4646994,rs2700352,0,36468031,11,10012,0.003057921977766025,NO,0
"The multifactor-dimensionality reduction (MDR) analysis was performed to identify the epistasis between SNP located in genes of IL-alpha (rs1800587), IL-6 (rs1800796), TNFalpha (rs361525 and rs1800629), and IFNgamma (rs2069705).",rs1800587,rs1800629,0,36389080,9,9014,0.24620048290377777,NO,0
"The aim of the study was to evaluate the effect of selected polyphenolic compounds: epicatechin, apigenin, and naringenin, administered separately or in combination with zinc (Zn), on the growth and development of the neoplastic process induced by 7,12-dimethylbenz[a]anthracene (DMBA) in rats.",zinc,neoplastic process,1,36673448,8,15724,0.9119987923363548,YES,1
"We observed suggestive evidence (P < 0.05) for eight variants (rs17026425, rs17057166, rs6854845, rs1728400, rs17693104, rs202280, rs6797464, and rs823920) in all colorectal cancer and two variants (rs17026425 and rs6854845) in rectal cancer that were concordant with previous reports.",rs17026425,rs6854845,0,31488414,10,634,0.06212405822635798,NO,0
"The combination of 2-hydroxy-3-methylbutyric acid, 3-hydroxybutyric acid, cholesterol, succinic acid, L-ornithine, oleic acid and palmitelaidic acid predicted patients who progressed from mild to severe COVID-19, with an AUC of 0.969.",2-hydroxy-3-methylbutyric acid,3-hydroxybutyric acid,0,33662365,9,1630,0.18932793688565422,NO,0
Promoting Role of Long Non-Coding RNA Small Nucleolar RNA Host Gene 15 (SNHG15) in Neuronal Injury Following Ischemic Stroke via the MicroRNA-18a/CXC Chemokine Ligand 13 (CXCL13)/ERK/MEK Axis.,Small Nucleolar RNA Host Gene 15,Neuronal Injury,1,32862188,7,733,0.982142310625149,YES,1
"Furthermore, CALCB increases ERK1/2 phosphorylation in a time-dependent manner in RUASM, and the protective effect of CALCB on TNFalpha-induced inhibition of CALCRL/RAMP1 associations was significantly blocked in presence of ERK inhibitor (PD98059).",CALCB,RAMP1,1,27784654,7,265,0.606690203428588,YES,1
"Activated SGK3 can activate ion channels (TRPV5/6, SOC, Kv1.3, Kv1.5, Kv7.1, BKCa, Kir2.1, Kir2.2, ENaC, Nav1.5, ClC-2, and ClC Ka), carriers and receptors (Npt2a, Npt2b, NHE3, GluR1, GluR6, SN1, EAAT1, EAAT2, EAAT4, EAAT5, SGLT1, SLC1A5, SLC6A19, SLC6A8, and NaDC1), and Na+/K+-ATPase, promoting the transportation of calcium, phosphorus, sodium, glucose, and neutral amino acids in the kidney and intestine, the absorption of potassium and neutral amino acids in the renal tubules, the transportation of glutamate and glutamine in the nervous system, and the transportation of creatine.",EAAT5,SLC1A5,0,36531961,37,15039,0.009666159549147362,NO,0
"Results: Multifactor-dimensionality reduction analysis detected a significant model with the genes TNFalpha, IFNgamma, IL1alpha, and IL6 (prediction success: 72%, p < 0.0001).",TNFalpha,IL1alpha,1,36389080,4,9026,0.6551874695510036,YES,1
Diminishing HMGB2 expression by miR-127 or SHP may provide a potential means to decrease the pluripotency of tumor initiating cells.,SHP,tumor,0,29218329,4,491,0.2271686421955192,NO,0
"High-glucose-induced expression of inflammatory cytokines (monocyte chemoattractant protein-1, tumour necrosis factor alpha, and interleukin 1beta) was significantly reduced in RPMCs treated with ONO-AE3-208, an EP4 receptor antagonist.",inflammatory,EP4,1,36438844,7,9834,0.018854494810043882,NO,0
"Here, we have characterized the ocular phenotypes of germline ""knock-in"" mice that harbor a human cataract-associated isoleucine-to-methionine mutation (p.I65M) in TRPM3 (Trpm3-mutant) compared with germline ""knock-out"" mice that functionally lack TRPM3 (Trpm3-null).",cataract,isoleucine-to-methionine,0,33484482,6,1363,0.17171987004573908,NO,0
"In conclusion, KLF12, ZNF281 and RELA were identified as the key transcription factors that regulate super-enhancer-controlled genes related to glucose metabolism in PDTC.",ZNF281,glucose,1,36121916,5,5047,0.7818139583482387,YES,1
Durable response to afatinib rechallenge in a long-term survivor of non-small cell lung cancer harboring EGFR L858R and L747V mutations.,afatinib,L747V,1,36193787,5,6184,0.9078253113268788,YES,1
CYP2C19-rs4986893 confers risk to major depressive disorder and bipolar disorder in the Han Chinese population whereas ABCB1-rs1045642 acts as a protective factor.,rs4986893,bipolar disorder,1,36698099,6,11833,0.9925786893714975,YES,1
"We have found that the amino acid substitutions, R2289A, R2297A, and K2301A, also reverted the dominant negative phenotype as well as allowed enhanced eIF2alpha phosphorylation, as found previously for the R2259A substitution.",R2297A,R2259A,0,36441697,5,9916,0.6523033383906143,YES,1
"Repeated treatment with combined 5-Fu, cisplatin, and paclitaxel induced cross-resistance against TMZ and EP.",paclitaxel,EP,1,36660193,5,11486,0.5106089051230011,YES,1
"Activated SGK3 can activate ion channels (TRPV5/6, SOC, Kv1.3, Kv1.5, Kv7.1, BKCa, Kir2.1, Kir2.2, ENaC, Nav1.5, ClC-2, and ClC Ka), carriers and receptors (Npt2a, Npt2b, NHE3, GluR1, GluR6, SN1, EAAT1, EAAT2, EAAT4, EAAT5, SGLT1, SLC1A5, SLC6A19, SLC6A8, and NaDC1), and Na+/K+-ATPase, promoting the transportation of calcium, phosphorus, sodium, glucose, and neutral amino acids in the kidney and intestine, the absorption of potassium and neutral amino acids in the renal tubules, the transportation of glutamate and glutamine in the nervous system, and the transportation of creatine.",Kir2.2,GluR6,0,36531961,37,14745,0.05603551896123502,NO,0
"Allergy symptoms, serum ovalbumin-specific IgE, histamine, eosinophils, goblet cells, and type 2 cytokine secretion were increased in ovalbumin-treated mice.",Allergy,ovalbumin,1,36571426,4,10956,0.4148424977015133,NO,0
"Among these single nucleotide polymorphisms, rs429358, located in APOE gene was associated with diverse age-related diseases, such as Alzheimer's disease, coronary artery disease, age-related degenerative macular diseases, and cognitive decline.",APOE,age-related degenerative macular diseases,1,36276968,6,7298,0.9439251329418697,YES,1
"Therefore, MMP-2 and MMP-9 might represent novel pharmacological targets for the treatment of H2S and other hazard gases induced ALI.",H2S,ALI,1,24722316,4,133,0.9023364858450165,YES,1
"The effect of ginsenoside Rg1 on VED, oxidative stress, mitochondrial dysfunction, and the expression levels of calpain-1, PP2A and p-eNOS were detected both in vivo and in vitro.",VED,calpain-1,1,36644390,6,15616,0.054130643387240586,NO,0
"We also found that either TSH or NAC enhanced PKA, Akt, mTORC, AMPK, Sirtuins, PGC1alpha, NRF-2, mitofusin-2, TFAM and catalase in the N-TSHR-mAb stressed cells.",PKA,TSHR,0,34801870,14,13406,0.28513990501480185,NO,0
"Using this multiplexed approach we showed that Vps45 and Rab14 are selective regulators of GLUT4, but Trarg1, Stx6, Stx16, Tbc1d4 and Rab10 knockdown affected both GLUT4 and TfR translocation.",Vps45,Rab10,0,36283703,9,7309,0.060898727320053324,NO,0
SARS-CoV-2 reinfection with a virus harboring mutation in the Spike and the Nucleocapsid proteins in Panama.,Spike,Nucleocapsid,0,34107326,3,1978,0.05643320715928665,NO,0
"These data support that silybin, formononetin, and diosmetin inhibit macrophage-associated adipocyte inflammation and lipid accumulation.",formononetin,diosmetin,0,36559664,5,10893,0.0028924507696372415,NO,0
ETS1 is a direct target of miR-206 in ovarian cancer cells.,ETS1,ovarian cancer,1,34659572,3,2690,0.415248010045619,NO,0
Null mutations in the BAFFR gene result in complete BAFFR deficiency and cause a block in B cell development at the transition from immature to mature B cells leading therefore to B lymphopenia and hypogammaglobulinemia.,BAFFR,B lymphopenia,1,36308663,3,7741,0.9854698453466603,YES,1
"Activated SGK3 can activate ion channels (TRPV5/6, SOC, Kv1.3, Kv1.5, Kv7.1, BKCa, Kir2.1, Kir2.2, ENaC, Nav1.5, ClC-2, and ClC Ka), carriers and receptors (Npt2a, Npt2b, NHE3, GluR1, GluR6, SN1, EAAT1, EAAT2, EAAT4, EAAT5, SGLT1, SLC1A5, SLC6A19, SLC6A8, and NaDC1), and Na+/K+-ATPase, promoting the transportation of calcium, phosphorus, sodium, glucose, and neutral amino acids in the kidney and intestine, the absorption of potassium and neutral amino acids in the renal tubules, the transportation of glutamate and glutamine in the nervous system, and the transportation of creatine.",NHE3,EAAT1,0,36531961,37,14915,0.07870880085076505,NO,0
"By using an additive model of inheritance, our moderation analysis showed that PNPLA3 rs738409 significantly modulates the relationship between carbohydrate (%), n-3 PUFAs, total isoflavones, methionine, and choline intakes and fibrosis severity in a dose-dependent, genotype manner.",rs738409,carbohydrate,0,33306506,8,1082,0.901043561162577,YES,1
"These include the following: (1) c.662A > G (p.Asp221Gly) in LDLR, causing heterozygous familial hypercholesterolemia; (2) c.3700_3704del in BRCA1, associated with hereditary breast and ovarian cancer syndrome; (3) c.1528G > C (p.Glu510Gln) in HADHA, seen in long-chain 3-hydroxy acyl-CoA dehydrogenase (LCHAD) deficiency, and (4) c.1032delT in NPHS2, associated with steroid-resistant nephrotic syndrome.",HADHA,NPHS2,0,35971028,12,4597,3.1679836964655615e-05,NO,0
CYP4 subfamily V member 2 (CYP4V2) polymorphisms were associated with ischemic stroke in Chinese Han population.,CYP4 subfamily V member 2,ischemic stroke,1,36437455,2,9801,0.9995899556489279,YES,1
"Activated SGK3 can activate ion channels (TRPV5/6, SOC, Kv1.3, Kv1.5, Kv7.1, BKCa, Kir2.1, Kir2.2, ENaC, Nav1.5, ClC-2, and ClC Ka), carriers and receptors (Npt2a, Npt2b, NHE3, GluR1, GluR6, SN1, EAAT1, EAAT2, EAAT4, EAAT5, SGLT1, SLC1A5, SLC6A19, SLC6A8, and NaDC1), and Na+/K+-ATPase, promoting the transportation of calcium, phosphorus, sodium, glucose, and neutral amino acids in the kidney and intestine, the absorption of potassium and neutral amino acids in the renal tubules, the transportation of glutamate and glutamine in the nervous system, and the transportation of creatine.",Kir2.2,SN1,0,36531961,37,14746,0.021339182666705505,NO,0
"However, our analyses show that lactic acid fermentation levels are preserved by glutaminolysis due to increased malic enzyme-1 expression, promoting enhanced proliferation, invasion, survival, and drug resistance.",lactic acid,malic enzyme-1,1,36142607,2,5381,0.5057397896853802,YES,1
Quinoxalinones as A Novel Inhibitor Scaffold for EGFR (L858R/T790M/C797S),Quinoxalinones,T790M,1,36558033,5,16207,0.8895816701419454,YES,1
"We unveil, for the first time, that high-frequency mutations R346K/S, N439K, G446V, L455F, V483F/A, F486L, F490L/S, Q493L, and S494P might compromise some of mAbs in clinical trials.",V483F/A,Q493L,0,34273397,9,2157,0.0003138133313041486,NO,0
"Mice with knockin of the L973F-IR showed similar alterations in signaling in vivo, and this leaded to decreased insulin sensitivity, a modest increase in growth and decreased weight gain when challenged with high-fat diet.",L973F,weight gain,1,36548088,5,10571,0.8414202055876556,YES,1
"As a result, a total of 101 common active ingredients and 21 key active ingredients of four CPMs were obtained, including quercetin, luteolin, acacetin, kaempferol, baicalein, naringenin, artemisinin, aloe-emodin, which might be medicinal substances for the treatment of COVID-19.",acacetin,kaempferol,0,36388945,10,8820,0.0003884373400953733,NO,0
"Driven by variant main effects, each minor allele of the correlated rs174535, rs174545, and rs3834458 variants at MYRF-FADS1-FADS2 conferred an average 0.83-fold (95% CI, 0.78-0.88) decreased odds of stroke.",rs3834458,stroke,0,36193932,7,6215,0.987066117493185,YES,1
Ginsenoside Rg1 ameliorates chronic intermittent hypoxia-induced vascular endothelial dysfunction by suppressing the formation of mitochondrial reactive oxygen species through the calpain-1 pathway.,Ginsenoside Rg1,vascular endothelial dysfunction,1,36644390,6,15592,0.995985871070775,YES,1
"Genes provided in the present study with genetic variants associated with VTE were FVL (G1691A), Prothrombin (G20210A), MTHFR (C677T, A1298C), PAI-1 (4G/5G), factor VII activating protease (1601G > A), and endothelial protein C receptor (g.6936A_G, c.4600A_G).",G20210A,g.6936A_G,0,36316870,14,8026,0.002787295838996783,NO,0
"Excessive intake of heavy metals, such as arsenic (As), manganese (Mn), mercury (Hg), aluminium (Al), lead (Pb), nickel (Ni), bismuth (Bi), cadmium (Cd), copper (Cu), zinc (Zn), and iron (Fe), is neurotoxic and it promotes neurodegeneration.",manganese,cadmium,0,33412145,14,1281,6.0501626155709865e-05,NO,0
"Furthermore, ATR-MET induced cardiovascular toxicity (increased levels of plasma total cholesterol, HDL-cholesterol, LDL-cholesterol, and triglycerides) with concomitant induction of renal toxicity (increased plasma creatinine and urea levels), and hepatotoxicity (increased plasma bilirubin, alkaline phosphatase, acid phosphatase, alanine aminotransferase and aspartate aminotransferase).",alkaline phosphatase,aspartate aminotransferase,0,36262065,13,7175,0.0018042037174085164,NO,0
This study demonstrated that the diminished expression of LINC00173 might serve as an indicator of DDP-acquired resistance in LUAD.,LINC00173,DDP,1,36627670,3,15506,0.8185151713613297,YES,1
"Mechanistically, LINC00589 serves as a ceRNA platform that simultaneously sponges miR-100 and miR-452 and relieves their repression of tumor suppressors, including discs large homolog 5 (DLG5) and PR/SET domain 16 (PRDM16, a transcription suppressor of mucin4), thereby exerting multiple cancer inhibitory functions and counteracting drug resistance.",LINC00589,miR-452,1,36309503,7,7800,0.9967603955684696,YES,1
"Treatment of obese+sugen rats with empagliflozin improved metabolic syndrome, reduced mitochondrial reactive oxygen species and miR-193b levels, restored NFYA/sGC activity, and prevented EIPH.",obese,reactive oxygen species,1,34157861,10,12966,0.03922457608704617,NO,0
Nitrite levels in media were lower for DDAH1 SNP LCLs compared to DDAH1 WT LCLs (p < 0.05).,Nitrite,DDAH1,1,34151866,2,2064,0.937603987528956,YES,1
"All isolates carried mutant alleles for pfcrt (K76T and N75E), and for pfdhfr (N51I and S108N), while for pfdhps, mutations were observed only for codon A437G (32/73, 43.8%).",N75E,S108N,0,36307852,6,7732,0.21138182544650921,NO,0
"It has nine additional mutations in the S protein compared to BA.2, three of which (W152R, G446S, and R493Q reversion) might contribute to higher transmissibility and immune escape.",G446S,R493Q,0,36320663,3,8090,0.07833199361642955,NO,0
"Relative to control, 10muM THC and 10muM CBD reduced mRNA levels of milk proteins (CSN2 and WAP), lipid synthesizing and glucose transport markers (GLUT 1, HK2, FASN, FABP4, PLIN2 and LPL), as well as whey acidic protein and lipid levels.",CSN2,lipid,0,35976913,12,4636,0.18874310984449247,NO,0
"Both in vivo and in vitro assays demonstrated that C/EBPbeta knockdown significantly suppressed CCI- or LPS/ATP-induced Clec7a upregulation, and subsequently reduced Syk, ERK and JNK phosphorylation, NLRP3 oligomerization, caspase-1 activation, GSDMD expression and pyroptosis, which were markedly reversed by the co-transfection of Clec7a expression vector.",LPS,NLRP3,0,36503542,11,14219,0.7156286603655648,YES,1
"In a pair of DX (COG-N-603x) and PD (COG-N-623x) PDXs established from the same patient, COG-N-623x was less responsive to cyclophosphamide + topotecan than COG-N-603x, but both DX and PD PDXs were responsive to 4-HPR + ABT-199.",cyclophosphamide,ABT-199,0,31484706,6,608,0.17894381432111475,NO,0
"Results: The WWOX-rs13338697-GG genotype was associated with favorable overall survival in cohort-1 patients (P = 0.025), whereas the rs6025211-TT genotype was associated with unfavorable time-to-tumor progression in cohort-1 (P = 0.021) and cohort-1 plus 2 patients (P = 0.008).",rs6025211,tumor,0,36530994,5,14367,0.8492679656565214,YES,1
"Activated SGK3 can activate ion channels (TRPV5/6, SOC, Kv1.3, Kv1.5, Kv7.1, BKCa, Kir2.1, Kir2.2, ENaC, Nav1.5, ClC-2, and ClC Ka), carriers and receptors (Npt2a, Npt2b, NHE3, GluR1, GluR6, SN1, EAAT1, EAAT2, EAAT4, EAAT5, SGLT1, SLC1A5, SLC6A19, SLC6A8, and NaDC1), and Na+/K+-ATPase, promoting the transportation of calcium, phosphorus, sodium, glucose, and neutral amino acids in the kidney and intestine, the absorption of potassium and neutral amino acids in the renal tubules, the transportation of glutamate and glutamine in the nervous system, and the transportation of creatine.",Kir2.2,SLC6A8,0,36531961,37,14754,0.03483560670502891,NO,0
"TPO rs2048722, PTCSC2 rs925489 and SEMA4G rs4919510 polymorphisms were evidently associated with the risk of THCA in the Chinese population, which was affected by age, gender, smoking and drinking consumption.",TPO,PTCSC2,0,36737753,7,12041,0.0507653559129608,NO,0
"The aim of the study was to assess whether polymorphisms of SCL1A2 (rs4354668), SCL6A5 (rs2000959), and SCL6A9 (rs2486001) play a role in the development of MDD and its clinical picture in the Polish population.",SCL1A2,SCL6A5,0,36233781,7,6901,0.0005259057234958298,NO,0
"This study investigated the association of pluripotency factor expression with the clinicopathological characteristics of gastric cancer patients, as well as changes in the expression of these factors upon the stem cell-enriching spheroid culture of gastric cancer cells, regulation of sphere-forming capacity, and response to cisplatin and TRAIL treatments by Nanog and KLF4.",gastric cancer,Nanog,1,36661504,6,11503,0.3395247542858713,NO,0
"Synergy of 4-HPR + ABT-199 was mediated by induction of NOXA via 4-HPR stimulation of reactive oxygen species that induced expression of ATF4 and ATF3, transcription factors for NOXA.",4-HPR,NOXA,1,31484706,6,613,0.9948675608179461,YES,1
A case of HCC successfully treated with infliximab-steroid sequential therapy for small bowel perforation due to atezolizumab/bevacizumab combination therapy.,HCC,atezolizumab,1,36224043,6,6575,0.36743938188225045,NO,0
"We also found that either TSH or NAC enhanced PKA, Akt, mTORC, AMPK, Sirtuins, PGC1alpha, NRF-2, mitofusin-2, TFAM and catalase in the N-TSHR-mAb stressed cells.",TFAM,mAb,0,34801870,14,13459,0.16539129576167377,NO,0
"We identified one new risk variant rs61204179 (Pcombined = 1.47 x 10-9) with low allele frequency, four previously reported risk variants (NUCKS1/RAB29-rs11557080, SNCA-rs356182, FYN-rs997368, and VPS13C-rs2251086), as well as three risk variants in LRRK2 coding region (A419V, R1628P, and G2385R) with genome-wide significance (P < 5 x 10-8) for PD in Chinese population.",rs2251086,R1628P,0,36759515,15,12243,0.004158496234691565,NO,0
Disruption of C/EBPbeta-Clec7a axis exacerbates neuroinflammatory injury via NLRP3 inflammasome-mediated pyroptosis in experimental neuropathic pain.,Clec7a,neuropathic pain,1,36503542,5,14152,0.7955676814318366,YES,1
"TSP1 protein was upregulated and COL6A3 was down-regulated in TM cells with N700S subject to mechanical stretch, an in vitro method that mimics elevated IOP.",TSP1,IOP,1,34143713,4,2033,0.10478230166333023,NO,0
Induction of BVR-A Expression by Korean Red Ginseng in Murine Hippocampal Astrocytes: Role of Bilirubin in Mitochondrial Function via the LKB1-SIRT1-ERRalpha Axis.,SIRT1,ERRalpha,1,36139815,7,5194,0.8947605205596353,YES,1
"This pre-clinical investigation reveals that C/EBPbeta-Clec7a axis may be a potential target for relieving neuropathic pain through alleviating neuroinflammation, paving its way for clinical translation as a promising approach for neuropathic pain therapy.",C/EBPbeta,neuropathic pain,1,36503542,4,14251,0.952057349044128,YES,1
"SBT preserved physiological concentration of antioxidant enzymes (CAT, POD, SOD and GSH) in cartilage homogenates and ISO inhibited IL-1beta-mediated genotoxicity in arthritic chondrocytes.",IL-1beta,arthritic,1,36188601,6,6146,0.08996796944823714,NO,0
"In comparison, OEA and PEA attenuated the TLR3-induced hyperthermia, although only OEA attenuated the expression of hyperthermia-related genes (IL-1beta, iNOS, COX2 and m-PGES) in the hypothalamus.",hyperthermia,m-PGES,1,34265624,8,13185,0.2935383316285476,NO,0
The spironolactone derivative drospirenone is combined with ethinylestradiol or estetrol in combined oral contraceptives.,spironolactone,drospirenone,1,36744531,4,12156,0.7569333690650609,YES,1
Six women with the OXTR rs2254298 minor allele reported allodynia.,OXTR,allodynia,1,33303340,4,1060,0.9862325090432753,YES,1
"Clinically relevant biallelic genotypes were identified in the PTS (N = 7/14 patients), QDPR (N = 6/14 patients), and PCBD1 (N = 1/14 patients) genes.",PTS,QDPR,0,36313470,4,7899,0.01313680813366496,NO,0
"The triple mutations, K417N-E484K-N501Y, and K417T-E484K-N501Y displayed weaker binding affinity to heparin (-6.6 kcal/mol).",N501Y,heparin,1,35194375,5,3269,0.8628937643612902,YES,1
"Recombinant (r)TFPI and a thiol blocker (5,5'-dithio-bis-(2-nitrobenzoic acid)) prevented S-protein-induced expression and secretion of Factor-V, thrombin, and fibrinogen.",TFPI,Factor-V,0,36142345,7,13580,0.8740200777551613,YES,1
"Q57H and T151I of ORF3a; T21I and W27L of ORF6; G38V, V82A, and T120I of ORF7a; S31P and T40I of ORF7b; and R52I, C61F, and I121L of ORF8 were highly frequent in most variants of concern and were within known functional domains.",ORF7b,ORF8,0,35764775,17,4188,0.00036892537389800173,NO,0
"Six SNPs of ABCB1 (rs3842, rs1045642, rs2032582, rs1128503, rs3213619, and rs3747802), one SNP of CYP3A5 (rs776746), seven SNPs of APOB (rs1042034, rs2163204, rs693, rs679899, rs13306194, rs13306198, and rs1367117), and two SNPs of APOE (rs429358 and rs7412) were analyzed by a TaqMan genotyping assay.",rs3842,rs3747802,0,36145636,20,5482,0.0027048930789225507,NO,0
"KLF4 and Nanog were expressed high in SNU-601, whereas SOX2 was expressed high in SNU-484.",KLF4,SOX2,1,36661504,5,11514,0.24161066387081084,NO,0
"In this study, the ethanol production performance of two cellobiose-fermenting S. cerevisiae strains expressing mutant CDT-2 (N306I) with GH1-1 or CBP were compared with two cellobiose-fermenting S. cerevisiae strains expressing mutant CDT-1 (F213L) with GH1-1 or CBP in the simultaneous saccharification and fermentation (SSF) of cellulose under various conditions.",N306I,cellulose,0,34949751,8,2976,0.024431642415661578,NO,0
Effective management of heavy metal neurotoxicity can be regarded as a potential strategy to prevent or retard neurodegenerative pathologies.,heavy metal,neurodegenerative pathologies,1,33412145,3,1357,0.6556784101799058,YES,1
"The polymorphisms suitable for meta-analysis were CCND1 (rs17852153), COX2 (rs20417), EGF (rs4444903), EGFR (rs712829, rs11543848, 3'UTR CA repeat), FCGR2A (rs1801274), FCGR3A (rs396991), IL8 (rs4073), KRAS (rs61764370) and VEGFA (rs3025039).",rs11543848,rs61764370,0,27897268,19,366,0.0004477045150776456,NO,0
The blood ammonia level of neonatal form citrullinemia was markedly higher than that of other types.,ammonia,citrullinemia,1,36263152,2,7186,0.8019546977010021,YES,1
Identification of a de novo mutation of the FOXG1 gene and comprehensive analysis for molecular factors in Chinese FOXG1-related encephalopathies.,FOXG1,FOXG1-related encephalopathies,1,36568277,2,10899,0.7508586994402754,YES,1
"A phase 1 study was conducted to evaluate the pharmacokinetics, safety, and tolerability of the co-administration of sirolimus or everolimus with the ritonavir-containing 3D regimen of the direct-acting antiviral agents ombitasvir, ritonavir-boosted paritaprevir, and dasabuvir in healthy subjects.",paritaprevir,dasabuvir,1,36416673,6,9300,0.8905639641632961,YES,1
"A 72-year-old man, who received seven courses of atezolizumab/bevacizumab for hepatocellular carcinoma due to hepatitis B, was admitted to our department with idiopathic abdominal pain and diarrhea (grade 2",bevacizumab,hepatocellular carcinoma,1,36224043,7,6611,0.8373374015625141,YES,1
"Here, we showed that replacement of a single amino acid at position 973, just distal to the NPEY motif in the intracellular juxtamembrane region, from leucine, which is highly-conserved in IRs, to phenylalanine, the highly-conserved homologous residue in IGF1Rs, resulted in decreased IRS-1-PI3K-Akt-mTORC1 signaling and increased of Shc-Gab1-MAPK-cell cycle signaling.",IRs,IGF1Rs,0,36548088,9,10531,0.8241075261261618,YES,1
"HHLA2 has an established positive receptor transmembrane and immunoglobulin (Ig) domain containing 2 (TMIGD2) but a poorly characterized negative receptor human killer cell Ig-like receptor, three Ig domains, and long cytoplasmic tail (KIR3DL3).",HHLA2,transmembrane and immunoglobulin (Ig) domain containing 2,1,34244312,4,2085,0.8422620881184932,YES,1
"Our study reveals how P2Y11 harnesses canonical and IL-1R signaling to promote an anti-inflammatory and pro-angiogenic switch of human M2 macrophages, which may be controlled in part by an Epac1-SOCS3 axis.",Epac1,SOCS3,1,36107259,5,4977,0.9917686481813284,YES,1
"Downregulation of apelin and ACE2 and upregulation of SGLT2, endothelin-1 and pro-inflammatory cytokines contribute to SARS-CoV-2-mediated cardiorenal injury, indicating that the apelin-ACE2 signaling and SGLT2 inhibitors are potential therapeutic targets for COVID-19 patients.",endothelin-1,inflammatory,0,34000358,9,12870,0.13872541033749602,NO,0
"Further, knockdown of FoxP1 in lung epithelial cells by RNA interference led to increased mRNA levels for matrix metalloproteinases 1, 2, 3 and pro-inflammatory cytokines IL-6 & IL-8, as well as reduced cell viability after exposure to cigarette smoke-all processes implicated in the pathogenesis of COPD and IPF.",FoxP1,"matrix metalloproteinases 1, 2, 3",1,36221131,7,6550,0.940766496195576,YES,1
"alpha-Syn aggregation results in the formation of Lewy bodies (LB) that further contribute to neuronal damage through lipid bilayer penetration, calcium ion (Ca2+) influx, oxidative stress and damage to the blood brain barrier (BBB).",neuronal damage,calcium ion,0,35090325,4,13519,0.817003160797405,YES,1
"We have found that the amino acid substitutions, R2289A, R2297A, and K2301A, also reverted the dominant negative phenotype as well as allowed enhanced eIF2alpha phosphorylation, as found previously for the R2259A substitution.",K2301A,R2259A,0,36441697,5,9917,0.5345935632393847,YES,1
"Activated SGK3 can activate ion channels (TRPV5/6, SOC, Kv1.3, Kv1.5, Kv7.1, BKCa, Kir2.1, Kir2.2, ENaC, Nav1.5, ClC-2, and ClC Ka), carriers and receptors (Npt2a, Npt2b, NHE3, GluR1, GluR6, SN1, EAAT1, EAAT2, EAAT4, EAAT5, SGLT1, SLC1A5, SLC6A19, SLC6A8, and NaDC1), and Na+/K+-ATPase, promoting the transportation of calcium, phosphorus, sodium, glucose, and neutral amino acids in the kidney and intestine, the absorption of potassium and neutral amino acids in the renal tubules, the transportation of glutamate and glutamine in the nervous system, and the transportation of creatine.",GluR6,calcium,0,36531961,37,14964,0.3539946798143581,NO,0
Chromosome 2 Fragment Substitutions in Dahl Salt-Sensitive Rats and RNA Sequencing Identified Enpep and Hs2st1 as Vascular Inflammatory Modulators.,Salt,Enpep,0,33161775,5,930,0.006580287351736576,NO,0
"Excessive intake of heavy metals, such as arsenic (As), manganese (Mn), mercury (Hg), aluminium (Al), lead (Pb), nickel (Ni), bismuth (Bi), cadmium (Cd), copper (Cu), zinc (Zn), and iron (Fe), is neurotoxic and it promotes neurodegeneration.",heavy metals,nickel,0,33412145,14,1256,0.2886348117621807,NO,0
"The only m6A ""reader"" found to be involved in this pathway was IGF2BP2 (IMP2), and IMP2 occupancy of Cebpd and Cebpb mRNA was enhanced by m6A modification.",m6A,IGF2BP2,1,34215679,4,13063,0.899699100820454,YES,1
"and c.1009 G > A, p.Val337Ile) in a 5 year old male child with autism spectrum disorder (ASD) and developmental delay.",c.1009 G > A,developmental delay,1,33660564,3,1567,0.8385692402209441,YES,1
We have also shown that the mitochondria-targeted antioxidant SkQ1 (Plastoquinolyl-10(6'-decyltriphenyl)phosphonium) prevented tumor necrosis factor (TNF)-induced cytokine storm and death in mice.,SkQ1,cytokine storm,1,36406976,5,13979,0.9887883351353649,YES,1
Cc > V11I Cc > Q12M > D50A >,V11I,Q12M,0,36552779,4,10743,0.7813926070407117,YES,1
"For this purpose, we genotyped exon2, exon5 (C540T and C588T), exon7 (T813C), exon8 (K289M), and exon9 of GABRG2 gene by restriction fragment length polymorphism and Sanger's sequencing in 87 drug-responsive idiopathic generalized epilepsy patients, 55 drug-resistant epilepsy patients, and 83 healthy controls.",C540T,C588T,0,36425336,8,9601,0.02163966348017077,NO,0
"Background: Pterin profiles or molecular analyses of hyperphenylalaninemia (HPA) caused by phenylalanine hydroxylase (PAH) deficiency or tetrahydrobiopterin deficiency (BH4D) are not always available in low- or middle-income countries, including Mexico, limiting information regarding the phenotypic and genotypic characteristics of patients exhibiting BH4D. Objective: To report the genotypes underlying BH4D and the clinical presentation in unrelated Mexican HPA pediatric patients with normal PAH genotypes who attended a single metabolic reference center in Mexico.",hyperphenylalaninemia,PAH,1,36313470,4,7892,0.9082365483480925,YES,1
HeLa cell clones expressing different IL-10R1 haplotypes (WT or any variant) were incubated with hIL-10 or cmvIL-10.,hIL-10,cmvIL-10,1,19016528,4,9,0.46878417631410013,NO,0
"CONCLUSIONS: The ANGPTL6 rs8112063, FOXO3 rs4946936, DOCK6 rs737337, and rs17699089 nucleotide variants are predictors of survival in patients undergoing HD.",rs8112063,rs17699089,0,36143124,8,5428,0.06646850299593807,NO,0
"However, knockdown of RAMP1 mRNA increases the interaction between CALCRL and RAMP3 without affecting the association of CALCRL and RAMP2.",RAMP1,RAMP3,1,27784654,4,245,0.18678167268886017,NO,0
"Using high-performance liquid chromatography (HPLC)-tandem mass spectrometry (LC-MS/MS), we found that MYC increased intracellular levels of tryptophan and tryptophan metabolites in the kynurenine pathway.",MYC,kynurenine,1,31416966,3,526,0.5562838152471543,YES,1
"TPO rs2048722, PTCSC2 rs925489 and SEMA4G rs4919510 polymorphisms were evidently associated with the risk of THCA in the Chinese population, which was affected by age, gender, smoking and drinking consumption.",rs2048722,rs925489,0,36737753,7,12044,0.0990049153653005,NO,0
"Alpha Lipoic Acid and Monoisoamyl-DMSA Combined Treatment Ameliorates Copper-Induced Neurobehavioral Deficits, Oxidative Stress, and Inflammation.",Alpha Lipoic Acid,Monoisoamyl-DMSA,1,36548551,5,10576,0.9982036960858094,YES,1
"Next, we observed enhanced colocalization of NLRP3 vs. adaptor protein ASC or caspase-1 in the carotid ECs of WD-treated Smpd1trg/ECcre mice, but not in their control littermates.",NLRP3,Smpd1,1,36252682,5,6931,0.011889645147970904,NO,0
"Particularly in neutrophils, DEX injection inhibited p65-NFkappaB activation and elevated glycogen and ATP contents and SGLT1, GLUT1 and GR expression while inhibiting PFK1 activity, enhancing G6PDH activity and CS expression and lowering cell autophagy levels.",GLUT1,G6PDH,0,36174980,10,5989,0.02422328981065955,NO,0
"We have previously identified and validated a germline single nucleotide polymorphism, rs28714259, associated with an increased risk of anthracycline-induced heart failure.",rs28714259,heart failure,1,36418322,3,9319,0.9986575052642676,YES,1
"Functional dissection of the enhancer demonstrated co-dependency of the RelA/p65 and CEBPB binding motifs that, together, increase IL20RA and IFNGR1 expression and decreased TNFAIP3 expression in the context of the TNFAIP3 SLE risk haplotype through dynamic long-range interactions up- and downstream.",IFNGR1,TNFAIP3,1,36199584,6,6298,0.27152521617681064,NO,0
"The membrane excitatory amino acid transporter 2 (EAAT2), encoded by SLC1A2, is responsible for the uptake and redistribution of synaptic glutamate.",excitatory amino acid transporter 2,glutamate,1,36233781,2,6894,0.9946214639674881,YES,1
"1,055 patients were treated with XELOX +-cetuximab and 745 with folinic acid, fluorouracil and oxaliplatin +-cetuximab.",XELOX,oxaliplatin,0,35467766,6,3634,0.5228740846143725,YES,1
"No unique factor was correlated with aggressiveness; however, CNA-positive thyroid nodules that were associated with high-risk mutations such as BRAF V600E, TP53, NTRK1/3 fusion, or PTEN mutation with high allele frequency (AF) ended up being aggressive cancers.",BRAF,TP53,0,36551633,7,10672,0.015257435716783653,NO,0
"Mechanistically, cultured PA smooth muscle cells from obese rats and humans with diabetes or treated with palmitic acid, glucose, and insulin showed increased mitochondrial reactive oxygen species, which enhanced miR-193b-dependent RNA degradation of nuclear factor Y alpha subunit (NFYA), resulting in decreased sGCbeta1-cGMP signaling.",obese,palmitic acid,0,34157861,12,12911,0.006262132455865445,NO,0
"The biochar addition to the soil was 25 g kg-1 (non-biochar, solid biochar, H2O2, KOH, and H3PO4-modified biochars).",biochar,H3PO4,1,36578343,4,10997,0.8144718875457319,YES,1
"We propose a potential pleiotropic role for common variation in CACNA1C and KCNH2 associated with CADF in schizophrenia patients, independent of antipsychotic medication, that predisposes them to cardiac arrhythmias and premature death.",KCNH2,CADF,1,36421807,7,9552,0.9210876895957191,YES,1
Promoting Role of Long Non-Coding RNA Small Nucleolar RNA Host Gene 15 (SNHG15) in Neuronal Injury Following Ischemic Stroke via the MicroRNA-18a/CXC Chemokine Ligand 13 (CXCL13)/ERK/MEK Axis.,Ischemic Stroke,MicroRNA-18a,1,32862188,7,743,0.7846597157044747,YES,1
"Klotho-deficient serum promoted BMP2/vitamin D3-induced protein expression of PIT2 and RUNX2, phosphorylation of SMAD1/5/8 and SMAD2/3, and extracellular matrix calcification.",vitamin D3,SMAD1/5/8,0,34368951,8,2288,0.6867203712172034,YES,1
"PKCdelta deficiency should be considered in young patients with CGD-like clinical manifestations and abnormal DHR assay results, even in the absence of clinical and biological manifestations of autoimmunity.",PKCdelta deficiency,DHR,0,35585372,4,3747,0.8586379326938459,YES,1
"The expression levels of the N120Q and N272Q mutants were approximately 35.9% and 24% of the FSHG-wt, respectively.",N120Q,N272Q,0,36361582,3,8465,0.5009110217521745,YES,1
"Treatment of obese+sugen rats with empagliflozin improved metabolic syndrome, reduced mitochondrial reactive oxygen species and miR-193b levels, restored NFYA/sGC activity, and prevented EIPH.",obese,empagliflozin,0,34157861,10,12965,0.13910797456365884,NO,0
"SNP-SNP interactions involving CRISPLD2 variants and rs1046117 (FOS), rs3769825 (CASP8) and rs243836 (MMP2) yielded several significant p values, mostly driven by FOS rs1046117 and CASP8 rs3769825 in NSCL+-P, FOS rs1046117 in NSCLO and CRISPLD2 rs8061351 in NSCLP.",CASP8,NSCLO,0,36661544,10,16440,0.27761865289405896,NO,0
"Pemetrexed (PEM), which is commonly used following EGFR-TKI treatment failure, was identified as an effective potentiator of STING-dependent TBK1-IRF3-STAT1 signaling in MET-amplified, EGFR-TKI-resistant cells.",TBK1,IRF3,0,36066413,7,4809,0.9795018036203977,YES,1
"Despite preclinical success, monotherapies targeting EGFR or cyclin D1-CDK4/6 in Head and Neck squamous cell carcinoma (HNSCC) have shown a limited clinical outcome.",CDK4/6,Head and Neck squamous cell carcinoma,1,33878394,4,1789,0.6372514985370583,YES,1
"Administrative databases in Alberta, Canada were used to evaluate EGFR testing and mutation prevalence in de novo metastatic NSCLC, as well as the characteristics, treatment patterns, and outcomes of individuals with Exon 19, L858R and Exon20ins mutations.",L858R,Exon20ins,0,36290844,4,7381,0.013913768797363153,NO,0
"Here, we showed that replacement of a single amino acid at position 973, just distal to the NPEY motif in the intracellular juxtamembrane region, from leucine, which is highly-conserved in IRs, to phenylalanine, the highly-conserved homologous residue in IGF1Rs, resulted in decreased IRS-1-PI3K-Akt-mTORC1 signaling and increased of Shc-Gab1-MAPK-cell cycle signaling.",IRs,Gab1,0,36548088,9,10537,0.011129278400321106,NO,0
"While similar, individuals with the TUBB3 R262H syndrome can be distinguished from individuals with the TUBB3 E410K syndrome by the presence of congenital and acquired joint contractures, an earlier onset peripheral neuropathy, impaired gait, and basal ganglia malformations.",E410K,peripheral neuropathy,1,34652576,7,2560,0.7539869125425102,YES,1
"Genetic ACE2 deletion resulted in upregulation of pro-inflammatory cytokines containing IL-1beta, IL-6, IL-17 and tumor necrosis factor alpha.",IL-1beta,IL-17,0,34000358,6,12836,0.003440000194121849,NO,0
"Ginsenoside Rg1 is thought to against endothelial cell dysfunction, but the potential mechanism of CIH-induced VED remains unclear.",Ginsenoside Rg1,VED,1,36644390,3,15609,0.3979637203105319,NO,0
"Brentuximab vedotin was delivered on days 1 and 8 at either 1 2 mg/kg (dose level 1) or 1 5 mg/kg (dose level 2) intravenously (capped at 150 mg) with standard dosing of ICE on days 1-3 (ifosfamide 5 g/m2 plus mesna 5 g/m2 intravenously over 24 h on day 2, carboplatin area under the curve 5 on day 2 in one intravenous injection, and etoposide 100 mg/m2 on days 1-3 in one intravenous injection per day) for two 21-day cycles.",Brentuximab vedotin,etoposide,1,34329577,6,13251,0.9810697255813534,YES,1
"Specially, confounding factors (age, gender, smoking and drinking status) might affect the relationship between rs1398007 and IS susceptibility.",rs1398007,IS,1,36437455,2,9808,0.8492307416674301,YES,1
IL-6 activates the trans-signaling pathway via the formation of the IL-6/sIL-6Ra/gp130 receptor complex and subsequent activation of the JAK/STAT3 signaling pathway and PI3K/AKT and MEK/ERK kinases in some cases.,IL-6,gp130 receptor,1,36406976,9,13940,0.9880244135125602,YES,1
We have also shown that the mitochondria-targeted antioxidant SkQ1 (Plastoquinolyl-10(6'-decyltriphenyl)phosphonium) prevented tumor necrosis factor (TNF)-induced cytokine storm and death in mice.,tumor necrosis factor,death,0,36406976,5,13982,0.9400203699011519,YES,1
"Distinct homozygous mutations in CBLB were identified in 3 unrelated children with early-onset autoimmunity, one of whom also had chronic urticaria.",CBLB,chronic urticaria,1,36006710,3,4688,0.7373867312573434,YES,1
"Here, by treating neuroblastoma SK-N-SH cells with neurotoxin MPP+, upregulation and aggregation of TPC6ADelta, along with aggregation of TIAF1, SH3GLB2, Abeta, and tau, occurred.",TPC6ADelta,tau,0,36498839,9,14100,0.69526908176025,YES,1
"This was evidenced by elevated levels of autophagy related proteins including beclin 1, LC3A, LC3B, ULK1, p62, and also activated pink and perkin mitophagy related proteins.",LC3A,pink and perkin mitophagy related proteins,0,34801870,7,13365,0.13134592616404328,NO,0
"Case presentation: A 33-year-old woman presented with fever, maculopapular rashes, hypereosinophilia, and hepatic involvement, which occurred 4 weeks after a fixed-dose combination of first-line ATD containing rifampicin, isoniazid, pyrazinamide, and ethambutol.",rifampicin,pyrazinamide,1,36147124,9,5629,0.8048731483845031,YES,1
"AMPD1 (rs17602729), ACE (rs4646994), ACTN3 (rs1815739), CKM (rs8111989) and MLCK (rs2849757 and rs2700352) polymorphisms were genotyped by using Single Nucleotide Primer Extension (SNPE).",AMPD1,ACE,0,36468031,11,9997,0.007874360310396632,NO,0
"We create eight mutants with single substitutions at one of the four positions Ala2, Phe4, Tyr10, and Val12 to decrease the hydrophobicity at respective positions (A2T, A2S, F4A, F4S, Y10A, Y10S, V12A, and V12S) and one mutant (Y10F) to remove the polar nature of Tyr10.",F4A,Y10F,0,36411082,9,9263,0.002495657499574265,NO,0
"The results showed that the levels of gene and protein catalyzing lipogenesis were increased (SREBP1, ACC1 and FAS), while those catalyzing lipolysis were decreased (ATGL, HSL and ZAG), accompanied by dyslipidemia, insulin resistance and hepatic fat accumulation, and there were higher expression of TLR4 and NF-kappaB protein and lower expression of ERalpha protein in liver, and increased serum IL-17 and TNF-alpha levels in fructose and/or BPA exposed rats compared with controls.",ZAG,BPA,1,31661889,16,12740,0.2529845337335832,NO,0
"The N-TSHR-mAb also activated cytochrome-C, Bax, caspase-9, caspase-3A, and had less effect on FADD or caspase-8 indicating activation of the intrinsic pathway for apoptosis.",TSHR,caspase-9,0,34801870,8,13467,0.3533085603276065,NO,0
"The impact of estetrol is less pronounced, and for 17-beta-estradiol/drospirenone and drospirenone-only, decreased triglyceride and cholesterol levels were observed.",17-beta-estradiol,drospirenone,1,36744531,5,12169,0.9242488026004109,YES,1
"Here we describe in vitro analysis of these G3BP1 affinities, and show tryptophan substitutions of specific G3BP1 residues reduce its affinity for both USP10 and Caprin1.",tryptophan,Caprin1,0,36183834,4,6086,0.5281838946784772,YES,1
"The results showed that the application of biochar and especially chemically modified biochars reduced fluoride (about 15-37%) and cadmium (30-52%) contents in mint leaves, while increased soil pH and cation exchange capacity (CEC), nitrogen (12-35%), phosphorus (16-59%), potassium (17-52%), calcium (19-47%), magnesium (28-77%), iron (37-114%), zinc (45-226%), photosynthetic pigments of leaves and plant biomass (about 10-25%) under toxic conditions.",fluoride,iron,0,36578343,11,11016,0.007263780050767949,NO,0
"In summary, the four CPMs may play a role in the treatment of COVID-19 by binding flavonoids such as quercetin, luteolin, and acacetin to target proteins such as ACE2, 3CLpro, and S protein and acting on TNF, IL6, IL1B, CXCL8, and other targets to participate in broad-spectrum antiviral, immunomodulatory and inflammatory responses.",ACE2,IL6,0,36388945,14,8968,0.0097871443651693,NO,0
Five SNPs in GTF2H1 and four SNPs in RAD54L2 in 506 patients with lung cancer and 510 age-and gender-matched healthy controls were genotyped via the Agena MassARRAY platform.,GTF2H1,lung cancer,1,36384536,4,8672,0.48542547504314776,NO,0
The aim of this study was to investigate whether combined exposure to fructose and bisphenol A (BPA) has a synergistic effect on abnormal lipid metabolism in the liver of developmental male rats and its possible mechanism.,fructose,bisphenol A,1,31661889,4,12575,0.9762330954961898,YES,1
"Our study is the first in the Brazilian population to reveal the association of FOS rs1046117 with NSCLO risk, and to support that CRISPLD2, CASP8, FOS and MMP2 interactions may be related to the pathogenesis of this common craniofacial malformation.",FOS,NSCLO,1,36661544,7,16448,0.9979470869337472,YES,1
"Expressions of surface markers associated with MSCs (THY1, CD34, CD73, CD271, CD54, CD44, and CD29) were evaluated in fleshly isolated SF subsets by flow cytometry.",CD271,CD29,0,35168627,7,3183,0.02082342706044332,NO,0
"The purine metabolites such as inosine, guanosine, hypoxanthine, and xanthine were increased in patient serum.",guanosine,xanthine,0,36711025,6,11889,0.002230594357239034,NO,0
Our findings identify PDE4DIP as a novel gene for slow AF and unravel its epistatic interaction with DES mutations in development of conduction disease and arrhythmia.,PDE4DIP,arrhythmia,1,34289528,5,2247,0.9821974078706066,YES,1
Clinical dexamethasone (DEX) treatment or stress in bovines results in extensive physiological changes with prominent hyperglycemia and neutrophils dysfunction.,dexamethasone,neutrophils dysfunction,1,36174980,4,5852,0.9910559686636681,YES,1
"Overall, these findings confirm the fixation of chloroquine and pyrimethamine-resistant alleles already described in the literature, implying that these drugs are not currently appropriate for use in Colombia.",chloroquine,pyrimethamine,0,36307852,2,7737,0.4749925051266963,NO,0
Abnormal apelin-ACE2 and SGLT2 signaling contribute to adverse cardiorenal injury in patients with COVID-19.,apelin,COVID-19,1,34000358,6,12782,0.8349402168795856,YES,1
"Using next-generation sequencing, we detected mutations in the CTC1 gene in our patient, who had chief complaints of fatigue and abdominal distension complicated by severe thrombocytopenia and consumptive coagulopathy.",CTC1,fatigue,1,36761951,6,12337,0.1955006312035287,NO,0
"Western blot was performed to detect Cyclin D1, PCNA, MMP-2, MMP-9, inflammatory factors TNF-alpha, IL-1beta, IL-4, IL-10, IL-13, and",Cyclin D1,IL-4,0,36593749,10,15203,0.0010555371452238887,NO,0
"Only afatinib, neratinib, and zanubrutinib covalently bond at the active site like the KRASG12C inhibitors in the KRASG12C protein (PDB ID: 6OIM).",afatinib,KRAS,1,36614109,5,11226,0.9025641858954767,YES,1
"Variants in TPO rs2048722, PTCSC2 rs925489 and SEMA4G rs4919510 affect thyroid carcinoma susceptibility risk.",rs4919510,thyroid carcinoma,1,36737753,7,12008,0.9967331774676171,YES,1
Targeting relationships between miR-18a and SNHG15 or CXCL13 were validated by luciferase assays.,miR-18a,SNHG15,1,32862188,3,760,0.9785578373978767,YES,1
"These results suggest a pathogenic role of the variant rs190708267 (miR-155) in BRCA 1/2 negative BC, conferring susceptibility and promoting traits of aggressiveness.",rs190708267,BC,1,36499743,4,10231,0.9765466681879298,YES,1
"Effects of 15 torsadogenic hERG blocking drugs (astemizole, chlorpromazine, cisapride, droperidol, ibutilide, dofetilide, haloperidol, moxifloxacin, pimozide, quinidine, risperidone, sotalol, sertindole, terfenadine, and thioridazine) were assessed by telemetry in beagle dogs.",astemizole,dofetilide,0,35751378,17,3914,0.0020009270073679973,NO,0
"Mutational analysis detected 18,261 mutations in the omicron variant, majority of which were non-synonymous mutations in spike (A67, T547K, D614G, H655Y, N679K, P681H, D796Y, N856K, Q954H), followed by RNA dependent RNA polymerase (rdrp) (A1892T, I189V, P314L, K38R, T492I, V57V), ORF6 (M19M) and nucleocapsid protein (RG203KR).",A1892T,I189V,0,35367284,21,3479,0.009326568417677008,NO,0
"In the primary analysis, each copy of the minor allele of rs34536443, representing partial TYK2 inhibition, was associated with an increased risk of lung cancer (OR 1.15, 95% CI 1.09-1.23, P = 2.29 x 10-6 ) and non-Hodgkin lymphoma (OR 1.18, 95% CI 1.05-1.33, P = 5.25 x 10-3 ).",rs34536443,lung cancer,0,35747941,4,3884,0.9994887610801977,YES,1
"We sought to assess the influence of the O6-methylguanine-DNA methyltransferase (MGMT) promoter methylation on response and progression-free survival (PFS) following initiation of irinotecan and temozolomide (IT), PFS following initiation of vincristine, doxorubicin, and cyclophosphamide alternating with ifosfamide and etoposide (VDC-IE), and overall survival (OS).",temozolomide,IT,1,36523794,10,10354,0.9456360070854329,YES,1
Background: Interleukin-6 (IL-6)/soluble IL-6 receptor (sIL-6R) promotes peritoneal angiogenesis by stimulating SP4-mediated vascular endothelial growth factor (VEGF) production in peritoneal dialysis (PD).,Interleukin-6,vascular endothelial growth factor,0,36619221,4,15320,0.9731711329447742,YES,1
"Using drug uptake and cellular heme fractionation assays we report that the F145I, M343L, and G353V PfCRT mutations differentially impact PPQ and chloroquine efflux.",M343L,G353V,0,36306287,7,7706,0.3215724331937772,NO,0
"We observed a significant association between the ARNTL-rs7924734, ARNTL-rs10832027, VRK2- rs2678902 SNPs, and CLOCK gene expression; the PER3-rs228642 and PER3-rs10127838 were related to PER1 expression, and the ARNTL-rs10832027, ARNTL-rs11022778, and MNTR1B-rs10830963 were associated with VRK2 gene expression (p < 0.05).",ARNTL,PER3,1,36143969,12,5438,0.004083661740249272,NO,0
"The obtained data demonstrated that genistein and lycopene but in particular their association might prevent GC's adverse effects, thus stimulating bone formation and reducing bone resorption, improving bone structure and microarchitecture, through different molecular pathways, such as the Wnt/beta-catenin and the Nrf-2 signaling.",genistein,beta-catenin,1,36296984,5,7511,0.47955779788555475,NO,0
"The results showed that the levels of gene and protein catalyzing lipogenesis were increased (SREBP1, ACC1 and FAS), while those catalyzing lipolysis were decreased (ATGL, HSL and ZAG), accompanied by dyslipidemia, insulin resistance and hepatic fat accumulation, and there were higher expression of TLR4 and NF-kappaB protein and lower expression of ERalpha protein in liver, and increased serum IL-17 and TNF-alpha levels in fructose and/or BPA exposed rats compared with controls.",FAS,BPA,1,31661889,16,12710,0.43862108480827544,NO,0
"Zfra, a 31-amino-acid zinc finger-like WWOX-binding protein, is known to restore memory deficits in 9-month-old triple-transgenic (3xTg) mice by blocking the aggregation of TPC6ADelta, SH3GLB2, tau, and amyloid beta, as well as inflammatory NF-kappaB activation.",tau,NF-kappaB,0,36498839,9,14135,0.084080150936031,NO,0
"T and c.871G > A. Seven rare single variants (c.25C > T, c.152C > T, c.406C > T, c.497G > A, c.679C > T, c.854G > A and c.1057C > T) and two rare multiple variants (IVS-5 637/638T del/c.1311C >",c.152C > T,c.497G > A,0,36212142,9,6473,0.0036446090746402064,NO,0
"The aPD-L1 collaborated with TAK228 restrains melanoma cell-intrinsic PD-1: PD-L1 tumorigenic interaction via blocking melanoma-PD-L1 ligand and the melanoma-PD-1 receptor-driven mTOR signaling; corresponding downregulation of mTOR downstream protumorigenic cellular MYC and proangiogenic hypoxia-inducible factor 1-alpha is conducive to preventing tumorigenesis and angiogenesis, respectively.",PD-L1,MYC,0,36203954,7,6371,0.5692141869628824,YES,1
"Genes provided in the present study with genetic variants associated with VTE were FVL (G1691A), Prothrombin (G20210A), MTHFR (C677T, A1298C), PAI-1 (4G/5G), factor VII activating protease (1601G > A), and endothelial protein C receptor (g.6936A_G, c.4600A_G).",G1691A,1601G > A,0,36316870,14,8016,0.000793307550802087,NO,0
"Ethinylestradiol, an inhibitor of CYP metabolic enzymes, changes the pharmacokinetics of drospirenone, leading to a higher drospirenone exposure with ethinylestradiol/drospirenone compared to the drospirenone-only preparation.",CYP,drospirenone,1,36744531,3,12164,0.13333966989020393,NO,0
"Overall, we report six genetic variants of ADIPOQ, FTO and LEPR genes as obesity-risk markers and a CETP gene variant as lean mass/obesity protective marker in studied Pakistani cohort.",LEPR,CETP,0,36126070,5,5105,0.0004345612634907441,NO,0
"Guanosine accelerated the malignant progression of ICC inhibition of purine metabolism-related genes, PPAT and IMPDH2, suppressed the malignant phenotype in HCCC-9810 cells, and inhibited tumor growth.",Guanosine,ICC,1,36711025,7,11945,0.24698033429330174,NO,0
"With flumazenil blocking classical high-affinity extracellular benzodiazepine site effects, modulation of GABA-activated currents by diazepam, midazolam and flurazepam was measured electrophysiologically in wildtype and M2-15' mutant alpha1 beta3 gamma2L GABAA receptors.",midazolam,gamma2L,1,34386973,10,2444,0.36669636884002466,NO,0
"The distribution of allelic frequencies in the AMPD1 and MLCK c.37885C>A polymorphisms were different between non-injured and injured soccer players (p < 0.001 and p = 0.003, respectively).",c.37885C>A,injured,1,36468031,4,10025,0.8228731883542454,YES,1
"SNP-SNP interactions involving CRISPLD2 variants and rs1046117 (FOS), rs3769825 (CASP8) and rs243836 (MMP2) yielded several significant p values, mostly driven by FOS rs1046117 and CASP8 rs3769825 in NSCL+-P, FOS rs1046117 in NSCLO and CRISPLD2 rs8061351 in NSCLP.",CRISPLD2,FOS,1,36661544,10,16420,0.8364563319450263,YES,1
"Our results showed that (i) the sequences were grouped into two clusters (L and R); the R cluster was dominant, its proportion increased over time and was higher in the high-vaccine-coverage areas; (ii) genetic diversities in the countries/regions with low vaccine coverage were higher than those in the ones with high vaccine coverage; (iii) unique mutations and co-mutations were detected in different countries/regions; in particular, common co-mutations were exhibited in highly occurring frequencies in the areas with high vaccine coverage and presented in increasing frequencies over time in the areas with low vaccine coverage; (iv) five sites on the S protein were under strong positive selection in different countries/regions, with three in non-C to U sites (I95T, G142D and T950N), and the occurring frequencies of I95T in high vaccine coverage areas were higher, while G142D and T950N were potentially immune-pressure-selected sites; and (v) mutation at the N6-methyladenosine site 4 on ORF7a (C27527T, P45L) was detected and might be caused by immune pressure.",G142D,P45L,0,36298851,7,7585,0.001870092681184299,NO,0
"Moreover, rs1053094 and rs56413992 were associated with IS risk in males.",rs56413992,IS,1,36437455,3,9811,0.9988334066787853,YES,1
"The effects of ALA on glucose metabolism, mitophagy, and the activation of LF were also investigated in vivo.",ALA,glucose,1,36635651,2,15546,0.88140551233239,YES,1
"Silencing WWOX to mimic low WWOX protein expression in HCC in patients with the WWOX-rs13338697-GG genotype, enhanced HIF1A increment under hypoxia, further decreased ASS1, and increased cell susceptibility to ADI-PEG 20.",WWOX,HIF1A,1,36530994,8,14384,0.8328187669880821,YES,1
"Three mutants (N120Q, N272Q, and N288Q) showed a considerably decreased signal transduction as a result of high-ligand treatment, whereas one mutant (N191Q) exhibited a completely impaired signal transduction.",N120Q,N288Q,0,36361582,4,8460,0.42409793028113846,NO,0
"In preclinical patient-derived xenograft and cell line models, resistance to KRAS(G12C) inhibition was associated with low allele frequency hotspot mutations in KRAS(G12V or G13D), NRAS(Q61K or G13R), MRAS(Q71R) and/or BRAF(G596R), mirroring observations in patients.",Q61K,G13R,0,34759319,12,15975,0.1483079957055838,NO,0
"Particularly, variants in Prothrombin (G20210A), MTHFR (C677T), and PAI-1 (4G/5G) had more than 2 types of model significance.",G20210A,C677T,0,36316870,5,8052,0.10754290144638079,NO,0
"Although dopamine D2 receptor agonists, bromocriptine and cabergoline, are notable medications in the treatment of Parkinsonism, hyperprolactinemia, and hyperglycemia, there is an identified relationship between the utilization of D2-like R agonists and the progress of myocardial injury, especially in the early phase of therapy.",bromocriptine,cabergoline,1,34777640,7,2764,0.09205432598824287,NO,0
