file name,type,test,count,id,species1_id,species1_term,species1_form,species2_id,species2_term,species2_form,interaction_id,interaction_term,interaction_form,docs_count,passages_count,rank,doc_id,doc_score,passage_score,triplet_score,sentence,field,species1_eval,species2_eval,interaction_eval,triples_ok_species,triples_ok_full,classifier,p_V3_s1,p_V3_s2,p_V3_s3,p_V2_s1,p_V2_s2,p_V2_s3,pform_V3_s1,pform_V3_s2,pform_V3_s3,pform_V2_s1,pform_V2_s2,pform_V2_s3,p3,p3f,p2,v3,v1,mech,cellV1,cellV3,species1_rank,species1_pref,species2_rank,species2_pref,s1_high,s2_high,n_high,pair_high,pf1_s1,prev_s1,pcrev_s1,pf1_s2,prev_s2,pcrev_s2,pf1_s3,prev_s3,pcrev_s3,pf1,prev,pcrev,lex_hit,lex_strength,lex_n,tok_between,same_clause,both_found,t1_in,t2_in,ti_in,nterm_missing,pmax
2026-05-11_sibils_eval_med25_r1_v_ep_classifier_2026_testfull2_biotx-globi-species_passages-triplets,globi,classifier_2026_testfull52,1,ott:1070066;ott:670534;RO_e000056,ott:1070066,Equidae,horses,ott:670534,Culicoides obsoletus,Culicoides obsoletus,RO_e000056,affected by,affected by,1,1,1,1941937,0.5078692810457516,0.5078692810457516,0.5078692810457516,"Six horses severely affected by a seasonal dermatitis similar in both histopathology and epidemiology to Culicoides hypersensitivity (CH) and six unaffected or normal horses were inoculated intradermally with an extract of Culicoides obsoletus (Meigen), the most common Culicoides in southwestern British Columbia.",abstract,1,1,1,1,1,1,0.0509726218879222,0.0442766025662422,0.1210308969020843,0.3021223247051239,0.7218731641769409,0.4019961059093475,0.6621571183204651,0.6728578209877014,0.8159230947494507,0.9147940874099731,0.9757688641548156,0.9545222520828248,0.0720933737854162,0.7169793446858724,0.4753305315971374,0,1,positive,TP,FN,family,Equidae,species,Culicoides obsoletus,True,False,1,True,0.6621571183204651,0.1196605116128921,0.0006559694884344,0.6728578209877014,0.3640578985214233,0.0107240369543433,0.8159230947494507,0.2003150731325149,0.0016049584373831,0.7169793446858724,0.2280111610889434,0.0043283216267203,False,0.0,0,13,True,True,False,True,True,1,0.7169793446858724
2026-05-11_sibils_eval_med25_r1_v_ep_classifier_2026_testfull2_biotx-globi-species_passages-triplets,globi,classifier_2026_testfull53,2,ott:935497;ott:770315;RO_e000045,ott:935497,Cronobacter sakazakii,Cronobacter sakazakii,ott:770315,Homo sapiens,human,RO_e000045,invaded,invasion,6,6,1,20809254,0.5251428571428571,0.5251428571428571,2.4868387368729903,PI3K-dependent host cell actin rearrangements are required for Cronobacter sakazakii invasion of human brain microvascular endothelial cells.,title,1,1,1,1,1,1,0.0257489290088415,0.0214792136102914,0.0286218225955963,0.3813446760177612,0.8977747559547424,0.2715672254562378,0.0546103045344352,0.0377784855663776,0.0440180860459804,0.9282493591308594,0.986583173274994,0.9883560538291932,0.025283321738243,0.0454689587155977,0.5168955524762472,0,1,positive,TP,FN,species,Cronobacter sakazakii,species,Homo sapiens,False,False,0,False,0.0546103045344352,0.0771905109286308,0.2406415939331054,0.0377784855663776,0.1272650957107544,0.1203627288341522,0.0440180860459804,0.3637920022010803,0.2319618910551071,0.0454689587155977,0.1894158696134885,0.1976554046074549,False,0.0,0,2,True,True,True,False,False,2,0.1894158696134885
2026-05-11_sibils_eval_med25_r1_v_ep_classifier_2026_testfull2_biotx-globi-species_passages-triplets,globi,classifier_2026_testfull54,3,ott:656316;ott:887958;RO_0002440,ott:656316,Dikarya,Dikarya,ott:887958,Basidiobolus,Basidiobolus,RO_0002440,symbiotically interacts with,Symbiont,1,1,1,32727924,0.5611542288557214,0.5611542288557214,0.5611542288557214,"Phylogenomic Analyses of Non-Dikarya Fungi Supports Horizontal Gene Transfer Driving Diversification of Secondary Metabolism in the Amphibian Gastrointestinal Symbiont, Basidiobolus.",title,0,1,1,0,0,1,0.0869253426790237,0.046511884778738,0.0747200176119804,0.6459998488426208,0.1460099220275879,0.0264905542135238,0.1709793210029602,0.0636317804455757,0.3628523051738739,0.3327768445014953,0.1572532206773758,0.1016834080219268,0.0693857483565806,0.1991544688741366,0.2728334416945775,0,1,entity,FP,TN,subkingdom,Dikarya,genus,Basidiobolus,True,True,2,True,0.1709793210029602,0.0050465129315853,0.005092850420624,0.0636317804455757,0.0024993654806166,0.0020510421600192,0.3628523051738739,0.0518443882465362,0.0159502122551202,0.1991544688741366,0.0197967555529127,0.0076980349452545,False,0.0,0,15,True,True,True,True,False,1,0.1991544688741366
2026-05-11_sibils_eval_med25_r1_v_ep_classifier_2026_testfull2_biotx-globi-species_passages-triplets,globi,classifier_2026_testfull55,4,ott:262810;ott:1066581;RO_e000007,ott:262810,Onthophagus taurus,Onthophagus taurus,ott:1066581,Bos,cattle,RO_e000007,feed on,fed on,1,1,1,11470182,0.5074385964912281,0.5074385964912281,0.5074385964912281,"A comparison of the development and survival of the dung beetle, Onthophagus taurus (Schreb.) when fed on the faeces of cattle treated with pour-on formulations of eprinomectin or moxidectin.",title,1,1,1,1,1,1,0.0214406326413154,0.0047058793716132,0.0013860804028809,0.0129630761221051,0.0119291553273797,0.0022889694664627,0.9942224621772766,0.9979791045188904,0.9383118152618408,0.994202435016632,0.9943969249725342,0.9895580410957336,0.0091775308052698,0.9768377939860026,0.0090604003053158,0,1,positive,TP,FN,species,Onthophagus taurus,genus,Bos,False,True,1,True,0.9942224621772766,0.8623842000961304,0.0010550371371209,0.9979791045188904,0.9120385646820068,0.0008118570549413,0.9383118152618408,0.7262139320373535,0.0009878483833745,0.9768377939860026,0.8335455656051636,0.0009515808584789,True,0.4,1,7,False,True,True,False,False,2,0.9768377939860026
2026-05-11_sibils_eval_med25_r1_v_ep_classifier_2026_testfull2_biotx-globi-species_passages-triplets,globi,classifier_2026_testfull56,5,ott:4391319;ott:285638;RO_0002632,ott:4391319,Olfersia spinifera,Olfersia spinifera,ott:285638,Fregata minor,Fregata minor,RO_0002632,ectoparasite of,ectoparasite of,1,1,1,24215498,0.5806190476190476,0.5806190476190476,0.5806190476190476,"Olfersia spinifera is an obligate ectoparasite of the great frigatebird, Fregata minor, living among bird feathers for all of its adult life.",abstract,1,1,1,1,1,1,0.9986525774002076,0.9987586736679076,0.9986581802368164,0.9977359771728516,0.9968618154525756,0.9966721534729004,0.9986525774002076,0.9987586736679076,0.9986581802368164,0.9977359771728516,0.9968618154525756,0.9966721534729004,0.9986898104349772,0.9986898104349772,0.997089982032776,1,1,positive,TP,TP,species,Olfersia spinifera,species,Fregata minor,False,False,0,False,0.9986525774002076,0.1359099298715591,0.1359099298715591,0.9987586736679076,0.4889297783374786,0.4889297783374786,0.9986581802368164,0.2270479649305343,0.2270479649305343,0.9986898104349772,0.2839625577131907,0.2839625577131907,True,0.4,1,8,True,True,True,True,True,0,0.9986898104349772
2026-05-11_sibils_eval_med25_r1_v_ep_classifier_2026_testfull2_biotx-globi-species_passages-triplets,globi,classifier_2026_testfull57,6,ott:1046677;ott:7720184;RO_0002439,ott:1046677,Pterostichus melanarius,Pterostichus melanarius,ott:7720184,Illiger,Illiger,RO_0002439,preys on,predator,2,2,1,16768818,0.3511111111111111,0.3511111111111111,0.7022222222222222,"When applied to field samples of the carabid predator Pterostichus melanarius (Illiger) nine banding patterns were detected, including one for aphids.",abstract,1,0,1,0,0,1,0.0017751321429386,0.0016046353848651,0.0076930043287575,0.0038345139473676,0.0103101339191198,0.0035287649370729,0.0041462006047368,0.0076192123815417,0.002692776499316,0.0052466872148215,0.0340513028204441,0.0080576986074447,0.003690923952187,0.0048193964951981,0.0058911376011867,0,1,entity,FP,TN,species,Pterostichus melanarius,genus,Illiger,False,True,1,True,0.0041462006047368,0.0327373556792736,0.0070978058502078,0.0076192123815417,0.2331339120864868,0.0034045418724417,0.002692776499316,0.0089959139004349,0.0100998561829328,0.0048193964951982,0.0916223938887317,0.0068674013018608,True,0.15,1,1,True,True,True,True,False,1,0.0916223938887317
2026-05-11_sibils_eval_med25_r1_v_ep_classifier_2026_testfull2_biotx-globi-species_passages-triplets,globi,classifier_2026_testfull58,7,ott:188845;ott:3943051;RO_0002237,ott:188845,Calamagrostis epigeios,Calamagrostis epigejos,ott:3943051,Thesium linophyllon,Thesium linophyllon,RO_0002237,hemiparasite of,hemiparasite,1,1,1,29577546,0.5358260869565218,0.5358260869565218,0.5358260869565218,"Root-hemiparasitic interaction between the dominant grass Calamagrostis epigejos and the hemiparasite Thesium linophyllon was studied to assess the potential of the parasite to regulate dominance of the grass, which is expanding into species-rich steppe grasslands.",abstract,1,1,1,1,1,1,0.6221699714660645,0.8605121374130249,0.905240833759308,0.985558032989502,0.9895455241203308,0.9863041043281556,0.9640548825263976,0.976254105567932,0.9744862914085388,0.9906038641929626,0.9956525564193726,0.9903690218925476,0.7959743142127991,0.9715984265009562,0.987135887145996,1,1,positive,TP,TP,species,Calamagrostis epigeios,species,Thesium linophyllon,False,False,0,False,0.9640548825263976,0.930679202079773,0.955067813396454,0.976254105567932,0.9507572054862976,0.9018933176994324,0.9744862914085388,0.9755493998527528,0.953880250453949,0.9715984265009562,0.952328602472941,0.9369471271832784,True,0.3,2,4,True,True,False,True,False,2,0.9715984265009562
2026-05-11_sibils_eval_med25_r1_v_ep_classifier_2026_testfull2_biotx-globi-species_passages-triplets,globi,classifier_2026_testfull59,8,ott:61880;ott:5750413;RO_0002444,ott:61880,Crinipellis brasiliensis,Crinipellis brasiliensis,ott:5750413,Heteropterys orinocensis,Heteropterys acutifolia,RO_0002444,parasite of,parasite of,1,1,1,32273793,0.5478518518518519,0.5478518518518519,0.5478518518518519,"(= Crinipellis brasiliensis), a parasite of Heteropterys acutifolia.",abstract,1,1,1,1,1,1,0.9960987567901612,0.9192618131637572,0.98661208152771,0.9971578121185304,0.9964460730552672,0.996455192565918,0.998138666152954,0.987043797969818,0.997725546360016,0.997848391532898,0.9968582391738892,0.9968512654304504,0.9673242171605428,0.9943026701609292,0.996686359246572,1,1,positive,TP,TP,species,Crinipellis brasiliensis,species,Heteropterys orinocensis,False,False,0,False,0.998138666152954,0.2625896632671356,0.0530518554151058,0.987043797969818,0.1420837640762329,0.0216073188930749,0.997725546360016,0.4408266246318817,0.0732194557785987,0.9943026701609292,0.2818333506584167,0.0492928766955932,True,0.55,2,4,True,True,True,False,True,1,0.9943026701609292
2026-05-11_sibils_eval_med25_r1_v_ep_classifier_2026_testfull2_biotx-globi-species_passages-triplets,globi,classifier_2026_testfull60,9,ott:563166;ott:739416;RO_e000005,ott:563166,Felis catus,cats,ott:739416,Heterodoxus spiniger,Heterodoxus spiniger,RO_e000005,infested by,infested,1,1,1,22735853,0.5038750000000001,0.5038750000000001,0.5038750000000001,"Two cats from a total 102 examined were infested   with the dog louse, Heterodoxus spiniger.",abstract,1,1,1,1,1,1,0.9982028007507324,0.9979362487792968,0.99856299161911,0.997876524925232,0.9971224665641784,0.9968661665916444,0.9984710812568665,0.998635470867157,0.9986479878425598,0.9978572726249696,0.997006356716156,0.9968076944351196,0.9982340137163798,0.9985848466555276,0.9972883860270182,1,1,positive,TP,TP,species,Felis catus,species,Heterodoxus spiniger,False,False,0,False,0.9984710812568665,0.9981607794761658,0.2936981618404388,0.998635470867157,0.998713493347168,0.8939897418022156,0.9986479878425598,0.9985858201980592,0.235388770699501,0.9985848466555276,0.9984866976737976,0.4743588914473851,True,0.55,2,11,True,True,False,True,False,2,0.9985848466555276
2026-05-11_sibils_eval_med25_r1_v_ep_classifier_2026_testfull2_biotx-globi-species_passages-triplets,globi,classifier_2026_testfull61,10,ott:770327;ott:519453;RO_0002444,ott:770327,Clinostomum,Clinostomum,ott:519453,Alosa sapidissima,Alosa sapidissima,RO_0002444,parasite of,parasite of,1,1,1,18099931,0.2548771929824561,0.2548771929824561,0.2548771929824561,"A trematode parasite of the genus Clinostomum new to the shad, Alosa sapidissima.",title,1,1,1,1,1,1,0.6198558807373047,0.8761296272277832,0.6852350831031799,0.0748529806733131,0.3195252120494842,0.0169262085109949,0.6198558807373047,0.8761296272277832,0.6852350831031799,0.0748529806733131,0.3195252120494842,0.0169262085109949,0.7270735303560892,0.7270735303560892,0.1371014670779307,1,1,positive,TP,TP,genus,Clinostomum,species,Alosa sapidissima,True,False,1,True,0.6198558807373047,0.7195312976837158,0.7195312976837158,0.8761296272277832,0.9494439363479614,0.9494439363479614,0.6852350831031799,0.8435254693031311,0.8435254693031311,0.7270735303560892,0.8375002344449362,0.8375002344449362,True,0.55,2,4,True,True,True,True,True,0,0.8375002344449362
2026-05-11_sibils_eval_med25_r1_v_ep_classifier_2026_testfull2_biotx-globi-species_passages-triplets,globi,classifier_2026_testfull62,11,ncbitaxon_viruses:3052585;ott:5846;RO_0002451,ncbitaxon_viruses:3052585,Orthotospovirus tomatomaculae,"tomato spotted wilt virus, TSWV|Orthotospovirus tomatomaculae",ott:5846,Frankliniella occidentalis,western flower thrips|Frankliniella occidentalis,RO_0002451,transmitted by,transmitted by,7,7,1,39195265,0.6226666666666667,0.6226666666666667,3.949326955195224,"Orthotospovirus tomatomaculae (tomato spotted wilt virus, TSWV) is transmitted by the western flower thrips, Frankliniella occidentalis.",abstract,1,1,1,1,1,1,0.9980487823486328,0.9985925555229188,0.9982783794403076,0.9977654218673706,0.996933102607727,0.9962778687477112,0.997334122657776,0.9984936714172364,0.9979006052017212,0.9972301125526428,0.9967237114906312,0.9957085847854614,0.9983065724372864,0.9979094664255778,0.9969921310742696,1,1,positive,TP,TP,UNRESOLVED,,species,Frankliniella occidentalis,True,False,1,True,0.997334122657776,0.3356835544109344,0.8340114951133728,0.9984936714172364,0.3936530351638794,0.9707608819007874,0.9979006052017212,0.5805817246437073,0.9807939529418944,0.9979094664255778,0.4366394380728404,0.9285221099853516,True,0.8,2,9,True,True,True,True,True,0,0.9979094664255778
2026-05-11_sibils_eval_med25_r1_v_ep_classifier_2026_testfull2_biotx-globi-species_passages-triplets,globi,classifier_2026_testfull63,12,ott:106107;ott:184411;RO_0002445,ott:106107,Venturia canescens,Venturia canescens,ott:184411,Ephestia kuehniella,Mediterranean flour moth,RO_0002445,parasitized by,parasitizing,1,2,1,16573345,1.117328282828283,0.5296111111111111,1.117328282828283,Life tables of Venturia canescens (Hymenoptera: Ichneumonidae) parasitizing the Mediterranean flour moth (Lepidoptera: Pyralidae).,title,1,1,1,1,1,1,0.0184477362781763,0.0089939702302217,0.0216062050312757,0.0140632893890142,0.1566571593284607,0.0094980280846357,0.9984394907951356,0.9987974166870116,0.9985886216163636,0.9980474710464478,0.9977025389671326,0.9974193572998048,0.0163493038465579,0.9986085096995037,0.0600728256007035,0,1,positive,TP,FN,species,Venturia canescens,species,Ephestia kuehniella,False,False,0,False,0.9984394907951356,0.8866426944732666,0.0303895007818937,0.9987974166870116,0.9275587201118468,0.0173574369400739,0.9985886216163636,0.6252049207687378,0.0185447633266448,0.9986085096995037,0.8131354451179504,0.0220972336828708,True,0.55,2,4,True,True,True,False,False,2,0.9986085096995037
2026-05-11_sibils_eval_med25_r1_v_ep_classifier_2026_testfull2_biotx-globi-species_passages-triplets,globi,classifier_2026_testfull64,13,ott:5044996;ott:730097;RO_e000007,ott:5044996,Caryedes brasiliensis,Caryedes brasiliensis,ott:730097,Dioclea megacarpa,Dioclea megacarpa,RO_e000007,feed on,feeding on,1,1,1,24446543,0.5873003300330032,0.5873003300330032,0.5873003300330032,"The need for a detoxifying mechanism for the producer plant is self-evident but the larvae of the bruchid beetle Caryedes brasiliensis, that is itself a non-producer, have specialized in feeding on the Lcanavanine-containing seeds of Dioclea megacarpa.",abstract,1,1,1,1,1,1,0.9884745478630066,0.9788649082183838,0.9973952770233154,0.9957756400108336,0.9956579208374025,0.9943329095840454,0.990799844264984,0.9753127098083496,0.9976286292076112,0.995959222316742,0.996466875076294,0.9950405955314636,0.988244911034902,0.9879137277603148,0.995255490144094,1,1,positive,TP,TP,species,Caryedes brasiliensis,species,Dioclea megacarpa,False,False,0,False,0.990799844264984,0.3169620633125305,0.2436210811138153,0.9753127098083496,0.3917838037014007,0.354569673538208,0.9976286292076112,0.4460596442222595,0.4147436320781708,0.9879137277603148,0.3849351704120636,0.3376447955767314,True,0.4,1,15,True,True,True,True,False,1,0.9879137277603148
2026-05-11_sibils_eval_med25_r1_v_ep_classifier_2026_testfull2_biotx-globi-species_passages-triplets,globi,classifier_2026_testfull65,14,ott:25267;ott:46781;RO_0002458,ott:25267,Leptodora,Leptodora,ott:46781,Bosmina,Bosmina,RO_0002458,preyed upon by,prey,1,1,1,16228869,0.5650833333333334,0.5650833333333334,0.5650833333333334,Differential sensitivity of a predacious cladoceran (Leptodora) and its prey (the cladoceran Bosmina) to the insecticide carbaryl: results of acute toxicity tests.,title,1,1,1,1,1,1,0.8246799111366272,0.9624696373939514,0.8359740376472473,0.9596911072731018,0.9821359515190125,0.9241280555725098,0.6542636156082153,0.8713077902793884,0.8986071348190308,0.9672130942344666,0.9852274656295776,0.9813985228538512,0.874374528725942,0.8080595135688782,0.9553183714548746,1,1,positive,TP,TP,genus,Leptodora,genus,Bosmina,True,True,2,True,0.6542636156082153,0.9475709795951844,0.9343479871749878,0.8713077902793884,0.9619825482368468,0.951433002948761,0.8986071348190308,0.9085772037506104,0.9408420324325562,0.8080595135688782,0.9393769105275472,0.9422076741854348,True,0.15,1,6,True,True,True,True,False,1,0.9393769105275472
2026-05-11_sibils_eval_med25_r1_v_ep_classifier_2026_testfull2_biotx-globi-species_passages-triplets,globi,classifier_2026_testfull66,15,ott:102547;ott:194953;RO_0002439,ott:102547,Chaetogaster limnaei,Chaetogaster limnaei,ott:194953,Fasciola hepatica,Fasciola hepatica,RO_0002439,preys on,predator of,1,1,1,30693213,0.6002105263157895,0.6002105263157895,0.6002105263157895,Chaetogaster limnaei is a predator of Fasciola hepatica devouring an average of 3.79 ¬± 0.21 miracidia.,abstract,1,1,1,1,1,1,0.996925413608551,0.996503472328186,0.9918649792671204,0.995849609375,0.9955611228942872,0.9949408769607544,0.9983742237091064,0.9988157749176024,0.9986144304275512,0.997761845588684,0.9970306158065796,0.9969351291656494,0.9950979550679524,0.99860147635142,0.9954505364100138,1,1,positive,TP,TP,species,Chaetogaster limnaei,species,Fasciola hepatica,False,False,0,False,0.9983742237091064,0.5591354370117188,0.8415617942810059,0.9988157749176024,0.4669488668441772,0.6430845856666565,0.9986144304275512,0.1060565039515495,0.421591967344284,0.99860147635142,0.3773802692691485,0.6354127824306488,True,0.55,2,4,True,True,True,True,False,1,0.99860147635142
2026-05-11_sibils_eval_med25_r1_v_ep_classifier_2026_testfull2_biotx-globi-species_passages-triplets,globi,classifier_2026_testfull67,16,ott:210856;ott:230487;RO_0002444,ott:210856,Philometra ovata,Philometra ovata,ott:230487,Gobio gobio,Gobio gobio|gudgeon,RO_0002444,parasite of,parasites of,1,1,1,17149604,0.5812380952380952,0.5812380952380952,0.5812380952380952,"To assess the bioindicator value of parasites, the concentrations of six heavy metals (Cr, Cu, Pb, Cd, Ni and Zn) were analyzed by atomic absorption spectrometry in gravid females of the nematode Philometra ovata, body cavity parasites of gudgeon (Gobio gobio) and muscle samples of infected and uninfected hosts.",abstract,1,1,1,1,1,1,0.0241672862321138,0.0230673812329769,0.2354265600442886,0.0035961610265076,0.0168906021863222,0.0735143646597862,0.0303159393370151,0.0223968941718339,0.1075197607278823,0.0019370762165635,0.0137700354680418,0.0651911571621894,0.094220409169793,0.0534108647455771,0.031333709290872,0,1,positive,TP,FN,species,Philometra ovata,species,Gobio gobio,False,False,0,False,0.0303159393370151,0.0078101516701281,0.004537324886769,0.0223968941718339,0.3460576832294464,0.1832270622253418,0.1075197607278823,0.0689031556248664,0.0400742776691913,0.0534108647455771,0.140923663508147,0.0759462215937674,True,0.55,2,7,True,True,True,True,False,1,0.140923663508147
2026-05-11_sibils_eval_med25_r1_v_ep_classifier_2026_testfull2_biotx-globi-species_passages-triplets,globi,classifier_2026_testfull68,17,ott:1016172;ott:251215;RO_0002453,ott:1016172,Melanoides tuberculata,Melanoides tuberculata,ott:251215,Centrocestus formosanus,Centrocestus formosanus,RO_0002453,host of,host of,2,2,1,21748229,0.5998692810457517,0.5998692810457517,1.129939674420493,Melanoides tuberculata (Mollusca: Thiaridae) as an intermediate host of Centrocestus formosanus (Trematoda: Heterophyidae) in Brazil.,title,1,1,1,1,1,1,0.9986421465873718,0.9984185695648192,0.998599112033844,0.997899055480957,0.997666835784912,0.9965940117836,0.9986421465873718,0.9984185695648192,0.998599112033844,0.997899055480957,0.997666835784912,0.9965940117836,0.9985532760620116,0.9985532760620116,0.997386634349823,1,1,positive,TP,TP,species,Melanoides tuberculata,species,Centrocestus formosanus,False,False,0,False,0.9986421465873718,0.9925796389579772,0.9925796389579772,0.9984185695648192,0.98987877368927,0.98987877368927,0.998599112033844,0.9895482063293456,0.9895482063293456,0.9985532760620116,0.9906688729921976,0.9906688729921976,True,0.4,1,7,True,True,True,True,True,0,0.9985532760620116
2026-05-11_sibils_eval_med25_r1_v_ep_classifier_2026_testfull2_biotx-globi-species_passages-triplets,globi,classifier_2026_testfull69,18,ott:741401;ott:630161;RO_0002458,ott:741401,Parhyale hawaiensis,Parhyale hawaiensis,ott:630161,Hippocampus erectus,lined seahorse|Hippocampus erectus,RO_0002458,preyed upon by,prey,1,1,1,34721977,0.5876231884057971,0.5876231884057971,0.5876231884057971,"The present study assessed the nutritional value of an interesting marine amphipod (Parhyale hawaiensis), and evaluates through a feeding trial its potential use as a natural prey for 10-months lined seahorse, Hippocampus erectus.",abstract,1,1,1,1,1,1,0.9497289061546326,0.9466139674186708,0.9111032485961914,0.9900503158569336,0.9931702613830566,0.6749355792999268,0.9961163997650146,0.9966453909873962,0.9943636655807496,0.9956642985343932,0.9959180951118468,0.9880872964859008,0.9358153740564982,0.9957084854443868,0.8860520521799723,1,1,positive,TP,TP,species,Parhyale hawaiensis,species,Hippocampus erectus,False,False,0,False,0.9961163997650146,0.9938274025917052,0.989354133605957,0.9966453909873962,0.9943289160728456,0.9933547973632812,0.9943636655807496,0.9883059859275818,0.9576914310455322,0.9957084854443868,0.9921541015307108,0.9801334540049236,True,0.15,1,16,True,True,True,True,False,1,0.9957084854443868
2026-05-11_sibils_eval_med25_r1_v_ep_classifier_2026_testfull2_biotx-globi-species_passages-triplets,globi,classifier_2026_testfull70,19,ott:1069988;ott:5913620;RO_0002445,ott:1069988,Mycoplasma,Mycoplasma,ott:5913620,gut metagenome,gut metagenome,RO_0002445,parasitized by,parasitized,1,1,1,38294254,0.5734634146341463,0.5734634146341463,0.5734634146341463,"A single Mycoplasma bacterial strain, MAG01, dominated the gut metagenome of large, non-parasitized fish, consistent with previous studies showing high levels of Mycoplasma in the gut microbiota of healthy salmon.",abstract,1,1,1,1,0,1,0.0002535791136324,0.0008611923549324,0.0004504430980887,0.0018504611216485,0.0017488809535279,0.0010002948110923,0.0007460516644641,0.0013207575539126,0.0013900977792218,0.0119795901700854,0.005964437033981,0.0032873454038053,0.0005217381888844,0.0011523023325328,0.0015332122954228,0,1,pair-binding,FP,TN,genus,Mycoplasma,species,gut metagenome,True,False,1,True,0.0007460516644641,0.0005280556506477,0.0021228659898042,0.0013207575539126,0.0009708956349641,0.0022501100320369,0.0013900977792218,0.001044244156219,0.0043394351378083,0.0011523023325329,0.0008477318139436,0.0029041370532164,True,0.55,2,5,True,True,True,True,False,1,0.0011523023325329
2026-05-11_sibils_eval_med25_r1_v_ep_classifier_2026_testfull2_biotx-globi-species_passages-triplets,globi,classifier_2026_testfull71,20,ott:5316089;ott:3624669;RO_0002444,ott:5316089,Gyrodactylus carolinae,Gyrodactylus carolinae,ott:3624669,Characidium lanei,Characidium lanei,RO_0002444,parasite of,parasite of,1,1,1,27208885,0.6049411764705882,0.6049411764705882,0.6049411764705882,"Based on these independent sources of information (morphometric and molecular data), two new species of Gyrodactylus are described: Gyrodactyluspakan n. sp. and Gyrodactylusteken n. sp. The phylogenetic relationships of both new species to other gyrodactylids infecting characiformes (for which molecular data are available) are presented, which suggests that their closest relative is Gyrodactylus carolinae, a parasite of Characidium lanei in Brazil.",abstract,1,1,1,1,1,1,0.9959468245506288,0.9958752989768982,0.9979079961776732,0.9972169399261476,0.9958742260932922,0.996459186077118,0.9959468245506288,0.9958752989768982,0.9979079961776732,0.9972169399261476,0.9958742260932922,0.996459186077118,0.9965767065684,0.9965767065684,0.996516784032186,1,1,positive,TP,TP,species,Gyrodactylus carolinae,species,Characidium lanei,False,False,0,False,0.9959468245506288,0.6124244332313538,0.6124244332313538,0.9958752989768982,0.3125827014446258,0.3125827014446258,0.9979079961776732,0.4476463496685028,0.4476463496685028,0.9965767065684,0.4575511614481608,0.4575511614481608,True,0.95,3,41,False,True,True,True,True,0,0.9965767065684
2026-05-11_sibils_eval_med25_r1_v_ep_classifier_2026_testfull2_biotx-globi-species_passages-triplets,globi,classifier_2026_testfull72,21,ott:3639576;ott:3639560;RO_e000007,ott:3639576,Plagiotremus laudandus,Plagiotremus laudandus,ott:3639560,Meiacanthus atrodorsalis,Meiacanthus atrodorsalis,RO_e000007,feed on,feed on,1,1,1,20181564,0.596997669,0.596997669,0.596997669,"Bicolour fangblennies Plagiotremus laudandus gained access to more reef fish victims, which they attack to feed on fins and scales, when they spent more time associated with their model Meiacanthus atrodorsalis.",abstract,1,1,1,1,0,1,0.0619641467928886,0.0269440710544586,0.0056797289289534,0.2798055410385132,0.9387869834899902,0.1453709453344345,0.0619641467928886,0.0269440710544586,0.0056797289289534,0.2798055410385132,0.9387869834899902,0.1453709453344345,0.0315293155921002,0.0315293155921002,0.4546544899543126,0,1,pair-binding,FP,TN,species,Plagiotremus laudandus,species,Meiacanthus atrodorsalis,False,False,0,False,0.0619641467928886,0.1854179799556732,0.1854179799556732,0.0269440710544586,0.1439908891916275,0.1439908891916275,0.0056797289289534,0.059839129447937,0.059839129447937,0.0315293155921002,0.1297493328650792,0.1297493328650792,True,0.7,3,25,True,True,True,True,True,0,0.1297493328650792
2026-05-11_sibils_eval_med25_r1_v_ep_classifier_2026_testfull2_biotx-globi-species_passages-triplets,globi,classifier_2026_testfull73,22,ncbitaxon_viruses:152177;ott:817080;RO_0002451,ncbitaxon_viruses:152177,Dichorhavirus orchidaceae,Orchid fleck virus,ott:817080,Brevipalpus californicus,Brevipalpus californicus,RO_0002451,transmitted by,transmitted by,1,1,1,25366049,0.525966997,0.525966997,0.525966997,"Orchid fleck virus (OFV) is distributed world-wide on several orchid plants and transmitted by the false spider mite, Brevipalpus californicus.",abstract,1,1,1,1,1,1,0.8378424644470215,0.923755407333374,0.9938900470733644,0.1278080940246582,0.0053137424401938,0.1329464167356491,0.9979979395866394,0.998680293560028,0.9983646273612976,0.9968165755271912,0.9967138767242432,0.9959827661514282,0.9184959729512532,0.9983476201693215,0.0886894177335003,1,1,positive,TP,TP,UNRESOLVED,,species,Brevipalpus californicus,True,False,1,True,0.9979979395866394,0.7614043354988098,0.0060081384144723,0.998680293560028,0.975095272064209,0.0446156747639179,0.9983646273612976,0.9785253405570984,0.0620506480336189,0.9983476201693215,0.9050083160400392,0.0375581537373364,True,0.8,2,15,True,True,False,True,True,1,0.9983476201693215
2026-05-11_sibils_eval_med25_r1_v_ep_classifier_2026_testfull2_biotx-globi-species_passages-triplets,globi,classifier_2026_testfull74,23,ott:460368;ott:604112;RO_0002556,ott:460368,Mycobacterium marinum,Mycobacterium marinum,ott:604112,Mycobacterium tuberculosis,Mycobacterium tuberculosis,RO_0002556,pathogen of,pathogen of,1,1,1,29183333,0.6003859649122807,0.6003859649122807,0.6003859649122807,"Mycobacterium marinum is a waterborne pathogen of fish and other ectotherms, closely related to Mycobacterium tuberculosis.",abstract,1,1,1,0,0,1,0.0007935147732496,0.0014588811900466,0.0023906081914901,0.0014329397818073,0.0033276171889156,0.0021028406918048,0.0007935147732496,0.0014588811900466,0.0023906081914901,0.0014329397818073,0.0033276171889156,0.0021028406918048,0.0015476680515954,0.0015476680515954,0.0022877992208425,0,1,pair-binding,FP,TN,species,Mycobacterium marinum,species,Mycobacterium tuberculosis,False,False,0,False,0.0007935147732496,0.0010522888042032,0.0010522888042032,0.0014588811900466,0.0022654524073004,0.0022654524073004,0.0023906081914901,0.0008053704514168,0.0008053704514168,0.0015476680515954,0.0013743705543068,0.0013743705543068,True,0.55,2,0,True,True,True,True,True,0,0.0015476680515954
2026-05-11_sibils_eval_med25_r1_v_ep_classifier_2026_testfull2_biotx-globi-species_passages-triplets,globi,classifier_2026_testfull75,24,ott:4018016;ott:269678;RO_0002444,ott:4018016,Rickettsiella chironomi,Rickettsiella chironomi,ott:269678,Chironomus thummi,midge,RO_0002444,parasite of,parasite of,1,2,1,7204340,1.0231821862348178,0.5104102564102564,1.0231821862348178,"Reproduction and morphogenesis of Rickettsiella chironomi, an unusual intracellular procaryotic parasite of midge larvae.",title,1,1,1,1,1,1,0.8749227523803711,0.8787636160850525,0.7743838429450989,0.5169192552566528,0.4645134508609772,0.9696277976036072,0.9985353946685792,0.9988216757774352,0.9985692501068116,0.99770325422287,0.9971850514411926,0.9967353940010072,0.8426900704701742,0.998642106850942,0.6503535012404124,1,1,positive,TP,TP,species,Rickettsiella chironomi,species,Chironomus thummi,False,False,0,False,0.9985353946685792,0.5173819065093994,0.0028984695672988,0.9988216757774352,0.3869262337684631,0.0037612074520438,0.9985692501068116,0.3826240599155426,0.0015833020443096,0.998642106850942,0.4289774000644684,0.0027476596878841,True,0.55,2,7,True,True,True,False,True,1,0.998642106850942
2026-05-11_sibils_eval_med25_r1_v_ep_classifier_2026_testfull2_biotx-globi-species_passages-triplets,globi,classifier_2026_testfull76,25,ott:412242;ott:979501;RO_e000013,ott:412242,Polyarthra,Polyarthra,ott:979501,Chlorophyta,Chlorophyta,RO_e000013,graze,grazed,1,1,1,36620053,0.5788771929824562,0.5788771929824562,0.5788771929824562,"Our results showed that Polyarthra mainly grazed on Chlorophyta, which may result from the high relative abundance of Chlorophyta in ambient waters.",abstract,1,1,1,1,1,1,0.9981912970542908,0.9983269572257996,0.9980883002281188,0.9966729879379272,0.9969248175621032,0.9949211478233336,0.998051643371582,0.9983505010604858,0.9982263445854188,0.9959830045700072,0.9968430995941162,0.9949764013290404,0.9982021848360696,0.9982094963391622,0.9961729844411216,1,1,positive,TP,TP,genus,Polyarthra,phylum,Chlorophyta,True,True,2,True,0.998051643371582,0.9646347165107728,0.9370355010032654,0.9983505010604858,0.872256875038147,0.7676585912704468,0.9982263445854188,0.7138715982437134,0.2228277623653412,0.9982094963391622,0.8502543965975443,0.6425072848796844,False,0.0,0,3,True,True,True,True,True,0,0.9982094963391622
2026-05-11_sibils_eval_med25_r1_v_ep_classifier_2026_testfull2_biotx-globi-species_passages-triplets,globi,classifier_2026_testfull77,26,ott:770315;ott:749903;RO_0002556,ott:770315,Homo sapiens,Human,ott:749903,Aspergillus giganteus,Aspergillus giganteus,RO_0002556,pathogen of,Pathogens,1,1,1,35694549,0.5066243386243385,0.5066243386243385,0.5066243386243385,Fungal Infections as an Uprising Threat to Human Health: Chemosensitization of Fungal Pathogens With AFP From Aspergillus giganteus.,title,1,1,1,0,0,0,0.0510994493961334,0.0060835657641291,0.0094019342213869,0.0210576653480529,0.0157193429768085,0.0047138235531747,0.0089254360646009,0.0162491053342819,0.0188972670584917,0.0425150096416473,0.0231541935354471,0.0051948479376733,0.0221949831272164,0.0146906028191248,0.0138302772926787,0,0,pair-binding,TN,TN,species,Homo sapiens,species,Aspergillus giganteus,False,False,0,False,0.0089254360646009,0.015359572134912,0.0486597493290901,0.0162491053342819,0.0053878063336014,0.0117657668888568,0.0188972670584917,0.027796434238553,0.0339633598923683,0.0146906028191248,0.0161812709023555,0.0314629587034384,True,0.15,1,8,True,True,False,True,False,2,0.0161812709023555
2026-05-11_sibils_eval_med25_r1_v_ep_classifier_2026_testfull2_biotx-globi-species_passages-triplets,globi,classifier_2026_testfull78,27,ott:911456;ott:271584;RO_0002453,ott:911456,Arvicanthis neumanni,Arvicanthis neumanni,ott:271584,Mastomys natalensis,Mastomys natalensis,RO_0002453,host of,hosts of,1,1,1,31879594,0.2686666666666666,0.2686666666666666,0.2686666666666666,"This study assessed the potential role of the Sub-Saharan rodents Arvicanthis neumanni, A. niloticus and Mastomys natalensis as hosts of L. donovani and L. sp. from Ghana, based on experimental infections of animals and xenodiagnoses.",abstract,1,1,1,0,0,1,0.0002831899910233,0.0007419946487061,0.000435597525211,0.0006548759993165,0.0010110209695994,0.0007574267801828,0.0002798825735226,0.0008488321327604,0.0004550841986201,0.0006928489892743,0.0010851073311641,0.000739389390219,0.0004869273883134,0.000527932968301,0.0008077745830329,0,1,pair-binding,FP,TN,species,Arvicanthis neumanni,species,Mastomys natalensis,False,False,0,False,0.0002798825735226,0.0043143252842128,0.0050430470146238,0.0008488321327604,0.0030906999018043,0.0029963864944875,0.0004550841986201,0.0057398932985961,0.0064627486281096,0.000527932968301,0.004381639494871,0.004834060712407,True,0.15,1,4,False,True,True,True,False,1,0.004381639494871
2026-05-11_sibils_eval_med25_r1_v_ep_classifier_2026_testfull2_biotx-globi-species_passages-triplets,globi,classifier_2026_testfull79,28,ott:2997530;ott:100812;RO_e000005,ott:2997530,Nerocila phaiopleura,Nerocila phaiopleura,ott:100812,Chirocentrus nudus,Whitefin wolf-herring|Chirocentrus nudus,RO_e000005,infested by,infestation,1,2,1,24808654,1.2112156862745098,0.607607843,1.2112156862745098,Occurrence of isopod Nerocila phaiopleura infestation on Whitefin wolf-herring (Chirocentrus nudus) from Southeast coast of India.,title,1,1,1,1,1,1,0.9879332184791564,0.997702181339264,0.9950775504112244,0.9969213008880616,0.994364857673645,0.9966005682945251,0.9979881048202516,0.998595654964447,0.9984643459320068,0.998110294342041,0.99699604511261,0.9973962306976318,0.9935709834098816,0.9983493685722352,0.9959622422854104,1,1,positive,TP,TP,species,Nerocila phaiopleura,species,Chirocentrus nudus,False,False,0,False,0.9979881048202516,0.998291790485382,0.9967383742332458,0.998595654964447,0.9984769225120544,0.9981744289398192,0.9984643459320068,0.998170018196106,0.9960222840309144,0.9983493685722352,0.9983129103978476,0.9969783624013264,True,0.55,2,2,True,True,True,True,False,1,0.9983493685722352
2026-05-11_sibils_eval_med25_r1_v_ep_classifier_2026_testfull2_biotx-globi-species_passages-triplets,globi,classifier_2026_testfull80,29,ott:7519146;ott:889918;RO_0002556,ott:7519146,Fusarium zanthoxyli,Fusarium zanthoxyli,ott:889918,Zanthoxylum bungeanum,Zanthoxylum bungeanum,RO_0002556,pathogen of,pathogens of,1,1,1,30896371,0.5917171717171718,0.5917171717171718,0.5917171717171718,"Mitochondrial inheritance in Fusarium zanthoxyli and F. continuum, two canker-inducing pathogens of prickly ash (Zanthoxylum bungeanum) in northern China, was investigated by genotyping ascospore progeny obtained from laboratory crosses.",abstract,1,1,1,1,1,1,0.9974873065948486,0.9978474378585817,0.9836155772209167,0.9959017634391784,0.9922930002212524,0.9949344992637634,0.9973573088645936,0.9967656135559082,0.94621342420578,0.9950894713401794,0.9910719990730286,0.9949094653129578,0.9929834405581156,0.980112115542094,0.9943764209747314,1,1,positive,TP,TP,species,Fusarium zanthoxyli,species,Zanthoxylum bungeanum,False,False,0,False,0.9973573088645936,0.7239717245101929,0.5113162994384766,0.9967656135559082,0.7393172979354858,0.6669166684150696,0.94621342420578,0.6457394361495972,0.5649029612541199,0.980112115542094,0.7030094861984253,0.5810453097025553,False,0.0,0,10,False,True,True,True,False,1,0.980112115542094
2026-05-11_sibils_eval_med25_r1_v_ep_classifier_2026_testfull2_biotx-globi-species_passages-triplets,globi,classifier_2026_testfull81,30,ott:3321304;ott:549675;RO_e000015,ott:3321304,Aroplectrus dimerus,Aroplectrus dimerus,ott:549675,Oxyplax pallivitta,Oxyplax pallivitta,RO_e000015,ectoparasitoid of,Ectoparasitoid of,1,1,1,38672779,0.5873615023474179,0.5873615023474179,0.5873615023474179,"Aroplectrus dimerus (Hymenoptera: Eulophidae), Ectoparasitoid of the Nettle Caterpillar, Oxyplax pallivitta (Lepidoptera: Limacodidae): Evaluation in the Hawaiian Islands.",title,1,1,1,1,1,1,0.9966905117034912,0.9978746175765992,0.9980762004852296,0.9980589747428894,0.9964821338653564,0.996753752231598,0.9966905117034912,0.9978746175765992,0.9980762004852296,0.9980589747428894,0.9964821338653564,0.996753752231598,0.9975471099217732,0.9975471099217732,0.9970982869466146,1,1,positive,TP,TP,species,Aroplectrus dimerus,species,Oxyplax pallivitta,False,False,0,False,0.9966905117034912,0.3241194784641266,0.3241194784641266,0.9978746175765992,0.3211213946342468,0.3211213946342468,0.9980762004852296,0.3822953402996063,0.3822953402996063,0.9975471099217732,0.3425120711326599,0.3425120711326599,False,0.0,0,7,True,True,True,True,True,0,0.9975471099217732
2026-05-11_sibils_eval_med25_r1_v_ep_classifier_2026_testfull2_biotx-globi-species_passages-triplets,globi,classifier_2026_testfull82,31,ott:750778;ott:883804;RO_0002444,ott:750778,Galea musteloides leucoblephara,Galea leucoblephara,ott:883804,Holochilus brasiliensis,Holochilus brasiliensis,RO_0002444,parasite of,parasite of,1,1,1,15991827,0.526995671,0.526995671,0.526995671,"The new species more closely resembles G. mazzai Lent & Freitas, 1935, parasite of Galea leucoblephara from Argentina, and G. kravetzi Sutton & Durette-Desset, 1995, parasite of Holochilus brasiliensis from Uruguay.",abstract,1,1,1,0,0,1,0.0049573224969208,0.0020026890560984,0.0052396915853023,0.0029724142514169,0.0227960813790559,0.0072339721955358,0.0023289883974939,0.0019572069868445,0.0043780282139778,0.0026751437690109,0.0085085425525903,0.003324267687276,0.0040665677127738,0.002888074532772,0.0110008226086695,0,1,pair-binding,FP,TN,subspecies,Galea musteloides leucoblephara,species,Holochilus brasiliensis,False,False,0,False,0.0023289883974939,0.1133487448096275,0.1217804178595542,0.0019572069868445,0.2146459519863128,0.130123421549797,0.0043780282139778,0.2660121619701385,0.2762569189071655,0.0028880745327721,0.1980022862553596,0.1760535861055056,True,0.55,2,12,False,True,False,True,True,1,0.1980022862553596
2026-05-11_sibils_eval_med25_r1_v_ep_classifier_2026_testfull2_biotx-globi-species_passages-triplets,globi,classifier_2026_testfull83,32,ott:741639;ott:622825;RO_e000047,ott:741639,Neotyphodium,Neotyphodium,ott:622825,Festuca arizonica,Festuca arizonica,RO_e000047,coevolves,coevolution,1,1,1,14871368,0.5803333333333334,0.5803333333333334,0.5803333333333334,Gene flow in the endophyte Neotyphodium and implications for coevolution with Festuca arizonica.,title,1,1,1,1,1,1,0.9961140155792236,0.998068392276764,0.9958034157752992,0.9972004890441896,0.9957043528556824,0.9954244494438172,0.9961740374565125,0.9980393052101136,0.9966105818748474,0.9973793029785156,0.9962145686149596,0.9956012964248656,0.9966619412104288,0.9969413081804912,0.9961097637812296,1,1,positive,TP,TP,genus,Neotyphodium,species,Festuca arizonica,True,False,1,True,0.9961740374565125,0.9849201440811156,0.972810924053192,0.9980393052101136,0.996206760406494,0.9906911253929138,0.9966105818748474,0.9921185970306396,0.9808009266853333,0.9969413081804912,0.9910818338394164,0.9814343253771464,False,0.0,0,5,True,True,True,True,False,1,0.9969413081804912
2026-05-11_sibils_eval_med25_r1_v_ep_classifier_2026_testfull2_biotx-globi-species_passages-triplets,globi,classifier_2026_testfull84,33,ott:162242;ott:770315;RO_e000045,ott:162242,Tritia,NanA,ott:770315,Homo sapiens,human,RO_e000045,invaded,invasion,2,2,1,27352769,0.4239047619047619,0.4239047619047619,0.8401241711874623,GBS expressing pneumococcal NanA had increased invasion of human brain microvascular endothelial cells.,abstract,0,1,0,0,0,0,0.0006476743728853,0.0010398110607638,0.0011617473792284,0.0017770968843251,0.0031111640855669,0.0017976604867726,0.0006071947864256,0.0010267699835821,0.0007804318447597,0.0050023412331938,0.0036727811675518,0.0030743714887648,0.0009497442709591,0.0008047988715891,0.0022286404855548,0,0,entity,TN,TN,genus,Tritia,species,Homo sapiens,True,False,1,True,0.0006071947864256,0.0007147251744754,0.0003239324141759,0.0010267699835821,0.0006856506806798,0.0007463052170351,0.0007804318447597,0.0004846492374781,0.000543883186765,0.0008047988715892,0.0006283416975444,0.0005380402726586,False,0.0,0,4,True,True,False,False,False,3,0.0008047988715892
2026-05-11_sibils_eval_med25_r1_v_ep_classifier_2026_testfull2_biotx-globi-species_passages-triplets,globi,classifier_2026_testfull85,34,ott:231612;ott:779555;RO_0002453,ott:231612,Conepatus chinga,Conepatus chinga,ott:779555,Trypanosoma cruzi,Trypanosoma cruzi,RO_0002453,host of,host of,1,1,1,1907656,0.5969411764705883,0.5969411764705883,0.5969411764705883,The skunk Conepatus chinga as new host of Trypanosoma cruzi in Argentina.,title,1,1,1,1,1,1,0.9983394145965576,0.9988986253738404,0.9986492991447448,0.997812032699585,0.9976268410682678,0.9967615008354188,0.9983394145965576,0.9988986253738404,0.9986492991447448,0.997812032699585,0.9976268410682678,0.9967615008354188,0.998629113038381,0.998629113038381,0.9974001248677572,1,1,positive,TP,TP,species,Conepatus chinga,species,Trypanosoma cruzi,False,False,0,False,0.9983394145965576,0.9968472123146056,0.9968472123146056,0.9988986253738404,0.9984083771705629,0.9984083771705629,0.9986492991447448,0.9976438879966736,0.9976438879966736,0.998629113038381,0.997633159160614,0.997633159160614,True,0.4,1,4,True,True,True,True,True,0,0.998629113038381
2026-05-11_sibils_eval_med25_r1_v_ep_classifier_2026_testfull2_biotx-globi-species_passages-triplets,globi,classifier_2026_testfull86,35,ott:405615;ott:516791;RO_0002453,ott:405615,Gallotia galloti,Gallotia galloti,ott:516791,Angiostrongylus cantonensis,Angiostrongylus cantonensis,RO_0002453,host of,host of,2,2,1,35321776,0.6004705882352941,0.6004705882352941,1.1961123792800703,"Endemic lizard Gallotia galloti is a paratenic host of invasive Angiostrongylus cantonensis in Tenerife, Spain.",title,1,1,1,1,1,1,0.9988299012184144,0.9989074468612672,0.9986796975135804,0.9979584217071532,0.9972466230392456,0.9969151020050048,0.9988299012184144,0.9989074468612672,0.9986796975135804,0.9979584217071532,0.9972466230392456,0.9969151020050048,0.9988056818644208,0.9988056818644208,0.997373382250468,1,1,positive,TP,TP,species,Gallotia galloti,species,Angiostrongylus cantonensis,False,False,0,False,0.9988299012184144,0.9979068040847778,0.9979068040847778,0.9989074468612672,0.9985700845718384,0.9985700845718384,0.9986796975135804,0.9976021647453308,0.9976021647453308,0.9988056818644204,0.9980263511339824,0.9980263511339824,True,0.4,1,6,True,True,True,True,True,0,0.9988056818644204
2026-05-11_sibils_eval_med25_r1_v_ep_classifier_2026_testfull2_biotx-globi-species_passages-triplets,globi,classifier_2026_testfull87,36,ott:244572;ott:340973;RO_0002445,ott:244572,Paranoplocephala etholeni,Paranoplocephala etholeni,ott:340973,Microtus pennsylvanicus,Microtus pennsylvanicus|meadow vole,RO_0002445,parasitized by,parasitizing,1,1,1,12514944,0.6096790123456791,0.6096790123456791,0.6096790123456791,"Paranoplocephala etholeni n. sp., parasitizing the meadow vole Microtus pennsylvanicus in Alaska and Wisconsin, USA, is described.",abstract,1,1,1,1,1,1,0.9973547458648682,0.998754382133484,0.9981380701065063,0.9981470108032228,0.9968607425689696,0.9972647428512572,0.9982909560203552,0.9988905787467957,0.9986300468444824,0.9982409477233888,0.9972254037857056,0.9974835515022278,0.998082399368286,0.9986038605372112,0.9974241654078164,1,1,positive,TP,TP,species,Paranoplocephala etholeni,species,Microtus pennsylvanicus,False,False,0,False,0.9982909560203552,0.5304171442985535,0.9885627031326294,0.9988905787467957,0.8716520071029663,0.9940464496612548,0.9986300468444824,0.7906100153923035,0.989154040813446,0.9986038605372112,0.730893055597941,0.9905877312024436,True,0.55,2,6,False,True,True,True,False,1,0.9986038605372112
2026-05-11_sibils_eval_med25_r1_v_ep_classifier_2026_testfull2_biotx-globi-species_passages-triplets,globi,classifier_2026_testfull88,37,ott:962055;ott:61372;RO_0002444,ott:962055,Inquilina,Inquilina,ott:61372,Exoneura,Exoneura,RO_0002444,parasite of,parasite of,1,1,1,12695086,0.5630921985815603,0.5630921985815603,0.5630921985815603,Sociality and life histories are well documented for the exoneurine genera (review in ) and Inquilina is an obligate social parasite of species of Exoneura ().,abstract,1,1,1,1,1,1,0.9988077878952026,0.9988135099411012,0.9986591339111328,0.9978424310684204,0.9974219799041748,0.9964258074760436,0.9988077878952026,0.9988135099411012,0.9986591339111328,0.9978424310684204,0.9974219799041748,0.9964258074760436,0.998760143915812,0.998760143915812,0.997230072816213,1,1,positive,TP,TP,genus,Inquilina,genus,Exoneura,True,True,2,True,0.9988077878952026,0.238218069076538,0.238218069076538,0.9988135099411012,0.1752542555332183,0.1752542555332183,0.9986591339111328,0.07400593906641,0.07400593906641,0.998760143915812,0.1624927545587221,0.1624927545587221,True,0.55,2,8,True,True,True,True,True,0,0.998760143915812
2026-05-11_sibils_eval_med25_r1_v_ep_classifier_2026_testfull2_biotx-globi-species_passages-triplets,globi,classifier_2026_testfull89,38,ott:163457;ott:770315;RO_e000053,ott:163457,Magnusiomyces capitatus,Saprochaete capitata,ott:770315,Homo sapiens,human,RO_e000053,colonize,colonize,1,1,1,34835220,0.4357843137254902,0.4357843137254902,0.4357843137254902,"Saprochaete capitata is an arthroconidial yeast, found principally in the environment, even if it belongs also to the normal microbial flora that colonize human subjects.",abstract,1,1,1,1,1,1,0.0296019595116376,0.0142481802031397,0.0384370870888233,0.0831129476428031,0.165848970413208,0.0164889730513095,0.0404784604907035,0.038747563958168,0.0803417414426803,0.2134351283311844,0.3164467811584472,0.0287341512739658,0.0274290756012001,0.0531892552971839,0.0884836303691068,0,1,positive,TP,FN,species,Magnusiomyces capitatus,species,Homo sapiens,False,False,0,False,0.0404784604907035,0.0995021611452102,0.0595281459391117,0.038747563958168,0.0947778299450874,0.0358452014625072,0.0803417414426803,0.1282910704612732,0.0342812687158584,0.0531892552971839,0.1075236871838569,0.0432182053724924,True,0.15,1,21,True,True,False,False,True,2,0.1075236871838569
2026-05-11_sibils_eval_med25_r1_v_ep_classifier_2026_testfull2_biotx-globi-species_passages-triplets,globi,classifier_2026_testfull90,39,ott:770315;ott:870348;RO_e000046,ott:770315,Homo sapiens,Human|human,ott:870348,Toxocara,Toxocara,RO_e000046,migrates with,migration,8,8,1,26811731,0.4991515151515152,0.4991515151515152,3.274137000305968,"BACKGROUND Human toxocariasis, a helminthozoonosis, is due to the migration of Toxocara species larvae into human organisms.",abstract,1,1,1,1,1,1,0.3731018006801605,0.4303326606750488,0.0697027444839477,0.3428747355937958,0.083130158483982,0.1463060677051544,0.8669556379318237,0.7483065724372864,0.7161596417427063,0.6261613368988037,0.0575657114386558,0.2916564345359802,0.291045735279719,0.7771406173706055,0.1907703205943107,1,1,positive,TP,TP,species,Homo sapiens,genus,Toxocara,False,True,1,True,0.8669556379318237,0.9851122498512268,0.7160112857818604,0.7483065724372864,0.9852723479270936,0.3473553657531738,0.7161596417427063,0.8540780544281006,0.4653409123420715,0.7771406173706055,0.9414875507354736,0.5095691879590353,False,0.0,0,9,True,True,False,True,False,2,0.9414875507354736
2026-05-11_sibils_eval_med25_r1_v_ep_classifier_2026_testfull2_biotx-globi-species_passages-triplets,globi,classifier_2026_testfull91,40,ott:415078;ott:497827;RO_0002556,ott:415078,Colletotrichum sansevieriae,Colletotrichum sansevieriae,ott:497827,Sansevieria trifasciata,Sansevieria trifasciata,RO_0002556,pathogen of,pathogen of,1,1,1,29900221,0.6087719298245614,0.6087719298245614,0.6087719298245614,"Draft genome sequence of Colletotrichum sansevieriae Sa-1-2, the anthracnose pathogen of Sansevieria trifasciata.",title,1,1,1,1,1,1,0.99802565574646,0.998185098171234,0.9985023736953736,0.9970397353172302,0.996253490447998,0.99685400724411,0.99802565574646,0.998185098171234,0.9985023736953736,0.9970397353172302,0.996253490447998,0.99685400724411,0.9982377092043558,0.9982377092043558,0.9967157443364462,1,1,positive,TP,TP,species,Colletotrichum sansevieriae,species,Sansevieria trifasciata,False,False,0,False,0.99802565574646,0.9228365421295166,0.9228365421295166,0.998185098171234,0.8105407357215881,0.8105407357215881,0.9985023736953736,0.9657792448997498,0.9657792448997498,0.9982377092043558,0.8997188409169515,0.8997188409169515,True,0.55,2,0,True,True,True,True,True,0,0.9982377092043558
2026-05-11_sibils_eval_med25_r1_v_ep_classifier_2026_testfull2_biotx-globi-species_passages-triplets,globi,classifier_2026_testfull92,41,ott:682806;ott:770315;RO_0002556,ott:682806,Haemophilus influenzae,Haemophilus influenzae,ott:770315,Homo sapiens,human,RO_0002556,pathogen of,pathogen of,19,19,1,32785145,0.5137777777777778,0.5137777777777778,7.734093762,Non-typeable Haemophilus influenzae (NTHI) is a pathogen of the human respiratory tract causing the majority of invasive H. influenzae infections.,abstract,1,1,1,1,1,1,0.6378359794616699,0.7119333148002625,0.5307469964027405,0.9561864137649536,0.788351833820343,0.6414818167686462,0.9924972057342528,0.9967569708824158,0.9859014749526978,0.9954919219017028,0.9911435842514038,0.9669063687324524,0.626838763554891,0.9917185505231222,0.7953400214513143,1,1,positive,TP,TP,species,Haemophilus influenzae,species,Homo sapiens,False,False,0,False,0.9924972057342528,0.0095783118158578,0.0131068304181098,0.9967569708824158,0.0211137272417545,0.0346955806016922,0.9859014749526978,0.0111720776185393,0.0205365344882011,0.9917185505231222,0.0139547055587172,0.0227796485026677,True,0.7,3,6,True,True,True,False,True,1,0.9917185505231222
2026-05-11_sibils_eval_med25_r1_v_ep_classifier_2026_testfull2_biotx-globi-species_passages-triplets,globi,classifier_2026_testfull93,42,ott:699165;ott:288063;RO_0002556,ott:699165,Streptococcus agalactiae,Streptococcus agalactiae,ott:288063,Oreochromis niloticus,Oreochromis niloticus|Nile tilapia,RO_0002556,pathogen of,pathogen of,5,5,1,38750480,0.5986243386243386,0.5986243386243386,2.758483021801264,"Streptococcus agalactiae, which is regarded as the major bacterial pathogen of farmed Nile tilapia (Oreochromis niloticus), is known to cause high mortality and large economic losses.",abstract,1,1,1,1,1,1,0.9983183145523072,0.9988075494766236,0.9983295798301696,0.9974627494812012,0.9969096779823304,0.996033489704132,0.9983183145523072,0.9988075494766236,0.9983295798301696,0.9974627494812012,0.9969096779823304,0.996033489704132,0.9984851479530334,0.9984851479530334,0.9968019723892212,1,1,positive,TP,TP,species,Streptococcus agalactiae,species,Oreochromis niloticus,False,False,0,False,0.9983183145523072,0.2193867415189743,0.2193867415189743,0.9988075494766236,0.491282045841217,0.491282045841217,0.9983295798301696,0.4553388059139251,0.4553388059139251,0.9984851479530334,0.3886691977580388,0.3886691977580388,True,0.55,2,14,True,True,True,True,True,0,0.9984851479530334
2026-05-11_sibils_eval_med25_r1_v_ep_classifier_2026_testfull2_biotx-globi-species_passages-triplets,globi,classifier_2026_testfull94,43,ott:928578;ott:4138003;RO_0002444,ott:928578,Nucleospora salmonis,Nucleospora salmonis,ott:4138003,salmonid fish,salmonid fish,RO_0002444,parasite of,parasite of,1,1,1,17605006,0.5845797101449275,0.5845797101449275,0.5845797101449275,"Nucleospora salmonis, an intranuclear microsporidian parasite of salmonid fish, is often difficult to observe in histological sections or wet mount preparations from lightly infected tissues because of its small size and location within the nuclei of lymphoblast-type cells.",abstract,1,1,1,1,1,1,0.9985301494598388,0.9986868500709534,0.9986076951026917,0.9972609281539916,0.9965277314186096,0.9952287673950196,0.9985301494598388,0.9986868500709534,0.9986076951026917,0.9972609281539916,0.9965277314186096,0.9952287673950196,0.9986082315444946,0.9986082315444946,0.9963391423225404,1,1,positive,TP,TP,species,Nucleospora salmonis,species,salmonid fish,False,False,0,False,0.9985301494598388,0.3596087992191314,0.3596087992191314,0.9986868500709534,0.5152208805084229,0.5152208805084229,0.9986076951026917,0.4743242561817169,0.4743242561817169,0.9986082315444946,0.4497179786364237,0.4497179786364237,True,0.95,3,6,True,True,True,True,True,0,0.9986082315444946
2026-05-11_sibils_eval_med25_r1_v_ep_classifier_2026_testfull2_biotx-globi-species_passages-triplets,globi,classifier_2026_testfull95,44,ott:733225;ott:365693;RO_e000044,ott:733225,Gossypium mustelinum,Gossypium mustelinum,ott:365693,Verticillium,Verticillium,RO_e000044,exposed to,exposed to,1,1,1,27808384,0.5879047619047619,0.5879047619047619,0.5879047619047619,"Two disease-sensitive near-isogenic lines, PD94042 and IL41, and one disease-resistant Gossypium mustelinum accession were exposed to Verticillium wilt, to investigate molecular disease resistance mechanisms in cotton.",abstract,1,1,1,1,1,1,0.993544340133667,0.9978554844856262,0.9971113204956056,0.9965968728065492,0.9888189435005188,0.9944382905960084,0.993544340133667,0.9978554844856262,0.9971113204956056,0.9965968728065492,0.9888189435005188,0.9944382905960084,0.9961703817049662,0.9961703817049662,0.9932847023010254,1,1,positive,TP,TP,species,Gossypium mustelinum,genus,Verticillium,False,True,1,True,0.993544340133667,0.919937789440155,0.919937789440155,0.9978554844856262,0.6901213526725769,0.6901213526725769,0.9971113204956056,0.9165741801261902,0.9165741801261902,0.9961703817049662,0.842211107412974,0.842211107412974,False,0.0,0,4,True,True,True,True,True,0,0.9961703817049662
2026-05-11_sibils_eval_med25_r1_v_ep_classifier_2026_testfull2_biotx-globi-species_passages-triplets,globi,classifier_2026_testfull96,45,ott:699165;ott:288087;RO_0002556,ott:699165,Streptococcus agalactiae,Streptococcus agalactiae,ott:288087,Tilapia,tilapia,RO_0002556,pathogen of,pathogen of,6,6,1,30374993,0.588,0.588,3.500967201064824,Streptococcus agalactiae is a major pathogen of tilapia causing significant economic losses for the global aquatic industry yearly.,abstract,1,1,1,1,1,1,0.998729169368744,0.9988866448402404,0.9984708428382874,0.9976629018783568,0.9973304271697998,0.9967918992042542,0.998729169368744,0.9988866448402404,0.9984708428382874,0.9976629018783568,0.9973304271697998,0.9967918992042542,0.9986955523490906,0.9986955523490906,0.9972617427508036,1,1,positive,TP,TP,species,Streptococcus agalactiae,genus,Tilapia,False,True,1,True,0.998729169368744,0.8135368824005127,0.8135368824005127,0.9988866448402404,0.8822601437568665,0.8822601437568665,0.9984708428382874,0.6709380149841309,0.6709380149841309,0.9986955523490906,0.7889116803805033,0.7889116803805033,True,0.55,2,5,True,True,True,True,True,0,0.9986955523490906
2026-05-11_sibils_eval_med25_r1_v_ep_classifier_2026_testfull2_biotx-globi-species_passages-triplets,globi,classifier_2026_testfull97,46,ott:4988892;ott:271578;RO_0002453,ott:4988892,Breinlia booliati,Breinlia booliati,ott:271578,Rattus,Rattus,RO_0002453,host of,hosts of,1,1,1,14740913,0.2351111111111111,0.2351111111111111,0.2351111111111111,"Breinlia booliati from a new host is described in this article, with a brief discussion on Rattus species that are hosts of B. booliati and vectors that transmit the parasite.",abstract,1,1,1,1,1,1,0.9943029880523682,0.9973703622817992,0.9973447918891908,0.9683974981307985,0.992109715938568,0.9821094274520874,0.9935442209243774,0.9963634610176086,0.99588543176651,0.827903687953949,0.9840098023414612,0.9662762880325316,0.9963393807411194,0.9952643712361654,0.9808722138404846,1,1,positive,TP,TP,species,Breinlia booliati,genus,Rattus,False,True,1,True,0.9935442209243774,0.9978002905845642,0.9976624250411988,0.9963634610176086,0.9980996251106262,0.9977351427078248,0.99588543176651,0.9982399940490724,0.9980225563049316,0.9952643712361654,0.9980466365814208,0.997806708017985,True,0.15,1,14,True,True,True,True,False,1,0.9980466365814208
2026-05-11_sibils_eval_med25_r1_v_ep_classifier_2026_testfull2_biotx-globi-species_passages-triplets,globi,classifier_2026_testfull98,47,ott:892752;ott:194953;RO_0002453,ott:892752,Galba truncatula,Galba truncatula,ott:194953,Fasciola hepatica,Fasciola hepatica,RO_0002453,host of,host for,9,10,1,35042123,1.1726846846846848,0.5863423423423424,5.554910451710242,A machine learning approach for modelling the occurrence of Galba truncatula as the major intermediate host for Fasciola hepatica in Switzerland.,title,1,1,1,1,1,1,0.99836927652359,0.998708724975586,0.9985949397087096,0.9978297352790833,0.9972966313362122,0.9959834814071656,0.998396933078766,0.9987303614616394,0.9986338019371032,0.997859537601471,0.9974599480628968,0.9965634942054749,0.9985576470692952,0.9985870321591696,0.9970366160074868,1,1,positive,TP,TP,species,Galba truncatula,species,Fasciola hepatica,False,False,0,False,0.998396933078766,0.9968467354774476,0.9964075684547424,0.9987303614616394,0.9979255199432372,0.9979752898216248,0.9986338019371032,0.998118817806244,0.9979326725006104,0.9985870321591696,0.9976303577423096,0.9974385102589926,True,0.4,1,6,True,True,True,True,False,1,0.9985870321591696
2026-05-11_sibils_eval_med25_r1_v_ep_classifier_2026_testfull2_biotx-globi-species_passages-triplets,globi,classifier_2026_testfull99,48,ott:3670724;ott:1077781;RO_0002445,ott:3670724,Demidospermus,Demidospermus,ott:1077781,Ageneiosus inermis,Ageneiosus inermis,RO_0002445,parasitized by,parasitizing,1,2,1,39646129,1.1643333333333332,0.5813333333333333,1.1643333333333332,"Three new species of Demidospermus (Monopisthocotyla: Dactylogyridae) parasitizing Ageneiosus inermis (Siluriformes: Auchenipteridae) from western Amazon, Brazil.",title,1,1,1,1,1,1,0.9960535764694214,0.9968861937522888,0.9943384528160096,0.99749493598938,0.996759593486786,0.9965662360191344,0.998606026172638,0.9986924529075624,0.998544216156006,0.9980230331420898,0.9972807168960572,0.9971154928207396,0.99575940767924,0.9986142317454022,0.9969402551651,1,1,positive,TP,TP,genus,Demidospermus,species,Ageneiosus inermis,True,False,1,True,0.998606026172638,0.8065227270126343,0.9773780703544616,0.9986924529075624,0.927051305770874,0.9956195950508118,0.998544216156006,0.8094355463981628,0.9874956607818604,0.998614231745402,0.8476698597272238,0.9868311087290446,True,0.55,2,3,True,True,True,True,False,1,0.998614231745402
2026-05-11_sibils_eval_med25_r1_v_ep_classifier_2026_testfull2_biotx-globi-species_passages-triplets,globi,classifier_2026_testfull100,49,ott:770315;ott:753708;RO_0002451,ott:770315,Homo sapiens,human,ott:753708,Glossina,Glossina|tsetse flies,RO_0002451,transmitted by,transmitted by,16,16,1,15463392,0.492,0.492,6.964439658,"The human disease, sleeping sickness, and the animal disease, nagana, are caused by trypanosomes, protozoan parasites transmitted by tsetse flies, Glossina spp.",abstract,1,1,1,1,1,1,0.0908325985074043,0.009006300009787,0.0258823651820421,0.0983206927776336,0.0117075936868786,0.0086944475769996,0.162649780511856,0.024961395189166,0.5183382034301758,0.0244437884539365,0.0103757623583078,0.0059591899625957,0.0419070878997444,0.2353164597103992,0.0395742446805039,0,1,positive,TP,FN,species,Homo sapiens,genus,Glossina,False,True,1,True,0.162649780511856,0.0004738929565064,0.0003643720119725,0.024961395189166,0.0005879379459656,0.000503338756971,0.5183382034301758,0.0006899401778355,0.0005260888137854,0.2353164597103993,0.0005839236934358,0.0004645998609097,True,0.95,3,18,True,True,False,True,True,1,0.2353164597103993
2026-05-11_sibils_eval_med25_r1_v_ep_classifier_2026_testfull2_biotx-globi-species_passages-triplets,globi,classifier_2026_testfull101,50,ott:745528;ott:339272;RO_e000055,ott:745528,Epichloe elymi,Epichlo√´ elymi,ott:339272,Elymus hystrix,Elymus hystrix,RO_e000055,affecting,affecting,1,1,1,16626473,0.5105359477124183,0.5105359477124183,0.5105359477124183,"Here, we investigate the importance of native isolates of the endophyte Epichlo√´ elymi in affecting herbivory of the native grass host, Elymus hystrix.",abstract,1,1,1,1,1,1,0.9839228987693788,0.994458794593811,0.9965235590934752,0.9958227872848512,0.9960021376609802,0.9953418970108032,0.9806483387947084,0.9956159591674804,0.9969804883003236,0.9959511756896972,0.9960460066795348,0.9952333569526672,0.9916350841522216,0.9910815954208374,0.9957222739855448,1,1,positive,TP,TP,species,Epichloe elymi,species,Elymus hystrix,False,False,0,False,0.9806483387947084,0.2803241908550262,0.3120697736740112,0.9956159591674804,0.1967532783746719,0.1794430017471313,0.9969804883003236,0.3038248121738434,0.3321664929389953,0.9910815954208374,0.2603007604678471,0.2745597561200459,True,0.3,2,8,True,True,False,True,True,1,0.9910815954208374
2026-05-11_sibils_eval_med25_r1_v_ep_classifier_2026_testfull2_biotx-random-triplets_passages-triplets,random,classifier_2026_testfull2,1,ott:751880;ott:804470;RO_e000055,ott:751880,Ichthyocotylurus erraticus,Ichthyocotylurus erraticus,ott:804470,Coregonus autumnalis,Coregonus autumnalis,RO_e000055,affecting,affecting,1,1,1,16174416,0.5978717948717949,0.5978717948717949,0.5978717948717949,"Ichthyocotylurus erraticus (Digenea: Strigeidae): factors affecting infection intensity and the effects of infection on pollan ( Coregonus autumnalis ), a glacial relict fish.",title,1,1,0,1,0,1,0.9136753678321838,0.8796857595443726,0.9108235239982604,0.995284378528595,0.9911054968833924,0.9892041087150574,0.9136753678321838,0.8796857595443726,0.9108235239982604,0.995284378528595,0.9911054968833924,0.9892041087150574,0.9013948837916056,0.9013948837916056,0.9918646613756816,1,1,predicate,FP,FP,species,Ichthyocotylurus erraticus,species,Coregonus autumnalis,False,False,0,False,0.9136753678321838,0.2717662751674652,0.2717662751674652,0.8796857595443726,0.1709041595458984,0.1709041595458984,0.9108235239982604,0.7647064328193665,0.7647064328193665,0.9013948837916056,0.4024589558442433,0.4024589558442433,True,0.15,1,14,True,True,True,True,True,0,0.9013948837916056
2026-05-11_sibils_eval_med25_r1_v_ep_classifier_2026_testfull2_biotx-random-triplets_passages-triplets,random,classifier_2026_testfull3,2,ott:620704;ott:1006238;RO_e000056,ott:620704,Salmonella enterica subsp. enterica serovar Poona,Salmonella Poona,ott:1006238,Cucumis melo var. cantalupo,cantaloupe,RO_e000056,affected by,affected by,1,2,1,15270486,0.6053333333333333,0.168,0.6053333333333333,Attachment of Salmonella Poona to cantaloupe rind and stem scar tissues as affected by temperature of fruit and inoculum.,title,1,1,0,1,0,1,0.0134395537897944,0.0241898316890001,0.0126295266672968,0.0031835022382438,0.0036161900497972,0.0272289495915174,0.0005731318378821,0.0010931267170235,0.0008645110647194,0.0020486533176153,0.0020853707101196,0.0020008494611829,0.0167529707153637,0.0008435898732083,0.0113428806265194,0,1,predicate,FP,TN,no rank,Salmonella enterica subsp. enterica serovar Poona,varietas,Cucumis melo var. cantalupo,True,False,1,True,0.0005731318378821,0.083099327981472,0.6871430277824402,0.0010931267170235,0.3308361768722534,0.8071554899215698,0.0008645110647194,0.0751265883445739,0.7105855345726013,0.0008435898732083,0.1630206977327664,0.7349613507588705,False,0.0,0,2,True,True,False,False,True,2,0.1630206977327664
2026-05-11_sibils_eval_med25_r1_v_ep_classifier_2026_testfull2_biotx-random-triplets_passages-triplets,random,classifier_2026_testfull4,3,ott:81461;ott:599405;RO_0002453,ott:81461,Aves,avian,ott:599405,Chilina,Chilina,RO_0002453,host of,host for,1,1,1,35335656,0.1517843137254902,0.1517843137254902,0.1517843137254902,"represents an important intermediate host for avian schistosomes in South America, constituting a reservoir de schistosomes with zoonotic potential; 4. Coinfection between the two different lineages was found, a finding previously not reported for avian schistosomes; 5. Expansion in the geographic distribution of Nasusbilharzia melancorhypha from its original record in Argentina, with Chilina dombeyana as an additional intermediate host.",abstract,1,1,1,0,0,1,0.0022091399878263,0.0160487294197082,0.0055391327477991,0.0009646777180023,0.0039272643625736,0.0025577717460691,0.0110684437677264,0.3492924273014068,0.0640328750014305,0.0073261377401649,0.0348140448331832,0.025585213676095,0.0079323340517778,0.1414645820235212,0.002483237942215,0,1,pair-binding,FP,TN,class,Aves,genus,Chilina,True,True,2,True,0.0110684437677264,0.0405863337218761,0.0003700495290104,0.3492924273014068,0.4892347753047943,0.0029071704484522,0.0640328750014305,0.1714742481708526,0.0026036943309009,0.1414645820235212,0.233765119065841,0.0019603047694545,False,0.14,1,45,False,True,False,True,False,2,0.233765119065841
2026-05-11_sibils_eval_med25_r1_v_ep_classifier_2026_testfull2_biotx-random-triplets_passages-triplets,random,classifier_2026_testfull5,4,ott:770315;ott:120250;RO_0002326,ott:770315,Homo sapiens,human,ott:120250,Entamoeba histolytica,Entamoeba histolytica,RO_0002326,contributes to,contributes to,1,1,1,28613117,0.1902222222222222,0.1902222222222222,0.1902222222222222,"The human gut parasite Entamoeba histolytica uses a multifunctional virulence factor, Hgl, a cell surface transmembrane receptor subunit of Gal/GalNAc lectin that contributes to adhesion, invasion, cytotoxicity and immune response in the host.",abstract,1,1,0,1,0,1,0.0002346033143112,0.0004463563964236,0.0004006000235676,0.0007538868230767,0.0009362351265735,0.001194467768073,0.0002349323622183,0.0003728350566234,0.0003795594675466,0.0007500880165025,0.0013671454507857,0.0009987159864977,0.0003605199114341,0.0003291089621294,0.0009615299059077,0,1,predicate,FP,TN,species,Homo sapiens,species,Entamoeba histolytica,False,False,0,False,0.0002349323622183,0.0002915367949753,0.0002425163838779,0.0003728350566234,0.0004115295887459,0.000368039618479,0.0003795594675466,0.0004193036002106,0.0003367739263921,0.0003291089621294,0.0003741233279773,0.0003157766429164,True,0.3,2,2,True,True,False,True,True,1,0.0003741233279773
2026-05-11_sibils_eval_med25_r1_v_ep_classifier_2026_testfull2_biotx-random-triplets_passages-triplets,random,classifier_2026_testfull6,5,ott:48282;ott:7074150;RO_0002453,ott:48282,Blattella germanica,Blattella germanica,ott:7074150,Pterygodermatites nycticebi,Pterygodermatites nycticebi,RO_0002453,host of,hosts of,1,1,1,33135172,0.6034385964912281,0.6034385964912281,0.6034385964912281,"Given that common German cockroaches (Blattella germanica) are suitable intermediate hosts of Pterygodermatites nycticebi, 30 specimens were collected from seven different locations around the golden lion tamarins housing.",abstract,1,1,1,1,1,1,0.998436152935028,0.9981673955917358,0.9982251524925232,0.9978450536727904,0.9970393776893616,0.9954779744148254,0.99839848279953,0.9982982277870178,0.9979549646377563,0.9975677132606506,0.9967917799949646,0.9955444931983948,0.9982762336730956,0.998217225074768,0.9967874685923258,1,1,positive,TP,TP,species,Blattella germanica,species,Pterygodermatites nycticebi,False,False,0,False,0.99839848279953,0.9967610239982604,0.996204674243927,0.9982982277870178,0.9966139197349548,0.9962118864059448,0.9979549646377563,0.9934990406036376,0.9948818683624268,0.998217225074768,0.9956246614456176,0.9957661430040996,False,0.0,0,6,True,True,True,True,False,1,0.998217225074768
2026-05-11_sibils_eval_med25_r1_v_ep_classifier_2026_testfull2_biotx-random-triplets_passages-triplets,random,classifier_2026_testfull7,6,ott:169710;ott:682806;RO_0002556,ott:169710,Chinchillidae,chinchillas,ott:682806,Haemophilus influenzae,Haemophilus influenzae,RO_0002556,pathogen of,pathogens,1,1,1,32295873,0.1812093023255814,0.1812093023255814,0.1812093023255814,"Toward this goal, we designed a vaccine antigen that induces the formation of antibodies that prevent biofilm formation and, thereby, experimental OM in the middle ears of chinchillas by the predominant Gram-negative pathogen responsible for this disease, nontypeable Haemophilus influenzae These antibodies also significantly disrupt preexisting biofilms formed by diverse pathogens.",abstract,1,1,1,1,1,1,0.0317279547452926,0.0056862034834921,0.0044481917284429,0.0075975526124238,0.0051843337714672,0.0069626187905669,0.0373544692993164,0.0217443741858005,0.0212530028074979,0.0090564163401722,0.0062130312435328,0.011972390115261,0.0139541166524092,0.0267839487642049,0.0065815017248193,0,1,positive,TP,FN,family,Chinchillidae,species,Haemophilus influenzae,True,False,1,True,0.0373544692993164,0.0684389322996139,0.6131026744842529,0.0217443741858005,0.0070371595211327,0.1164361163973808,0.0212530028074979,0.0035401242785155,0.0166397951543331,0.0267839487642049,0.026338738699754,0.2487261953453222,True,0.15,1,10,True,True,False,True,False,2,0.0267839487642049
2026-05-11_sibils_eval_med25_r1_v_ep_classifier_2026_testfull2_biotx-random-triplets_passages-triplets,random,classifier_2026_testfull8,7,ott:3308;ott:770309;RO_e000001,ott:3308,Salmonella,Salmonella,ott:770309,Homo,humans,RO_e000001,contaminated by,contaminated,36,38,1,37727836,0.8320911680911681,0.1597948717948717,9.137925491515896,"Salmonella is a foodborne zoonotic pathogen causing diarrhoeal disease to humans after consuming contaminated water, animal, and plant products.",abstract,1,1,0,1,0,1,0.0002952314098365,0.0004519557696767,0.0003682831593323,0.0006736538489349,0.0008714810828678,0.0007712219958193,0.0002783816016744,0.0005920454277656,0.000411438406445,0.0007052641012705,0.0024576964788138,0.0010258918628096,0.0003718234462818,0.0004272884786283,0.000772118975874,0,1,predicate,FP,TN,genus,Salmonella,genus,Homo,True,True,2,True,0.0002783816016744,0.0002746706304606,0.0004244739247951,0.0005920454277656,0.0007759084110148,0.0009029051288962,0.000411438406445,0.000367572531104,0.0005374253960326,0.0004272884786284,0.0004727171908598,0.0006216014832413,True,0.15,1,9,True,True,True,False,False,2,0.0004727171908598
2026-05-11_sibils_eval_med25_r1_v_ep_classifier_2026_testfull2_biotx-random-triplets_passages-triplets,random,classifier_2026_testfull9,8,ott:3850723;ott:31926;RO_0002556,ott:3850723,Puccinia,Puccinia,ott:31926,Triticum aestivum,wheat,RO_0002556,pathogen of,pathogens of,2,2,1,27503371,0.4951111111111111,0.4951111111111111,0.7013333333333334,Fungi that cause cereal rust diseases (genus Puccinia) are important pathogens of wheat globally.,abstract,1,1,1,1,1,1,0.9975873231887816,0.996807098388672,0.9976453185081482,0.9964351654052734,0.9946653842926024,0.9945096373558044,0.9982155561447144,0.998310923576355,0.9983239769935608,0.9963396787643432,0.9953676462173462,0.9958192110061646,0.997346580028534,0.9982834855715432,0.9952033956845602,1,1,positive,TP,TP,genus,Puccinia,species,Triticum aestivum,True,False,1,True,0.9982155561447144,0.7178041338920593,0.1478357762098312,0.998310923576355,0.8217567801475525,0.3431691527366638,0.9983239769935608,0.9677388668060304,0.284336507320404,0.9982834855715432,0.835766593615214,0.2584471454222997,False,0.0,0,5,True,True,True,False,False,2,0.9982834855715432
2026-05-11_sibils_eval_med25_r1_v_ep_classifier_2026_testfull2_biotx-random-triplets_passages-triplets,random,classifier_2026_testfull10,9,ott:775740;ott:387506;RO_e000045,ott:775740,Phytophthora,Phytophthora,ott:387506,Limonium,Limonium,RO_e000045,invaded,invasion,1,1,1,30764338,0.5751515151515151,0.5751515151515151,0.5751515151515151,"To our knowledge, this is the first report of P. nicotianae on G. tataricum in Bulgaria and one of the few reports from Europe of Phytophthora invasion of related Limonium species (2,3).",abstract,1,1,1,1,1,1,0.9964371919631958,0.9972721934318542,0.942198932170868,0.9810097217559814,0.991227686405182,0.987324357032776,0.9969047904014589,0.9978548884391784,0.9937230944633484,0.9953739047050476,0.994527280330658,0.9929745197296144,0.978636105855306,0.996160924434662,0.9865205883979796,1,1,positive,TP,TP,genus,Phytophthora,genus,Limonium,True,True,2,True,0.9969047904014589,0.994416117668152,0.9730954170227052,0.9978548884391784,0.9908432960510254,0.9286050796508788,0.9937230944633484,0.9387243390083312,0.3736560940742492,0.996160924434662,0.9746612509091696,0.7584521969159445,False,0.0,0,3,True,True,True,True,False,1,0.996160924434662
2026-05-11_sibils_eval_med25_r1_v_ep_classifier_2026_testfull2_biotx-random-triplets_passages-triplets,random,classifier_2026_testfull11,10,ott:1069988;ott:81976;RO_0002451,ott:1069988,Mycoplasma,Mycoplasma,ott:81976,Ctenocephalides felis,cat flea|Ctenocephalides felis,RO_0002451,transmitted by,transmitted by,1,1,1,38720359,0.5768596491228071,0.5768596491228071,0.5768596491228071,BACKGROUND Feline-associated hemotropic Mycoplasma (hemoplasmas) are believed to be transmitted by two primary mechanisms: (1) direct transmission via fighting and (2) vector-borne transmission by the cat flea (Ctenocephalides felis).,abstract,1,1,1,1,1,1,0.9864656329154968,0.975088119506836,0.9922478199005128,0.9845096468925476,0.9913650751113892,0.9575390815734864,0.9943483471870422,0.9958336353302002,0.9974038004875184,0.995793342590332,0.9957205653190612,0.9916169047355652,0.9846005241076152,0.9958619276682537,0.9778046011924744,1,1,positive,TP,TP,genus,Mycoplasma,species,Ctenocephalides felis,True,False,1,True,0.9943483471870422,0.8064017295837402,0.7248944044113159,0.9958336353302002,0.8355525732040405,0.4608335494995117,0.9974038004875184,0.9605600237846376,0.7704876065254211,0.9958619276682537,0.8675047755241394,0.6520718534787496,True,0.8,2,21,True,True,True,True,True,0,0.9958619276682537
2026-05-11_sibils_eval_med25_r1_v_ep_classifier_2026_testfull2_biotx-random-triplets_passages-triplets,random,classifier_2026_testfull12,11,ncbitaxon_viruses:142786;ott:975317;RO_0002326,ncbitaxon_viruses:142786,Norovirus,norovirus,ott:975317,Ostreidae,oysters,RO_0002326,contributes to,contribute to,1,1,1,29230695,0.1722105263157894,0.1722105263157894,0.1722105263157894,These observations suggest that urban drainage and seasonal flooding contribute to norovirus contamination of oysters in the study area.,abstract,1,1,0,1,0,1,0.0004824842035304,0.0006196635658852,0.000856218743138,0.0007358108414337,0.0009727825527079,0.0011641407618299,0.0808725357055664,0.1094719171524047,0.0619878321886062,0.0018770421156659,0.0039002483244985,0.00264154211618,0.0006527888375178,0.0841107616821924,0.0009575780519905,0,1,predicate,FP,TN,UNRESOLVED,,family,Ostreidae,True,True,2,True,0.0808725357055664,0.3525550961494446,0.0067360284738242,0.1094719171524047,0.4631155431270599,0.0028741713613271,0.0619878321886062,0.2450800538063049,0.0028206792194396,0.0841107616821924,0.3535835643609364,0.0041436263515303,False,0.0,0,2,True,True,True,False,False,2,0.3535835643609364
2026-05-11_sibils_eval_med25_r1_v_ep_classifier_2026_testfull2_biotx-random-triplets_passages-triplets,random,classifier_2026_testfull13,12,ott:207983;ott:31926;RO_e000053,ott:207983,Eriobotrya japonica,loquat|Eriobotrya japonica,ott:31926,Triticum aestivum,wheat,RO_e000053,colonize,colonized,1,1,1,31483183,0.5105714285714286,0.5105714285714286,0.5105714285714286,A convenient inoculation system based on root inoculation of a highly susceptible loquat (Eriobotrya japonica) with P. noxius-colonized wheat-oat grains was developed to examine the effect of Trichoderma treatment in planta.,abstract,1,1,1,0,0,1,0.0262498520314693,0.0079755801707506,0.0385618098080158,0.0076489318162202,0.0109569616615772,0.0426183305680751,0.1086430102586746,0.0302656423300504,0.0582762844860553,0.012847070582211,0.0416196919977664,0.0675229802727699,0.0242624140034119,0.06572831235826,0.0204080746819575,0,1,pair-binding,FP,TN,species,Eriobotrya japonica,species,Triticum aestivum,False,False,0,False,0.1086430102586746,0.0767351761460304,0.0416609086096286,0.0302656423300504,0.0125589631497859,0.4505050182342529,0.0582762844860553,0.0338462367653846,0.2014646530151367,0.0657283123582601,0.0410467920204003,0.2312101932863394,True,0.15,1,5,False,True,True,False,True,1,0.0657283123582601
2026-05-11_sibils_eval_med25_r1_v_ep_classifier_2026_testfull2_biotx-random-triplets_passages-triplets,random,classifier_2026_testfull14,13,ott:559439;ott:770315;RO_e000007,ott:559439,Campylobacter jejuni,Campylobacter jejuni,ott:770315,Homo sapiens,Human,RO_e000007,feed on,Feeding on,1,1,1,32847120,0.5027777777777778,0.5027777777777778,0.5027777777777778,"Occurrence of Campylobacter jejuni in Gulls Feeding on Zagreb Rubbish Tip, Croatia; Their Diversity and Antimicrobial Susceptibility in Perspective with Human and Broiler Isolates.",title,1,1,1,0,0,1,0.0002763498923741,0.0006078439182601,0.0004952908493578,0.0007660409319214,0.0008062768611125,0.0008901240071281,0.0003631439176388,0.0007386671495623,0.0007331524393521,0.0008819143986329,0.0008803851087577,0.0009198954212479,0.0004598282199973,0.0006116545021844,0.0008208139333873,0,1,pair-binding,FP,TN,species,Campylobacter jejuni,species,Homo sapiens,False,False,0,False,0.0003631439176388,0.0004483931697905,0.0003624424862209,0.0007386671495623,0.0009829982882365,0.0009894396644085,0.0007331524393521,0.0010393075644969,0.0009698218200355,0.0006116545021844,0.0008235663408413,0.000773901323555,True,0.4,1,16,False,True,True,False,False,2,0.0008235663408413
2026-05-11_sibils_eval_med25_r1_v_ep_classifier_2026_testfull2_biotx-random-triplets_passages-triplets,random,classifier_2026_testfull15,14,ott:3296602;ott:889220;RO_0002208,ott:3296602,Apanteles gelechiidivoris,Dolichogenidea gelechiidivoris,ott:889220,Tuta absoluta,Tuta absoluta,RO_0002208,parasitoid of,parasitoid of,1,1,1,35701027,0.5415438596491228,0.5415438596491228,0.5415438596491228,"Disentangling thermal effects using life cycle simulation modelling on the biology and demographic parameters of Dolichogenidea gelechiidivoris, a parasitoid of Tuta absoluta.",title,1,1,1,1,1,1,0.992952525615692,0.99838387966156,0.9976638555526732,0.997498095035553,0.9965948462486268,0.9974045157432556,0.9983630776405334,0.998670220375061,0.9984330534934998,0.997899293899536,0.9973229765892028,0.9974786639213562,0.9963334202766416,0.9984887838363647,0.9971658190091452,1,1,positive,TP,TP,species,Apanteles gelechiidivoris,species,Tuta absoluta,False,False,0,False,0.9983630776405334,0.2589140832424164,0.2056081891059875,0.998670220375061,0.2732266187667846,0.1936603784561157,0.9984330534934998,0.2372317165136337,0.1942252069711685,0.9984887838363647,0.2564574728409449,0.1978312581777572,True,0.55,2,4,True,True,False,True,True,1,0.9984887838363647
2026-05-11_sibils_eval_med25_r1_v_ep_classifier_2026_testfull2_biotx-random-triplets_passages-triplets,random,classifier_2026_testfull16,15,ott:5923498;ott:79299;RO_e000045,ott:5923498,Paramecium,Paramecium,ott:79299,Holospora,Holospora,RO_e000045,invaded,invade,1,1,1,20370623,0.292,0.292,0.292,"Special emphasis is put on infection of the ciliate Paramecium by Holospora bacteria, which invade the host nuclei with high efficacy.",abstract,1,1,1,1,1,1,0.517464280128479,0.6167330741882324,0.372658908367157,0.3685306310653686,0.9799504280090332,0.0615296438336372,0.0268023088574409,0.022339267656207,0.0792071223258972,0.0205986574292182,0.9397344589233398,0.005139906425029,0.5022854208946228,0.0427828996131817,0.470003567636013,1,1,positive,TP,TP,genus,Paramecium,genus,Holospora,True,True,2,True,0.0268023088574409,0.9455686211586,0.8066639304161072,0.022339267656207,0.9592107534408568,0.7615311741828918,0.0792071223258972,0.9014857411384584,0.5205947160720825,0.0427828996131817,0.9354217052459716,0.6962632735570272,True,0.15,1,1,True,True,True,True,False,1,0.9354217052459716
2026-05-11_sibils_eval_med25_r1_v_ep_classifier_2026_testfull2_biotx-random-triplets_passages-triplets,random,classifier_2026_testfull17,16,ott:770315;ott:275521;RO_0002440,ott:770315,Homo sapiens,Human,ott:275521,[Ruminococcus] gnavus E1,Ruminococcus gnavus E1,RO_0002440,symbiotically interacts with,Symbiont,2,2,1,33281771,0.4582222222222222,0.4582222222222222,0.9164444444444444,Œ±-Galactosidase and Sucrose-Kinase Relationships in a Bi-functional AgaSK Enzyme Produced by the Human Gut Symbiont Ruminococcus gnavus E1.,title,1,1,1,1,1,1,0.951783001422882,0.9569911360740662,0.9667156338691713,0.8916755318641663,0.9826922416687012,0.9638339281082152,0.9398177862167358,0.9763553738594056,0.9928927421569824,0.9618131518363952,0.9935004115104676,0.9662660956382751,0.9584965904553732,0.969688634077708,0.946067233880361,1,1,positive,TP,TP,species,Homo sapiens,no rank - terminal,[Ruminococcus] gnavus E1,False,False,0,False,0.9398177862167358,0.9940823912620544,0.8204283714294434,0.9763553738594056,0.9946185350418092,0.7844412326812744,0.9928927421569824,0.9960986375808716,0.949122965335846,0.969688634077708,0.9949331879615784,0.8513308564821879,False,0.0,0,2,True,True,False,False,False,3,0.9949331879615784
2026-05-11_sibils_eval_med25_r1_v_ep_classifier_2026_testfull2_biotx-random-triplets_passages-triplets,random,classifier_2026_testfull18,17,ott:3525116;ott:770309;RO_e000007,ott:3525116,Carios kelleyi,bat tick,ott:770309,Homo,humans,RO_e000007,feed on,feed on,1,1,1,34065313,0.422995671,0.422995671,0.422995671,The bat tick Cariosvespertilionis has been reported from Sweden to occasionally feed on humans resulting in disease symptoms.,abstract,0,1,1,0,0,1,0.9828789234161376,0.8553991913795471,0.1458019018173217,0.0248049013316631,0.0685474649071693,0.0367978736758232,0.9986055493354796,0.998930037021637,0.9985686540603638,0.9972748160362244,0.9968672394752502,0.9949344992637634,0.6613600055376688,0.9987014134724936,0.0433834133048852,1,1,entity,FP,FP,species,Carios kelleyi,genus,Homo,False,True,1,True,0.9986055493354796,0.96622633934021,0.0006213285960257,0.998930037021637,0.9878694415092468,0.0109367650002241,0.9985686540603638,0.9745451807975768,0.0016256790840998,0.9987014134724936,0.9762136538823446,0.0043945908934498,True,0.4,1,10,True,True,False,False,True,2,0.9987014134724936
2026-05-11_sibils_eval_med25_r1_v_ep_classifier_2026_testfull2_biotx-random-triplets_passages-triplets,random,classifier_2026_testfull19,18,ott:770309;ott:174825;RO_0002502,ott:770309,Homo,Humans,ott:174825,Brucella,Brucella,RO_0002502,depends on,depends on,1,1,1,34703169,0.4884485981308411,0.4884485981308411,0.4884485981308411,"Susceptibility to Brucellosis in Humans depends on immune status, routes of infection, size of the inoculums, and to some extent, the species of Brucella.",abstract,1,1,0,1,0,1,0.0003090222890023,0.0004641621781047,0.0007929153507575,0.0010015276493504,0.0009053804678842,0.0009233688469976,0.0345754101872444,0.0027417615056037,0.0350392200052738,0.002927892608568,0.0041538700461387,0.0014565241290256,0.0005220332726215,0.0241187972327073,0.000943425654744,0,1,predicate,FP,TN,genus,Homo,genus,Brucella,True,True,2,True,0.0345754101872444,0.0004777775611728,0.0002710132393985,0.0027417615056037,0.0008786718244664,0.0004339941660873,0.0350392200052738,0.0007099822396412,0.000347496359609,0.0241187972327073,0.0006888105417601,0.000350834588365,True,0.15,1,18,True,True,False,True,True,1,0.0241187972327073
2026-05-11_sibils_eval_med25_r1_v_ep_classifier_2026_testfull2_biotx-random-triplets_passages-triplets,random,classifier_2026_testfull20,19,ott:5142806;ott:274336;RO_0002440,ott:5142806,Copia,copia,ott:274336,Symbiodinium microadriaticum,Symbiodinium microadriaticum,RO_0002440,symbiotically interacts with,symbiont,1,1,1,29053149,0.584,0.584,0.584,We present transcriptomic and phylogenetic evidence for the existence of heat stress-activated Ty1-copia-type LTR retrotransposons in the coral symbiont Symbiodinium microadriaticum.,abstract,0,1,1,0,0,1,0.0024007826577872,0.0030852302443236,0.005776687990874,0.0094201248139142,0.0058733904734253,0.0055749318562448,0.0021347713191062,0.0020713796839118,0.0026777556631714,0.0029273009859025,0.0019151736050844,0.0025869775563478,0.0037542336309949,0.0022946355553964,0.0069561490478614,0,1,entity,FP,TN,no rank,Copia,species,Symbiodinium microadriaticum,True,False,1,True,0.0021347713191062,0.0018437955295667,0.0012748305452987,0.0020713796839118,0.0011444046394899,0.0015327081782743,0.0026777556631714,0.008335999213159,0.0051687411032617,0.0022946355553964,0.0037747331274052,0.0026587599422782,False,0.0,0,7,True,True,True,True,False,1,0.0037747331274052
2026-05-11_sibils_eval_med25_r1_v_ep_classifier_2026_testfull2_biotx-random-triplets_passages-triplets,random,classifier_2026_testfull21,20,ott:770315;ott:956798;RO_e000044,ott:770315,Homo sapiens,human,ott:956798,Actinomyces viscosus,Actinomyces viscosus,RO_e000044,exposed to,exposed to,1,1,1,7030774,0.5079365079365079,0.5079365079365079,0.5079365079365079,Degradation of type I collagen fibrils synthesized by human dental pulp cells in explant exposed to Actinomyces viscosus.,title,1,1,1,1,1,1,0.7995696067810059,0.6627525687217712,0.4493623375892639,0.9576235413551332,0.9032230973243712,0.9912315011024476,0.6611090302467346,0.6150750517845154,0.5746772289276123,0.902768611907959,0.9016959071159364,0.9857182502746582,0.6372281710306803,0.6169537703196207,0.9506927132606506,1,1,positive,TP,TP,species,Homo sapiens,species,Actinomyces viscosus,False,False,0,False,0.6611090302467346,0.0007182616973295,0.0005918334936723,0.6150750517845154,0.0026274234987795,0.0010369127849116,0.5746772289276123,0.0023198593407869,0.0011179795255884,0.6169537703196207,0.001888514845632,0.0009155752680574,False,0.0,0,7,True,True,False,True,True,1,0.6169537703196207
2026-05-11_sibils_eval_med25_r1_v_ep_classifier_2026_testfull2_biotx-random-triplets_passages-triplets,random,classifier_2026_testfull22,21,ott:929442;ott:7698096;RO_e000005,ott:929442,Lithodes santolla,Lithodes santolla,ott:7698096,Eremitione,Eremitione,RO_e000005,infested by,Infestation,1,1,1,38869094,0.3026666666666667,0.3026666666666667,0.3026666666666667,Infestation of Lithodes santolla by Eremitione tuberculata: spatial and temporal variations in parasite prevalence and effect on host growth.,title,1,1,1,1,1,1,0.998527765274048,0.9988033771514891,0.9985552430152892,0.9971073269844056,0.997471809387207,0.9972698092460632,0.9984537363052368,0.998823344707489,0.9984923601150512,0.9972518086433412,0.9976212382316588,0.9971766471862792,0.998628795146942,0.998589813709259,0.9972829818725586,1,1,positive,TP,TP,species,Lithodes santolla,genus,Eremitione,False,True,1,True,0.9984537363052368,0.9982945322990416,0.8884344696998596,0.998823344707489,0.998865008354187,0.9751757383346558,0.9984923601150512,0.998002588748932,0.8929427862167358,0.998589813709259,0.9983873764673868,0.9188509980837504,True,0.7,3,1,True,True,True,True,False,1,0.998589813709259
2026-05-11_sibils_eval_med25_r1_v_ep_classifier_2026_testfull2_biotx-random-triplets_passages-triplets,random,classifier_2026_testfull23,22,ott:263371;ott:230915;RO_0002451,ott:263371,Trypanosoma murmanensis,Trypanosoma murmanensis,ott:230915,Johanssonia arctica,Johanssonia arctica,RO_0002451,transmitted by,transmitted by,1,1,1,15127296,0.601679012,0.601679012,0.601679012,The trypanosomes differ morphologically from Trypanosoma murmanensis transmitted by the leech Johanssonia arctica.,abstract,1,1,1,1,1,1,0.9912841320037842,0.9833653569221495,0.9783009886741638,0.9931986927986144,0.9937293529510498,0.9899214506149292,0.9912841320037842,0.9833653569221495,0.9783009886741638,0.9931986927986144,0.9937293529510498,0.9899214506149292,0.9843168258666992,0.9843168258666992,0.9922831654548644,1,1,positive,TP,TP,species,Trypanosoma murmanensis,species,Johanssonia arctica,False,False,0,False,0.9912841320037842,0.2381016463041305,0.2381016463041305,0.9833653569221495,0.1606450229883194,0.1606450229883194,0.9783009886741638,0.2539811432361603,0.2539811432361603,0.9843168258666992,0.2175759375095367,0.2175759375095367,True,0.8,2,4,True,True,True,True,True,0,0.9843168258666992
2026-05-11_sibils_eval_med25_r1_v_ep_classifier_2026_testfull2_biotx-random-triplets_passages-triplets,random,classifier_2026_testfull24,23,ott:727043;ott:5846;RO_0002439,ott:727043,Iphiseius degenerans,Iphiseius degenerans,ott:5846,Frankliniella occidentalis,western flower thrips|Frankliniella occidentalis,RO_0002439,preys on,predatory,1,1,1,12171271,0.27175,0.27175,0.27175,"Here, we study the oviposition behaviour of a predatory mite (Iphiseius degenerans) in relation to its prey, the western flower thrips (Frankliniella occidentalis).",abstract,1,1,1,1,1,1,0.4979739487171173,0.438420295715332,0.3620147705078125,0.9926591515541076,0.9939905405044556,0.9851099252700806,0.9778775572776794,0.99543035030365,0.9765275716781616,0.9946696162223816,0.9953123331069946,0.9927749633789062,0.4328030049800873,0.983278493086497,0.990586539109548,1,1,positive,TP,TP,species,Iphiseius degenerans,species,Frankliniella occidentalis,False,False,0,False,0.9778775572776794,0.9039957523345948,0.3129215836524963,0.99543035030365,0.7880703806877136,0.1282431483268737,0.9765275716781616,0.9051896333694458,0.5989792346954346,0.983278493086497,0.8657519221305847,0.3467146555582682,True,0.15,1,7,True,True,True,True,False,1,0.983278493086497
2026-05-11_sibils_eval_med25_r1_v_ep_classifier_2026_testfull2_biotx-random-triplets_passages-triplets,random,classifier_2026_testfull25,24,ott:730008;ott:770309;RO_0002556,ott:730008,Suidae,boars,ott:770309,Homo,humans,RO_0002556,pathogen of,pathogens,2,2,1,32746868,0.4208395061728395,0.4208395061728395,0.8382384132766647,"BACKGROUND Similar to the situation in other European countries, Danish wild boars may harbour a wide range of pathogens infectious to humans and domestic pigs.",abstract,1,1,1,0,0,0,0.0004641135165002,0.0010718767298385,0.0008991427021101,0.0009466102346777,0.0014862826792523,0.0014947662129998,0.0075251758098602,0.0207625813782215,0.0456496924161911,0.0048785023391246,0.0080277025699615,0.0045362845994532,0.0008117109828162,0.0246458165347576,0.0013092197089766,0,0,pair-binding,TN,TN,family,Suidae,genus,Homo,True,True,2,True,0.0075251758098602,0.0009574312134645,0.0004373785632196,0.0207625813782215,0.0033749521244317,0.0006974442512728,0.0456496924161911,0.0007973897154442,0.0006586691597476,0.0246458165347576,0.0017099243511135,0.00059783065808,False,0.0,0,9,True,True,False,False,False,3,0.0246458165347576
2026-05-11_sibils_eval_med25_r1_v_ep_classifier_2026_testfull2_biotx-random-triplets_passages-triplets,random,classifier_2026_testfull26,25,ott:249759;ott:559434;RO_e000044,ott:249759,Lactobacillus,Lactobacillus,ott:559434,Campylobacter,Campylobacter,RO_e000044,exposed to,exposed to,1,1,1,38391155,0.5708248587570621,0.5708248587570621,0.5708248587570621,"This study assessed the impact of Lactobacillus-fermented rapeseed meal (LFRM) on broilers exposed to C. jejuni-contaminated litter, evaluating growth performance, Campylobacter levels, and metagenomic profile.",abstract,1,1,1,0,0,1,0.0005237414734438,0.0007850070251151,0.000735065434128,0.0011326840613037,0.0008734999573789,0.0008147338521666,0.0005237414734438,0.0007850070251151,0.000735065434128,0.0011326840613037,0.0008734999573789,0.0008147338521666,0.0006812713108956,0.0006812713108956,0.0009403059569497,0,1,pair-binding,FP,TN,genus,Lactobacillus,genus,Campylobacter,True,True,2,True,0.0005237414734438,0.0025587487034499,0.0025587487034499,0.0007850070251151,0.0013440285110846,0.0013440285110846,0.000735065434128,0.0041494145989418,0.0041494145989418,0.0006812713108956,0.0026840639378254,0.0026840639378254,False,0.0,0,14,False,True,True,True,True,0,0.0026840639378254
2026-05-11_sibils_eval_med25_r1_v_ep_classifier_2026_testfull2_biotx-random-triplets_passages-triplets,random,classifier_2026_testfull27,26,ott:150781;ott:776077;RO_0002444,ott:150781,Ornithodoros,Pavlovskyella,ott:776077,Lycalopex culpaeus,Lycalopex culpaeus|culpeo fox,RO_0002444,parasite of,parasite of,1,1,1,39495038,0.5148027210884354,0.5148027210884354,0.5148027210884354,"Identification and characterization of a novel Pavlovskyella (Acari: Argasidae) from Chile, parasite of the culpeo fox (Lycalopex culpaeus).",title,1,1,1,1,1,1,0.9003223776817322,0.9841468334197998,0.9605820178985596,0.9619871973991394,0.9649595022201538,0.9951549768447876,0.9983298182487488,0.9988137483596802,0.9986831545829772,0.9979779124259948,0.9970535039901732,0.9974294304847716,0.9483504096666971,0.998608907063802,0.9740338921546936,1,1,positive,TP,TP,genus,Ornithodoros,species,Lycalopex culpaeus,True,False,1,True,0.9983298182487488,0.7337388396263123,0.325325608253479,0.9988137483596802,0.7170679569244385,0.016092475503683,0.9986831545829772,0.6158645153045654,0.0602533631026744,0.998608907063802,0.6888904372851054,0.1338904822866121,True,0.55,2,10,True,True,False,True,True,1,0.998608907063802
2026-05-11_sibils_eval_med25_r1_v_ep_classifier_2026_testfull2_biotx-random-triplets_passages-triplets,random,classifier_2026_testfull28,27,ott:464784;ott:972654;RO_0002213,ott:464784,Alternaria alternata,Alternaria alternata,ott:972654,Pyrus communis,Pear,RO_0002213,positively regulates,Positively Regulate,1,1,1,36674895,0.1828771929824561,0.1828771929824561,0.1828771929824561,"AaCaMKs Positively Regulate Development, Infection Structure Differentiation and Pathogenicity in Alternaria alternata, Causal Agent of Pear Black Spot.",title,1,1,0,1,0,1,0.0002529170596972,0.0006391832139343,0.0003799439291469,0.0010302406735718,0.0011294262949377,0.0009487682254984,0.0002702278725337,0.0005130847566761,0.0003413894155528,0.0007919661002233,0.0007668173057027,0.0008030759636312,0.0004240147342594,0.0003749006815875,0.0010361450646693,0,1,predicate,FP,TN,species,Alternaria alternata,species,Pyrus communis,False,False,0,False,0.0002702278725337,0.0002963557781185,0.0005699372268281,0.0005130847566761,0.0005423578550107,0.0013016106095165,0.0003413894155528,0.0003590591077227,0.0009227386908605,0.0003749006815875,0.000399257580284,0.0009314288424017,True,0.55,2,4,True,True,True,False,False,2,0.000399257580284
2026-05-11_sibils_eval_med25_r1_v_ep_classifier_2026_testfull2_biotx-random-triplets_passages-triplets,random,classifier_2026_testfull29,28,ott:5337569;ott:1094667;RO_0002440,ott:5337569,Sulla,sulla,ott:1094667,Sulla coronaria,Hedysarum coronarium,RO_0002440,symbiotically interacts with,symbionts of,1,1,1,12148639,0.2777777777777777,0.2777777777777777,0.2777777777777777,"This work is the completion of a series of reports describing the nitrogen-fixing bacterial symbionts of sulla (Hedysarum coronarium L., Leguminosae) and providing the grounds for their proposal as a new taxon.",abstract,0,1,1,0,0,1,0.0030694459564983,0.0025399813894182,0.00222212751396,0.0137565582990646,0.0205617193132638,0.0077568469569087,0.06340342015028,0.0355558395385742,0.0944828614592552,0.8524255156517029,0.0634752213954925,0.8825754523277283,0.0026105182866255,0.0644807070493698,0.014025041523079,0,1,entity,FP,TN,genus,Sulla,species,Sulla coronaria,True,False,1,True,0.06340342015028,0.8232831358909607,0.008778610266745,0.0355558395385742,0.1035984233021736,0.0045308205299079,0.0944828614592552,0.6855412125587463,0.0120842428877949,0.0644807070493698,0.5374742572506269,0.008464557894816,False,0.0,0,0,True,True,True,False,False,2,0.5374742572506269
2026-05-11_sibils_eval_med25_r1_v_ep_classifier_2026_testfull2_biotx-random-triplets_passages-triplets,random,classifier_2026_testfull30,29,ott:574724;ott:815355;RO_0002801,ott:574724,Chiroptera,bats,ott:815355,Prosorrhyncha,bugs,RO_0002801,co-roosts with,roosts,1,1,1,17710299,0.4162222222222222,0.4162222222222222,0.4162222222222222,"All of the bats studied inhabit roosts that may be occupied by triatomine bugs and, with the exception of D. rotundus, all also feed to at least some extent upon insects.",abstract,1,1,1,1,1,1,0.0011551808565855,0.0018679945496842,0.0014508911408483,0.0012788547901436,0.0042502153664827,0.0038722557947039,0.2104489654302597,0.0952955558896064,0.0157237332314252,0.0150207858532667,0.0472460202872753,0.1261219829320907,0.001491355515706,0.1071560848504304,0.00313377531711,0,1,positive,TP,FN,order,Chiroptera,no rank,Prosorrhyncha,True,True,2,True,0.2104489654302597,0.2732793390750885,0.0033984025940299,0.0952955558896064,0.0801554918289184,0.0065186540596187,0.0157237332314252,0.0471960119903087,0.0066479919478297,0.1071560848504304,0.1335436142981052,0.0055216828671594,False,0.0,0,9,True,True,False,False,False,3,0.1335436142981052
2026-05-11_sibils_eval_med25_r1_v_ep_classifier_2026_testfull2_biotx-random-triplets_passages-triplets,random,classifier_2026_testfull31,30,ott:770315;ott:310506;RO_e000045,ott:770315,Homo sapiens,human,ott:310506,Mycobacterium leprae,Mycobacterium leprae,RO_e000045,invaded,invade,2,2,1,20005916,0.1969696969696969,0.1969696969696969,0.3726453726453727,"Recent studies have provided evidence that the bacterium that causes human leprosy, Mycobacterium leprae that has a unique capacity to invade Schwann cells of the adult PNS, utilizes the neuregulin-ErbB2/ErbB3 associated signaling network to the bacterial advantage.",abstract,1,1,1,1,1,1,0.0022465866059064,0.0055994968861341,0.0077032353729009,0.0150535898283123,0.0139181753620505,0.0287804342806339,0.0002625928318593,0.004994785413146,0.0009913858957588,0.0126937516033649,0.0116127086803317,0.011679109185934,0.0051831062883138,0.0020829213802547,0.0192507331569989,0,1,positive,TP,FN,species,Homo sapiens,species,Mycobacterium leprae,False,False,0,False,0.0002625928318593,0.0010362718021497,0.0003830284404102,0.004994785413146,0.0035000806674361,0.001385101233609,0.0009913858957588,0.0076354392804205,0.0013342223828658,0.0020829213802547,0.0040572639166687,0.001034117352295,False,0.0,0,1,True,True,False,True,False,2,0.0040572639166687
2026-05-11_sibils_eval_med25_r1_v_ep_classifier_2026_testfull2_biotx-random-triplets_passages-triplets,random,classifier_2026_testfull32,31,ott:5926402;ott:770315;RO_e000044,ott:5926402,Blastocystis,Blastocystis,ott:770315,Homo sapiens,human,RO_e000044,exposed to,exposed to,1,1,1,16151742,0.1863030303030303,0.1863030303030303,0.1863030303030303,"To investigate if the enteric protozoan Blastocystis degrades human secretory IgA, cell lysate and conditioned medium from two species were exposed to immunoglobulin A. Secretory IgA was cleaved by both cell lysate and conditioned medium with mainly cysteine proteinase activity in B. hominis B isolate and aspartic proteinase activity in B. ratii WR1 isolate.",abstract,1,1,0,1,0,1,0.0003051597450394,0.0006002414156682,0.0009178394102491,0.000662203063257,0.0009016984258778,0.0007275167736224,0.0004573464684654,0.0007707473705522,0.0009818007238209,0.0007415727013722,0.0012872810475528,0.0009906692430377,0.0006077468569855,0.0007366315209461,0.0007638060875857,0,1,predicate,FP,TN,no rank,Blastocystis,species,Homo sapiens,True,False,1,True,0.0004573464684654,0.0007674781954847,0.0014744335785508,0.0007707473705522,0.0011623706668615,0.0011223268229514,0.0009818007238209,0.0026658133137971,0.0036069040652364,0.0007366315209461,0.0015318873920477,0.0020678881555795,False,0.0,0,1,True,True,True,False,True,1,0.0015318873920477
2026-05-11_sibils_eval_med25_r1_v_ep_classifier_2026_testfull2_biotx-random-triplets_passages-triplets,random,classifier_2026_testfull33,32,ott:22059;ott:376305;RO_0002445,ott:22059,Psoroptidae,Psoroptidae,ott:376305,Atelerix albiventris,Atelerix albiventris,RO_0002445,parasitized by,parasitizing,1,1,1,30647256,0.5836756756756757,0.5836756756756757,0.5836756756756757,(Acariformes: Psoroptidae) parasitizing the African hedgehog Atelerix albiventris.,title,1,1,1,1,1,1,0.9922230839729308,0.9953494668006896,0.9753183722496032,0.9962565898895264,0.9960466027259828,0.9965153932571412,0.9970080256462096,0.9986588954925536,0.9984934329986572,0.9980610013008118,0.9967811107635498,0.9972184896469116,0.9876303076744078,0.9980534513791404,0.99627286195755,1,1,positive,TP,TP,family,Psoroptidae,species,Atelerix albiventris,True,False,1,True,0.9970080256462096,0.5524505972862244,0.9470750093460084,0.9986588954925536,0.926306128501892,0.9934665560722352,0.9984934329986572,0.7343854904174805,0.979666829109192,0.9980534513791404,0.7377140720685323,0.9734027981758118,True,0.55,2,5,True,True,True,True,False,1,0.9980534513791404
2026-05-11_sibils_eval_med25_r1_v_ep_classifier_2026_testfull2_biotx-random-triplets_passages-triplets,random,classifier_2026_testfull34,33,ott:66726;ott:769955;RO_e000005,ott:66726,Rhododendron,rhododendron,ott:769955,Phytophthora ramorum,Phytophthora ramorum,RO_e000005,infested by,infested,2,2,1,29384447,0.5883456790123457,0.5883456790123457,1.173604938271605,"To develop a more accurate predictive model, we conducted controlled lab experiments with rhododendron leaf disks infested with Phytophthora ramorum and P. pini.",abstract,1,1,1,1,1,1,0.9947044253349304,0.9980090260505676,0.9968833327293396,0.9957767128944396,0.996698260307312,0.9948068261146544,0.9944841265678406,0.9977355003356934,0.99353688955307,0.9960123300552368,0.9967400431632996,0.994515061378479,0.9965322613716124,0.9952521721522012,0.9957605997721354,1,1,positive,TP,TP,genus,Rhododendron,species,Phytophthora ramorum,True,False,1,True,0.9944841265678406,0.9851545691490172,0.8701570630073547,0.9977355003356934,0.9903941750526428,0.9537830948829652,0.99353688955307,0.9307440519332886,0.4847905337810516,0.9952521721522012,0.9687642653783164,0.7695768972237905,True,0.55,2,4,True,True,True,True,False,1,0.9952521721522012
2026-05-11_sibils_eval_med25_r1_v_ep_classifier_2026_testfull2_biotx-random-triplets_passages-triplets,random,classifier_2026_testfull35,34,ott:689650;ott:770309;RO_e000053,ott:689650,Macaca mulatta,rhesus macaques,ott:770309,Homo,humans,RO_e000053,colonize,colonizes,2,2,1,27940463,0.4322735042735042,0.4322735042735042,0.8622405009731742,"Socially housed rhesus macaques are often naturally infected with H. pylori similar to that which colonizes humans, but little is known about the cagPAI.",abstract,1,1,1,0,0,0,0.0003186319663655,0.000436340807937,0.0009433728992007,0.0007613429334014,0.0012839302653446,0.0009932237444445,0.0497539453208446,0.098515048623085,0.0129233757033944,0.0066829868592321,0.0028808179777115,0.0040814434178173,0.000566115224501,0.0537307898824413,0.0010128323143968,0,0,pair-binding,TN,TN,species,Macaca mulatta,genus,Homo,False,True,1,True,0.0497539453208446,0.0626260563731193,0.0005740120541304,0.098515048623085,0.0480854287743568,0.000579024257604,0.0129233757033944,0.0414915233850479,0.0004758520517498,0.0537307898824413,0.050734336177508,0.000542962787828,True,0.95,3,12,False,True,False,False,True,2,0.0537307898824413
2026-05-11_sibils_eval_med25_r1_v_ep_classifier_2026_testfull2_biotx-random-triplets_passages-triplets,random,classifier_2026_testfull36,35,ott:741345;ott:543037;RO_0002445,ott:741345,Elephantulus myurus,Elephantulus myurus,ott:543037,Rhipicephalus,Rhipicephalus,RO_0002445,parasitized by,parasitized by,1,1,1,21711102,0.5792051282051283,0.5792051282051283,0.5792051282051283,"Elephantulus myurus was heavily, and predominantly, parasitized by an as-yet undescribed tick species that we identify as Rhipicephalus sp. near warburtoni.",abstract,1,1,1,1,1,1,0.9987207055091858,0.9988566637039183,0.9986428618431092,0.9975774884223938,0.9973318576812744,0.9969869256019592,0.9987207055091858,0.9988566637039183,0.9986428618431092,0.9975774884223938,0.9973318576812744,0.9969869256019592,0.9987400770187378,0.9987400770187378,0.9972987572352092,1,1,positive,TP,TP,species,Elephantulus myurus,genus,Rhipicephalus,False,True,1,True,0.9987207055091858,0.9941431879997252,0.9941431879997252,0.9988566637039183,0.9933451414108276,0.9933451414108276,0.9986428618431092,0.9791082739830016,0.9791082739830016,0.9987400770187378,0.9888655344645182,0.9888655344645182,True,0.55,2,15,True,True,True,True,True,0,0.9987400770187378
2026-05-11_sibils_eval_med25_r1_v_ep_classifier_2026_testfull2_biotx-random-triplets_passages-triplets,random,classifier_2026_testfull37,36,ott:70819;ott:428054;RO_e000002,ott:70819,Ovis aries,lambs,ott:428054,Teladorsagia circumcincta,Teladorsagia circumcincta,RO_e000002,has contaminated,contamination,1,1,1,27514904,0.5093548387096773,0.5093548387096773,0.5093548387096773,"A mathematical model was used to simulate a population of 10,000 parasitologically na√Øve Scottish Blackface lambs (with heritable variation in host-parasite interactions) grazing on medium-quality pasture (grazing density=30 lambs/ha, crude protein=140g/kg DM, metabolisable energy=10MJ/kg DM) with an initial larval contamination of 1000, 3000 or 5000 Teladorsagia circumcincta L3/kg DM.",abstract,1,1,1,1,0,1,0.0101771289482712,0.0863017365336418,0.0462168604135513,0.0327317491173744,0.0128287114202976,0.033519584685564,0.9948417544364928,0.9969504475593568,0.9954736828804016,0.985936403274536,0.976006031036377,0.9897109866142272,0.0475652419651547,0.9957552949587504,0.026360015074412,0,1,pair-binding,FP,TN,species,Ovis aries,species,Teladorsagia circumcincta,False,False,0,False,0.9948417544364928,0.9937332272529602,0.1303099542856216,0.9969504475593568,0.9963830709457396,0.8288588523864746,0.9954736828804016,0.9896976351737976,0.0617914013564586,0.9957552949587504,0.993271311124166,0.3403200693428516,True,0.3,2,29,True,True,False,True,False,2,0.9957552949587504
2026-05-11_sibils_eval_med25_r1_v_ep_classifier_2026_testfull2_biotx-random-triplets_passages-triplets,random,classifier_2026_testfull38,37,ott:938413;ott:918050;RO_0002453,ott:938413,Columbidae,Columbidae,ott:918050,Trichomonas gallinae,Trichomonas gallinae,RO_0002453,host of,hosts for,2,2,1,9706569,0.5816666666666667,0.5816666666666667,1.0933423423423425,"Members of the family Columbidae are hosts for the sarcomastigophoran, Trichomonas gallinae, the causative agent of trichomoniasis.",abstract,1,1,1,1,1,1,0.9988921284675598,0.9989187717437744,0.998728096485138,0.9980924725532532,0.997022807598114,0.9968145489692688,0.9988250136375428,0.9989416003227234,0.998731791973114,0.9981178045272828,0.996913194656372,0.9968757629394532,0.9988463322321574,0.9988328019777932,0.997309943040212,1,1,positive,TP,TP,family,Columbidae,species,Trichomonas gallinae,True,False,1,True,0.9988250136375428,0.9967155456542968,0.9946607947349548,0.9989416003227234,0.99778014421463,0.9978206157684326,0.998731791973114,0.9906230568885804,0.9888336658477784,0.9988328019777932,0.9950395822525024,0.9937716921170552,True,0.8,2,5,True,True,True,True,False,1,0.9988328019777932
2026-05-11_sibils_eval_med25_r1_v_ep_classifier_2026_testfull2_biotx-random-triplets_passages-triplets,random,classifier_2026_testfull39,38,ott:770315;ott:268324;RO_0002434,ott:770315,Homo sapiens,human,ott:268324,Macaca,macaque,RO_0002434,interacts with,interact with,1,1,1,28800732,0.1382222222222222,0.1382222222222222,0.1382222222222222,This parasite uses the Duffy binding protein (PkDBPŒ±II) to interact with the Duffy antigen receptor for chemokines (DARC) receptor on human and macaque erythrocytes to initiate invasion.,abstract,1,1,0,0,0,0,0.0002688757958821,0.0004068396810907,0.0003956672444473,0.0007538222125731,0.0005996644613333,0.0006856030668132,0.0002495516382623,0.0003863284946419,0.0003404517483431,0.0006199777708388,0.0006472381064668,0.0006619556806981,0.0003571275738066,0.0003254439604157,0.0006796965802398,0,0,predicate,TN,TN,species,Homo sapiens,genus,Macaca,False,True,1,True,0.0002495516382623,0.0002420449163764,0.0002460723335389,0.0003863284946419,0.0003731086908373,0.0004143786791246,0.0003404517483431,0.0003654917236417,0.0003502625622786,0.0003254439604158,0.0003268817769518,0.0003369045249807,True,0.3,2,1,True,True,False,False,False,3,0.0003268817769518
2026-05-11_sibils_eval_med25_r1_v_ep_classifier_2026_testfull2_biotx-random-triplets_passages-triplets,random,classifier_2026_testfull40,39,ncbitaxon_viruses:2697049;ott:689650;RO_e000045,ncbitaxon_viruses:2697049,Severe acute respiratory syndrome coronavirus 2,SARS-CoV-2,ott:689650,Macaca mulatta,rhesus monkeys,RO_e000045,invaded,invade,1,1,1,33895780,0.4399365079365079,0.4399365079365079,0.4399365079365079,The olfactory route is a potential way for SARS-CoV-2 to invade the central nervous system of rhesus monkeys.,title,1,1,1,1,1,1,0.9687134623527528,0.9755809307098388,0.5793256759643555,0.9886752367019652,0.9859061241149902,0.991714894771576,0.9887214303016664,0.9959136843681335,0.9954159259796144,0.99587881565094,0.9964333772659302,0.9951496720314026,0.841206689675649,0.993350346883138,0.9887654185295104,1,1,positive,TP,TP,UNRESOLVED,,species,Macaca mulatta,True,False,1,True,0.9887214303016664,0.1209496930241584,0.3930181562900543,0.9959136843681335,0.0617276579141616,0.2053937166929245,0.9954159259796144,0.3763593733310699,0.2808611989021301,0.993350346883138,0.1863455747564633,0.293091023961703,False,0.0,0,7,True,True,False,False,False,3,0.993350346883138
2026-05-11_sibils_eval_med25_r1_v_ep_classifier_2026_testfull2_biotx-random-triplets_passages-triplets,random,classifier_2026_testfull41,40,ott:124476;ott:881957;RO_e000032,ott:124476,Oryctes rhinoceros,rhinoceros beetle,ott:881957,Oryctes agamemnon,Oryctes agamemnon,RO_e000032,phoresy interaction,phoretic,1,1,1,23448160,0.2897777777777778,0.2897777777777778,0.2897777777777778,"Interactions between phoretic mites and the Arabian rhinoceros beetle, Oryctes agamemnon arabicus.",title,0,1,1,0,0,1,0.4552697837352752,0.963019073009491,0.7785277962684631,0.3038146495819092,0.9611523747444152,0.5276028513908386,0.0310839805752038,0.0528180412948131,0.211995929479599,0.123586431145668,0.9423165321350098,0.4028367102146148,0.7322722176710764,0.0986326504498719,0.5975232919057211,1,1,entity,FP,FP,species,Oryctes rhinoceros,species,Oryctes agamemnon,False,False,0,False,0.0310839805752038,0.157814472913742,0.705804169178009,0.0528180412948131,0.3445139825344085,0.9459804892539978,0.211995929479599,0.432498037815094,0.833339273929596,0.098632650449872,0.3116088310877482,0.8283746441205343,False,0.0,0,1,True,True,False,True,False,2,0.3116088310877482
2026-05-11_sibils_eval_med25_r1_v_ep_classifier_2026_testfull2_biotx-random-triplets_passages-triplets,random,classifier_2026_testfull42,41,ott:385185;ott:414994;RO_0002453,ott:385185,Sulcospira quangtriensis,Sulcospira quangtriensis,ott:414994,Triculinae,Triculinae,RO_0002453,host of,hosts of,1,1,1,29848373,0.3564444444444444,0.3564444444444444,0.3564444444444444,"CONCLUSIONS Three snail species, Sulcospira quangtriensis, Triculinae sp. 1 and Triculinae sp. 2, serve as the first intermediate hosts of P. westermani, P. heterotremus and P. proliferus, respectively, in Vietnam.",abstract,1,1,1,0,0,1,0.0006325705326162,0.0009948195656761,0.002637059893459,0.0006569229299202,0.0009957535658031,0.0020335190929472,0.0006069188239052,0.0009577057207934,0.0028406465426087,0.0006172438734211,0.0009833781514316,0.0018618999747559,0.0014214833305837,0.0014684236957691,0.0012287318628901,0,1,pair-binding,FP,TN,species,Sulcospira quangtriensis,subfamily,Triculinae,False,True,1,True,0.0006069188239052,0.0051077236421406,0.0050838682800531,0.0009577057207934,0.0047777248546481,0.0049128555692732,0.0028406465426087,0.003846722189337,0.0043881949968636,0.0014684236957691,0.0045773902287085,0.0047949729487299,False,0.0,0,1,True,True,True,True,False,1,0.0045773902287085
2026-05-11_sibils_eval_med25_r1_v_ep_classifier_2026_testfull2_biotx-random-triplets_passages-triplets,random,classifier_2026_testfull43,42,ott:692350;ott:1066581;RO_e000013,ott:692350,Cichorium intybus,chicory,ott:1066581,Bos,cattle,RO_e000013,graze,grazing|grazed,1,1,1,24489708,0.429679012,0.429679012,0.429679012,"Overall, there were no detrimental effects of including chicory in swards grazed by beef cattle on their performance, carcass characteristics or helminth parasitism, when compared with steers grazing ryegrass.",abstract,1,1,1,1,1,1,0.0005060926778241,0.0007082181400619,0.0006900342996232,0.0014661016175523,0.0012700465740635,0.0013465668307617,0.0137494057416915,0.0589214451611042,0.026754243299365,0.0221800822764635,0.0474426709115505,0.012160463258624,0.0006347817058363,0.0331416980673869,0.0013609050074591,0,1,positive,TP,FN,species,Cichorium intybus,genus,Bos,False,True,1,True,0.0137494057416915,0.4009386003017425,0.0016150792362168,0.0589214451611042,0.7331403493881226,0.0012976205907762,0.026754243299365,0.198776513338089,0.0014348404947668,0.0331416980673869,0.4442851543426513,0.0014491801072532,False,0.105,2,5,True,True,False,False,True,2,0.4442851543426513
2026-05-11_sibils_eval_med25_r1_v_ep_classifier_2026_testfull2_biotx-random-triplets_passages-triplets,random,classifier_2026_testfull44,43,ott:81461;ott:319970;RO_0002439,ott:81461,Aves,birds,ott:319970,Ptychocheilus oregonensis,northern pikeminnow|Ptychocheilus oregonensis,RO_0002439,preys on,predators,1,1,1,18488627,0.1805797101449275,0.1805797101449275,0.1805797101449275,"After the majority (80%) of salmonid smolts have left the study area, birds switch their diet to predominantly juvenile northern pikeminnow (Ptychocheilus oregonensis), which as adults are significant native salmonid predators in the Columbia River.",abstract,1,1,1,1,1,1,0.3189631700515747,0.936390459537506,0.6217556595802307,0.9602071642875672,0.991607666015625,0.9728884696960448,0.9431698322296144,0.977318286895752,0.9605085253715516,0.9900410771369934,0.9878381490707396,0.932775616645813,0.6257030963897705,0.960332214832306,0.9749010999997456,1,1,positive,TP,TP,class,Aves,species,Ptychocheilus oregonensis,True,False,1,True,0.9431698322296144,0.8957238793373108,0.0136416070163249,0.977318286895752,0.6813343167304993,0.0043963654898107,0.9605085253715516,0.7144412994384766,0.1003869250416755,0.960332214832306,0.7638331651687622,0.0394749658492704,False,0.0,0,6,True,True,False,True,False,2,0.960332214832306
2026-05-11_sibils_eval_med25_r1_v_ep_classifier_2026_testfull2_biotx-random-triplets_passages-triplets,random,classifier_2026_testfull45,44,ott:258281;ott:3449684;RO_0002439,ott:258281,Harmonia axyridis,Harmonia axyridis,ott:3449684,Aphid,aphid,RO_0002439,preys on,predator|predator of,5,5,1,24785375,0.56603367,0.56603367,1.8502607152357688,"Harmonia axyridis is the most abundant predator of aphids in corn followed by C. septempunctata, which is the main aphid predator observed in the three other inventoried crops.",abstract,1,1,1,1,1,1,0.9412885308265686,0.9853056073188782,0.9799060225486756,0.8179827928543091,0.6827242374420166,0.6145201325416565,0.9931064248085022,0.9967926144599916,0.9964540004730223,0.9968408346176147,0.9961860775947572,0.994998335838318,0.9688333868980408,0.995451013247172,0.705075720945994,1,1,positive,TP,TP,species,Harmonia axyridis,genus,Aphid,False,True,1,True,0.9931064248085022,0.8249200582504272,0.1171199157834053,0.9967926144599916,0.9323878884315492,0.3797639310359955,0.9964540004730223,0.8738271594047546,0.5905677676200867,0.995451013247172,0.8770450353622437,0.3624838714798291,True,0.55,2,6,True,True,True,True,False,1,0.995451013247172
2026-05-11_sibils_eval_med25_r1_v_ep_classifier_2026_testfull2_biotx-random-triplets_passages-triplets,random,classifier_2026_testfull46,45,ott:564405;ott:4115572;RO_e000053,ott:564405,Agaricus bisporus,Agaricus bisporus,ott:4115572,Mycelium,mycelium,RO_e000053,colonize,colonized,1,1,1,16348774,0.2809523809523809,0.2809523809523809,0.2809523809523809,The production of the button mushroom Agaricus bisporus with mycelium-colonized alginate pellets as an inoculant of the growing medium was investigated.,abstract,1,1,1,0,0,0,0.0021904588211327,0.0081041604280471,0.0071779149584472,0.0020772921852767,0.0034791331272572,0.0053973253816366,0.0091201290488243,0.0272236671298742,0.0142843900248408,0.0070494818501174,0.0725832805037498,0.0184503402560949,0.005824178069209,0.0168760620678464,0.0036512502313901,0,0,pair-binding,TN,TN,species,Agaricus bisporus,genus,Mycelium,False,True,1,True,0.0091201290488243,0.015198309905827,0.0147054092958569,0.0272236671298742,0.0163956936448812,0.0385183952748775,0.0142843900248408,0.0072819115594029,0.0184209998697042,0.0168760620678464,0.012958638370037,0.0238816014801462,True,0.15,1,1,True,True,True,True,True,0,0.0168760620678464
2026-05-11_sibils_eval_med25_r1_v_ep_classifier_2026_testfull2_biotx-random-triplets_passages-triplets,random,classifier_2026_testfull47,46,ncbitaxon_viruses:46839;ott:1043409;RO_0002451,ncbitaxon_viruses:46839,Colorado tick fever virus,Colorado tick fever virus,ott:1043409,Dermacentor andersoni,Dermacentor andersoni,RO_0002451,transmitted by,transmitted by,1,1,1,29363458,0.6113333333333333,0.6113333333333333,0.6113333333333333,Colorado tick fever virus is transmitted by Dermacentor andersoni ticks.,abstract,1,1,1,1,1,1,0.997532606124878,0.9981417655944824,0.9983443021774292,0.9968735575675964,0.996933937072754,0.9960339665412904,0.997532606124878,0.9981417655944824,0.9983443021774292,0.9968735575675964,0.996933937072754,0.9960339665412904,0.9980062246322632,0.9980062246322632,0.9966138203938802,1,1,positive,TP,TP,UNRESOLVED,,species,Dermacentor andersoni,True,False,1,True,0.997532606124878,0.4464682936668396,0.4464682936668396,0.9981417655944824,0.8370283842086792,0.8370283842086792,0.9983443021774292,0.8787478804588318,0.8787478804588318,0.9980062246322632,0.7207481861114502,0.7207481861114502,True,0.8,2,3,True,True,True,True,True,0,0.9980062246322632
2026-05-11_sibils_eval_med25_r1_v_ep_classifier_2026_testfull2_biotx-random-triplets_passages-triplets,random,classifier_2026_testfull48,47,ott:489153;ott:419526;RO_0002618,ott:489153,Cardinalis,cardinalis,ott:419526,Apoidea,bees,RO_0002618,visits,visits,1,1,1,27864943,0.4936666666666667,0.4936666666666667,0.4936666666666667,"To establish that M.¬†cardinalis flowers elicit an avoidance response in bees, we assessed the choice behavior of individual foragers on a mixed experimental array of M.¬†cardinalis and its bee-pollinated sister species M.¬†lewisii. As expected, bees showed a strong preference against M.¬†cardinalis flowers (only 22% of total bee visits were to M.¬†cardinalis), but surprisingly also showed a high degree of individual specialization (95.2% of total plant transitions were between conspecifics).",abstract,0,1,1,0,0,1,0.0005225024651736,0.0017876729834824,0.0012160091428086,0.0010939529165625,0.0021923752501606,0.0027647833339869,0.8894197940826416,0.6382879018783569,0.6320855021476746,0.3131066560745239,0.2770888209342956,0.3568869233131408,0.0011753948638215,0.7199310660362244,0.0020170371669033,0,1,entity,FP,TN,genus,Cardinalis,superfamily,Apoidea,True,True,2,True,0.8894197940826416,0.8981393575668335,0.0793791934847831,0.6382879018783569,0.8342660665512085,0.0330165363848209,0.6320855021476746,0.7313665747642517,0.0097638741135597,0.7199310660362244,0.8212573329607645,0.0407198679943879,True,0.4,1,6,True,True,True,False,True,1,0.8212573329607645
2026-05-11_sibils_eval_med25_r1_v_ep_classifier_2026_testfull2_biotx-random-triplets_passages-triplets,random,classifier_2026_testfull49,48,ott:212713;ott:158522;RO_0002556,ott:212713,Penaeus monodon,black tiger shrimp|Penaeus monodon,ott:158522,Ammonia,ammonia,RO_0002556,pathogen of,pathogens,1,1,1,29100985,0.5747967479674796,0.5747967479674796,0.5747967479674796,Characterization and expression analysis of a chitinase gene (PmChi-5) from black tiger shrimp (Penaeus monodon) under pathogens infection and ambient ammonia-N stress.,title,1,0,1,0,0,0,0.0003228582500014,0.0005623924662359,0.0003479015722405,0.0008052986231632,0.0010797405848279,0.0005699703469872,0.0003023141180165,0.0005201760213822,0.0003200659702997,0.0013939064228907,0.0010526006808504,0.0005757446633651,0.0004110507628259,0.0003808520365661,0.000818336518326,0,0,entity,TN,TN,species,Penaeus monodon,genus,Ammonia,False,True,1,True,0.0003023141180165,0.0003110173565801,0.0003317037189844,0.0005201760213822,0.0005291245761327,0.0006791338091716,0.0003200659702997,0.0004243205476086,0.0003983197675552,0.0003808520365661,0.0004214874934405,0.0004697190985704,True,0.15,1,7,True,True,True,True,False,1,0.0004214874934405
2026-05-11_sibils_eval_med25_r1_v_ep_classifier_2026_testfull2_biotx-random-triplets_passages-triplets,random,classifier_2026_testfull50,49,ott:1004324;ott:557869;RO_e000008,ott:1004324,Sitobion avenae,Sitobion avenae,ott:557869,Schizaphis graminum,Schizaphis graminum,RO_e000008,fed by,feeding by,1,1,1,20112908,0.3008888888888889,0.3008888888888889,0.3008888888888889,"The saliva of two cereal aphids, Sitobion avenae and Schizaphis graminum in third-instar nymphs, was collected after 24 h of feeding by 30 aphids, separately, on artificial diet sachets, and the salivary enzymes were determined.",abstract,1,1,1,0,0,0,0.0004568765580188,0.0009783635614439,0.000604573637247,0.0009083927725441,0.0012566796503961,0.0009090381790883,0.000495012383908,0.0009396187961101,0.000590288604144,0.0008193939574994,0.0012852639192715,0.000970097084064,0.0006799379189032,0.0006749732613873,0.0010247035340094,0,0,pair-binding,TN,TN,species,Sitobion avenae,species,Schizaphis graminum,False,False,0,False,0.000495012383908,0.1213131174445152,0.128520667552948,0.0009396187961101,0.0243856292217969,0.1113355383276939,0.000590288604144,0.08156368881464,0.1126585230231285,0.0006749732613873,0.0757541451603174,0.1175049096345901,False,0.0,0,1,True,True,True,True,False,1,0.0757541451603174
2026-05-11_sibils_eval_med25_r1_v_ep_classifier_2026_testfull2_biotx-random-triplets_passages-triplets,random,classifier_2026_testfull51,50,ott:5247578;ott:490099;RO_e000003,ott:5247578,MAST,mast,ott:490099,Bos taurus,bovine,RO_e000003,seropositive to,seropositive to,1,1,1,8908740,0.4836630036630037,0.4836630036630037,0.4836630036630037,The number of mast cells (MCs) was determined in the prescapular lymph nodes of 109 animals seropositive to bovine leukaemia virus (BLV).,abstract,0,1,1,0,0,0,0.0003220644430257,0.0003865611506626,0.0003671918530017,0.0007101364899426,0.0007627237355336,0.0006977838929742,0.0003226037661079,0.0004408684035297,0.0003353488573338,0.0008815884939394,0.0009665862307883,0.000680221710354,0.0003586058155633,0.0003662736756571,0.0007235480394834,0,0,entity,TN,TN,no rank,MAST,species,Bos taurus,True,False,1,True,0.0003226037661079,0.0002939400728791,0.0003716716018971,0.0004408684035297,0.0006052867975085,0.0006357372622005,0.0003353488573338,0.0004409436078276,0.0006625095265917,0.0003662736756571,0.0004467234927384,0.0005566394635631,False,0.0,0,14,True,True,True,False,True,1,0.0004467234927384
